chr1:103383:T:C
chr1:119828:A:T
chr1:162951:G:A
chr1:163442:A:C
chr1:166730:C:T
chr1:174223:T:C
chr1:174683:T:G
chr1:180868:A:C
chr1:182929:A:T
chr1:182938:C:G
chr1:190852:C:A
chr1:194975:G:T
chr1:200940:T:C
chr1:201518:C:T
chr1:203570:C:G
chr1:204634:T:C
chr1:209281:T:C
chr1:209308:C:T
chr1:214408:G:T
chr1:259363:C:T
chr1:276174:G:A
chr1:286048:G:C
chr1:291013:G:T
chr1:326993:A:T
chr1:342974:C:T
chr1:415295:C:A
chr1:428664:A:G
chr1:430735:A:C
chr1:433553:T:G
chr1:443965:A:T
chr1:773785:G:T
chr1:779012:T:A
chr1:872906:T:C
chr1:920645:T:C
chr1:922099:C:T
chr1:928565:G:A
chr1:929056:G:T
chr1:941848:T:A
chr1:978014:C:T
chr1:978183:T:A
chr1:978338:C:A
chr1:978437:G:A
chr1:979139:T:G
chr1:979282:C:G
chr1:979436:G:A
chr1:980025:A:C
chr1:980543:T:G
chr1:1055171:T:C
chr1:1057686:C:T
chr1:1057750:C:T
chr1:1057820:T:C
chr1:1057992:A:C
chr1:1064801:T:A
chr1:1330419:T:A
chr1:1330586:C:G
chr1:1338101:G:C
chr1:1345974:T:C
chr1:1346972:G:T
chr1:1352605:C:T
chr1:1353691:T:C
chr1:1353878:G:T
chr1:1354562:C:A
chr1:1364890:T:G
chr1:1365552:A:G
chr1:1402388:G:A
chr1:1411947:C:T
chr1:1413707:A:G
chr1:1438122:G:C
chr1:1451373:T:A
chr1:1462920:A:T
chr1:1473451:T:C
chr1:1487254:T:G
chr1:1488561:T:A
chr1:1489284:A:C
chr1:1660801:G:A
chr1:1682422:C:T
chr1:1682760:A:G
chr1:1703738:G:C
chr1:1704320:C:A
chr1:1704468:C:A
chr1:1752170:C:A
chr1:1759700:C:T
chr1:1762208:A:T
chr1:1768307:A:G
chr1:1768563:G:A
chr1:1778271:T:A
chr1:1781682:T:C
chr1:1786268:C:T
chr1:1786990:A:G
chr1:1802453:T:G
chr1:1804653:A:G
chr1:1823042:G:A
chr1:1852126:C:T
chr1:1852172:T:C
chr1:1853905:G:A
chr1:1863047:A:G
chr1:1865665:C:G
chr1:1868969:C:A
chr1:1871170:A:C
chr1:1883546:C:T
chr1:1886901:C:T
chr1:1889866:G:T
chr1:1889905:T:C
chr1:1897705:C:T
chr1:1900656:T:G
chr1:1902559:A:T
chr1:1937005:C:T
chr1:1952010:T:G
chr1:1954511:G:T
chr1:1959379:C:T
chr1:1959714:T:C
chr1:1960445:C:A
chr1:1961642:A:C
chr1:1961703:A:G
chr1:1962363:T:G
chr1:1963932:A:G
chr1:1966382:G:T
chr1:1966716:C:T
chr1:1966739:T:C
chr1:1967428:T:C
chr1:1972626:T:C
chr1:1974722:C:T
chr1:1974970:A:C
chr1:1976768:T:C
chr1:1982422:C:G
chr1:1989659:G:T
chr1:1989838:G:A
chr1:2000853:C:T
chr1:2001273:C:T
chr1:2006239:C:T
chr1:2011463:T:G
chr1:2404673:C:G
chr1:2452248:G:A
chr1:2504816:G:A
chr1:2520077:T:A
chr1:2778220:G:A
chr1:2791236:A:T
chr1:2979233:C:T
chr1:3093960:A:G
chr1:3094153:T:C
chr1:3797985:A:G
chr1:3893935:C:T
chr1:3894440:G:C
chr1:4516293:A:G
chr1:4559870:T:G
chr1:4932060:T:A
chr1:5473777:A:G
chr1:5576664:A:C
chr1:5854826:T:C
chr1:5865423:G:A
chr1:5918833:G:T
chr1:6003896:C:T
chr1:6004063:C:A
chr1:7271429:G:C
chr1:7400459:A:C
chr1:7660361:T:C
chr1:7802447:A:T
chr1:7818372:C:G
chr1:7880281:T:C
chr1:8067546:G:T
chr1:8196287:A:T
chr1:8375782:A:T
chr1:8391196:C:T
chr1:8470921:G:C
chr1:8478721:G:A
chr1:8770474:T:C
chr1:9253570:A:T
chr1:9295909:G:C
chr1:9297801:T:A
chr1:9317400:C:G
chr1:9342757:G:A
chr1:9502883:T:G
chr1:9875681:C:T
chr1:9986073:A:G
chr1:9986249:T:A
chr1:10121071:G:A
chr1:10149046:C:T
chr1:10149134:G:C
chr1:10214310:T:C
chr1:10229864:C:T
chr1:10271638:G:C
chr1:10273071:C:T
chr1:10303607:C:T
chr1:10351424:T:C
chr1:10359302:A:G
chr1:10413095:G:A
chr1:10767694:C:T
chr1:10871830:G:A
chr1:10929703:A:C
chr1:11221071:T:C
chr1:11298612:A:C
chr1:11412389:A:G
chr1:11448890:C:T
chr1:11451903:G:A
chr1:11455795:G:A
chr1:11578830:C:A
chr1:11578970:A:T
chr1:11579667:G:A
chr1:11580907:A:G
chr1:11589510:G:T
chr1:11603007:C:G
chr1:11603546:G:C
chr1:11852275:A:G
chr1:11964547:A:C
chr1:11965744:G:A
chr1:12035264:G:A
chr1:12191074:G:A
chr1:12193643:A:T
chr1:12225135:C:T
chr1:12381000:G:T
chr1:12483957:G:A
chr1:12669466:C:T
chr1:12718983:C:A
chr1:13423224:G:A
chr1:13518541:T:C
chr1:13754294:T:A
chr1:14021688:C:T
chr1:14110233:T:G
chr1:14110461:A:G
chr1:14294211:C:T
chr1:14348968:T:G
chr1:14380633:C:A
chr1:14469550:G:A
chr1:14556000:C:A
chr1:14556184:T:G
chr1:15166929:G:A
chr1:15186672:T:G
chr1:15196812:T:G
chr1:15453306:C:T
chr1:15686602:T:C
chr1:15686686:T:C
chr1:15690054:C:T
chr1:16027768:G:T
chr1:16027770:G:C
chr1:16105028:C:T
chr1:16770558:T:G
chr1:16809602:G:T
chr1:17016286:T:A
chr1:17127214:G:A
chr1:17128644:G:C
chr1:17462525:A:G
chr1:18356105:A:C
chr1:18509686:C:T
chr1:18669362:A:G
chr1:18671546:T:A
chr1:18791343:A:G
chr1:18892577:G:A
chr1:18914401:C:T
chr1:18968852:T:G
chr1:19305824:A:T
chr1:20011771:T:A
chr1:20160861:C:A
chr1:20234169:A:G
chr1:20345375:C:T
chr1:20583651:C:T
chr1:20671752:G:A
chr1:20671884:T:G
chr1:20673495:A:T
chr1:20830638:A:C
chr1:20868174:C:T
chr1:20947240:G:T
chr1:21195464:G:A
chr1:21276759:C:G
chr1:21414471:A:T
chr1:21500129:A:G
chr1:21529291:C:T
chr1:21530264:A:G
chr1:21610121:C:T
chr1:21621205:C:T
chr1:21626608:C:T
chr1:21664916:G:A
chr1:21690918:T:G
chr1:21704393:C:T
chr1:21751476:G:A
chr1:21769627:A:T
chr1:21870442:C:A
chr1:21870456:C:A
chr1:22470146:A:G
chr1:22762724:C:T
chr1:22891306:G:A
chr1:22907014:A:T
chr1:23019195:T:G
chr1:23037148:C:G
chr1:23121368:T:C
chr1:23122624:T:C
chr1:23123145:A:T
chr1:23125448:T:C
chr1:23201803:A:G
chr1:23214912:T:G
chr1:23320194:C:A
chr1:23562499:T:G
chr1:23563654:C:G
chr1:23589989:G:C
chr1:23591025:T:G
chr1:24096355:T:G
chr1:24238095:C:G
chr1:24276710:A:T
chr1:24292564:T:A
chr1:24314941:A:G
chr1:24321468:G:A
chr1:24555780:C:T
chr1:24556212:G:A
chr1:24556331:A:T
chr1:24660581:C:A
chr1:24757976:G:A
chr1:24772481:T:C
chr1:25156085:T:C
chr1:25162832:C:T
chr1:25258396:A:C
chr1:25492016:C:T
chr1:25494798:G:A
chr1:25495011:G:A
chr1:25517753:G:A
chr1:25648010:C:G
chr1:25648672:C:T
chr1:25796897:T:A
chr1:25961029:C:T
chr1:25975208:A:G
chr1:25983215:G:A
chr1:26215306:G:A
chr1:26437041:A:C
chr1:26440615:C:T
chr1:26440947:C:A
chr1:26442670:A:G
chr1:26467121:C:T
chr1:26467683:A:G
chr1:26469272:C:G
chr1:26482145:T:C
chr1:26482763:A:T
chr1:26482892:A:G
chr1:26484766:C:T
chr1:26498916:C:T
chr1:26511953:C:T
chr1:26517685:T:C
chr1:26517800:C:G
chr1:26535808:G:A
chr1:26601470:G:A
chr1:26638243:A:T
chr1:26640024:G:A
chr1:26641439:C:T
chr1:26729132:C:G
chr1:26729206:G:C
chr1:26745902:C:A
chr1:26765408:A:G
chr1:26772371:C:A
chr1:26772384:G:C
chr1:27023109:C:T
chr1:27029538:T:C
chr1:27144904:C:A
chr1:27145183:T:C
chr1:27151155:C:T
chr1:27157238:T:C
chr1:27187618:A:C
chr1:27262103:C:T
chr1:27271008:C:A
chr1:27271751:G:A
chr1:27526816:C:A
chr1:27553291:G:A
chr1:27553358:G:A
chr1:27553450:T:G
chr1:27723463:T:A
chr1:27723644:A:G
chr1:27725085:C:G
chr1:27844760:T:A
chr1:27845082:C:T
chr1:27864082:G:A
chr1:28156853:G:A
chr1:28158075:G:T
chr1:28173984:T:C
chr1:28209160:T:C
chr1:28223139:G:A
chr1:28223330:C:A
chr1:28228406:T:C
chr1:28335698:G:A
chr1:28335828:A:G
chr1:28409016:C:T
chr1:28435785:G:A
chr1:28437321:G:A
chr1:28507365:A:T
chr1:28533218:G:C
chr1:28758035:T:C
chr1:28827663:T:C
chr1:28838634:T:C
chr1:28894413:T:C
chr1:29024101:T:C
chr1:29191365:G:A
chr1:29683366:G:A
chr1:29719959:A:G
chr1:29762524:C:T
chr1:29829365:C:T
chr1:30024885:C:T
chr1:30388241:A:C
chr1:30388356:A:C
chr1:30849462:T:C
chr1:30924442:A:G
chr1:31101298:A:G
chr1:31378044:A:G
chr1:31959823:T:C
chr1:32114109:C:A
chr1:32263887:A:G
chr1:32264121:A:C
chr1:32490577:T:C
chr1:32611639:C:T
chr1:32961977:G:C
chr1:33049241:G:A
chr1:33503219:C:T
chr1:34942159:C:A
chr1:37213897:C:A
chr1:37929065:C:T
chr1:37929478:A:G
chr1:37929786:C:T
chr1:37995584:C:T
chr1:37995694:G:A
chr1:37995746:A:C
chr1:37996290:C:T
chr1:38003597:A:C
chr1:38006788:C:A
chr1:38006850:T:C
chr1:38010571:T:C
chr1:38010604:G:C
chr1:38011976:A:T
chr1:38012610:G:A
chr1:38012682:T:A
chr1:38012697:T:C
chr1:38013531:T:G
chr1:38014010:A:C
chr1:38554889:C:G
chr1:38555012:C:A
chr1:38555461:A:G
chr1:38622003:C:A
chr1:38968821:C:T
chr1:39686326:A:G
chr1:40089318:G:A
chr1:40566775:G:A
chr1:40632724:G:A
chr1:40896356:G:T
chr1:41625625:T:C
chr1:41725836:T:C
chr1:42713123:T:G
chr1:42730997:C:T
chr1:42775205:T:C
chr1:42784030:G:T
chr1:42785911:C:T
chr1:42836048:A:C
chr1:42871401:C:G
chr1:42937244:G:A
chr1:42937338:T:A
chr1:43155524:A:G
chr1:43158325:A:T
chr1:43656270:T:C
chr1:43894731:C:A
chr1:44577641:T:A
chr1:44639787:G:A
chr1:44721250:C:G
chr1:44725372:C:G
chr1:44821910:C:A
chr1:45036217:T:C
chr1:45042529:T:C
chr1:45189802:C:T
chr1:45364722:A:G
chr1:45398718:A:G
chr1:45480668:C:T
chr1:45650418:C:T
chr1:45689441:C:T
chr1:46166023:A:G
chr1:46275047:T:C
chr1:46341869:C:T
chr1:46356591:G:A
chr1:46487912:G:A
chr1:46581276:G:C
chr1:46604814:T:C
chr1:46778078:G:A
chr1:47083733:C:G
chr1:47750273:G:A
chr1:47794659:T:C
chr1:47794660:G:C
chr1:47796453:A:G
chr1:47808660:T:C
chr1:47808996:C:T
chr1:47967716:T:A
chr1:48040150:A:G
chr1:48609202:G:A
chr1:48611223:C:T
chr1:48730641:G:A
chr1:49237483:G:A
chr1:49755129:A:T
chr1:49907634:T:C
chr1:50073334:G:T
chr1:50073356:A:T
chr1:50343510:T:C
chr1:50346982:C:T
chr1:50585730:T:C
chr1:50799223:A:G
chr1:50935930:A:G
chr1:50990955:G:T
chr1:51101499:C:T
chr1:51131523:G:A
chr1:51328724:A:G
chr1:51332998:T:C
chr1:51362412:C:T
chr1:51364085:C:G
chr1:51398042:A:G
chr1:51476944:G:C
chr1:51496754:T:C
chr1:51511497:A:G
chr1:51551709:G:A
chr1:51651194:G:A
chr1:51655506:G:A
chr1:51655524:A:G
chr1:51783390:T:G
chr1:51925598:T:C
chr1:52021717:G:A
chr1:52021760:T:C
chr1:52083635:G:A
chr1:52278449:A:C
chr1:52281951:G:C
chr1:52301418:T:G
chr1:52467279:C:G
chr1:52492415:A:T
chr1:52680136:C:T
chr1:52692610:T:C
chr1:52814461:T:A
chr1:52869018:A:G
chr1:52972855:G:T
chr1:53039196:T:G
chr1:53049769:T:C
chr1:53088437:A:C
chr1:53102747:G:A
chr1:53106899:C:T
chr1:53122937:C:G
chr1:53135262:A:C
chr1:53141715:T:A
chr1:53182346:A:G
chr1:53201679:G:A
chr1:53204518:C:T
chr1:53222966:A:T
chr1:53258233:A:T
chr1:53258605:G:A
chr1:53266575:C:A
chr1:53270304:A:T
chr1:53386337:T:C
chr1:53411107:A:C
chr1:53430101:C:G
chr1:53430773:G:C
chr1:53449068:G:T
chr1:53450154:G:A
chr1:53456412:T:A
chr1:53494916:C:A
chr1:53496728:C:A
chr1:53497578:C:T
chr1:53519061:C:T
chr1:53550991:A:T
chr1:53551166:G:C
chr1:53553110:G:A
chr1:53619061:G:A
chr1:53626122:G:A
chr1:53633245:G:C
chr1:54163127:T:C
chr1:54201914:A:G
chr1:54202785:G:C
chr1:54222687:T:G
chr1:54223798:G:C
chr1:54237457:T:A
chr1:54237591:T:C
chr1:54351587:C:T
chr1:54351700:C:T
chr1:54390309:C:A
chr1:54391910:A:G
chr1:54575218:G:A
chr1:54615432:G:A
chr1:54615539:A:T
chr1:54777761:T:C
chr1:54778126:T:G
chr1:54831324:A:T
chr1:54876428:C:T
chr1:54951900:C:A
chr1:55008124:G:A
chr1:55177156:C:T
chr1:55177193:C:T
chr1:55608336:A:T
chr1:55701699:C:T
chr1:55765414:A:G
chr1:55999818:G:A
chr1:56001582:T:G
chr1:56241008:G:C
chr1:56360532:A:T
chr1:56812091:T:C
chr1:56812115:C:T
chr1:57072476:T:A
chr1:57073214:T:G
chr1:57076266:A:C
chr1:57076300:T:A
chr1:57383197:A:C
chr1:57444207:T:C
chr1:57444233:A:G
chr1:57620672:A:G
chr1:57784995:G:T
chr1:57816915:G:C
chr1:57952543:C:T
chr1:57996919:C:G
chr1:58001345:T:A
chr1:58022889:G:T
chr1:58140589:T:G
chr1:58226792:A:C
chr1:58642083:C:T
chr1:58766155:C:T
chr1:58923094:C:T
chr1:59006267:C:T
chr1:59147955:T:G
chr1:59171351:T:C
chr1:59215957:C:T
chr1:59252141:A:T
chr1:59405940:C:T
chr1:59431385:C:T
chr1:59649885:A:G
chr1:59650604:G:A
chr1:59812010:G:T
chr1:59823811:T:C
chr1:59824746:T:C
chr1:59856846:T:C
chr1:59892581:A:C
chr1:59893362:A:G
chr1:59943098:C:T
chr1:59950732:C:T
chr1:59996972:C:T
chr1:60066321:C:G
chr1:60067215:C:T
chr1:60821788:T:G
chr1:60830311:G:A
chr1:60849370:G:A
chr1:60930597:G:A
chr1:60964613:G:A
chr1:61005717:G:A
chr1:61005779:A:T
chr1:61025570:A:G
chr1:61166841:T:C
chr1:61218080:G:T
chr1:61218264:T:G
chr1:61221869:T:C
chr1:61223663:C:G
chr1:61223685:G:A
chr1:61223885:C:G
chr1:61259668:T:A
chr1:61259840:A:T
chr1:61273646:T:C
chr1:61273782:G:T
chr1:61279425:T:C
chr1:61423340:T:A
chr1:61424220:C:T
chr1:61498808:A:C
chr1:61539261:T:A
chr1:61539277:A:T
chr1:61569722:A:G
chr1:61607372:G:A
chr1:61610258:T:G
chr1:61610329:A:G
chr1:61727975:A:G
chr1:61834569:C:T
chr1:61882534:A:T
chr1:62273174:T:C
chr1:62285017:C:T
chr1:63385683:T:A
chr1:63759834:G:C
chr1:63933987:G:A
chr1:64468236:A:C
chr1:64798339:G:C
chr1:65388585:G:A
chr1:65815372:T:C
chr1:66155695:G:C
chr1:66779025:C:T
chr1:67151123:C:T
chr1:67276068:C:A
chr1:67854579:G:T
chr1:67970860:G:A
chr1:67971568:T:A
chr1:68208589:G:A
chr1:68371800:G:C
chr1:68429270:A:T
chr1:68429598:C:A
chr1:69048394:A:G
chr1:69181100:G:A
chr1:69237454:C:T
chr1:69237615:T:A
chr1:69669300:G:A
chr1:69746845:G:A
chr1:70105354:T:C
chr1:70105774:T:C
chr1:70321902:T:G
chr1:70364344:C:T
chr1:70365005:G:T
chr1:70365085:T:C
chr1:70535309:C:G
chr1:70535395:G:C
chr1:70553042:G:A
chr1:71310920:T:C
chr1:71326659:A:G
chr1:71329315:T:G
chr1:71441368:A:T
chr1:71528110:G:A
chr1:71554643:G:T
chr1:72204914:G:T
chr1:72413290:T:G
chr1:72924712:G:A
chr1:73786022:G:T
chr1:73786043:T:C
chr1:73786161:A:C
chr1:73786173:G:C
chr1:73786175:T:C
chr1:73786295:G:T
chr1:73786326:A:G
chr1:74862802:C:G
chr1:74946453:T:A
chr1:74946974:C:T
chr1:75327440:T:C
chr1:75596280:A:G
chr1:75819729:C:T
chr1:75911222:G:T
chr1:75913329:A:G
chr1:75913692:A:G
chr1:76091869:T:A
chr1:76326865:C:G
chr1:77652084:G:C
chr1:77763802:C:T
chr1:77763950:G:T
chr1:77767054:T:C
chr1:77779649:C:T
chr1:77802413:G:A
chr1:77880434:T:C
chr1:77894688:T:C
chr1:77903878:T:C
chr1:77942882:G:T
chr1:77979712:C:G
chr1:77981658:A:G
chr1:77981793:G:A
chr1:77984527:C:T
chr1:77984568:G:A
chr1:77985000:A:C
chr1:78017619:A:G
chr1:78055689:T:C
chr1:78082965:C:G
chr1:78084098:G:A
chr1:78084186:C:T
chr1:78161567:A:G
chr1:78195177:A:G
chr1:78195478:G:T
chr1:78230016:A:G
chr1:78359551:T:G
chr1:78359648:A:C
chr1:78413162:A:G
chr1:79643262:T:C
chr1:79732243:G:A
chr1:79736874:A:G
chr1:79742060:G:A
chr1:79773692:C:A
chr1:79917778:A:T
chr1:80083323:A:G
chr1:80277002:C:A
chr1:80292297:A:C
chr1:80295076:T:C
chr1:80295092:C:G
chr1:80318436:T:C
chr1:80327442:C:T
chr1:80375966:A:T
chr1:80466881:T:G
chr1:80761742:A:G
chr1:80854225:A:C
chr1:81087321:T:A
chr1:81445930:T:A
chr1:81446151:C:T
chr1:81466085:C:T
chr1:81482927:A:G
chr1:81483077:A:T
chr1:81590365:G:A
chr1:81658135:C:T
chr1:81778673:G:A
chr1:81842604:G:A
chr1:82004021:C:T
chr1:82004083:T:C
chr1:82124595:T:A
chr1:82277991:A:G
chr1:82279406:G:C
chr1:82282222:T:C
chr1:82296247:A:G
chr1:82320123:G:A
chr1:82320256:T:G
chr1:82366480:T:C
chr1:82371485:G:T
chr1:82483001:A:G
chr1:82503320:C:T
chr1:82503527:A:G
chr1:82678913:T:G
chr1:82770180:G:C
chr1:82817342:A:T
chr1:82937289:C:G
chr1:82985420:T:A
chr1:83037081:C:T
chr1:83202917:T:C
chr1:83250881:C:T
chr1:83251173:A:G
chr1:84625254:A:G
chr1:84794523:A:G
chr1:84823844:G:A
chr1:84865975:G:C
chr1:84966680:C:A
chr1:85014778:C:T
chr1:85142095:A:G
chr1:85290757:T:C
chr1:85291001:G:A
chr1:85327091:A:G
chr1:85509558:A:G
chr1:85701177:A:T
chr1:85843796:A:G
chr1:86070251:C:G
chr1:86277774:A:G
chr1:86521960:T:A
chr1:86561516:C:T
chr1:86569542:C:T
chr1:86595384:A:G
chr1:87348209:A:C
chr1:87556494:T:A
chr1:87889143:T:C
chr1:87911049:C:G
chr1:88909042:G:A
chr1:89034002:T:G
chr1:89234032:C:T
chr1:89234216:T:C
chr1:89380622:C:A
chr1:89462344:C:T
chr1:89997556:A:T
chr1:90385173:A:G
chr1:90533597:T:A
chr1:90605181:A:C
chr1:90857377:A:G
chr1:90949251:T:G
chr1:91370448:C:A
chr1:91593120:C:T
chr1:91597232:T:C
chr1:91620494:T:C
chr1:91648865:G:T
chr1:91673686:A:G
chr1:91773175:G:A
chr1:91858379:C:T
chr1:91900852:G:C
chr1:91901031:C:T
chr1:91906378:T:C
chr1:92498228:G:C
chr1:92517867:C:G
chr1:92518061:G:A
chr1:93005631:A:T
chr1:93075473:T:C
chr1:93076064:C:T
chr1:93187236:A:G
chr1:93233902:T:G
chr1:93234663:T:C
chr1:93270876:T:G
chr1:93272702:T:C
chr1:93272809:C:T
chr1:93323405:A:C
chr1:93361235:C:G
chr1:93365560:C:A
chr1:93386400:A:G
chr1:93391379:T:A
chr1:93392854:C:G
chr1:93394220:T:G
chr1:93473539:A:G
chr1:93473570:A:C
chr1:93473656:C:G
chr1:93473755:T:A
chr1:93483547:C:T
chr1:93486604:G:C
chr1:93486938:G:A
chr1:93489988:T:C
chr1:93510520:G:A
chr1:93590980:G:A
chr1:93607305:G:A
chr1:93611303:G:A
chr1:93695804:C:G
chr1:93696462:C:T
chr1:93768547:G:A
chr1:93917721:C:G
chr1:94363733:T:A
chr1:94363736:T:G
chr1:94375082:T:C
chr1:94528068:T:G
chr1:94530065:C:A
chr1:94557476:C:T
chr1:94577149:C:G
chr1:94577347:C:T
chr1:94650464:T:A
chr1:94692247:T:C
chr1:94692707:C:T
chr1:96137921:G:T
chr1:96619571:C:T
chr1:97222763:A:C
chr1:97693394:G:A
chr1:97747555:G:A
chr1:98383336:C:A
chr1:98686724:G:A
chr1:99250492:C:T
chr1:99908100:T:A
chr1:99929173:A:C
chr1:99978659:T:A
chr1:100245467:T:C
chr1:100320288:A:G
chr1:100363028:C:T
chr1:100363102:A:G
chr1:100367491:C:A
chr1:100403765:C:A
chr1:100407185:C:G
chr1:100428998:C:G
chr1:100431301:T:C
chr1:100713235:C:T
chr1:100713335:C:A
chr1:101080671:C:A
chr1:101157290:G:A
chr1:101263904:A:G
chr1:101659706:A:C
chr1:101661127:C:A
chr1:101661204:A:T
chr1:101700464:G:A
chr1:101704547:T:C
chr1:101729050:C:T
chr1:101771474:T:C
chr1:101819058:C:A
chr1:101830718:A:G
chr1:101878385:G:T
chr1:101996901:T:G
chr1:102107296:G:T
chr1:102107732:T:A
chr1:102347467:C:A
chr1:102385022:A:C
chr1:102419998:G:A
chr1:102744051:A:G
chr1:102767974:A:G
chr1:102775154:G:A
chr1:102794845:T:C
chr1:102837526:T:C
chr1:102929298:G:A
chr1:102929398:T:C
chr1:102934499:A:G
chr1:102943950:T:A
chr1:102944017:G:A
chr1:102945326:T:C
chr1:102967375:T:C
chr1:102967498:A:G
chr1:103103815:T:A
chr1:103214903:C:T
chr1:103214963:A:G
chr1:103329994:C:T
chr1:103330017:T:C
chr1:103333348:G:A
chr1:103368433:A:C
chr1:103368778:C:A
chr1:103383941:C:T
chr1:103490864:T:C
chr1:103493478:G:A
chr1:103499267:G:C
chr1:103553991:A:G
chr1:103556141:C:A
chr1:103804774:T:A
chr1:103816771:T:G
chr1:103816781:G:A
chr1:103923700:G:A
chr1:104162995:C:A
chr1:104165553:A:G
chr1:104167654:A:G
chr1:104173373:A:G
chr1:104305310:C:A
chr1:104313088:T:C
chr1:104881440:G:T
chr1:104884995:G:T
chr1:104892671:C:T
chr1:104926348:T:G
chr1:104926702:G:A
chr1:104939604:T:G
chr1:104940669:A:T
chr1:105819794:C:A
chr1:106232844:G:A
chr1:106270687:G:A
chr1:106332238:G:A
chr1:106415868:A:G
chr1:106629310:G:A
chr1:106629930:T:A
chr1:107073448:G:A
chr1:107239849:T:G
chr1:107302976:C:T
chr1:108560487:G:A
chr1:109149672:G:T
chr1:109557360:C:T
chr1:109582116:C:T
chr1:109738006:C:T
chr1:109739009:T:G
chr1:110265560:G:A
chr1:110266266:G:A
chr1:110270610:A:T
chr1:110371742:A:T
chr1:110386956:T:C
chr1:110498117:C:T
chr1:110498595:G:A
chr1:110948117:G:T
chr1:110951249:G:T
chr1:110958597:A:T
chr1:110982579:G:C
chr1:111211798:C:G
chr1:111221224:G:C
chr1:111221487:T:C
chr1:111253025:C:G
chr1:111265821:G:A
chr1:111327682:T:G
chr1:111328140:G:A
chr1:111332038:A:C
chr1:111345103:G:A
chr1:111627140:G:T
chr1:111890039:C:T
chr1:111892013:A:C
chr1:111892064:T:A
chr1:111895216:G:C
chr1:111899457:T:G
chr1:111903932:A:G
chr1:111908768:C:G
chr1:111910109:A:T
chr1:111910444:G:A
chr1:111948554:G:T
chr1:112004773:T:C
chr1:112039929:G:C
chr1:112041497:T:A
chr1:112045169:A:T
chr1:112048453:T:C
chr1:112358041:G:T
chr1:112510965:C:G
chr1:112531770:C:G
chr1:112531822:G:A
chr1:112603221:C:A
chr1:112659948:C:T
chr1:113022672:A:T
chr1:113073746:A:C
chr1:113103173:C:T
chr1:113104847:G:T
chr1:113113808:G:T
chr1:113168640:G:C
chr1:113194494:A:G
chr1:113194890:T:A
chr1:113245382:A:G
chr1:113271590:A:G
chr1:113289207:G:A
chr1:113296583:A:C
chr1:113296645:A:T
chr1:114130854:G:C
chr1:114155566:G:C
chr1:114254781:G:A
chr1:114696316:C:A
chr1:114773712:T:C
chr1:114791227:C:A
chr1:114800791:G:A
chr1:114808667:C:A
chr1:114814078:A:C
chr1:114827683:C:T
chr1:114833934:T:C
chr1:114845571:C:T
chr1:114920110:G:T
chr1:115007666:C:T
chr1:115059178:T:A
chr1:115071497:G:A
chr1:115084466:A:T
chr1:115716198:A:T
chr1:116359484:G:T
chr1:116671330:A:G
chr1:116845113:C:A
chr1:116856490:G:A
chr1:117356087:T:A
chr1:117399903:A:G
chr1:117642281:C:T
chr1:117734255:C:T
chr1:117814551:G:A
chr1:118184358:C:T
chr1:118396049:G:C
chr1:118434620:A:T
chr1:118611359:G:T
chr1:118754561:C:T
chr1:118755804:G:A
chr1:118755965:T:A
chr1:118816083:T:G
chr1:118893449:A:C
chr1:119573258:T:A
chr1:119580491:G:T
chr1:119640924:T:A
chr1:119738523:G:A
chr1:119958443:A:C
chr1:120132840:T:G
chr1:120151610:A:G
chr1:120308997:C:T
chr1:120693947:A:G
chr1:120695261:G:T
chr1:121160886:G:A
chr1:121243667:G:A
chr1:121261691:G:T
chr1:121616700:A:C
chr1:121916686:C:G
chr1:121997913:C:T
chr1:122012613:C:T
chr1:122725675:C:T
chr1:122794305:G:A
chr1:122798876:T:C
chr1:123124119:T:C
chr1:123314086:A:C
chr1:123480311:T:C
chr1:124134046:G:T
chr1:125027820:C:T
chr1:125054399:C:T
chr1:125205144:T:G
chr1:125559075:C:T
chr1:125648877:C:T
chr1:125931081:G:A
chr1:125975265:T:A
chr1:125977335:A:G
chr1:125977681:C:A
chr1:126092868:T:C
chr1:126119798:T:C
chr1:126159475:T:C
chr1:126160840:A:C
chr1:126162374:C:A
chr1:126202851:A:C
chr1:126203007:A:T
chr1:126203859:C:A
chr1:126204133:A:G
chr1:126516373:C:G
chr1:126617132:G:T
chr1:126649620:C:T
chr1:126649744:A:C
chr1:126755031:T:A
chr1:126991899:G:A
chr1:127429178:T:A
chr1:127560686:G:A
chr1:127664561:C:G
chr1:128255742:T:C
chr1:128304033:A:T
chr1:128863655:C:T
chr1:128887545:G:C
chr1:128936362:G:C
chr1:128946212:A:G
chr1:129187446:T:A
chr1:129187600:A:G
chr1:129219037:T:C
chr1:129674487:G:A
chr1:129706942:T:A
chr1:129711446:G:T
chr1:129715978:C:T
chr1:129741092:T:A
chr1:130700762:A:G
chr1:130825963:T:C
chr1:130892042:A:C
chr1:131293794:C:T
chr1:131609383:G:C
chr1:131609610:G:A
chr1:131619726:A:T
chr1:131636480:A:G
chr1:131828486:T:C
chr1:131904063:A:G
chr1:131905684:A:G
chr1:131907247:T:C
chr1:131933064:G:A
chr1:131937337:A:C
chr1:132010755:A:T
chr1:132410125:T:G
chr1:132560482:G:A
chr1:132815115:C:T
chr1:132847962:C:A
chr1:132896886:C:G
chr1:133069735:G:T
chr1:133964595:T:G
chr1:134129656:T:C
chr1:134504794:C:G
chr1:134732845:A:G
chr1:134899701:G:A
chr1:134941636:C:T
chr1:136050286:T:C
chr1:136449527:T:A
chr1:137176503:T:C
chr1:137456261:G:A
chr1:137588530:C:T
chr1:137782001:T:C
chr1:137980277:C:T
chr1:138552095:A:C
chr1:138766152:C:T
chr1:138882238:T:A
chr1:138979491:G:A
chr1:139463840:C:T
chr1:139488044:G:C
chr1:139581257:C:G
chr1:139738569:G:T
chr1:139781224:A:T
chr1:139888545:T:G
chr1:139895311:C:A
chr1:140592406:C:A
chr1:140626727:C:A
chr1:140635618:T:C
chr1:140635742:T:A
chr1:140635819:C:G
chr1:140657392:C:A
chr1:140890105:A:C
chr1:141009859:G:C
chr1:141013652:G:A
chr1:141193382:G:A
chr1:141265331:A:T
chr1:141275401:C:T
chr1:141427808:A:T
chr1:141486691:T:A
chr1:141593681:G:T
chr1:141680971:T:C
chr1:141724541:T:C
chr1:141775999:T:A
chr1:141795359:G:T
chr1:141799125:A:G
chr1:141862873:G:A
chr1:142150229:T:C
chr1:142211118:A:G
chr1:142212268:C:T
chr1:142212480:T:A
chr1:142303340:G:A
chr1:142304345:C:A
chr1:142305790:A:T
chr1:142397827:A:C
chr1:142397898:C:G
chr1:142401659:G:A
chr1:142410089:G:A
chr1:142410143:G:A
chr1:142563677:T:C
chr1:142594873:G:T
chr1:142594941:C:T
chr1:142598869:A:G
chr1:142627073:T:C
chr1:142690353:C:T
chr1:142797991:C:G
chr1:143615363:A:T
chr1:143754107:A:T
chr1:143756202:A:C
chr1:144006356:G:C
chr1:144007945:A:T
chr1:144152175:C:G
chr1:144152395:G:A
chr1:144235670:C:A
chr1:144497756:G:T
chr1:144550766:G:A
chr1:144579546:A:G
chr1:144601259:T:C
chr1:144666725:C:G
chr1:144725715:T:A
chr1:145200831:T:A
chr1:145243803:G:T
chr1:145319617:G:C
chr1:145406015:G:A
chr1:145908761:G:A
chr1:146061382:G:C
chr1:146219626:T:C
chr1:146219645:T:C
chr1:146220605:C:G
chr1:146419671:T:C
chr1:146461800:T:A
chr1:146622247:G:T
chr1:146622609:C:A
chr1:146626702:A:G
chr1:146739629:G:A
chr1:146775895:A:G
chr1:146832856:A:G
chr1:146857039:T:C
chr1:146954662:G:T
chr1:147236327:C:T
chr1:147264379:C:A
chr1:147311321:C:A
chr1:147312259:C:A
chr1:147312641:G:A
chr1:147312685:G:T
chr1:147340238:T:A
chr1:147355468:C:G
chr1:147356407:C:T
chr1:147393849:G:A
chr1:147401574:C:G
chr1:147439484:G:T
chr1:147441469:A:G
chr1:147442158:C:T
chr1:147443062:C:T
chr1:147443435:A:T
chr1:147463166:G:C
chr1:147463180:T:A
chr1:147467863:A:C
chr1:147540861:C:G
chr1:147619472:C:T
chr1:147620232:T:C
chr1:147620374:C:T
chr1:147625000:G:T
chr1:148306874:A:C
chr1:148361293:G:A
chr1:148361983:C:A
chr1:148434656:T:G
chr1:148435199:T:C
chr1:148435333:C:T
chr1:148567824:T:C
chr1:148902366:G:T
chr1:148947995:G:C
chr1:149150412:G:T
chr1:149197901:G:A
chr1:149229198:A:G
chr1:149281623:A:C
chr1:149283285:C:A
chr1:149524846:T:C
chr1:149606378:A:G
chr1:149608229:A:G
chr1:149647764:C:T
chr1:149647917:C:T
chr1:149773593:T:C
chr1:149787326:A:C
chr1:149946521:G:A
chr1:150102768:C:T
chr1:150107695:C:G
chr1:150356884:A:T
chr1:150377168:C:A
chr1:150900186:T:A
chr1:151097792:T:G
chr1:151099479:C:T
chr1:151399359:C:A
chr1:151399449:C:G
chr1:151411179:G:T
chr1:151513619:A:G
chr1:151582752:T:C
chr1:151583172:T:C
chr1:153638609:T:C
chr1:153765537:C:A
chr1:153932871:G:A
chr1:155667824:A:G
chr1:156144423:G:A
chr1:156148506:T:A
chr1:156235427:G:A
chr1:156345248:T:C
chr1:156494161:G:A
chr1:156501266:A:G
chr1:156950714:C:T
chr1:156974316:T:G
chr1:157173700:T:A
chr1:157526177:A:G
chr1:157534632:T:C
chr1:157787576:A:G
chr1:157818930:G:A
chr1:157868440:G:A
chr1:158026660:A:G
chr1:158243242:A:G
chr1:158282550:A:G
chr1:158346216:C:T
chr1:158350713:T:C
chr1:158354869:A:G
chr1:158356670:G:T
chr1:158461648:T:A
chr1:158463126:G:C
chr1:158861805:G:A
chr1:158897387:C:T
chr1:158961895:G:A
chr1:160190991:G:A
chr1:160193144:C:T
chr1:160255817:A:G
chr1:160284199:T:C
chr1:160315671:A:G
chr1:160324250:T:C
chr1:160676982:G:C
chr1:160678570:T:C
chr1:160679727:G:A
chr1:160680939:G:T
chr1:160717616:A:T
chr1:160726714:G:A
chr1:162121844:T:G
chr1:162125350:T:C
chr1:162271131:C:T
chr1:162518780:G:A
chr1:162897631:A:T
chr1:162917138:A:G
chr1:163297062:T:C
chr1:163341600:T:G
chr1:163341714:T:G
chr1:163342381:A:T
chr1:163345091:C:T
chr1:163348463:G:C
chr1:163351142:T:C
chr1:164693136:G:T
chr1:164867978:C:T
chr1:164868038:C:G
chr1:164967015:C:A
chr1:165052391:G:A
chr1:165575312:A:G
chr1:165894888:A:G
chr1:166514174:C:A
chr1:166525998:C:T
chr1:167099043:A:G
chr1:167104025:C:T
chr1:167113957:G:T
chr1:167114494:G:T
chr1:167115803:A:C
chr1:167229824:A:G
chr1:167323523:T:A
chr1:167528618:T:C
chr1:167528620:G:A
chr1:167565662:G:T
chr1:167664507:A:G
chr1:168760938:C:G
chr1:168835673:T:C
chr1:169466255:A:G
chr1:169482460:C:T
chr1:169682156:G:A
chr1:170212768:C:G
chr1:170313357:T:A
chr1:170363627:T:G
chr1:170458665:A:G
chr1:170470874:C:T
chr1:171079307:T:G
chr1:171183919:C:A
chr1:171358672:G:A
chr1:171451550:A:G
chr1:171533014:G:A
chr1:171534644:A:T
chr1:172000876:A:G
chr1:172130678:C:A
chr1:172138487:A:T
chr1:172661896:G:A
chr1:172665806:T:C
chr1:172808593:C:T
chr1:172988772:G:C
chr1:173033167:T:C
chr1:173222881:T:G
chr1:173368291:G:T
chr1:173528021:G:A
chr1:173643517:A:T
chr1:173653912:G:A
chr1:173710629:T:A
chr1:173738579:A:C
chr1:173738796:G:C
chr1:173804547:A:G
chr1:174040072:T:G
chr1:174501253:T:C
chr1:174603992:A:G
chr1:174607418:T:C
chr1:174609413:T:C
chr1:174721203:A:G
chr1:174805646:C:T
chr1:175242168:G:T
chr1:175453728:G:A
chr1:175727767:C:A
chr1:175784296:T:C
chr1:176265436:T:A
chr1:176296488:A:G
chr1:177582241:A:G
chr1:177885774:G:T
chr1:178124220:T:C
chr1:178124407:G:A
chr1:178124525:A:G
chr1:178230645:A:C
chr1:178235354:A:G
chr1:178235522:C:T
chr1:178235729:A:T
chr1:178257948:G:A
chr1:178260981:C:A
chr1:178261103:A:G
chr1:178328338:C:T
chr1:178329163:T:G
chr1:178333541:C:G
chr1:178341573:C:G
chr1:178404893:C:G
chr1:178405131:G:C
chr1:178508258:A:T
chr1:178509708:T:C
chr1:178510294:T:A
chr1:178511784:T:C
chr1:178512562:G:A
chr1:178599094:G:A
chr1:178695535:A:C
chr1:178923760:A:G
chr1:179014943:T:G
chr1:179051419:T:A
chr1:179054595:G:T
chr1:179139615:T:C
chr1:179395847:T:C
chr1:179798807:A:G
chr1:179799426:T:C
chr1:179806163:C:T
chr1:179923175:G:C
chr1:179925289:A:G
chr1:179940585:C:T
chr1:179982646:A:T
chr1:179989235:G:A
chr1:180549105:G:A
chr1:182258835:T:C
chr1:183009994:A:C
chr1:183636628:T:C
chr1:183880634:C:T
chr1:183880778:C:T
chr1:184093051:C:G
chr1:184568461:A:G
chr1:184828743:G:A
chr1:185190329:G:A
chr1:185337422:A:G
chr1:185413001:C:T
chr1:185561559:A:C
chr1:185562193:T:C
chr1:185562504:A:G
chr1:185563990:G:T
chr1:185565354:G:A
chr1:185567539:A:G
chr1:185569296:A:G
chr1:185569664:T:A
chr1:185601137:T:G
chr1:185601331:C:T
chr1:185933400:G:C
chr1:185941898:C:T
chr1:185976001:G:C
chr1:185976248:G:A
chr1:186137552:G:A
chr1:186226366:G:A
chr1:186360337:A:G
chr1:186531123:A:C
chr1:186534323:T:A
chr1:187295949:T:C
chr1:187690427:G:C
chr1:187691514:A:G
chr1:187801761:A:C
chr1:187912221:A:G
chr1:187929102:A:G
chr1:188071021:A:C
chr1:188076265:C:T
chr1:188266061:C:T
chr1:188353259:A:G
chr1:188928650:G:C
chr1:188928670:C:T
chr1:188972056:G:A
chr1:188974847:A:G
chr1:189106064:C:T
chr1:189601190:G:A
chr1:190239113:G:C
chr1:190252299:T:G
chr1:190443600:T:C
chr1:190757959:T:A
chr1:190977555:G:T
chr1:191123841:A:C
chr1:191273838:G:A
chr1:191288152:A:G
chr1:191607519:T:C
chr1:191678096:A:T
chr1:191706567:G:T
chr1:191707036:T:C
chr1:192321653:T:A
chr1:192321712:A:G
chr1:192345673:T:G
chr1:192388221:C:T
chr1:192666370:T:C
chr1:192988538:G:A
chr1:193554056:G:A
chr1:193901810:G:A
chr1:194068690:C:T
chr1:194069102:G:T
chr1:194073204:C:A
chr1:194467220:C:T
chr1:195051355:C:G
chr1:195112863:T:C
chr1:195112900:T:C
chr1:195306819:A:G
chr1:195563192:G:A
chr1:195564002:T:C
chr1:195593719:C:T
chr1:195690574:G:C
chr1:196074083:T:A
chr1:196140034:T:C
chr1:196255664:C:G
chr1:196284490:G:A
chr1:197352322:C:A
chr1:197381528:G:A
chr1:197381677:C:T
chr1:197437891:G:C
chr1:197450935:A:G
chr1:197549798:T:C
chr1:197649932:T:C
chr1:197730778:C:T
chr1:197900501:G:T
chr1:199374719:A:T
chr1:199678049:T:A
chr1:199712877:T:C
chr1:200010613:C:T
chr1:200287395:A:G
chr1:200289813:G:A
chr1:200688794:T:G
chr1:200701967:G:A
chr1:200797456:T:A
chr1:202893525:G:T
chr1:204446236:G:T
chr1:204500049:A:G
chr1:206083828:T:A
chr1:206186737:A:T
chr1:206186944:T:C
chr1:206187072:G:C
chr1:206246341:G:T
chr1:206362659:G:A
chr1:206404861:G:A
chr1:206415123:C:T
chr1:206457522:A:G
chr1:206466675:G:A
chr1:206509427:C:G
chr1:206513997:G:C
chr1:206515561:G:A
chr1:206531618:C:G
chr1:206632112:G:A
chr1:207020541:G:C
chr1:207323822:T:C
chr1:207680028:C:T
chr1:207682293:T:G
chr1:207722468:A:T
chr1:207726240:T:G
chr1:207813897:T:C
chr1:207947153:A:G
chr1:207972444:G:T
chr1:207973445:C:A
chr1:208002531:C:T
chr1:208009948:A:G
chr1:208029275:T:A
chr1:208033467:T:C
chr1:208034799:C:T
chr1:208049416:A:G
chr1:208117179:T:A
chr1:208120729:T:C
chr1:208123613:C:A
chr1:208144947:C:T
chr1:208239778:A:G
chr1:208342412:C:T
chr1:208455607:C:T
chr1:208507000:C:G
chr1:208508769:T:C
chr1:208511488:A:G
chr1:208693385:A:G
chr1:208743085:A:G
chr1:208743336:G:A
chr1:208764837:G:A
chr1:209084439:T:G
chr1:209208848:C:T
chr1:210017951:T:A
chr1:210018465:A:T
chr1:210019296:C:T
chr1:210027228:C:G
chr1:210029546:G:C
chr1:210270981:C:A
chr1:211044735:C:A
chr1:211315911:A:G
chr1:211363117:T:G
chr1:211384025:G:A
chr1:211422061:C:G
chr1:211459094:A:G
chr1:211480415:G:T
chr1:211480579:T:G
chr1:211487679:C:T
chr1:211491319:C:G
chr1:211491395:T:A
chr1:212264456:A:C
chr1:212971668:A:T
chr1:213295539:C:T
chr1:213297412:A:G
chr1:213469923:G:A
chr1:213648594:A:G
chr1:213792865:T:C
chr1:213901026:A:C
chr1:214223888:C:T
chr1:214255626:A:C
chr1:214495296:G:C
chr1:214496266:C:G
chr1:214639336:G:T
chr1:214727350:G:A
chr1:215223090:A:G
chr1:215418586:T:C
chr1:215418590:C:T
chr1:215419054:A:G
chr1:215454661:G:C
chr1:215456812:T:C
chr1:215552644:T:C
chr1:215585925:G:A
chr1:215586139:C:T
chr1:215625624:G:A
chr1:215629643:G:A
chr1:215630484:T:C
chr1:215706062:C:G
chr1:215965289:T:C
chr1:215985184:A:G
chr1:215987958:G:T
chr1:215988104:A:C
chr1:216187172:G:C
chr1:216435937:C:T
chr1:216598635:A:G
chr1:216832466:C:T
chr1:216889694:A:G
chr1:216937709:G:A
chr1:216938120:T:C
chr1:216940383:C:T
chr1:216940587:C:T
chr1:217080685:C:T
chr1:217120395:G:A
chr1:217122233:T:G
chr1:217126327:C:G
chr1:217139239:T:G
chr1:217153145:C:G
chr1:217189854:C:G
chr1:217226207:T:G
chr1:217323481:T:G
chr1:217323768:C:T
chr1:217471575:A:C
chr1:217637756:C:T
chr1:217650113:T:C
chr1:217927905:A:G
chr1:217947887:G:A
chr1:217948027:A:C
chr1:217948371:A:G
chr1:217949210:C:T
chr1:217949249:T:C
chr1:217949312:G:A
chr1:217993555:G:C
chr1:218038437:G:A
chr1:218038903:T:C
chr1:218056907:A:G
chr1:218057072:T:G
chr1:218215661:C:T
chr1:218227312:C:A
chr1:218331303:C:G
chr1:218333104:A:G
chr1:218338069:A:G
chr1:218992497:A:G
chr1:219022603:T:C
chr1:219068579:A:G
chr1:219069680:T:G
chr1:219069923:C:T
chr1:219099910:A:G
chr1:219102049:G:A
chr1:219102699:T:A
chr1:219174385:T:A
chr1:219175809:C:G
chr1:219301624:T:C
chr1:219367676:G:A
chr1:219562917:A:G
chr1:219700274:G:C
chr1:219700285:G:A
chr1:220071166:A:G
chr1:220574982:A:T
chr1:220575078:T:C
chr1:220864105:G:A
chr1:220905343:A:G
chr1:220905380:A:T
chr1:220905425:G:A
chr1:221091044:T:G
chr1:221314573:T:A
chr1:221314692:C:G
chr1:221325764:A:T
chr1:221937635:T:G
chr1:222076216:G:A
chr1:222226834:G:A
chr1:222234218:G:A
chr1:222240551:G:T
chr1:222240884:A:G
chr1:222242462:T:C
chr1:222328483:G:A
chr1:222561227:A:G
chr1:222566106:A:T
chr1:222661932:C:G
chr1:222661999:C:G
chr1:222990628:T:C
chr1:223026121:G:C
chr1:223087392:T:C
chr1:223104149:T:G
chr1:223316224:G:A
chr1:223325833:C:T
chr1:223443837:C:G
chr1:223545332:A:G
chr1:223545356:T:A
chr1:223585674:A:T
chr1:223586547:C:T
chr1:223588126:A:G
chr1:223604519:G:C
chr1:223653941:C:T
chr1:223821824:T:A
chr1:223822357:C:T
chr1:224880943:T:A
chr1:224957177:C:T
chr1:225052330:T:C
chr1:225121914:C:A
chr1:225205628:G:C
chr1:225256791:A:T
chr1:225274655:A:T
chr1:225316744:A:G
chr1:225361121:A:T
chr1:225414246:A:G
chr1:225485749:G:C
chr1:225864403:T:C
chr1:226314385:T:C
chr1:226560005:G:C
chr1:226726189:G:A
chr1:226788317:T:C
chr1:226792250:T:C
chr1:226792958:A:G
chr1:226922424:T:C
chr1:226934384:C:A
chr1:227150457:G:A
chr1:227166392:C:T
chr1:227630955:A:G
chr1:227685878:A:G
chr1:227750413:G:C
chr1:227764883:A:G
chr1:227778179:G:A
chr1:227795777:G:A
chr1:227897911:T:A
chr1:227904891:A:G
chr1:228246347:A:G
chr1:228422366:C:A
chr1:228728741:G:T
chr1:228728991:C:T
chr1:228729087:T:C
chr1:228783219:C:A
chr1:228810890:C:G
chr1:228811428:T:C
chr1:228909671:A:G
chr1:228911555:C:A
chr1:228911811:A:G
chr1:228912591:T:G
chr1:229095139:T:C
chr1:229367358:T:C
chr1:229436975:T:A
chr1:229500518:T:C
chr1:229707193:C:T
chr1:229969946:G:A
chr1:230771934:C:T
chr1:230847692:G:T
chr1:230980158:G:T
chr1:231076078:A:G
chr1:231168892:C:A
chr1:231667669:T:C
chr1:231861585:T:C
chr1:231980468:A:C
chr1:232081609:C:A
chr1:232528531:C:G
chr1:232548930:C:G
chr1:232549025:A:G
chr1:232615861:A:C
chr1:232641403:A:G
chr1:232645525:T:G
chr1:232646535:T:C
chr1:232665487:A:G
chr1:232667420:A:G
chr1:232784199:C:T
chr1:232809270:T:C
chr1:232809301:T:A
chr1:232811543:C:T
chr1:232813604:T:A
chr1:232813687:T:C
chr1:232814101:C:T
chr1:232869168:C:T
chr1:232946375:C:A
chr1:232946463:T:C
chr1:233132060:C:T
chr1:233259800:A:G
chr1:233260233:A:T
chr1:233331242:G:T
chr1:233332572:T:G
chr1:233332833:A:G
chr1:233335088:G:C
chr1:233335473:C:T
chr1:233335766:C:A
chr1:233365620:T:G
chr1:233381689:C:A
chr1:233406857:C:T
chr1:233414858:T:C
chr1:233470626:A:G
chr1:233470679:C:T
chr1:233472682:A:C
chr1:233491932:C:T
chr1:233492022:G:C
chr1:233620119:G:A
chr1:233621139:A:G
chr1:233622322:G:T
chr1:233622493:G:A
chr1:233717206:G:C
chr1:233717613:C:G
chr1:233718577:A:G
chr1:233753920:T:C
chr1:233753994:A:G
chr1:233793645:G:A
chr1:233894439:T:A
chr1:233900354:G:C
chr1:233900562:A:C
chr1:234075419:A:G
chr1:234135083:T:C
chr1:234169920:T:A
chr1:234172695:A:T
chr1:234187231:T:A
chr1:234604286:C:T
chr1:234994548:G:A
chr1:234994878:T:C
chr1:235200809:G:C
chr1:235276160:C:T
chr1:236251941:A:G
chr1:236353755:C:T
chr1:236658275:C:T
chr1:236787484:T:C
chr1:236852627:A:C
chr1:236898958:G:A
chr1:236912747:G:A
chr1:236914086:T:G
chr1:237137934:T:C
chr1:237199320:T:C
chr1:237216214:G:A
chr1:237242556:T:A
chr1:237254154:A:G
chr1:237259320:T:A
chr1:237266111:G:A
chr1:237357933:T:C
chr1:237360881:C:A
chr1:237368585:G:A
chr1:237374309:T:C
chr1:237374371:G:T
chr1:237377181:A:C
chr1:237391759:T:A
chr1:237416149:T:C
chr1:237420154:A:T
chr1:237421743:A:C
chr1:237422849:A:C
chr1:237427353:C:G
chr1:237428966:T:C
chr1:237443806:C:A
chr1:237464286:T:A
chr1:237469661:G:T
chr1:237488223:T:C
chr1:237488722:A:T
chr1:237490648:C:T
chr1:237490855:A:G
chr1:237491937:G:C
chr1:237492584:A:G
chr1:237494006:A:T
chr1:237494312:T:A
chr1:237494492:G:A
chr1:237494656:C:T
chr1:237495512:C:T
chr1:237495577:G:A
chr1:237495803:C:A
chr1:237496544:C:T
chr1:237496661:C:T
chr1:237559782:G:A
chr1:237559867:C:T
chr1:237560091:T:G
chr1:237652146:C:A
chr1:237663300:T:C
chr1:237687739:G:A
chr1:237687857:A:C
chr1:237689895:C:G
chr1:237709359:C:G
chr1:237713472:A:C
chr1:237714394:G:T
chr1:237780186:G:A
chr1:237786090:T:C
chr1:237827671:C:A
chr1:237855299:C:T
chr1:237856723:G:T
chr1:237861075:T:C
chr1:237861496:C:T
chr1:237913721:G:A
chr1:237940086:A:G
chr1:237943674:C:G
chr1:238016562:A:T
chr1:238020618:G:A
chr1:238020889:G:A
chr1:238022839:C:T
chr1:238027421:C:T
chr1:238096566:T:C
chr1:238158094:A:G
chr1:238193279:T:A
chr1:238193797:C:G
chr1:238194235:C:G
chr1:238213440:G:A
chr1:238314531:A:C
chr1:238403940:T:C
chr1:238443673:A:C
chr1:238444201:A:G
chr1:238527879:C:T
chr1:238541909:C:T
chr1:238564036:G:A
chr1:238665299:C:G
chr1:238796688:C:A
chr1:238797112:C:T
chr1:239442695:C:T
chr1:239579077:T:G
chr1:239641835:C:T
chr1:239642096:A:G
chr1:240006851:A:G
chr1:240213108:T:A
chr1:240213541:C:T
chr1:240625299:C:T
chr1:240768860:G:A
chr1:241356436:A:G
chr1:241483517:A:C
chr1:241596364:C:G
chr1:242095633:G:A
chr1:242470555:A:G
chr1:242577301:C:T
chr1:242581154:G:A
chr1:242613195:T:A
chr1:242835377:A:T
chr1:242979514:G:T
chr1:243107301:A:C
chr1:243142288:T:G
chr1:243353928:A:G
chr1:243403669:A:G
chr1:243804216:T:C
chr1:243868943:A:C
chr1:244137259:A:G
chr1:244178893:G:T
chr1:244210843:G:C
chr1:245223431:G:C
chr1:245375888:T:C
chr1:245435122:T:C
chr1:245463071:C:G
chr1:245590947:G:A
chr1:245728080:C:G
chr1:245911903:C:G
chr1:246107740:A:G
chr1:246202891:A:G
chr1:246355237:A:G
chr1:246710551:C:T
chr1:246766461:C:G
chr1:246896952:C:T
chr1:246898566:G:A
chr1:246984901:G:C
chr1:247018133:G:C
chr1:247043745:T:A
chr1:247078317:T:G
chr1:247114482:C:T
chr1:247130415:G:A
chr1:247358894:G:A
chr1:247826734:C:G
chr1:247937184:C:A
chr1:247999074:T:C
chr1:248030787:C:T
chr1:248411355:A:G
chr1:248793471:G:C
chr1:248794726:C:G
chr1:248794855:G:A
chr1:248796283:G:A
chr1:248796558:A:G
chr1:248797059:C:A
chr1:248883790:C:T
chr1:248927746:C:G
chr1:249377600:A:T
chr1:249490693:C:G
chr1:249672695:G:A
chr1:250873507:A:C
chr1:251074159:C:A
chr1:251074355:C:T
chr1:251074759:G:C
chr1:251169703:C:T
chr1:251170281:T:G
chr1:251185037:A:G
chr1:251225393:G:T
chr1:251226015:A:G
chr1:251242273:C:A
chr1:251269323:T:C
chr1:251302717:A:G
chr1:251302809:C:G
chr1:251311994:C:T
chr1:251485226:C:T
chr1:251485288:G:C
chr1:251575057:T:A
chr1:251575290:A:T
chr1:251576321:G:A
chr1:251586202:T:C
chr1:251590090:A:G
chr1:251593250:G:A
chr1:251641698:T:C
chr1:251698016:C:T
chr1:251796178:G:A
chr1:252872352:T:C
chr1:253138084:G:A
chr1:253266881:A:G
chr1:253328358:T:C
chr1:253988571:T:C
chr1:254036071:C:T
chr1:254078347:C:T
chr1:254480671:T:C
chr1:254896743:G:A
chr1:255249660:A:G
chr1:255509477:T:C
chr1:256031131:T:C
chr1:256424087:A:C
chr1:256455327:G:A
chr1:256489651:G:A
chr1:256785639:T:G
chr1:256819229:C:T
chr1:258151837:C:A
chr1:258168871:T:C
chr1:258260550:A:T
chr1:258262066:T:G
chr1:260416475:G:A
chr1:260507400:T:C
chr1:260507697:C:G
chr2:49033:C:T
chr2:75240:G:T
chr2:570574:C:T
chr2:608922:G:A
chr2:609059:G:C
chr2:612931:T:G
chr2:621773:G:C
chr2:623139:G:A
chr2:636882:A:G
chr2:638268:A:C
chr2:648428:A:C
chr2:648848:T:G
chr2:651652:G:C
chr2:660020:C:A
chr2:660074:A:C
chr2:660132:C:T
chr2:662547:C:A
chr2:663730:T:C
chr2:666755:C:A
chr2:670103:G:C
chr2:685762:G:A
chr2:693504:G:A
chr2:740161:G:A
chr2:844673:A:G
chr2:857384:A:T
chr2:857493:G:T
chr2:860732:C:T
chr2:861352:C:T
chr2:862667:T:A
chr2:863881:G:A
chr2:866058:G:A
chr2:872204:T:G
chr2:873067:T:A
chr2:882185:G:T
chr2:1224146:C:T
chr2:1239730:A:T
chr2:1326719:A:T
chr2:1326785:G:T
chr2:1326800:G:A
chr2:1373984:C:A
chr2:1375014:T:C
chr2:1397150:C:T
chr2:2087543:G:T
chr2:2700050:G:A
chr2:3430265:G:A
chr2:3468501:T:G
chr2:3567368:G:A
chr2:3567829:C:T
chr2:3568273:G:C
chr2:3877968:A:T
chr2:3878219:C:A
chr2:3913673:A:T
chr2:4051231:A:G
chr2:4180564:T:C
chr2:4180567:A:G
chr2:5042765:C:G
chr2:5044979:C:A
chr2:5045155:C:A
chr2:5064159:A:T
chr2:5749674:C:T
chr2:6738602:A:G
chr2:6741775:A:T
chr2:6742307:A:T
chr2:6742869:G:T
chr2:6776828:T:A
chr2:7151084:C:G
chr2:7299484:G:T
chr2:7496263:C:A
chr2:7599633:A:G
chr2:8272689:A:C
chr2:8345167:A:G
chr2:8345429:C:T
chr2:8411510:C:T
chr2:8662957:G:A
chr2:8752574:A:G
chr2:8752971:A:G
chr2:9650356:T:G
chr2:9827164:A:C
chr2:9831265:T:G
chr2:9989143:G:C
chr2:9997560:G:A
chr2:10023715:A:T
chr2:10183705:A:G
chr2:10227735:A:G
chr2:10228042:G:A
chr2:11074946:T:C
chr2:11269566:C:T
chr2:11397862:T:G
chr2:11398512:T:G
chr2:11492814:A:T
chr2:11579885:A:G
chr2:11790581:T:G
chr2:11971743:C:G
chr2:12215535:T:C
chr2:12505414:A:G
chr2:12506766:G:A
chr2:12507627:A:G
chr2:12510544:C:T
chr2:12510715:T:C
chr2:12540298:T:A
chr2:12708761:A:T
chr2:12708970:C:T
chr2:12709629:C:T
chr2:12854704:G:A
chr2:12855168:G:C
chr2:13034044:A:G
chr2:13094910:C:T
chr2:13291222:A:G
chr2:13291292:C:A
chr2:13576647:C:G
chr2:13588035:C:T
chr2:13588149:A:G
chr2:13591860:A:G
chr2:13661490:C:A
chr2:13826738:G:A
chr2:13855235:G:T
chr2:13884101:T:C
chr2:13889310:C:A
chr2:13895067:G:A
chr2:13904846:G:A
chr2:13962395:G:C
chr2:13964145:G:A
chr2:14046520:T:C
chr2:14156723:C:T
chr2:14156853:T:C
chr2:14158046:G:T
chr2:14278931:T:C
chr2:14279099:G:C
chr2:14282720:C:T
chr2:14285104:C:T
chr2:14607713:C:T
chr2:14657512:G:C
chr2:14912937:A:G
chr2:14996112:G:C
chr2:15111216:A:G
chr2:15153979:C:T
chr2:15194910:T:C
chr2:15194931:G:T
chr2:15273076:T:C
chr2:15273127:T:G
chr2:15273577:C:G
chr2:15274395:G:A
chr2:15447528:G:A
chr2:15447552:A:G
chr2:15450286:C:T
chr2:15465291:A:G
chr2:15465367:T:A
chr2:15467514:A:G
chr2:15470386:C:A
chr2:15495957:A:T
chr2:15511186:C:T
chr2:15513730:T:C
chr2:15514994:T:C
chr2:15515526:C:G
chr2:15530200:T:A
chr2:15586562:G:A
chr2:15610792:C:T
chr2:15624580:A:G
chr2:15627672:A:G
chr2:15667563:C:G
chr2:15667668:A:G
chr2:15689361:A:T
chr2:15832625:G:A
chr2:15910290:C:A
chr2:15910957:G:T
chr2:15913085:G:A
chr2:15949660:A:G
chr2:15969404:G:T
chr2:16078517:A:G
chr2:16081257:G:T
chr2:16083851:G:C
chr2:16162608:T:A
chr2:16171028:A:G
chr2:16173786:T:C
chr2:16202224:A:T
chr2:16437070:G:T
chr2:16472617:G:T
chr2:16472764:G:T
chr2:16618080:A:C
chr2:16671716:C:A
chr2:16710746:G:T
chr2:16722589:G:A
chr2:16761314:G:A
chr2:16819699:T:G
chr2:16885554:C:G
chr2:16916217:G:T
chr2:16989793:C:G
chr2:17122141:C:T
chr2:17122319:T:A
chr2:17242964:A:G
chr2:17248184:G:T
chr2:17248802:G:T
chr2:17250819:C:T
chr2:17262660:C:G
chr2:17308038:T:A
chr2:17485028:C:T
chr2:17486331:T:A
chr2:17605488:A:T
chr2:17670734:G:A
chr2:17670763:G:T
chr2:17671643:T:C
chr2:17745486:A:T
chr2:17804656:G:A
chr2:17899790:G:C
chr2:17900274:T:C
chr2:17900306:C:G
chr2:17918397:A:T
chr2:17918949:A:T
chr2:17918993:G:T
chr2:17936042:A:G
chr2:17955661:A:T
chr2:17979470:A:G
chr2:18051367:A:G
chr2:18051460:A:G
chr2:18056798:G:T
chr2:18088162:A:T
chr2:18109769:G:A
chr2:18111823:T:C
chr2:18113560:A:T
chr2:18138042:C:T
chr2:18213703:G:C
chr2:18215136:A:T
chr2:18283609:A:G
chr2:18369073:C:T
chr2:18369981:G:A
chr2:18373226:C:G
chr2:18430205:G:A
chr2:18488874:G:C
chr2:18758922:A:G
chr2:19207477:C:T
chr2:19250517:T:C
chr2:19251984:C:G
chr2:19252800:G:C
chr2:19253553:A:C
chr2:19253583:T:C
chr2:19262530:T:A
chr2:19328126:C:T
chr2:19377862:G:A
chr2:19485787:G:C
chr2:19485907:A:G
chr2:19486015:G:C
chr2:19487261:A:T
chr2:19487342:T:C
chr2:19562438:A:G
chr2:19610788:C:T
chr2:20190224:T:A
chr2:20195197:G:T
chr2:20195541:A:G
chr2:20228577:T:C
chr2:20564544:G:A
chr2:20736040:A:G
chr2:20931074:A:T
chr2:20967575:T:G
chr2:21129310:C:G
chr2:21129414:A:C
chr2:21252042:A:G
chr2:21401561:A:G
chr2:21556199:C:G
chr2:21558699:C:G
chr2:21725366:G:A
chr2:21795750:C:A
chr2:22404434:G:C
chr2:22416261:C:T
chr2:22686221:G:A
chr2:22720100:G:T
chr2:22796433:C:G
chr2:23147896:A:C
chr2:23354369:A:G
chr2:23474593:C:A
chr2:23542413:G:A
chr2:23616290:G:A
chr2:23616476:C:T
chr2:23619931:A:G
chr2:23620515:C:A
chr2:23663711:C:A
chr2:23933960:G:A
chr2:24232590:T:C
chr2:24337623:C:T
chr2:24363836:A:T
chr2:24424505:T:C
chr2:24785542:C:T
chr2:25174674:G:T
chr2:25336223:A:C
chr2:25717214:G:A
chr2:25989722:T:C
chr2:26088565:A:T
chr2:26275321:C:T
chr2:26311881:T:A
chr2:26312272:A:C
chr2:26400217:C:G
chr2:26404259:T:C
chr2:26404524:A:G
chr2:26612099:G:A
chr2:26638022:C:A
chr2:26649660:T:C
chr2:26789421:A:T
chr2:26968044:C:T
chr2:26970793:T:C
chr2:27117226:G:A
chr2:27187420:G:A
chr2:27198769:G:A
chr2:27622002:G:A
chr2:27634230:C:T
chr2:27637822:A:G
chr2:27638136:A:C
chr2:27647622:G:A
chr2:27761741:A:T
chr2:27822644:T:C
chr2:27886125:T:C
chr2:28021220:G:T
chr2:28156608:T:C
chr2:28656475:T:C
chr2:28683800:G:T
chr2:28698974:A:G
chr2:28700598:A:C
chr2:28846529:T:C
chr2:29011579:A:G
chr2:29041901:T:A
chr2:29162879:A:G
chr2:29349684:C:T
chr2:29349754:C:T
chr2:29384214:G:A
chr2:29639543:T:G
chr2:29904380:T:G
chr2:30112898:C:T
chr2:30581912:T:A
chr2:30978513:G:A
chr2:31082620:A:G
chr2:31313246:A:G
chr2:31336133:G:A
chr2:31365336:C:T
chr2:31520573:A:G
chr2:31522517:G:A
chr2:31666344:G:A
chr2:32109724:G:A
chr2:32150698:G:C
chr2:32154854:T:C
chr2:32155759:T:C
chr2:32238984:A:G
chr2:32314944:G:C
chr2:32320705:T:C
chr2:32576424:G:T
chr2:32668726:G:C
chr2:32671622:C:A
chr2:32919331:C:T
chr2:33006863:C:G
chr2:33024551:A:G
chr2:33195942:T:C
chr2:33261954:T:C
chr2:33261985:C:A
chr2:33317580:G:T
chr2:33357885:T:C
chr2:33364026:T:C
chr2:33372880:C:T
chr2:33453060:G:A
chr2:33453167:C:A
chr2:33457474:C:A
chr2:33508231:G:C
chr2:33535440:G:T
chr2:33791626:T:C
chr2:34014673:G:T
chr2:34155544:G:A
chr2:34160347:A:G
chr2:34668497:C:T
chr2:34669548:C:A
chr2:34700188:T:C
chr2:34754464:C:T
chr2:34822369:C:T
chr2:35100024:G:A
chr2:35764649:A:G
chr2:35782906:A:G
chr2:35783741:A:C
chr2:35832593:A:G
chr2:35916339:T:C
chr2:35923362:A:T
chr2:35952267:G:A
chr2:36059769:T:C
chr2:36481282:G:T
chr2:36538193:T:C
chr2:36575969:G:A
chr2:36593312:C:A
chr2:36593885:A:T
chr2:36594390:A:G
chr2:36595176:A:G
chr2:36596798:C:A
chr2:36658451:A:G
chr2:36660276:G:T
chr2:36661159:C:A
chr2:36661394:T:G
chr2:36663184:G:C
chr2:36685244:C:T
chr2:36880980:C:T
chr2:36880996:T:G
chr2:36881102:T:C
chr2:36881471:C:T
chr2:36885744:T:A
chr2:36922619:G:A
chr2:37032106:T:C
chr2:37201923:A:G
chr2:37202167:C:T
chr2:37202455:G:A
chr2:37221470:C:T
chr2:37323031:A:T
chr2:37354828:T:C
chr2:37361703:G:T
chr2:37669956:T:A
chr2:37673547:T:C
chr2:37838599:C:T
chr2:37867035:C:T
chr2:37868441:A:C
chr2:38698056:C:T
chr2:38703435:T:G
chr2:39004608:G:A
chr2:39374419:G:A
chr2:39439542:A:G
chr2:39496250:T:C
chr2:39667721:A:G
chr2:39726682:C:T
chr2:39729466:G:A
chr2:39735626:T:C
chr2:39735656:T:G
chr2:39767881:T:A
chr2:39795269:C:G
chr2:39950744:C:T
chr2:39951606:C:T
chr2:39978012:C:G
chr2:40106503:T:A
chr2:40274585:A:G
chr2:40354523:A:T
chr2:40504495:T:G
chr2:40504690:A:G
chr2:40505725:C:A
chr2:40644617:C:A
chr2:41705190:G:T
chr2:41948651:T:G
chr2:42203600:C:T
chr2:42246934:G:C
chr2:42323677:C:T
chr2:42374865:C:G
chr2:42406388:C:T
chr2:42463492:G:T
chr2:42819314:T:C
chr2:42821897:C:T
chr2:43170251:C:T
chr2:43341664:C:T
chr2:43383348:G:A
chr2:43818064:G:C
chr2:43931708:C:T
chr2:43955373:T:G
chr2:44021451:C:T
chr2:44227297:G:T
chr2:44227299:G:T
chr2:44890507:G:A
chr2:45094797:C:G
chr2:45495921:A:T
chr2:45497458:C:T
chr2:45716355:A:T
chr2:45752761:C:G
chr2:45753730:G:A
chr2:45833680:G:C
chr2:45876960:G:A
chr2:45935083:G:A
chr2:46035118:T:A
chr2:46119690:T:C
chr2:46329182:T:A
chr2:46350898:T:C
chr2:46377476:T:C
chr2:46890372:T:C
chr2:47185949:C:T
chr2:47574933:G:A
chr2:47843415:C:T
chr2:48511374:G:A
chr2:48702914:T:C
chr2:48723981:G:A
chr2:48828013:G:T
chr2:48898833:T:C
chr2:49033747:G:A
chr2:49161772:T:A
chr2:49245564:C:T
chr2:49261779:G:A
chr2:49354315:G:A
chr2:49438263:T:C
chr2:49517165:G:C
chr2:49674327:C:T
chr2:49797607:A:T
chr2:49797930:A:C
chr2:49820128:C:A
chr2:49821509:A:G
chr2:49821868:G:A
chr2:49912197:C:G
chr2:49953615:C:T
chr2:49954699:G:T
chr2:49954742:C:T
chr2:50019275:C:A
chr2:50030719:C:G
chr2:50094880:G:A
chr2:50102616:C:A
chr2:50102783:A:C
chr2:50103543:A:C
chr2:50120357:T:G
chr2:50122343:G:C
chr2:50122678:C:T
chr2:50212078:G:T
chr2:50212110:G:A
chr2:50243261:T:C
chr2:50243489:G:T
chr2:50254685:G:C
chr2:50256616:C:T
chr2:50256796:T:G
chr2:50261588:A:T
chr2:50261705:A:G
chr2:50320473:A:C
chr2:50327198:C:T
chr2:50353910:C:G
chr2:50358141:G:T
chr2:50371249:A:G
chr2:50385040:A:T
chr2:50385172:G:A
chr2:50398506:T:A
chr2:50500578:C:A
chr2:50500890:G:T
chr2:50501755:C:G
chr2:50502569:C:T
chr2:50504416:T:G
chr2:50535005:T:G
chr2:50535016:G:A
chr2:50562222:A:C
chr2:50634639:C:G
chr2:50974513:C:G
chr2:51003704:C:T
chr2:51003983:T:C
chr2:51004086:A:G
chr2:51018917:G:A
chr2:51129634:A:C
chr2:51131422:C:T
chr2:51131948:A:T
chr2:51173504:G:A
chr2:51173511:T:G
chr2:51302779:T:A
chr2:51351921:C:T
chr2:51352142:C:T
chr2:51821531:A:G
chr2:51854165:T:C
chr2:51897720:T:C
chr2:51948570:G:A
chr2:51963702:T:G
chr2:51994320:C:A
chr2:52032466:T:C
chr2:52040698:G:C
chr2:52056767:A:C
chr2:52058182:A:C
chr2:52135747:A:G
chr2:52135766:T:C
chr2:52219444:C:A
chr2:52222383:A:G
chr2:52223530:A:G
chr2:52276456:C:T
chr2:52363774:T:A
chr2:52363825:G:A
chr2:52727661:T:A
chr2:52741162:G:A
chr2:52776931:C:T
chr2:52877665:A:G
chr2:52936327:T:C
chr2:53002667:G:A
chr2:53005844:C:A
chr2:53034261:A:T
chr2:53051234:T:C
chr2:53143406:T:G
chr2:53160132:T:C
chr2:53161540:A:C
chr2:53393486:A:C
chr2:53593064:G:T
chr2:53593066:A:G
chr2:53593608:A:G
chr2:53608067:G:C
chr2:54038279:A:G
chr2:54039975:T:C
chr2:54104685:G:T
chr2:54123069:C:A
chr2:54134756:T:A
chr2:54204564:A:T
chr2:54204669:C:T
chr2:54765288:C:T
chr2:54829736:G:A
chr2:54830299:A:T
chr2:54972075:A:C
chr2:54973678:A:T
chr2:54973798:T:G
chr2:54973887:A:G
chr2:54974162:G:A
chr2:55062709:C:T
chr2:55063648:C:G
chr2:55064866:C:A
chr2:55089497:G:T
chr2:55089570:A:C
chr2:55166968:C:T
chr2:55169723:G:T
chr2:55225034:A:C
chr2:55225571:A:G
chr2:55246030:G:C
chr2:55248975:C:T
chr2:55366146:C:T
chr2:55414495:T:C
chr2:55475289:T:C
chr2:55475748:C:T
chr2:55999305:C:G
chr2:56384015:C:T
chr2:56417236:C:T
chr2:57211829:T:C
chr2:57212019:G:T
chr2:58027071:T:C
chr2:58631193:A:C
chr2:58841354:T:C
chr2:58900877:C:T
chr2:58960290:A:T
chr2:60592597:C:T
chr2:60614726:A:G
chr2:60650142:C:T
chr2:60652020:T:C
chr2:60652563:G:A
chr2:60653532:T:C
chr2:60768494:C:G
chr2:60770655:T:A
chr2:60773452:T:A
chr2:60811734:T:A
chr2:60812400:A:G
chr2:61594067:A:G
chr2:61601232:C:A
chr2:61603689:C:T
chr2:61997038:T:A
chr2:61997289:T:C
chr2:63026257:A:G
chr2:63075629:G:A
chr2:63075766:T:C
chr2:63093894:A:C
chr2:63113461:A:C
chr2:63116249:T:A
chr2:63119858:T:A
chr2:63120883:G:A
chr2:63150880:C:G
chr2:63151873:G:T
chr2:63154932:C:A
chr2:63192703:A:T
chr2:63192799:C:T
chr2:63231111:A:C
chr2:63240747:T:C
chr2:63613510:A:G
chr2:63633352:T:C
chr2:63757878:T:A
chr2:64069783:T:A
chr2:64126685:C:G
chr2:64126978:G:A
chr2:64249260:A:T
chr2:64291686:C:T
chr2:64291844:C:A
chr2:64293734:C:G
chr2:64337466:T:C
chr2:64337810:C:T
chr2:64337820:G:T
chr2:64339087:C:T
chr2:64339852:A:T
chr2:64352563:A:G
chr2:64416028:T:C
chr2:64431210:C:G
chr2:64513616:C:T
chr2:64513678:A:T
chr2:64523729:T:A
chr2:64559499:A:G
chr2:64572524:A:C
chr2:64573293:G:A
chr2:64631150:G:A
chr2:64805159:A:C
chr2:64851294:C:T
chr2:64954597:G:C
chr2:64954671:G:C
chr2:65569723:G:A
chr2:65570375:G:A
chr2:65570540:A:C
chr2:65596581:T:G
chr2:65646686:C:T
chr2:65699575:T:G
chr2:65783608:C:A
chr2:65805926:A:C
chr2:65945932:G:A
chr2:65946157:A:T
chr2:65946460:C:T
chr2:66040926:G:A
chr2:66041643:T:C
chr2:66049110:C:T
chr2:66050435:A:G
chr2:66090169:C:A
chr2:66217935:A:C
chr2:66322389:C:G
chr2:66322409:G:T
chr2:66567940:C:T
chr2:66685679:A:G
chr2:66685720:A:T
chr2:66857855:G:T
chr2:66932096:T:G
chr2:66934040:C:T
chr2:66972398:G:A
chr2:67067247:G:A
chr2:67068523:C:G
chr2:67072329:A:T
chr2:67072537:A:T
chr2:67283778:G:A
chr2:67339003:A:T
chr2:67405238:T:A
chr2:67407766:T:A
chr2:67409667:C:T
chr2:67516599:A:G
chr2:67617600:T:A
chr2:67687269:A:G
chr2:67688685:A:C
chr2:67690459:T:C
chr2:67765744:C:G
chr2:67822004:C:A
chr2:67831394:A:C
chr2:67863026:C:A
chr2:67893789:C:A
chr2:67895296:T:A
chr2:68409140:A:G
chr2:68526001:G:A
chr2:68526141:C:T
chr2:68571016:A:G
chr2:68583296:A:C
chr2:68583332:T:C
chr2:68591618:A:C
chr2:68592533:G:A
chr2:68593626:G:T
chr2:68594672:C:G
chr2:68594680:A:T
chr2:68631000:A:G
chr2:68684235:T:C
chr2:68684434:T:A
chr2:69782037:T:C
chr2:70005471:T:C
chr2:70074918:C:G
chr2:70277295:A:C
chr2:71021353:A:G
chr2:71098497:C:T
chr2:71499527:A:G
chr2:71564046:C:A
chr2:71567908:T:A
chr2:72060833:T:A
chr2:72489962:A:T
chr2:72652195:G:A
chr2:72679422:A:G
chr2:72776130:A:G
chr2:73033394:C:G
chr2:73142590:A:T
chr2:73852282:T:A
chr2:73857479:G:T
chr2:73976993:G:C
chr2:74342508:T:C
chr2:74917064:T:A
chr2:75200030:C:A
chr2:75219768:C:A
chr2:75239737:G:C
chr2:75602605:C:A
chr2:75604201:A:T
chr2:75733261:A:T
chr2:75961745:G:A
chr2:76066143:A:G
chr2:76145988:T:C
chr2:76188536:C:T
chr2:76293342:A:G
chr2:76739977:A:T
chr2:76917064:G:A
chr2:77092298:G:C
chr2:77747026:C:T
chr2:77864807:T:A
chr2:78052446:C:T
chr2:78080006:T:C
chr2:78113062:G:C
chr2:78113639:A:G
chr2:78388830:C:G
chr2:78388833:T:C
chr2:78543692:C:T
chr2:78799960:C:A
chr2:79341074:T:C
chr2:79684903:T:C
chr2:79690973:T:C
chr2:79704585:A:G
chr2:79928689:C:T
chr2:79977964:T:C
chr2:80362984:C:A
chr2:80515495:T:C
chr2:80590349:T:C
chr2:80601358:A:G
chr2:80697917:C:T
chr2:81055022:G:A
chr2:81101205:T:C
chr2:81272790:A:G
chr2:81615919:G:A
chr2:81680408:G:A
chr2:81781893:G:A
chr2:81859104:T:A
chr2:81879464:T:C
chr2:82055647:A:G
chr2:82098208:G:C
chr2:82259533:A:G
chr2:82263769:G:A
chr2:82560966:G:A
chr2:82716190:G:A
chr2:82755727:A:G
chr2:82780796:A:T
chr2:82812411:A:G
chr2:82859834:G:T
chr2:82893606:A:G
chr2:82903551:C:A
chr2:82938370:G:A
chr2:83015187:G:C
chr2:83020816:G:C
chr2:83127192:T:A
chr2:83278116:G:A
chr2:83278822:T:C
chr2:83282290:C:G
chr2:83718093:G:A
chr2:83803890:G:A
chr2:83809446:T:G
chr2:83881680:A:G
chr2:83956368:A:G
chr2:83957199:C:T
chr2:83995911:A:T
chr2:83996168:C:A
chr2:83998534:C:G
chr2:84007954:C:T
chr2:84018645:T:C
chr2:84031043:C:T
chr2:84037062:A:C
chr2:84068216:C:A
chr2:84070411:C:A
chr2:84071204:G:C
chr2:84073494:C:T
chr2:84073627:C:G
chr2:84107070:T:C
chr2:84183424:G:A
chr2:84227647:G:A
chr2:84246830:G:A
chr2:84247528:G:A
chr2:84250139:T:C
chr2:84264735:G:A
chr2:84266424:G:C
chr2:84267016:C:T
chr2:84339039:A:T
chr2:84351023:C:T
chr2:84352354:A:T
chr2:84391961:T:C
chr2:84401473:A:C
chr2:84447846:G:A
chr2:84451848:C:T
chr2:84452689:T:C
chr2:84458201:C:T
chr2:84490504:A:C
chr2:84502916:C:T
chr2:84503002:A:G
chr2:84568140:T:A
chr2:84568252:G:A
chr2:84570174:C:T
chr2:84576349:T:C
chr2:84576567:C:T
chr2:84581647:A:G
chr2:84587345:C:G
chr2:84618317:G:A
chr2:84682432:G:A
chr2:84735734:A:G
chr2:84738273:C:T
chr2:84776089:T:G
chr2:84781978:A:C
chr2:84818085:A:G
chr2:84818156:T:C
chr2:84818579:A:G
chr2:84844931:C:T
chr2:84846914:C:T
chr2:84847772:T:C
chr2:84853975:C:G
chr2:84878595:G:A
chr2:84879143:T:A
chr2:84884831:G:T
chr2:84903074:A:G
chr2:84903184:A:G
chr2:84914024:T:A
chr2:84924496:T:G
chr2:84931122:G:C
chr2:84942138:C:T
chr2:84958722:G:C
chr2:84975946:A:T
chr2:85093636:G:A
chr2:85135319:T:C
chr2:85137508:C:A
chr2:85208246:G:T
chr2:85239650:A:T
chr2:85240507:T:C
chr2:85291780:T:G
chr2:85301182:G:C
chr2:85305782:C:G
chr2:85312106:C:T
chr2:85326114:G:A
chr2:85353987:C:A
chr2:85354530:G:A
chr2:85360624:T:A
chr2:85375190:T:C
chr2:85399509:C:A
chr2:85399562:C:A
chr2:85420528:C:A
chr2:85431545:T:A
chr2:85433285:C:T
chr2:85434334:C:T
chr2:85438177:T:A
chr2:85556910:T:C
chr2:85559867:A:C
chr2:85560402:T:C
chr2:85649316:C:T
chr2:85655686:A:G
chr2:85656049:G:T
chr2:85669449:T:A
chr2:85669518:A:T
chr2:85693141:A:G
chr2:85696692:G:A
chr2:85714551:T:G
chr2:85715782:T:G
chr2:85716622:A:G
chr2:85718420:A:T
chr2:85723338:A:C
chr2:85725522:G:A
chr2:85731362:A:G
chr2:85773078:T:C
chr2:85775049:T:A
chr2:85936067:A:C
chr2:85953706:T:A
chr2:85988786:T:C
chr2:86057955:C:T
chr2:86108227:C:A
chr2:86121294:T:C
chr2:86127232:A:T
chr2:86201324:A:T
chr2:86223266:A:T
chr2:86225091:C:T
chr2:86226572:G:A
chr2:86361861:G:T
chr2:86432228:A:T
chr2:86694040:G:A
chr2:86811006:G:A
chr2:86811340:A:T
chr2:86888080:A:T
chr2:86901265:G:A
chr2:86901321:G:A
chr2:86906656:G:A
chr2:86944888:G:A
chr2:86949559:T:C
chr2:86950286:C:A
chr2:86952480:A:C
chr2:87021013:T:C
chr2:87021815:T:C
chr2:87066186:C:A
chr2:87070637:T:C
chr2:87140265:T:A
chr2:87180445:A:G
chr2:87185612:T:A
chr2:87185760:G:A
chr2:87402032:C:T
chr2:87402083:C:T
chr2:87402970:T:G
chr2:87423290:T:A
chr2:87423835:A:G
chr2:87440218:A:G
chr2:87464531:G:C
chr2:87464699:A:C
chr2:87467413:A:C
chr2:87510880:A:T
chr2:87787785:C:A
chr2:87790066:G:A
chr2:88041502:T:A
chr2:88043362:A:C
chr2:88044370:T:C
chr2:88092047:A:T
chr2:88092788:T:G
chr2:88115919:C:T
chr2:88175774:T:C
chr2:88181424:C:A
chr2:88379536:G:A
chr2:88478638:A:G
chr2:88482804:A:G
chr2:88667884:C:G
chr2:88771811:T:A
chr2:88772919:G:A
chr2:88844309:C:T
chr2:88844447:C:A
chr2:88862823:A:C
chr2:88942976:A:C
chr2:88943881:G:T
chr2:89038553:A:G
chr2:89046893:C:T
chr2:89050484:A:G
chr2:89494445:G:A
chr2:89570455:A:C
chr2:89570603:T:C
chr2:89573375:A:C
chr2:89574456:C:A
chr2:89613748:T:C
chr2:89613943:G:T
chr2:89629560:A:G
chr2:89647149:G:A
chr2:89647163:G:T
chr2:89739217:A:T
chr2:89748125:A:T
chr2:89764060:A:C
chr2:89765894:A:G
chr2:89766646:T:C
chr2:89767025:G:A
chr2:89768305:A:G
chr2:89792547:G:A
chr2:89793957:T:G
chr2:89805868:A:C
chr2:89813479:G:A
chr2:89814376:G:T
chr2:89816572:T:C
chr2:89910083:C:G
chr2:90202866:A:G
chr2:90203690:A:G
chr2:90278430:T:C
chr2:90300488:A:G
chr2:90300886:A:C
chr2:90442660:C:T
chr2:90476094:T:A
chr2:90479878:G:A
chr2:90518676:C:G
chr2:90518857:T:A
chr2:90524953:T:C
chr2:90610085:G:A
chr2:90694423:G:A
chr2:90694532:C:T
chr2:90694814:T:C
chr2:90742556:T:C
chr2:90831777:C:T
chr2:90861545:G:A
chr2:90939295:A:G
chr2:90942358:T:G
chr2:90958925:T:A
chr2:90959140:C:T
chr2:90981059:T:G
chr2:90982034:A:C
chr2:90982372:T:A
chr2:91124414:A:G
chr2:91138852:C:A
chr2:91145221:T:C
chr2:91211571:C:A
chr2:91254406:G:A
chr2:91254452:T:C
chr2:93177616:G:T
chr2:93180421:C:A
chr2:93181030:T:C
chr2:93182079:G:C
chr2:93262522:T:A
chr2:93293633:T:A
chr2:93293866:A:G
chr2:93296537:A:C
chr2:93308301:A:C
chr2:93308487:T:G
chr2:93308602:A:T
chr2:93338074:A:G
chr2:93340579:A:G
chr2:93344582:G:C
chr2:93345558:A:T
chr2:93348143:C:T
chr2:93386461:T:G
chr2:93398208:C:T
chr2:93450380:G:A
chr2:93492956:A:G
chr2:93500522:C:G
chr2:93500908:T:C
chr2:93501836:A:G
chr2:93503789:G:A
chr2:93504948:T:C
chr2:93505157:C:T
chr2:93536754:A:G
chr2:93587538:T:G
chr2:93588888:T:C
chr2:93596556:T:G
chr2:93602469:A:C
chr2:93778761:C:T
chr2:93779623:T:A
chr2:93796303:C:T
chr2:93840823:A:G
chr2:93886983:C:T
chr2:94031405:G:T
chr2:94031465:C:A
chr2:94142085:C:T
chr2:94175798:C:T
chr2:94327810:T:C
chr2:94599741:A:G
chr2:94637386:C:A
chr2:94667088:C:T
chr2:94671306:C:G
chr2:94779159:G:A
chr2:94779603:A:G
chr2:94779819:T:C
chr2:94782975:G:A
chr2:94783592:T:C
chr2:94783858:T:G
chr2:94784653:G:T
chr2:94804515:C:T
chr2:94805724:A:G
chr2:94806970:A:G
chr2:94837370:T:C
chr2:94837393:T:C
chr2:94838758:T:C
chr2:94849694:T:A
chr2:94853782:G:T
chr2:94854149:T:G
chr2:94925993:G:C
chr2:94925994:A:T
chr2:94988408:T:A
chr2:95005579:G:C
chr2:95063881:A:G
chr2:95088752:A:G
chr2:95299621:C:T
chr2:95336613:A:G
chr2:95435835:G:T
chr2:95483647:A:G
chr2:95504147:C:A
chr2:95669606:G:A
chr2:95716734:C:G
chr2:95716897:C:T
chr2:95716962:G:A
chr2:95722249:G:T
chr2:95722780:G:T
chr2:95749306:T:G
chr2:95766294:C:A
chr2:95766429:A:C
chr2:95810370:A:C
chr2:95875444:A:G
chr2:95875459:A:T
chr2:95890184:G:A
chr2:95919727:G:T
chr2:96089214:T:G
chr2:96142605:G:A
chr2:96142677:G:T
chr2:96207659:G:A
chr2:96362398:T:C
chr2:96362482:T:G
chr2:96438105:G:T
chr2:96464048:T:G
chr2:96464236:T:C
chr2:96639018:G:A
chr2:96766543:G:C
chr2:96767032:A:G
chr2:97046244:A:T
chr2:97074202:T:G
chr2:97074349:T:C
chr2:97186056:A:G
chr2:97282488:G:A
chr2:97300382:T:G
chr2:97300794:T:C
chr2:97459139:A:C
chr2:97462011:C:T
chr2:97462833:T:C
chr2:97483942:C:T
chr2:97485570:C:T
chr2:97492273:G:A
chr2:97571418:G:C
chr2:97603922:G:A
chr2:97603995:G:A
chr2:97604194:G:T
chr2:97605875:A:T
chr2:97826776:G:C
chr2:97867030:C:G
chr2:97892285:C:A
chr2:97892555:G:C
chr2:97893238:A:C
chr2:97970477:T:C
chr2:97970835:A:T
chr2:97971882:C:T
chr2:98001826:T:A
chr2:98053904:A:C
chr2:98175303:A:G
chr2:98217744:A:C
chr2:98272428:T:C
chr2:98459532:T:A
chr2:98480373:T:A
chr2:98634186:A:G
chr2:98660373:C:A
chr2:98661413:C:T
chr2:98661744:A:G
chr2:98663213:A:G
chr2:98740542:T:G
chr2:98741869:C:A
chr2:98824476:G:A
chr2:98862509:G:C
chr2:98911064:T:C
chr2:99213468:T:G
chr2:99266953:T:G
chr2:99328763:C:G
chr2:99328866:G:C
chr2:99437725:C:G
chr2:99437875:T:A
chr2:99437935:A:G
chr2:99438128:A:C
chr2:99440308:T:C
chr2:99442424:T:G
chr2:99528051:A:C
chr2:99529321:A:C
chr2:99529420:T:G
chr2:99545405:A:G
chr2:99545435:G:T
chr2:99557298:T:C
chr2:99653401:G:C
chr2:99653586:A:T
chr2:100060819:T:C
chr2:100063761:T:C
chr2:100071953:C:A
chr2:100220878:T:C
chr2:100242219:T:G
chr2:100309124:G:A
chr2:100311074:T:G
chr2:100355946:C:T
chr2:100374894:C:T
chr2:100748566:A:T
chr2:100748609:C:T
chr2:100834618:T:C
chr2:100944413:G:A
chr2:100944948:A:G
chr2:100948328:G:T
chr2:100952941:A:T
chr2:100953413:G:A
chr2:101022935:C:A
chr2:101026303:C:T
chr2:101203764:C:G
chr2:101212471:G:A
chr2:101214613:T:G
chr2:101325861:C:G
chr2:101328652:C:A
chr2:101393340:T:C
chr2:101393502:G:C
chr2:101453950:A:T
chr2:101455567:T:A
chr2:101456430:T:C
chr2:101542112:C:A
chr2:101616994:T:C
chr2:101715867:T:A
chr2:101856937:T:A
chr2:101857019:T:A
chr2:101881488:G:C
chr2:101883124:T:C
chr2:101939700:G:A
chr2:101940188:T:C
chr2:101945599:T:G
chr2:102008508:G:A
chr2:102028035:A:G
chr2:102030458:C:T
chr2:102050776:A:C
chr2:102050999:C:A
chr2:102062576:T:C
chr2:102265535:A:T
chr2:102266050:C:A
chr2:102267707:C:T
chr2:102270148:T:C
chr2:102333788:C:G
chr2:102374379:C:T
chr2:102378806:A:T
chr2:102421848:G:T
chr2:102426241:A:T
chr2:102494215:C:G
chr2:102494278:G:C
chr2:102494647:C:T
chr2:102555778:A:G
chr2:102624583:T:C
chr2:102625992:C:A
chr2:102832349:G:A
chr2:102833775:T:C
chr2:102858426:A:G
chr2:102859587:T:C
chr2:102862066:G:A
chr2:102965399:C:T
chr2:103170974:A:C
chr2:103172104:G:C
chr2:103275452:G:C
chr2:103277866:G:A
chr2:103367361:T:G
chr2:103370069:G:A
chr2:103371962:T:C
chr2:103373534:A:C
chr2:103374337:G:A
chr2:103376612:T:C
chr2:103421653:A:G
chr2:103449386:C:G
chr2:103449387:G:A
chr2:103450250:T:C
chr2:104121164:G:T
chr2:104175400:C:A
chr2:104184757:A:G
chr2:104300108:A:G
chr2:104328832:A:G
chr2:104343422:T:A
chr2:104444209:A:C
chr2:104462690:G:A
chr2:104463116:C:A
chr2:104474235:T:C
chr2:104474456:G:A
chr2:104490704:A:T
chr2:104491164:A:T
chr2:104493304:T:G
chr2:104579207:G:C
chr2:104970262:G:A
chr2:104970413:G:A
chr2:104988281:G:A
chr2:105045878:A:G
chr2:105045948:G:T
chr2:105046260:A:T
chr2:105051161:G:A
chr2:105057076:G:T
chr2:105057980:C:T
chr2:105059297:G:A
chr2:105074133:A:T
chr2:105074171:A:G
chr2:105101922:C:T
chr2:105135738:G:T
chr2:105139133:T:A
chr2:105155354:G:A
chr2:105156592:C:G
chr2:105236873:C:G
chr2:105430937:T:A
chr2:105432510:A:G
chr2:105436449:G:C
chr2:105546333:A:G
chr2:105546679:C:T
chr2:105547420:C:T
chr2:105547505:G:T
chr2:105550865:T:A
chr2:105659070:C:A
chr2:105660813:A:C
chr2:105697853:A:G
chr2:106211639:A:T
chr2:106276963:C:T
chr2:106338213:G:C
chr2:106340049:C:T
chr2:106448622:T:A
chr2:106449077:C:T
chr2:106483341:C:T
chr2:106539858:T:G
chr2:106580422:T:C
chr2:106624671:G:T
chr2:106677813:A:T
chr2:106699575:C:T
chr2:106728844:T:G
chr2:106757396:T:G
chr2:107461599:G:C
chr2:107495158:C:A
chr2:107510051:T:C
chr2:107789538:C:G
chr2:108022368:C:T
chr2:108234655:C:T
chr2:108317328:G:T
chr2:108317332:G:T
chr2:109681214:T:A
chr2:109726637:G:A
chr2:109728433:T:C
chr2:109915904:T:A
chr2:109928548:A:C
chr2:109928559:T:G
chr2:109929582:C:T
chr2:110158228:G:A
chr2:110161072:T:G
chr2:110366210:C:T
chr2:110411198:G:A
chr2:110476173:C:A
chr2:110735386:T:C
chr2:110918192:G:A
chr2:111035391:T:G
chr2:111038783:A:G
chr2:111060064:T:C
chr2:111138178:A:G
chr2:111138652:A:G
chr2:111300879:T:C
chr2:111351881:G:A
chr2:111352877:A:C
chr2:111466175:C:A
chr2:111493874:C:T
chr2:111542524:T:G
chr2:111610856:G:A
chr2:111689336:C:G
chr2:111691195:T:C
chr2:111897558:C:G
chr2:111938614:C:T
chr2:111953496:G:A
chr2:111998000:G:C
chr2:112032084:G:T
chr2:112032714:A:C
chr2:112298536:A:G
chr2:112298673:A:C
chr2:112556159:T:C
chr2:112642601:T:C
chr2:112655181:T:G
chr2:113268248:T:G
chr2:113282497:T:G
chr2:113474106:A:G
chr2:113482226:C:A
chr2:113598236:A:T
chr2:113808057:A:C
chr2:114520703:C:T
chr2:114558969:C:T
chr2:114625957:A:T
chr2:115139758:A:G
chr2:115139801:C:G
chr2:115140121:T:C
chr2:116104134:C:T
chr2:116182523:A:T
chr2:116191831:T:G
chr2:116193023:C:A
chr2:116443842:A:C
chr2:116476987:T:C
chr2:116493743:C:T
chr2:116500181:A:C
chr2:116507681:A:C
chr2:116558668:G:A
chr2:116560429:C:A
chr2:116586671:C:T
chr2:116592865:T:A
chr2:116593000:T:C
chr2:116627790:C:G
chr2:116627816:A:T
chr2:116633222:C:T
chr2:116730016:T:C
chr2:116741562:G:C
chr2:116799025:G:T
chr2:116831882:A:G
chr2:116853286:A:G
chr2:116969929:G:A
chr2:117005518:T:C
chr2:117006925:A:T
chr2:117006956:C:T
chr2:117008022:T:C
chr2:117112919:A:G
chr2:117888733:T:A
chr2:118316736:G:A
chr2:118385319:G:A
chr2:118464492:A:G
chr2:118545064:T:C
chr2:118551330:T:C
chr2:118553422:G:A
chr2:118746490:T:C
chr2:119075489:G:A
chr2:119178086:C:T
chr2:119218031:A:G
chr2:119257369:G:T
chr2:119324272:A:T
chr2:119770777:G:A
chr2:119975109:G:A
chr2:120296976:C:A
chr2:121224883:T:A
chr2:121328464:T:C
chr2:121600914:C:G
chr2:122178895:T:A
chr2:122180593:G:A
chr2:122230011:T:C
chr2:122353848:C:G
chr2:122469777:T:C
chr2:122470380:C:A
chr2:122484815:A:C
chr2:122485067:G:A
chr2:122524393:C:T
chr2:122524761:G:C
chr2:122582389:C:T
chr2:122664193:G:T
chr2:122664399:T:C
chr2:122664643:T:G
chr2:122667790:C:G
chr2:122671073:C:A
chr2:122682200:A:G
chr2:122684784:C:A
chr2:122706576:A:G
chr2:122841042:A:C
chr2:122846288:G:A
chr2:122965455:A:G
chr2:123044329:T:C
chr2:123082589:C:T
chr2:123134098:G:C
chr2:123183647:C:G
chr2:123184005:G:A
chr2:123184290:A:G
chr2:123250502:C:G
chr2:123418356:G:A
chr2:123419225:G:A
chr2:123451170:A:G
chr2:123453786:A:C
chr2:123460304:A:G
chr2:123489644:A:C
chr2:123533649:T:G
chr2:123572309:G:T
chr2:123729198:T:C
chr2:123843999:A:T
chr2:123844081:T:C
chr2:123851222:A:G
chr2:123969635:C:T
chr2:124014508:A:G
chr2:124721116:T:C
chr2:124749098:T:C
chr2:124749908:G:T
chr2:124899122:G:C
chr2:124909418:T:C
chr2:124911229:C:A
chr2:125531758:T:A
chr2:125740867:G:A
chr2:125743350:T:C
chr2:125744920:A:C
chr2:125805643:T:A
chr2:125859532:C:G
chr2:125861321:C:A
chr2:126819878:T:C
chr2:127333579:C:T
chr2:128035392:T:A
chr2:128706267:C:T
chr2:128777485:C:A
chr2:129218853:T:C
chr2:129321405:A:C
chr2:129622830:T:A
chr2:129629621:T:G
chr2:129670692:G:T
chr2:129905385:G:A
chr2:129905392:A:G
chr2:129943698:T:C
chr2:129995098:C:A
chr2:130231696:T:C
chr2:130886438:A:G
chr2:131097908:G:A
chr2:131336973:G:C
chr2:131481563:G:A
chr2:131603522:A:G
chr2:131848049:C:T
chr2:132078338:C:G
chr2:132080462:C:A
chr2:132122600:A:G
chr2:132179966:A:T
chr2:132180050:A:T
chr2:132537054:A:C
chr2:132538260:A:G
chr2:132538351:A:T
chr2:132648546:T:G
chr2:132653386:A:T
chr2:132655203:G:A
chr2:132656730:T:C
chr2:132659424:A:C
chr2:132665522:A:C
chr2:132897761:C:A
chr2:133113919:A:G
chr2:133124226:G:T
chr2:133157603:A:G
chr2:133161707:C:T
chr2:133164901:C:G
chr2:133215280:C:T
chr2:133247161:G:A
chr2:133538324:T:C
chr2:133550984:T:C
chr2:133555774:T:A
chr2:133561806:C:A
chr2:133584309:C:A
chr2:133594025:A:T
chr2:133616818:C:A
chr2:133657853:A:T
chr2:133664573:A:C
chr2:133682192:C:T
chr2:133725509:T:C
chr2:133733461:G:C
chr2:133810098:G:A
chr2:133877535:A:G
chr2:133878323:A:C
chr2:134015190:G:T
chr2:134106606:A:G
chr2:134285576:T:C
chr2:134597357:G:A
chr2:134597719:A:T
chr2:134706987:T:C
chr2:134728080:T:C
chr2:134728256:C:G
chr2:134816267:T:C
chr2:134896334:A:G
chr2:135006856:C:T
chr2:135006982:G:T
chr2:135834689:C:T
chr2:135977334:G:T
chr2:135979067:G:A
chr2:136210887:T:C
chr2:136495029:G:C
chr2:136525021:G:A
chr2:136642160:A:T
chr2:136889683:C:A
chr2:136894676:A:G
chr2:137051842:C:G
chr2:137464341:A:G
chr2:137464506:G:C
chr2:137508532:A:G
chr2:137588347:G:A
chr2:137625718:T:C
chr2:137662981:C:T
chr2:137671920:A:G
chr2:137754586:T:A
chr2:137810923:C:T
chr2:137812723:C:T
chr2:137936686:G:C
chr2:137962414:C:T
chr2:138033925:T:G
chr2:138033972:G:A
chr2:138035994:G:T
chr2:138036033:C:T
chr2:138036702:G:T
chr2:138082626:A:T
chr2:138160435:C:T
chr2:138162727:T:G
chr2:138277685:A:G
chr2:138281018:G:A
chr2:138290734:T:C
chr2:138485712:A:G
chr2:138584797:T:C
chr2:138876609:C:G
chr2:139042388:A:T
chr2:139054283:C:T
chr2:139085182:T:C
chr2:139177934:A:G
chr2:139234275:C:G
chr2:140031036:G:C
chr2:140077308:G:A
chr2:140269238:C:T
chr2:140290086:A:T
chr2:140394175:T:G
chr2:140411673:G:A
chr2:141050999:C:T
chr2:141383245:A:G
chr2:141397040:A:T
chr2:141402494:G:T
chr2:141418550:A:T
chr2:141473896:A:C
chr2:141497481:G:T
chr2:141647136:A:G
chr2:141978473:G:C
chr2:141978751:C:T
chr2:142189463:G:A
chr2:142311039:C:A
chr2:143498098:C:G
chr2:144070856:A:T
chr2:144073978:C:G
chr2:144086145:C:T
chr2:144087603:G:T
chr2:144167916:C:A
chr2:144176046:T:G
chr2:144381276:A:C
chr2:144382143:C:G
chr2:144393729:G:A
chr2:144613706:A:G
chr2:145034566:C:A
chr2:145068590:T:C
chr2:145273799:C:G
chr2:145334508:T:C
chr2:145630102:G:T
chr2:145660094:T:G
chr2:145687863:G:A
chr2:145829611:G:A
chr2:145860494:G:C
chr2:146171889:G:A
chr2:146373152:C:T
chr2:146373541:C:G
chr2:146477477:G:T
chr2:146848598:T:C
chr2:147144461:T:A
chr2:147199887:A:C
chr2:147424409:C:A
chr2:147454312:T:C
chr2:147457046:A:G
chr2:147483496:C:T
chr2:147483581:C:T
chr2:147487532:A:G
chr2:147554926:A:C
chr2:147560304:C:A
chr2:147861610:G:A
chr2:147871942:A:G
chr2:147891884:G:C
chr2:147896363:C:T
chr2:148043474:T:G
chr2:148218260:A:G
chr2:148219007:G:C
chr2:148223930:T:C
chr2:148256223:C:A
chr2:148257725:G:A
chr2:148257798:A:T
chr2:148282759:C:T
chr2:148283357:A:G
chr2:148286479:A:G
chr2:148288083:T:C
chr2:148392207:A:G
chr2:148405813:G:A
chr2:148499229:C:G
chr2:148505658:C:T
chr2:148509304:G:C
chr2:148561112:G:C
chr2:148561507:C:G
chr2:148566837:A:G
chr2:148639131:G:A
chr2:148651845:A:C
chr2:148753935:A:C
chr2:148832893:A:T
chr2:148833355:A:G
chr2:148891775:T:C
chr2:148893374:G:A
chr2:148964144:C:G
chr2:148964503:C:T
chr2:148968718:C:G
chr2:149020208:A:C
chr2:149025966:G:A
chr2:149108665:C:T
chr2:149277088:T:G
chr2:149277249:C:G
chr2:149389368:T:C
chr2:149547903:T:G
chr2:149701378:A:G
chr2:149969678:G:A
chr2:149969903:G:T
chr2:150051905:A:G
chr2:150108372:C:T
chr2:150309571:G:A
chr2:150546908:C:T
chr2:150546963:G:T
chr2:150714911:G:A
chr2:150715131:A:T
chr2:150715155:C:A
chr2:150724529:T:G
chr2:150792749:C:T
chr2:150815044:C:A
chr2:150933916:T:C
chr2:151025397:G:T
chr2:151073947:A:G
chr2:151480702:T:A
chr2:151517753:C:G
chr2:151895272:A:C
chr2:151901463:G:T
chr2:151928193:C:G
chr2:151997287:T:C
chr2:152068592:G:A
chr2:152381124:G:A
chr2:152747126:A:C
chr2:152918678:G:A
chr2:153111915:A:T
chr2:153889264:C:G
chr2:153894899:C:T
chr2:153906530:C:G
chr2:153977804:A:G
chr2:154174539:A:C
chr2:154256470:T:G
chr2:154259272:C:T
chr2:154277485:G:T
chr2:154518837:G:A
chr2:154551774:G:C
chr2:154784349:A:C
chr2:154799065:T:C
chr2:154831726:A:G
chr2:154832774:C:G
chr2:154834336:T:G
chr2:154837033:C:G
chr2:154837097:C:G
chr2:154838971:G:C
chr2:154913619:A:G
chr2:154913726:T:C
chr2:154937826:A:G
chr2:154938340:C:T
chr2:154998622:C:T
chr2:154999741:T:A
chr2:155538275:C:G
chr2:155538901:T:C
chr2:156180414:G:T
chr2:156421571:G:T
chr2:156586001:A:G
chr2:156593843:C:A
chr2:156733528:C:T
chr2:156754072:G:A
chr2:156762443:T:G
chr2:156845976:C:T
chr2:156846869:G:A
chr2:156850084:C:T
chr2:156987911:C:T
chr2:157069557:C:T
chr2:157069737:T:A
chr2:157651625:C:T
chr2:157799426:A:T
chr2:157921497:A:G
chr2:157936161:C:T
chr2:158100716:C:A
chr2:158149308:A:T
chr2:159023811:T:C
chr2:159323507:C:A
chr2:159369728:A:C
chr2:159407749:T:A
chr2:159442611:C:T
chr2:160023192:A:G
chr2:160084403:G:A
chr2:160084632:C:A
chr2:160085062:T:C
chr2:160090585:T:C
chr2:160115462:C:T
chr2:160143907:G:A
chr2:160146007:G:A
chr2:160206741:C:A
chr2:160207761:C:T
chr2:160208877:T:G
chr2:160260798:T:A
chr2:160586211:T:C
chr2:161221305:C:T
chr2:161274152:G:A
chr2:161274352:T:A
chr2:161276372:G:A
chr2:161278177:C:T
chr2:161436806:T:G
chr2:162478917:T:G
chr2:162479726:A:C
chr2:162492109:T:C
chr2:162553079:T:A
chr2:162560407:T:C
chr2:162563471:G:T
chr2:162635487:C:T
chr2:162638381:C:A
chr2:162667058:G:T
chr2:162668235:A:T
chr2:162676784:G:C
chr2:163061152:T:G
chr2:163124485:A:C
chr2:163328693:C:T
chr2:163661074:T:G
chr2:163661186:A:T
chr2:163790368:G:T
chr2:163792174:A:T
chr2:163956516:C:T
chr2:164074675:G:C
chr2:165997633:C:G
chr2:166104590:C:G
chr2:166227282:A:G
chr2:166755689:T:C
chr2:167877453:C:A
chr2:168181207:T:G
chr2:168535240:A:G
chr2:168563404:G:T
chr2:168926822:A:T
chr2:169037123:A:G
chr2:169066097:C:T
chr2:169125211:T:G
chr2:169168589:C:A
chr2:169603956:G:C
chr2:169742740:A:G
chr2:170113278:G:C
chr2:170498128:T:C
chr2:170589019:C:G
chr2:170664339:G:C
chr2:171198287:T:C
chr2:171358162:G:A
chr2:171376973:C:T
chr2:171545369:A:G
chr2:171549265:C:A
chr2:171551854:C:A
chr2:171907428:C:T
chr2:172089979:T:C
chr2:172423664:G:A
chr2:172848354:G:T
chr2:173416181:G:T
chr2:173532418:A:G
chr2:174523738:A:T
chr2:174618384:T:C
chr2:175226941:T:C
chr2:175408758:T:C
chr2:177882132:G:A
chr2:177964532:G:A
chr2:178107090:A:G
chr2:178178291:T:C
chr2:178205238:A:C
chr2:178207691:G:C
chr2:178208535:G:T
chr2:178328978:A:C
chr2:178721284:C:T
chr2:178850730:T:C
chr2:178851417:T:C
chr2:178854762:G:A
chr2:178857414:C:G
chr2:179063551:A:G
chr2:179406779:A:G
chr2:179407862:T:C
chr2:179430619:A:T
chr2:179551053:A:G
chr2:179567252:C:T
chr2:179617031:G:A
chr2:179655890:A:G
chr2:179992042:T:A
chr2:179995843:G:A
chr2:179998173:A:G
chr2:180122436:C:A
chr2:180190969:T:A
chr2:180243095:T:G
chr2:180269452:T:G
chr2:180272302:G:A
chr2:180301516:A:C
chr2:180307361:G:A
chr2:180334237:T:C
chr2:180348670:T:G
chr2:180366160:A:G
chr2:180378568:G:T
chr2:180409994:C:A
chr2:180417952:G:T
chr2:180454953:T:C
chr2:180457517:C:T
chr2:180458783:A:T
chr2:180460549:A:C
chr2:180474239:T:C
chr2:180503560:G:T
chr2:180566868:A:T
chr2:180580455:C:G
chr2:180580607:T:C
chr2:180873057:A:C
chr2:180907777:A:C
chr2:180912382:A:T
chr2:180947316:A:G
chr2:180970083:T:G
chr2:181084306:A:T
chr2:181102940:C:G
chr2:181103505:A:C
chr2:181115043:C:G
chr2:181119219:A:C
chr2:181135715:C:A
chr2:181161963:G:A
chr2:181162494:C:G
chr2:181218954:C:A
chr2:181222028:C:A
chr2:181335073:C:T
chr2:181341403:T:C
chr2:181343322:T:A
chr2:181344863:G:A
chr2:181344975:T:C
chr2:181366176:C:T
chr2:181478515:C:G
chr2:181506777:C:T
chr2:181515091:G:A
chr2:181649246:A:C
chr2:181718593:C:T
chr2:181718792:G:T
chr2:181725539:A:C
chr2:181738425:C:A
chr2:181757917:A:C
chr2:181767264:T:G
chr2:181784846:G:C
chr2:181803460:C:A
chr2:181803483:C:T
chr2:181814832:C:T
chr2:181887529:A:G
chr2:181887532:A:T
chr2:181960028:T:C
chr2:182884540:A:C
chr2:183019264:A:T
chr2:183548356:G:A
chr2:183919333:C:T
chr2:184366332:G:T
chr2:185107761:A:G
chr2:185135315:G:A
chr2:185191911:A:C
chr2:185279005:T:C
chr2:185573422:G:C
chr2:185801633:T:C
chr2:185963531:C:A
chr2:186329364:C:T
chr2:186369838:A:G
chr2:186370046:A:G
chr2:186376419:C:G
chr2:186396226:G:A
chr2:186439781:C:T
chr2:186607328:A:C
chr2:186621649:T:C
chr2:186649347:C:G
chr2:186735403:T:G
chr2:186760818:T:C
chr2:186761041:G:C
chr2:186762873:A:G
chr2:186897312:A:G
chr2:186898661:G:A
chr2:187014320:C:A
chr2:187092131:C:G
chr2:187282659:A:C
chr2:187282883:A:T
chr2:187284823:A:G
chr2:187355565:C:A
chr2:187472064:G:A
chr2:187475329:T:C
chr2:187475467:A:G
chr2:187475725:T:A
chr2:187616934:A:C
chr2:187623072:G:A
chr2:187623281:C:T
chr2:187628468:T:C
chr2:187703276:T:G
chr2:187730686:C:G
chr2:187731059:C:T
chr2:187814678:C:T
chr2:188008684:G:A
chr2:188009050:G:A
chr2:188009407:A:T
chr2:188166007:G:A
chr2:188166229:G:A
chr2:188166738:G:C
chr2:188167051:G:A
chr2:188186437:A:G
chr2:188186547:G:T
chr2:188627026:G:C
chr2:188636329:T:C
chr2:189198851:T:G
chr2:189265281:C:G
chr2:189314063:C:T
chr2:189555496:G:T
chr2:189713223:T:C
chr2:189769413:T:G
chr2:189857524:C:T
chr2:189867291:A:G
chr2:190010239:A:G
chr2:190012565:G:A
chr2:190013852:T:C
chr2:190033045:T:A
chr2:190166930:C:G
chr2:190254697:T:C
chr2:190254863:G:C
chr2:190340406:T:A
chr2:190362450:A:G
chr2:190362495:A:C
chr2:190362769:T:C
chr2:190375515:A:T
chr2:190405884:A:G
chr2:190529313:G:T
chr2:190529730:A:G
chr2:190728455:A:T
chr2:190866188:C:G
chr2:190869460:C:T
chr2:191832071:A:C
chr2:191832593:G:A
chr2:192290614:A:G
chr2:192900369:C:T
chr2:193660055:T:A
chr2:193681499:G:T
chr2:193746015:T:G
chr2:193750111:C:T
chr2:193750232:A:T
chr2:193753324:C:T
chr2:193753638:G:T
chr2:193809047:G:C
chr2:193836511:C:A
chr2:193880107:G:A
chr2:193942055:T:A
chr2:193943789:A:T
chr2:193945766:A:T
chr2:194062218:A:G
chr2:194074927:G:T
chr2:194134456:T:G
chr2:194552689:A:T
chr2:194602405:C:G
chr2:195265586:T:A
chr2:197444340:C:A
chr2:197553918:A:T
chr2:197554094:A:C
chr2:197565113:T:C
chr2:197565235:C:A
chr2:197654949:C:T
chr2:197741218:T:C
chr2:197741266:C:G
chr2:198633474:C:T
chr2:198685808:C:G
chr2:198686810:C:A
chr2:198829397:A:C
chr2:198831986:T:C
chr2:198832508:T:C
chr2:199033688:T:C
chr2:199033910:T:G
chr2:199035223:T:C
chr2:199035796:T:A
chr2:199189352:A:G
chr2:199189709:A:C
chr2:199233618:C:T
chr2:199233634:C:T
chr2:199238965:T:C
chr2:199283956:A:T
chr2:199283969:A:T
chr2:199284974:G:A
chr2:199361757:A:G
chr2:199364261:T:G
chr2:199365242:T:G
chr2:199469263:G:T
chr2:199469292:A:G
chr2:199469441:G:C
chr2:199470614:G:T
chr2:199470860:G:A
chr2:199503743:T:A
chr2:199586431:G:A
chr2:199586558:A:T
chr2:199638544:C:T
chr2:199642945:G:A
chr2:199656958:G:A
chr2:199778674:T:G
chr2:199848895:A:T
chr2:199857246:T:C
chr2:200430332:T:C
chr2:200504689:A:G
chr2:200732300:C:A
chr2:200732459:A:G
chr2:200734029:G:T
chr2:200735626:T:G
chr2:200736279:C:A
chr2:200758067:C:T
chr2:200838539:A:C
chr2:200838838:G:A
chr2:200866369:G:A
chr2:200926036:A:G
chr2:200926091:G:A
chr2:200929263:A:G
chr2:201009649:C:T
chr2:201009776:A:G
chr2:201207773:C:G
chr2:201281398:A:T
chr2:201282663:A:T
chr2:201667581:C:T
chr2:201751467:C:G
chr2:201812466:G:A
chr2:202014508:T:A
chr2:202127811:C:T
chr2:202137965:A:G
chr2:202314551:C:T
chr2:202452388:G:T
chr2:202452462:G:A
chr2:202556585:C:A
chr2:202624332:C:T
chr2:202626316:C:T
chr2:202672561:G:A
chr2:202779177:G:C
chr2:202797689:G:T
chr2:202914666:T:G
chr2:202989697:G:C
chr2:203010347:T:A
chr2:203014630:A:C
chr2:203070453:T:G
chr2:203070457:G:C
chr2:203086780:G:A
chr2:203088977:A:G
chr2:203089191:T:C
chr2:203092437:A:G
chr2:203187848:T:C
chr2:203218332:T:G
chr2:203276455:G:T
chr2:203276805:G:A
chr2:203299526:A:C
chr2:203301666:G:A
chr2:203331100:A:C
chr2:203370567:T:G
chr2:203373421:G:A
chr2:203495284:C:G
chr2:203515274:A:G
chr2:203534207:C:A
chr2:203534544:T:A
chr2:203538788:C:T
chr2:203616802:A:G
chr2:203977124:C:T
chr2:203977739:A:G
chr2:203999403:G:A
chr2:204092239:C:A
chr2:204092422:G:T
chr2:204199040:C:T
chr2:204275278:A:C
chr2:204298900:A:T
chr2:204334785:G:A
chr2:204346134:G:A
chr2:204406178:T:C
chr2:204415503:T:C
chr2:204420335:A:G
chr2:204420402:C:T
chr2:204420475:C:T
chr2:204601642:G:T
chr2:204753725:C:T
chr2:204798618:G:A
chr2:204801162:C:T
chr2:204850233:C:T
chr2:205207182:C:T
chr2:205208115:C:T
chr2:205220997:C:G
chr2:205249551:C:T
chr2:205249566:G:A
chr2:205352649:C:T
chr2:205353474:G:A
chr2:205353710:T:G
chr2:205366253:C:T
chr2:205490665:G:A
chr2:205520724:G:T
chr2:205550001:C:G
chr2:205678880:C:T
chr2:206051994:C:T
chr2:206099148:C:T
chr2:206269988:T:A
chr2:206270064:T:C
chr2:206271077:A:G
chr2:206331470:A:C
chr2:206453376:A:G
chr2:206508528:T:C
chr2:206653948:G:C
chr2:206654133:C:G
chr2:206657474:A:C
chr2:207170652:T:A
chr2:207171702:T:C
chr2:207173112:A:T
chr2:207193958:A:G
chr2:207195854:T:A
chr2:207433502:G:A
chr2:207485282:G:T
chr2:207524139:A:G
chr2:207656945:T:C
chr2:207657591:A:C
chr2:207680086:G:A
chr2:207707146:G:T
chr2:207775607:T:C
chr2:207882327:G:A
chr2:207942262:T:C
chr2:207942331:A:G
chr2:208290095:G:A
chr2:208390111:T:G
chr2:208390671:T:G
chr2:208717907:C:G
chr2:209013418:C:G
chr2:209060837:G:C
chr2:209061008:A:G
chr2:209537607:T:G
chr2:209825286:G:A
chr2:210122623:A:C
chr2:210461012:A:T
chr2:210491274:C:T
chr2:210495492:C:T
chr2:210540580:T:A
chr2:210686780:A:C
chr2:210688393:C:G
chr2:210759803:A:G
chr2:210801109:C:A
chr2:210815405:G:C
chr2:211018406:A:C
chr2:211692590:C:T
chr2:211755449:C:T
chr2:211756030:A:G
chr2:212021733:G:A
chr2:212175342:T:G
chr2:212178111:C:A
chr2:212426394:C:G
chr2:212464470:G:T
chr2:212501447:A:C
chr2:212501985:T:A
chr2:212575462:C:T
chr2:212621463:A:C
chr2:212678483:A:C
chr2:212696707:G:A
chr2:212836415:A:G
chr2:212842384:G:A
chr2:213057970:G:A
chr2:213058148:A:G
chr2:213639249:T:C
chr2:213786565:C:A
chr2:213867963:A:G
chr2:213915992:T:C
chr2:213916371:G:A
chr2:213980613:A:T
chr2:214740113:T:A
chr2:214780599:A:G
chr2:214800949:A:G
chr2:215029495:G:C
chr2:215066388:A:G
chr2:215296493:A:G
chr2:215298790:G:T
chr2:215300831:T:C
chr2:215302030:C:T
chr2:215326587:C:T
chr2:215328437:C:A
chr2:215336975:C:T
chr2:215647625:T:G
chr2:216449037:A:G
chr2:216497236:A:C
chr2:216497918:T:A
chr2:216581734:C:G
chr2:216587569:T:G
chr2:216592668:A:T
chr2:217031653:C:T
chr2:217170346:C:T
chr2:217170573:G:A
chr2:217217917:G:A
chr2:217277801:C:T
chr2:217321573:C:A
chr2:217348563:G:A
chr2:217476780:C:A
chr2:217492420:A:G
chr2:217527902:C:T
chr2:217690643:C:T
chr2:217704794:T:C
chr2:217760676:C:T
chr2:217883751:A:G
chr2:218022003:C:T
chr2:218226149:C:T
chr2:218344722:T:C
chr2:218454866:A:T
chr2:218504478:A:C
chr2:218545383:T:C
chr2:218567813:C:T
chr2:219021514:G:A
chr2:219224994:T:G
chr2:219485813:C:T
chr2:219724880:G:A
chr2:219820234:C:T
chr2:219848724:A:T
chr2:219970144:A:G
chr2:220740564:G:A
chr2:221310555:C:T
chr2:221322880:G:A
chr2:221355876:G:A
chr2:221449333:G:A
chr2:221645050:T:A
chr2:221983783:G:A
chr2:222080909:G:A
chr2:222134830:C:T
chr2:222197928:T:C
chr2:222199210:A:G
chr2:222267095:T:A
chr2:222315959:A:G
chr2:222316701:T:C
chr2:222387556:A:G
chr2:222568295:G:T
chr2:222645070:T:C
chr2:222645111:T:C
chr2:222795276:A:G
chr2:222837181:G:A
chr2:223198117:T:C
chr2:223322802:T:A
chr2:223327524:T:C
chr2:223348288:G:A
chr2:223418052:T:C
chr2:223418983:T:C
chr2:223422190:G:A
chr2:223459966:A:C
chr2:223461265:T:A
chr2:223464408:G:T
chr2:223477129:G:A
chr2:223477409:T:C
chr2:223479605:T:C
chr2:223520150:T:C
chr2:223521161:T:C
chr2:223537546:T:C
chr2:223606032:G:A
chr2:223699482:C:T
chr2:223789536:T:A
chr2:223819574:A:C
chr2:223833389:A:G
chr2:224015137:C:G
chr2:224063263:A:T
chr2:224118295:C:T
chr2:224192981:A:G
chr2:224327713:G:C
chr2:224328252:G:A
chr2:224451669:T:C
chr2:224453529:T:C
chr2:224523378:G:A
chr2:224585925:C:T
chr2:224608339:A:G
chr2:224757402:A:G
chr2:224782512:A:C
chr2:224786923:T:A
chr2:224907403:G:A
chr2:225067326:G:C
chr2:225075372:T:G
chr2:225215154:A:G
chr2:225267321:A:T
chr2:225510732:C:T
chr2:225512108:T:G
chr2:226023292:G:A
chr2:226047511:A:G
chr2:226216757:T:C
chr2:227107479:G:A
chr2:227121365:G:A
chr2:227217909:G:T
chr2:227338356:A:G
chr2:227974133:T:A
chr2:227975919:T:C
chr2:227999786:G:C
chr2:228001566:T:C
chr2:228059712:C:A
chr2:228083329:C:T
chr2:228088400:T:C
chr2:228089454:T:A
chr2:228411382:T:C
chr2:228518751:A:T
chr2:228705265:A:C
chr2:228951736:A:T
chr2:229074076:A:C
chr2:229075828:G:A
chr2:229176594:C:T
chr2:229178651:A:G
chr2:229218425:C:T
chr2:230016279:C:T
chr2:230101131:A:C
chr2:230649882:A:G
chr2:230747191:A:G
chr2:230747241:A:T
chr2:231164954:T:G
chr2:231220003:G:A
chr2:231241993:G:C
chr2:231245128:G:T
chr2:231246032:A:C
chr2:231246090:T:C
chr2:231246226:T:C
chr2:231246389:G:A
chr2:231389879:T:C
chr2:231438204:T:A
chr2:231751634:T:C
chr2:231916763:C:T
chr2:231974584:C:T
chr2:232032406:T:C
chr2:232195907:G:A
chr2:232387880:T:A
chr2:232388142:C:T
chr2:232716046:G:A
chr2:232772899:G:A
chr2:232855042:G:T
chr2:233084800:G:A
chr2:233185657:C:G
chr2:233222872:T:C
chr2:233291155:A:G
chr2:233293427:A:T
chr2:233765808:A:G
chr2:234030324:A:G
chr2:234174750:T:C
chr2:234458826:T:C
chr2:234647668:A:G
chr2:234708023:C:A
chr2:234744670:G:T
chr2:235002943:G:A
chr2:235066007:T:G
chr2:235222670:A:T
chr2:235226756:G:C
chr2:235485654:C:G
chr2:235571935:G:T
chr2:235958768:C:G
chr2:236090974:A:G
chr2:236576413:G:A
chr2:236590944:C:T
chr2:236819990:A:T
chr2:236977791:A:T
chr2:236978040:G:T
chr2:237058175:C:A
chr2:237726327:G:C
chr2:237845352:C:A
chr2:237952799:A:G
chr2:237999166:A:G
chr2:238245340:G:A
chr2:238365367:C:T
chr2:238435081:A:T
chr2:238534182:A:C
chr2:238540299:G:C
chr2:238702615:T:G
chr2:238705928:G:A
chr2:238809412:G:A
chr2:238917931:A:T
chr2:238919766:C:T
chr2:239408877:C:T
chr2:239472363:T:C
chr2:239653767:T:A
chr2:241286306:T:C
chr2:241598858:T:C
chr2:241693439:G:A
chr2:241914252:G:T
chr2:242034760:C:G
chr2:242139004:T:G
chr2:242154840:T:C
chr2:242191232:C:T
chr2:242243311:T:C
chr2:242263542:T:G
chr2:242263972:G:A
chr2:242391804:G:T
chr2:242444838:T:A
chr2:242501315:C:G
chr2:242615708:A:G
chr2:242660521:G:A
chr2:243689501:G:A
chr2:243815050:A:G
chr2:243815061:C:T
chr2:244967280:A:T
chr2:245094208:C:G
chr2:245102276:A:C
chr2:245102415:C:T
chr2:245136693:T:C
chr2:245136867:G:T
chr2:245250978:C:T
chr2:245302789:C:G
chr2:245660447:G:C
chr2:245736541:T:C
chr2:245759820:T:A
chr2:246185180:T:A
chr2:246185482:A:G
chr2:246269344:T:C
chr2:246323481:G:T
chr2:246783967:A:G
chr2:246823321:T:C
chr2:246823452:C:A
chr2:247177894:A:C
chr2:247204445:A:G
chr2:247324190:G:A
chr2:247325542:G:T
chr2:247364560:A:G
chr2:247380960:T:A
chr2:247382036:A:G
chr2:247408138:A:T
chr2:247458153:A:T
chr2:247458188:C:G
chr2:247458657:G:T
chr2:247623226:T:G
chr2:247623405:C:T
chr2:247697585:A:C
chr2:247785972:A:G
chr2:247801541:T:C
chr2:247837935:T:A
chr2:247853933:C:T
chr2:247961695:G:A
chr2:248119556:G:A
chr3:32088:T:C
chr3:32620:G:T
chr3:34459:T:A
chr3:35539:C:A
chr3:36186:G:T
chr3:48224:A:T
chr3:54860:A:T
chr3:56053:C:T
chr3:57412:T:G
chr3:207634:A:G
chr3:227539:C:A
chr3:379333:T:G
chr3:443492:A:G
chr3:461747:T:C
chr3:472493:G:A
chr3:485229:A:C
chr3:485370:C:T
chr3:486830:C:A
chr3:493258:A:T
chr3:499758:C:T
chr3:506327:A:G
chr3:508764:A:G
chr3:696491:G:A
chr3:719539:C:A
chr3:720646:C:T
chr3:721749:A:G
chr3:723820:T:C
chr3:723837:A:G
chr3:729216:C:T
chr3:730806:T:C
chr3:743417:C:G
chr3:743654:G:A
chr3:744683:C:T
chr3:744970:T:A
chr3:769938:C:A
chr3:800896:C:A
chr3:801090:A:T
chr3:804283:C:A
chr3:812332:A:T
chr3:818015:C:A
chr3:822070:G:A
chr3:824905:T:C
chr3:865360:A:T
chr3:915845:T:C
chr3:925511:T:C
chr3:960500:G:A
chr3:979000:A:G
chr3:1013510:C:G
chr3:1014551:G:A
chr3:1067287:T:C
chr3:1101064:G:C
chr3:1105267:T:A
chr3:1165886:A:C
chr3:1166009:A:G
chr3:1255625:A:T
chr3:1255628:C:T
chr3:1255716:C:A
chr3:1266266:C:G
chr3:1286237:T:C
chr3:1286350:C:T
chr3:1286456:C:G
chr3:1350446:C:A
chr3:1363142:C:A
chr3:1375274:T:C
chr3:1377051:T:A
chr3:1377403:G:A
chr3:1388166:T:G
chr3:1393876:C:A
chr3:1407226:A:G
chr3:1410411:G:C
chr3:1411431:C:T
chr3:1428975:G:A
chr3:1431912:T:A
chr3:1440543:T:A
chr3:1450744:G:C
chr3:1459085:T:C
chr3:1494959:T:C
chr3:1517077:G:T
chr3:1572105:G:A
chr3:2031100:T:G
chr3:2037530:A:C
chr3:2037832:T:G
chr3:2038137:C:T
chr3:2039154:T:A
chr3:2117174:G:T
chr3:2142984:A:G
chr3:2159771:G:T
chr3:2241593:G:A
chr3:2505013:A:T
chr3:2512570:C:T
chr3:2513153:G:C
chr3:2513377:T:C
chr3:2678187:T:C
chr3:2684596:A:C
chr3:3000051:T:C
chr3:3008645:T:A
chr3:3019977:A:G
chr3:3029066:A:C
chr3:3067968:T:G
chr3:3068589:T:C
chr3:3074844:A:G
chr3:3082868:T:G
chr3:3084257:C:G
chr3:3084309:A:G
chr3:3084333:G:A
chr3:3085829:T:A
chr3:3086030:G:A
chr3:3086236:G:C
chr3:3106304:G:C
chr3:3106414:C:T
chr3:3119827:G:C
chr3:3119977:T:C
chr3:3120213:G:C
chr3:3120485:G:A
chr3:3121522:A:T
chr3:3121920:T:C
chr3:3123166:A:G
chr3:3123549:C:T
chr3:3125002:G:C
chr3:3125243:G:A
chr3:3125257:C:G
chr3:3137481:T:C
chr3:3144672:T:C
chr3:3154901:C:G
chr3:3323179:C:T
chr3:3324416:C:A
chr3:3643341:A:T
chr3:3648280:A:G
chr3:3654658:G:A
chr3:3654975:A:C
chr3:3657254:T:A
chr3:3663928:A:T
chr3:3663998:T:A
chr3:3665637:A:C
chr3:3721345:C:T
chr3:3722851:G:A
chr3:3869721:G:A
chr3:3875589:G:A
chr3:3880557:C:T
chr3:4075860:A:G
chr3:4106288:C:T
chr3:4108372:C:T
chr3:4124648:T:G
chr3:4196882:C:A
chr3:4229360:G:T
chr3:4549932:A:C
chr3:4550720:C:T
chr3:4569850:G:T
chr3:4577664:A:G
chr3:4581531:A:G
chr3:4584171:C:T
chr3:4584973:A:C
chr3:4588508:C:T
chr3:4644185:T:C
chr3:4646937:G:A
chr3:4656704:C:G
chr3:4665564:C:A
chr3:4701405:C:T
chr3:4702582:A:T
chr3:4705722:C:T
chr3:4710075:G:A
chr3:4710700:A:T
chr3:4710856:A:G
chr3:4711524:A:C
chr3:4711686:A:T
chr3:4716183:G:C
chr3:4771438:T:C
chr3:4772133:G:T
chr3:4772668:A:T
chr3:4775249:C:T
chr3:4775263:T:A
chr3:4777201:C:A
chr3:4777488:C:T
chr3:4781455:G:A
chr3:4782668:C:A
chr3:4782794:G:T
chr3:4783053:G:T
chr3:4904037:G:A
chr3:5150371:T:C
chr3:5345515:G:A
chr3:5423755:A:C
chr3:5504642:C:G
chr3:5576076:A:G
chr3:5580523:C:G
chr3:5580561:C:G
chr3:5630031:C:G
chr3:5844229:A:G
chr3:5859695:A:G
chr3:6962519:C:T
chr3:6963248:G:A
chr3:6966284:C:T
chr3:6976350:C:T
chr3:7059522:G:T
chr3:7698723:A:G
chr3:7768236:A:G
chr3:7929771:T:C
chr3:8243532:G:A
chr3:8529917:C:T
chr3:8563842:T:C
chr3:8677980:G:A
chr3:9493014:T:A
chr3:9858870:A:G
chr3:9936473:T:C
chr3:10048434:A:G
chr3:10811574:C:T
chr3:10813160:T:G
chr3:11316447:G:A
chr3:11328598:C:G
chr3:11405318:G:A
chr3:11672491:T:C
chr3:11672629:G:A
chr3:12072428:G:T
chr3:12479817:C:T
chr3:12705058:T:C
chr3:12823748:C:G
chr3:12855078:C:T
chr3:12876748:A:G
chr3:12949903:A:T
chr3:13202685:C:A
chr3:13228287:G:A
chr3:13479565:T:A
chr3:13538651:G:C
chr3:13548311:A:G
chr3:13688085:T:G
chr3:13968681:C:T
chr3:14023278:C:T
chr3:14068874:C:G
chr3:14163174:A:G
chr3:14163248:A:C
chr3:14309257:A:C
chr3:14600955:G:A
chr3:14648128:C:T
chr3:14784969:A:G
chr3:14959985:G:T
chr3:15133679:C:T
chr3:15264090:A:G
chr3:15406493:A:G
chr3:15460050:A:G
chr3:15549462:T:G
chr3:15685016:A:G
chr3:15743875:C:T
chr3:15869007:C:A
chr3:15922530:G:A
chr3:15984735:C:T
chr3:16131530:A:G
chr3:16131556:T:C
chr3:16240636:G:A
chr3:16736383:G:A
chr3:16784236:T:G
chr3:17206784:A:G
chr3:17254511:G:A
chr3:17315377:T:C
chr3:17321607:A:C
chr3:17350748:A:C
chr3:18252962:G:A
chr3:18280532:T:G
chr3:18334739:C:A
chr3:18335805:C:A
chr3:18337625:G:A
chr3:18364714:G:A
chr3:18554341:A:C
chr3:19168423:G:A
chr3:19242942:G:T
chr3:19739531:C:T
chr3:19827060:T:C
chr3:19829202:G:C
chr3:20023405:C:T
chr3:20051182:G:C
chr3:20151410:T:G
chr3:20421806:A:G
chr3:20624139:A:G
chr3:20624352:G:A
chr3:20762518:A:T
chr3:20780639:G:A
chr3:20782300:C:T
chr3:20804203:C:A
chr3:20814800:A:T
chr3:20827521:T:G
chr3:20836749:C:T
chr3:20849951:A:G
chr3:20857121:G:A
chr3:20952492:A:G
chr3:20983700:C:G
chr3:21258495:T:C
chr3:21368465:C:T
chr3:22232906:A:G
chr3:22277102:C:T
chr3:22372400:G:A
chr3:22731088:T:C
chr3:22902751:T:A
chr3:22998714:G:A
chr3:23019995:G:T
chr3:23027862:T:C
chr3:23068671:A:G
chr3:23129036:G:A
chr3:23158457:A:G
chr3:23297286:A:G
chr3:23332598:A:T
chr3:23360630:G:A
chr3:23399022:A:C
chr3:23400501:T:G
chr3:23400847:T:G
chr3:23413564:G:C
chr3:23414472:G:A
chr3:23421788:T:C
chr3:23425138:C:A
chr3:23427540:A:G
chr3:23437150:C:A
chr3:23438744:A:C
chr3:23443109:A:G
chr3:23573728:T:C
chr3:23615644:C:T
chr3:23679844:T:G
chr3:23688908:T:C
chr3:23749641:T:A
chr3:23781093:C:T
chr3:23951607:T:C
chr3:24055507:C:T
chr3:24059438:C:T
chr3:24059640:G:C
chr3:24076959:A:G
chr3:24077092:C:T
chr3:24088743:G:C
chr3:24139930:T:A
chr3:24140385:C:T
chr3:24141920:A:T
chr3:24306447:C:T
chr3:24414563:G:A
chr3:24471563:A:G
chr3:24523222:A:G
chr3:24523494:C:G
chr3:24546064:G:C
chr3:24609066:C:G
chr3:24688355:G:A
chr3:24692382:T:G
chr3:24794050:T:G
chr3:24802691:A:G
chr3:25477819:C:A
chr3:25656378:A:G
chr3:25678319:A:C
chr3:25785727:C:T
chr3:25916049:A:G
chr3:25916124:C:A
chr3:26399356:A:G
chr3:26411817:C:T
chr3:26532880:A:C
chr3:26670912:C:A
chr3:26673001:C:T
chr3:27165985:T:C
chr3:27260649:A:G
chr3:27262601:C:T
chr3:27268728:A:G
chr3:27269526:T:A
chr3:27270051:G:C
chr3:27352254:A:G
chr3:27381783:T:G
chr3:27459791:C:T
chr3:27461396:T:G
chr3:27462288:C:T
chr3:27462613:G:A
chr3:27462850:G:A
chr3:27574503:C:T
chr3:27717921:G:C
chr3:28273731:T:C
chr3:28295364:T:C
chr3:28522495:A:G
chr3:28523159:C:T
chr3:28618305:T:C
chr3:28794766:T:C
chr3:28796902:C:G
chr3:28999370:T:A
chr3:28999373:T:C
chr3:29000801:G:A
chr3:29071376:C:A
chr3:29072019:C:T
chr3:29113152:T:C
chr3:29379180:G:A
chr3:29606235:G:A
chr3:29705385:T:G
chr3:29758393:G:A
chr3:29777948:G:T
chr3:30045176:C:A
chr3:30083737:T:C
chr3:30084163:C:G
chr3:30084701:T:C
chr3:30373452:C:A
chr3:30423733:G:A
chr3:30426857:C:A
chr3:30474610:C:T
chr3:30543696:A:C
chr3:30623971:T:A
chr3:30695898:G:A
chr3:30809570:T:C
chr3:30982036:A:G
chr3:31038857:C:A
chr3:31038860:T:A
chr3:31119013:T:A
chr3:31310623:T:A
chr3:31473819:C:G
chr3:31479034:C:T
chr3:31516566:G:T
chr3:31519324:A:T
chr3:31532719:G:T
chr3:31690014:C:G
chr3:32014282:A:C
chr3:32117860:A:C
chr3:32609262:C:A
chr3:32753089:T:C
chr3:33128186:C:A
chr3:33226373:C:G
chr3:33335282:T:G
chr3:34101761:G:A
chr3:34229242:T:A
chr3:34327166:C:A
chr3:34566206:G:C
chr3:34648873:T:A
chr3:34848267:C:T
chr3:34879249:G:A
chr3:34991843:T:G
chr3:35275022:C:T
chr3:35328949:C:G
chr3:35490871:T:C
chr3:35758264:G:A
chr3:36138064:G:A
chr3:36365341:G:T
chr3:36546889:A:G
chr3:36638934:C:T
chr3:36953953:G:A
chr3:37388933:A:G
chr3:37460196:T:G
chr3:37569148:A:T
chr3:37654511:A:G
chr3:37659279:A:C
chr3:37867844:T:C
chr3:37870927:G:A
chr3:37927376:T:A
chr3:37927525:T:C
chr3:38034987:A:G
chr3:38165746:A:T
chr3:38166386:T:G
chr3:38506561:G:A
chr3:38717996:C:T
chr3:38975940:C:T
chr3:39773300:C:T
chr3:39827814:A:G
chr3:39827857:A:G
chr3:40068326:C:T
chr3:40100660:C:G
chr3:40132957:G:T
chr3:40133052:A:G
chr3:40158714:G:A
chr3:40291410:T:G
chr3:40322483:C:T
chr3:40359660:G:A
chr3:40360583:T:C
chr3:40788122:C:T
chr3:40818100:A:G
chr3:40819762:T:C
chr3:40918537:G:T
chr3:41011988:G:C
chr3:41015248:G:C
chr3:41015997:T:C
chr3:41024956:C:T
chr3:41160894:C:A
chr3:41239030:C:T
chr3:41246216:G:C
chr3:41248313:C:T
chr3:41431359:A:C
chr3:41464316:G:C
chr3:41465143:C:A
chr3:41475349:A:G
chr3:41601572:G:A
chr3:41603778:T:C
chr3:41650268:T:A
chr3:41728639:C:T
chr3:41799424:T:C
chr3:41799572:A:G
chr3:41859868:T:C
chr3:41860242:T:C
chr3:41861322:G:A
chr3:41953218:A:G
chr3:42005523:G:C
chr3:42034250:G:T
chr3:42035356:T:C
chr3:42055764:C:T
chr3:42137829:T:G
chr3:42138110:C:T
chr3:42153760:T:G
chr3:42213751:A:G
chr3:42261437:C:T
chr3:42276419:T:G
chr3:42281812:G:A
chr3:42662704:G:C
chr3:42766234:A:G
chr3:42897485:G:T
chr3:43082293:C:T
chr3:43131123:C:T
chr3:43131348:A:T
chr3:43131555:C:G
chr3:43214434:A:T
chr3:43309618:G:A
chr3:43418355:C:T
chr3:43548214:A:T
chr3:43613694:T:C
chr3:44110325:C:T
chr3:44289772:A:T
chr3:44332944:G:A
chr3:44476944:T:G
chr3:44511051:T:G
chr3:44880559:A:G
chr3:44880926:C:G
chr3:44881115:T:C
chr3:44984995:G:A
chr3:45054025:T:C
chr3:45186834:G:A
chr3:45204610:T:G
chr3:45332349:A:G
chr3:45505786:C:T
chr3:45505877:T:G
chr3:45506039:C:T
chr3:45519273:C:T
chr3:45740859:A:G
chr3:45744832:A:G
chr3:45894323:A:T
chr3:45926814:G:C
chr3:45945512:A:T
chr3:45945878:G:C
chr3:45945927:A:C
chr3:45958875:A:G
chr3:45977810:A:T
chr3:46161140:A:G
chr3:46217887:A:G
chr3:46473263:A:G
chr3:46483590:C:T
chr3:46522760:A:T
chr3:46815601:C:G
chr3:46904570:A:C
chr3:46905168:G:C
chr3:46906599:C:A
chr3:47115583:C:G
chr3:47115792:A:G
chr3:47751189:A:C
chr3:47792189:G:A
chr3:47876529:C:G
chr3:47882173:A:T
chr3:47922538:T:C
chr3:47948297:A:T
chr3:48018868:A:G
chr3:48178215:G:C
chr3:48178243:C:A
chr3:48570291:G:A
chr3:48640047:G:T
chr3:48681571:T:C
chr3:48681728:C:A
chr3:48851972:G:A
chr3:48880797:G:A
chr3:48892767:C:G
chr3:49001886:C:T
chr3:49113846:G:T
chr3:49172170:C:A
chr3:49172716:T:C
chr3:49178498:G:A
chr3:49197143:G:A
chr3:49210615:A:G
chr3:49215227:T:C
chr3:49317938:G:A
chr3:49414160:A:T
chr3:49414873:T:A
chr3:49433681:T:C
chr3:49616303:C:T
chr3:49616533:T:G
chr3:49635682:C:T
chr3:49697990:G:A
chr3:49727532:G:C
chr3:49729885:C:T
chr3:50564411:T:A
chr3:50789854:A:G
chr3:50815299:C:T
chr3:50821247:G:A
chr3:51131363:G:C
chr3:51131467:C:T
chr3:51386211:G:C
chr3:51485967:A:C
chr3:51495896:C:T
chr3:52009325:C:A
chr3:52096046:A:C
chr3:52098300:A:G
chr3:52223883:T:G
chr3:52470903:G:T
chr3:52526762:A:G
chr3:52676699:C:T
chr3:52781811:G:A
chr3:52783098:A:C
chr3:52835799:T:A
chr3:52863220:A:C
chr3:52863583:A:G
chr3:52900943:A:G
chr3:52943770:T:C
chr3:53057859:G:C
chr3:53085948:A:C
chr3:53094772:C:G
chr3:53451232:A:G
chr3:53533266:A:G
chr3:53623748:A:G
chr3:53837021:A:T
chr3:54188195:A:G
chr3:54492576:T:C
chr3:54732441:G:A
chr3:55028563:A:G
chr3:55076312:T:C
chr3:55827535:A:G
chr3:56117499:C:T
chr3:56923162:C:T
chr3:57401798:G:A
chr3:57401843:A:C
chr3:57402045:C:T
chr3:57430351:C:T
chr3:57519049:G:A
chr3:57578355:C:T
chr3:57831619:A:C
chr3:57892429:A:G
chr3:58083655:C:A
chr3:58485966:T:A
chr3:58486999:A:G
chr3:59841649:A:C
chr3:59931423:G:A
chr3:60014281:A:G
chr3:60544630:T:G
chr3:60572441:G:A
chr3:60704598:C:T
chr3:60728961:C:T
chr3:61220869:G:A
chr3:61322774:A:C
chr3:61471417:C:T
chr3:61506168:G:A
chr3:61550907:C:T
chr3:61608541:T:C
chr3:61777444:T:C
chr3:62154058:T:C
chr3:62154125:T:G
chr3:62309726:G:C
chr3:62344024:G:A
chr3:62816035:A:T
chr3:63285790:T:G
chr3:63402349:C:T
chr3:63596909:T:A
chr3:63659943:C:T
chr3:63896003:G:T
chr3:63924587:G:C
chr3:64060509:T:A
chr3:64086632:C:T
chr3:64249793:A:G
chr3:64622537:A:C
chr3:65160921:G:A
chr3:65252167:T:C
chr3:65382265:A:C
chr3:65419768:G:A
chr3:65524085:C:T
chr3:65716839:G:A
chr3:65719198:T:C
chr3:65834190:C:T
chr3:65858827:A:G
chr3:65871108:T:A
chr3:65910726:G:C
chr3:66134344:T:C
chr3:66134451:C:T
chr3:66184078:C:A
chr3:66485115:T:C
chr3:66485123:A:T
chr3:66554458:G:A
chr3:66556329:T:C
chr3:66623607:T:C
chr3:66623894:T:C
chr3:67089368:T:C
chr3:67386970:C:A
chr3:67498577:G:A
chr3:67498597:T:C
chr3:67582590:G:C
chr3:67591482:A:G
chr3:67899546:C:G
chr3:67914055:G:C
chr3:67915178:C:A
chr3:67916008:C:T
chr3:67990994:A:G
chr3:68037247:C:T
chr3:68148043:A:G
chr3:68201151:G:A
chr3:68203952:A:C
chr3:68204883:C:T
chr3:68228377:A:C
chr3:68228518:C:A
chr3:68229595:G:A
chr3:68317229:A:C
chr3:68317393:A:T
chr3:68337905:A:T
chr3:68367681:C:A
chr3:68501174:C:A
chr3:68501524:C:G
chr3:69109982:C:T
chr3:69130414:C:A
chr3:69131124:T:C
chr3:69236893:A:T
chr3:69242754:A:G
chr3:69244875:C:A
chr3:69349280:A:G
chr3:69476865:G:A
chr3:69504589:T:A
chr3:69648523:T:C
chr3:69827720:T:C
chr3:69829119:T:C
chr3:69945290:A:G
chr3:69985625:C:A
chr3:69987134:A:G
chr3:69988876:G:C
chr3:70040209:T:C
chr3:70139057:A:C
chr3:70245231:T:C
chr3:71137559:G:A
chr3:71138973:A:G
chr3:71305511:C:G
chr3:71330945:G:T
chr3:71330961:T:A
chr3:71410567:C:G
chr3:71565001:C:T
chr3:71565770:G:T
chr3:71710725:G:A
chr3:71752403:A:G
chr3:71753574:G:T
chr3:71753677:G:A
chr3:71796980:C:T
chr3:71800126:G:C
chr3:71816248:A:G
chr3:71817982:A:G
chr3:71819621:T:C
chr3:71819684:T:C
chr3:71943100:T:G
chr3:71943216:G:A
chr3:71944825:A:G
chr3:71990202:A:G
chr3:71995643:C:T
chr3:72176089:T:C
chr3:72176138:C:A
chr3:72177389:C:T
chr3:72178244:T:G
chr3:72181315:C:T
chr3:72233706:T:G
chr3:72253870:T:C
chr3:72284146:A:T
chr3:72301671:G:C
chr3:72472247:T:C
chr3:72512569:G:A
chr3:72513988:G:T
chr3:72604167:T:G
chr3:72689955:C:T
chr3:72690028:A:G
chr3:72690158:T:A
chr3:72690374:G:T
chr3:72698561:G:A
chr3:72724435:T:G
chr3:72747059:T:C
chr3:72748228:T:G
chr3:72748231:C:A
chr3:72756401:A:G
chr3:72808551:A:T
chr3:72811129:A:G
chr3:72823791:C:G
chr3:72824188:T:C
chr3:72845949:T:A
chr3:72930754:C:T
chr3:72949702:T:A
chr3:73108626:A:T
chr3:73134538:G:A
chr3:73134859:T:C
chr3:73229060:G:A
chr3:73337944:A:G
chr3:73343242:G:T
chr3:73396147:C:A
chr3:73452640:A:C
chr3:73452949:A:G
chr3:73453423:T:C
chr3:73454169:C:A
chr3:73456836:C:T
chr3:73458126:G:A
chr3:73588110:G:A
chr3:73632204:T:C
chr3:73680248:G:T
chr3:73762085:C:T
chr3:73874785:C:A
chr3:73971710:G:C
chr3:73972515:T:G
chr3:73989339:G:A
chr3:73993136:A:C
chr3:74007501:A:G
chr3:74151154:C:A
chr3:74177851:G:C
chr3:74178153:G:T
chr3:74178487:C:G
chr3:74178560:T:C
chr3:74178597:C:A
chr3:74196433:G:T
chr3:74211047:A:G
chr3:74214053:T:A
chr3:74242948:A:T
chr3:74243419:T:G
chr3:74247282:C:G
chr3:74287225:A:G
chr3:74302737:A:G
chr3:74302840:A:G
chr3:74394740:A:T
chr3:74508804:T:C
chr3:74551343:G:A
chr3:74614560:A:C
chr3:74725623:G:A
chr3:74725911:G:A
chr3:74729537:G:C
chr3:74763734:G:A
chr3:74776202:T:C
chr3:75969964:A:T
chr3:76061571:T:G
chr3:76082738:T:C
chr3:76165550:G:A
chr3:76215437:G:A
chr3:76215791:C:T
chr3:76245249:T:G
chr3:76260692:A:G
chr3:76263986:C:G
chr3:76567807:T:C
chr3:76808173:C:T
chr3:77021308:T:A
chr3:78273744:A:G
chr3:78769396:T:C
chr3:78807141:A:G
chr3:79485563:T:C
chr3:79677293:A:G
chr3:79803836:C:T
chr3:80308362:G:T
chr3:80309126:C:A
chr3:80496793:G:A
chr3:80498429:G:A
chr3:80649529:T:C
chr3:80650312:C:T
chr3:80723534:A:T
chr3:80827768:G:C
chr3:80827897:T:C
chr3:81140710:T:C
chr3:81447923:C:A
chr3:81448635:C:A
chr3:81724783:C:T
chr3:81750281:G:A
chr3:81750474:C:T
chr3:82068801:A:G
chr3:82191553:C:G
chr3:82207714:G:A
chr3:82223309:G:A
chr3:82512893:T:G
chr3:82713093:C:T
chr3:82821620:C:T
chr3:82895319:T:G
chr3:82896255:C:A
chr3:82897370:C:A
chr3:82898004:T:C
chr3:82959661:A:C
chr3:82960484:C:T
chr3:83126628:C:T
chr3:83126740:A:G
chr3:83384435:A:G
chr3:83710242:G:A
chr3:83760812:T:C
chr3:83761082:T:C
chr3:83795416:T:C
chr3:84044975:G:T
chr3:84045172:T:G
chr3:84058886:C:T
chr3:84130488:C:A
chr3:84136133:C:T
chr3:84136289:T:G
chr3:84842299:A:G
chr3:84858992:C:T
chr3:84860666:C:A
chr3:84861854:G:A
chr3:84953496:A:G
chr3:84972002:A:T
chr3:85017326:T:G
chr3:85018365:C:T
chr3:85020380:T:G
chr3:85046225:A:G
chr3:85046853:C:A
chr3:85121911:C:T
chr3:85122518:A:T
chr3:85123050:G:C
chr3:85137926:A:G
chr3:85140817:T:C
chr3:85186879:C:A
chr3:85188217:C:G
chr3:85225688:T:C
chr3:85266154:A:T
chr3:85341953:T:G
chr3:85342013:A:C
chr3:85361209:G:C
chr3:85362283:G:T
chr3:85364364:A:G
chr3:85478141:A:G
chr3:85610832:C:T
chr3:85611029:A:G
chr3:85611602:T:C
chr3:85622135:G:T
chr3:85622470:A:T
chr3:85624220:C:T
chr3:85624498:C:T
chr3:85645031:C:G
chr3:85941930:G:T
chr3:86102239:A:G
chr3:86102951:C:T
chr3:86216230:C:T
chr3:86283711:T:G
chr3:86303875:C:T
chr3:86306097:A:G
chr3:86308244:A:T
chr3:86312020:G:T
chr3:86316691:T:C
chr3:86317532:T:G
chr3:86317559:T:A
chr3:86580858:A:C
chr3:86605163:C:T
chr3:86654718:A:G
chr3:86704043:T:G
chr3:86751206:A:T
chr3:86800838:T:C
chr3:86901954:C:T
chr3:87005825:T:G
chr3:87175625:T:C
chr3:87297952:G:A
chr3:87629749:G:C
chr3:87728502:T:A
chr3:87728598:T:G
chr3:87730670:G:T
chr3:87731441:T:G
chr3:87731464:C:G
chr3:87828121:A:C
chr3:87831409:T:G
chr3:87831501:A:T
chr3:87841069:A:G
chr3:87841863:A:T
chr3:87842615:C:A
chr3:87855722:T:C
chr3:87858019:A:G
chr3:87950260:G:A
chr3:88126001:G:A
chr3:88126654:T:C
chr3:88499252:C:T
chr3:88523673:T:A
chr3:88691053:A:G
chr3:89416752:C:G
chr3:91218833:T:C
chr3:91269851:C:A
chr3:91643200:C:G
chr3:92094257:C:T
chr3:92176006:C:G
chr3:92610165:T:A
chr3:92736136:C:A
chr3:92799802:T:G
chr3:93084942:G:A
chr3:93303421:T:G
chr3:93683810:A:C
chr3:93793221:G:A
chr3:93978848:G:A
chr3:94197963:A:G
chr3:95380679:A:T
chr3:95381684:A:C
chr3:95741838:G:A
chr3:95849234:T:C
chr3:95851665:T:C
chr3:95889897:T:G
chr3:95890703:G:T
chr3:95890905:T:G
chr3:96024544:A:G
chr3:96026401:A:T
chr3:96075990:A:G
chr3:96097419:G:A
chr3:96100284:T:C
chr3:96313083:C:A
chr3:97108061:A:G
chr3:98751522:A:G
chr3:98754423:G:C
chr3:98757057:A:C
chr3:98757460:A:T
chr3:99650234:A:T
chr3:99860707:A:T
chr3:100683567:G:A
chr3:100727224:C:T
chr3:100748181:T:A
chr3:101200256:G:A
chr3:101980150:T:A
chr3:101980564:A:C
chr3:102680088:A:G
chr3:102944985:G:A
chr3:103074863:G:A
chr3:103375021:G:A
chr3:103542101:G:A
chr3:103724881:A:T
chr3:103960259:A:G
chr3:104129878:C:T
chr3:104303848:A:C
chr3:104348171:C:A
chr3:104674965:A:T
chr3:104729359:T:C
chr3:104731080:C:T
chr3:105651556:T:C
chr3:105752041:A:G
chr3:105884452:A:G
chr3:106291952:G:A
chr3:106303750:T:C
chr3:106586574:G:C
chr3:108401513:T:C
chr3:108597679:G:A
chr3:108597747:G:C
chr3:108641473:G:A
chr3:108927818:A:G
chr3:109183870:A:T
chr3:109416141:A:T
chr3:109439001:C:T
chr3:109508081:G:A
chr3:109516227:C:T
chr3:109563638:C:G
chr3:110594799:G:T
chr3:110978691:G:C
chr3:111430236:C:G
chr3:111823340:G:T
chr3:111973175:T:C
chr3:112119036:C:A
chr3:112251522:G:A
chr3:112502968:G:C
chr3:113653687:T:A
chr3:113724522:T:C
chr3:113800507:C:G
chr3:113800538:T:A
chr3:113818122:A:G
chr3:113854324:A:G
chr3:113921581:G:A
chr3:114448080:A:T
chr3:115156962:T:G
chr3:115173919:T:A
chr3:115401371:G:A
chr3:115532419:G:A
chr3:115865205:G:A
chr3:115865640:T:C
chr3:116722514:A:T
chr3:116797033:T:C
chr3:116836013:G:C
chr3:116897106:C:T
chr3:117198081:C:T
chr3:117200124:G:T
chr3:117470417:A:G
chr3:118463982:C:G
chr3:118464835:G:A
chr3:118575177:G:C
chr3:120217327:C:T
chr3:120280903:G:A
chr3:120281141:C:T
chr3:120398580:T:C
chr3:120399124:T:G
chr3:120436661:A:G
chr3:120487519:G:C
chr3:120487909:C:T
chr3:120928106:C:T
chr3:120928165:G:C
chr3:120962808:C:T
chr3:121301202:C:A
chr3:121302231:G:C
chr3:121575011:G:A
chr3:121747205:C:A
chr3:123345891:A:G
chr3:123417201:T:C
chr3:123444496:A:G
chr3:123701606:A:G
chr3:123758155:G:A
chr3:123772233:G:C
chr3:123868014:T:G
chr3:125050466:G:T
chr3:125197506:G:A
chr3:125323317:C:G
chr3:125940557:C:G
chr3:126004332:A:T
chr3:126004453:T:C
chr3:126007330:C:T
chr3:126008188:C:G
chr3:126009525:C:A
chr3:126009922:C:T
chr3:126101158:G:C
chr3:126384342:A:C
chr3:126668190:T:G
chr3:126737751:A:G
chr3:126906715:A:T
chr3:126937748:A:C
chr3:127372752:T:A
chr3:128415408:G:T
chr3:128417598:G:C
chr3:128625430:C:T
chr3:128668813:T:C
chr3:128749375:C:T
chr3:129045307:A:G
chr3:129128401:A:G
chr3:129471098:G:A
chr3:129525285:T:C
chr3:129537408:G:A
chr3:129635073:T:C
chr3:129705950:T:C
chr3:129721696:A:C
chr3:129867403:C:A
chr3:130117983:T:G
chr3:130766849:C:A
chr3:130930424:T:A
chr3:130990884:C:T
chr3:131039503:T:A
chr3:131090546:G:A
chr3:131133647:T:C
chr3:131975305:C:T
chr3:131981553:A:T
chr3:132332342:G:A
chr3:132336773:A:T
chr3:132478988:A:T
chr3:132479031:C:T
chr3:132929142:T:C
chr3:132999028:T:C
chr3:132999177:T:G
chr3:133004739:C:T
chr3:133005887:A:G
chr3:133084948:A:G
chr3:133371281:A:C
chr3:133391699:A:C
chr3:133554990:C:T
chr3:133556477:T:G
chr3:134021415:C:T
chr3:134050624:C:T
chr3:134084266:G:T
chr3:134200567:T:C
chr3:134200569:T:C
chr3:134200729:T:G
chr3:134735308:T:C
chr3:134858738:C:T
chr3:134859169:T:C
chr3:135276526:T:A
chr3:135369787:C:T
chr3:135555533:T:A
chr3:135675103:A:G
chr3:135682543:T:G
chr3:136092356:C:A
chr3:136166721:T:C
chr3:136172286:A:G
chr3:136172310:A:G
chr3:136191644:T:C
chr3:136243051:C:T
chr3:136293936:T:A
chr3:136333199:A:G
chr3:136354034:C:T
chr3:136354584:G:A
chr3:136355126:C:A
chr3:136355363:T:C
chr3:136355527:T:C
chr3:136357317:T:C
chr3:136359111:G:T
chr3:136377077:G:A
chr3:136387849:G:T
chr3:136390585:G:A
chr3:136403785:T:C
chr3:136502247:C:A
chr3:136502645:G:A
chr3:136505521:T:G
chr3:136505669:T:A
chr3:136506545:G:T
chr3:136507028:T:A
chr3:136513239:T:C
chr3:136561919:G:A
chr3:136615411:A:T
chr3:136615657:G:A
chr3:136616046:A:C
chr3:136616796:C:T
chr3:137228977:A:C
chr3:137230384:C:T
chr3:137236957:A:T
chr3:137279408:T:C
chr3:137302061:C:T
chr3:137491604:T:C
chr3:137737559:A:C
chr3:137880691:A:G
chr3:137884763:G:A
chr3:137894114:T:G
chr3:138106881:G:A
chr3:138338431:A:T
chr3:138341854:A:C
chr3:138422105:T:C
chr3:138440927:A:G
chr3:138495371:G:A
chr3:138498779:G:A
chr3:138673863:T:C
chr3:138698590:A:G
chr3:138927314:C:T
chr3:138949197:C:T
chr3:139086350:T:G
chr3:139479749:A:T
chr3:139863952:G:C
chr3:140101676:C:T
chr3:141049853:G:A
chr3:141049960:A:G
chr3:141066312:T:G
chr3:141120509:T:G
chr3:141982167:G:A
chr3:141982170:G:T
chr3:142050773:T:A
chr3:142091254:C:T
chr3:142682248:C:T
chr3:142768682:A:G
chr3:142852101:C:A
chr3:142854359:G:C
chr3:142879966:G:A
chr3:143597558:T:G
chr3:143635000:T:C
chr3:143958645:T:A
chr3:145228506:A:G
chr3:145436655:T:A
chr3:145758080:A:T
chr3:145832959:T:C
chr3:146444983:G:A
chr3:146518542:G:C
chr3:146588058:A:C
chr3:146740545:A:C
chr3:146962763:A:G
chr3:147000569:A:G
chr3:147024360:T:A
chr3:147026428:A:G
chr3:147335115:T:C
chr3:147446414:A:C
chr3:147446853:G:A
chr3:147523002:A:G
chr3:147620061:T:C
chr3:147643392:T:C
chr3:147711095:A:T
chr3:147711186:C:A
chr3:148194041:G:A
chr3:148201227:C:T
chr3:148300482:A:G
chr3:148342105:T:C
chr3:148343678:G:T
chr3:148450355:G:C
chr3:148610463:A:C
chr3:148610493:G:A
chr3:148644821:T:G
chr3:148647777:C:A
chr3:148647796:A:G
chr3:148727423:C:A
chr3:148727539:A:G
chr3:148945136:G:A
chr3:149166966:G:A
chr3:149224258:G:A
chr3:149224695:G:A
chr3:149268785:G:A
chr3:149951672:T:C
chr3:150241933:G:A
chr3:150411908:T:A
chr3:150416015:C:T
chr3:150469184:T:G
chr3:150937736:C:T
chr3:151080072:T:A
chr3:151080138:C:T
chr3:151169782:G:A
chr3:151190191:G:A
chr3:151190389:A:G
chr3:151378101:G:A
chr3:151438490:A:G
chr3:151486715:A:C
chr3:151495742:A:G
chr3:151965614:G:A
chr3:152005093:C:T
chr3:152405709:T:C
chr3:153085492:T:C
chr3:153489059:T:G
chr3:153608540:A:G
chr3:154367715:G:A
chr3:154506184:A:G
chr3:154643476:T:A
chr3:154837672:G:A
chr3:155070888:C:A
chr3:155189746:C:G
chr3:155223018:G:C
chr3:155254106:T:C
chr3:155256555:C:T
chr3:155259614:A:G
chr3:155817043:A:G
chr3:156141450:T:G
chr3:156255420:T:A
chr3:156277939:A:C
chr3:156772375:A:T
chr3:156798014:G:C
chr3:156799392:G:A
chr3:158056080:C:A
chr3:158166002:T:G
chr3:158362072:A:T
chr3:158623097:T:C
chr3:158733523:T:C
chr3:158892385:T:A
chr3:159217777:G:C
chr3:159219998:G:T
chr3:159380945:A:T
chr3:159383260:T:A
chr3:159479856:T:C
chr3:159519840:A:G
chr3:159779751:T:C
chr3:159780514:C:T
chr3:159876587:G:A
chr3:159893913:G:T
chr3:160059640:G:A
chr3:160065780:T:C
chr3:160080419:T:G
chr3:160215387:C:T
chr3:160247595:C:T
chr3:160253484:A:G
chr3:161001361:G:A
chr3:161095052:A:G
chr3:161336084:G:C
chr3:161354808:T:C
chr3:161595698:C:A
chr3:161837163:C:A
chr3:161904253:C:T
chr3:161905519:C:T
chr3:161907152:G:A
chr3:161907252:G:A
chr3:162141693:C:T
chr3:162421836:C:T
chr3:162421863:G:A
chr3:162526818:T:A
chr3:163117097:G:A
chr3:163129501:C:A
chr3:163446228:T:C
chr3:163495794:C:T
chr3:163537361:A:T
chr3:163653650:A:T
chr3:164026758:G:C
chr3:164045207:C:T
chr3:164059564:A:C
chr3:164065961:C:T
chr3:164094389:C:T
chr3:164099757:G:A
chr3:164117009:T:G
chr3:164364825:T:C
chr3:164451312:G:A
chr3:164504427:C:T
chr3:164569570:C:T
chr3:164570382:T:A
chr3:164608339:C:A
chr3:164608349:T:G
chr3:164608374:C:A
chr3:164913455:C:G
chr3:165041971:C:T
chr3:165061207:T:A
chr3:165061381:A:T
chr3:165078422:A:C
chr3:165079791:C:G
chr3:165084719:C:G
chr3:165084813:G:A
chr3:165780607:C:T
chr3:166282226:A:G
chr3:166679352:G:A
chr3:166693561:C:T
chr3:166972591:A:G
chr3:167277574:G:T
chr3:167554160:C:T
chr4:852:T:A
chr4:1599:A:G
chr4:47180:C:T
chr4:55421:T:C
chr4:59399:T:C
chr4:62057:A:C
chr4:65089:C:T
chr4:73112:T:C
chr4:73593:A:T
chr4:73827:T:C
chr4:81205:G:T
chr4:81638:G:A
chr4:81705:T:C
chr4:100940:A:T
chr4:110512:C:A
chr4:111863:A:G
chr4:165980:A:G
chr4:178990:A:G
chr4:180830:C:G
chr4:184709:T:C
chr4:190415:G:A
chr4:194844:T:C
chr4:196110:C:T
chr4:200401:A:C
chr4:214285:T:A
chr4:293964:T:A
chr4:295561:C:A
chr4:297991:C:T
chr4:301885:C:T
chr4:303531:A:G
chr4:305568:T:C
chr4:306706:C:G
chr4:322372:C:A
chr4:325092:T:C
chr4:334496:C:T
chr4:353865:G:A
chr4:358676:C:G
chr4:359451:T:C
chr4:445619:A:G
chr4:450788:T:C
chr4:457284:C:A
chr4:458972:T:G
chr4:460075:C:T
chr4:462313:A:T
chr4:463373:A:T
chr4:469149:G:T
chr4:475421:A:G
chr4:479279:G:T
chr4:479386:A:T
chr4:576421:T:C
chr4:577443:T:C
chr4:586776:A:C
chr4:586858:A:G
chr4:638113:G:T
chr4:648241:G:A
chr4:649139:C:T
chr4:677652:G:A
chr4:684798:A:G
chr4:688063:T:C
chr4:690570:G:A
chr4:704118:A:C
chr4:717030:T:A
chr4:743165:A:T
chr4:743933:T:A
chr4:750191:C:G
chr4:758186:G:T
chr4:793180:G:C
chr4:796306:A:T
chr4:799077:T:G
chr4:802689:A:G
chr4:804401:T:C
chr4:816154:C:A
chr4:827611:A:G
chr4:828620:A:G
chr4:839010:G:A
chr4:854128:T:C
chr4:949862:T:A
chr4:950139:C:T
chr4:950158:G:C
chr4:950206:G:A
chr4:1466678:T:C
chr4:1480952:T:C
chr4:1482478:T:C
chr4:1489232:A:G
chr4:1502921:C:A
chr4:1509609:A:G
chr4:1512131:A:C
chr4:1513304:T:A
chr4:1515796:A:C
chr4:1517213:C:A
chr4:1546652:A:C
chr4:1566424:A:T
chr4:1567947:G:A
chr4:1574381:T:G
chr4:1574567:T:C
chr4:1576274:A:G
chr4:1580003:C:T
chr4:1590714:G:A
chr4:1594941:T:C
chr4:1596513:T:A
chr4:1599682:A:G
chr4:1600040:T:A
chr4:1602244:T:G
chr4:1618585:T:A
chr4:1621640:A:G
chr4:1622291:C:T
chr4:1634368:A:T
chr4:1670538:T:C
chr4:1671772:T:G
chr4:1710639:G:A
chr4:1723680:T:A
chr4:1725359:T:C
chr4:1725570:G:A
chr4:1725827:T:G
chr4:1730908:A:G
chr4:1742637:G:T
chr4:1759311:G:A
chr4:1780415:T:C
chr4:1795930:A:T
chr4:1801661:A:G
chr4:1812119:G:A
chr4:1812286:T:G
chr4:1812351:T:C
chr4:1812399:T:C
chr4:1812489:A:T
chr4:1812993:T:C
chr4:1813079:T:C
chr4:1813142:T:G
chr4:1844770:T:C
chr4:1849543:T:C
chr4:1854081:G:T
chr4:1856269:A:G
chr4:1865824:A:G
chr4:1873056:C:G
chr4:1887696:G:A
chr4:1891251:G:T
chr4:1906732:T:C
chr4:1914101:G:A
chr4:1920475:T:A
chr4:1933455:C:A
chr4:1946661:C:A
chr4:1960642:T:G
chr4:1975420:T:C
chr4:2024093:T:A
chr4:2024767:G:C
chr4:2103743:A:C
chr4:2104927:T:C
chr4:2105070:T:C
chr4:2166064:G:A
chr4:2168996:G:C
chr4:2170912:A:G
chr4:2177011:G:A
chr4:2180641:T:C
chr4:2182971:T:C
chr4:2189506:C:T
chr4:2213435:A:G
chr4:2213750:G:C
chr4:2217282:T:C
chr4:2242926:T:A
chr4:2247015:A:T
chr4:2305820:G:A
chr4:2362617:G:A
chr4:2366073:T:C
chr4:2409752:G:T
chr4:2412854:T:C
chr4:2858951:A:G
chr4:2875638:A:G
chr4:2883167:A:C
chr4:2886184:C:T
chr4:2902863:C:T
chr4:2907265:A:G
chr4:2910270:T:C
chr4:2917034:G:C
chr4:2923148:A:G
chr4:2931065:C:G
chr4:2951130:T:C
chr4:2981333:C:T
chr4:2982533:A:C
chr4:2983872:T:G
chr4:3050022:C:A
chr4:3050149:T:A
chr4:3050999:A:G
chr4:3063139:A:C
chr4:3063444:C:T
chr4:3063465:T:A
chr4:3065074:C:T
chr4:3066774:A:G
chr4:3090115:A:T
chr4:3107680:G:A
chr4:3108774:G:T
chr4:3111179:A:C
chr4:3112994:A:C
chr4:3125624:T:C
chr4:3142995:C:A
chr4:3153560:G:C
chr4:3162114:A:G
chr4:3243776:A:G
chr4:3244763:A:G
chr4:3246352:C:G
chr4:3247212:T:A
chr4:3247396:T:G
chr4:3250568:T:G
chr4:3250936:T:G
chr4:3257397:A:C
chr4:3257916:C:T
chr4:3270144:T:A
chr4:3283657:T:C
chr4:3285762:G:A
chr4:3304546:A:G
chr4:3312700:G:A
chr4:3315521:G:T
chr4:3323498:T:C
chr4:3329357:T:G
chr4:3343498:C:A
chr4:3345811:C:T
chr4:3354778:G:T
chr4:3358142:A:G
chr4:3362020:G:A
chr4:3364468:C:T
chr4:3368798:C:G
chr4:3370688:C:A
chr4:3370773:A:C
chr4:3370976:A:T
chr4:3371280:A:G
chr4:3373252:C:T
chr4:3373502:T:A
chr4:3373730:C:T
chr4:3378143:A:C
chr4:3386906:T:A
chr4:3389231:T:C
chr4:3399987:G:C
chr4:3403889:T:C
chr4:3404512:C:T
chr4:3411122:A:C
chr4:3418505:C:T
chr4:3419518:A:C
chr4:3436038:A:T
chr4:3439350:G:C
chr4:3439597:A:C
chr4:3655008:C:T
chr4:3655135:C:A
chr4:3656904:T:G
chr4:3768456:G:C
chr4:3774184:A:G
chr4:3781219:T:G
chr4:3784082:G:A
chr4:3825235:A:G
chr4:3832765:A:C
chr4:3836209:A:G
chr4:3838706:G:C
chr4:3842085:C:T
chr4:3859930:T:C
chr4:3864455:T:C
chr4:3880211:A:G
chr4:3904173:G:C
chr4:3917043:T:C
chr4:3938387:C:T
chr4:3952204:A:C
chr4:3952377:T:C
chr4:3953056:G:A
chr4:3953313:C:T
chr4:3953421:T:A
chr4:3953491:G:A
chr4:3953664:G:A
chr4:3968716:T:C
chr4:3991198:C:T
chr4:4000260:A:G
chr4:4006382:A:G
chr4:4028317:G:T
chr4:4031119:C:T
chr4:4034474:A:G
chr4:4034565:C:T
chr4:4034909:G:A
chr4:4532003:T:A
chr4:4536671:A:G
chr4:4539772:G:C
chr4:4540092:T:A
chr4:4560035:C:A
chr4:4567560:A:T
chr4:4568426:G:T
chr4:4610591:A:C
chr4:4619953:A:G
chr4:4620300:A:G
chr4:4624768:T:C
chr4:4628184:C:T
chr4:4628240:A:C
chr4:4628281:G:C
chr4:4629785:A:G
chr4:4631054:A:G
chr4:4633360:A:G
chr4:4634837:A:G
chr4:4641914:T:C
chr4:4642735:C:T
chr4:4643196:A:C
chr4:4649359:A:T
chr4:4651080:G:A
chr4:4652240:T:C
chr4:4652721:T:C
chr4:4661261:A:G
chr4:4665779:T:G
chr4:4666625:G:A
chr4:4695049:T:G
chr4:4697451:T:A
chr4:4698245:A:G
chr4:4698639:A:C
chr4:4698667:G:A
chr4:4699053:A:G
chr4:4699555:T:C
chr4:4700031:G:A
chr4:4700281:G:A
chr4:4702009:T:C
chr4:4804295:C:T
chr4:4804465:T:G
chr4:4804663:G:A
chr4:4804795:G:A
chr4:4813232:C:T
chr4:4838471:A:T
chr4:4842103:A:G
chr4:4844382:G:C
chr4:4851275:G:A
chr4:4855550:T:C
chr4:4864154:A:G
chr4:4864208:C:T
chr4:4864365:C:A
chr4:4864765:C:A
chr4:4864861:A:T
chr4:4866962:C:A
chr4:4867854:T:C
chr4:4874342:G:A
chr4:4874918:C:T
chr4:4875035:C:T
chr4:4876113:A:G
chr4:4876296:C:G
chr4:4878431:T:A
chr4:4879077:G:A
chr4:4879424:C:A
chr4:4879965:C:T
chr4:4880152:G:C
chr4:4882647:A:T
chr4:4899702:G:T
chr4:4903014:G:A
chr4:4917595:C:A
chr4:4926721:C:A
chr4:4993637:C:T
chr4:5051389:G:T
chr4:5069857:A:T
chr4:5089990:A:C
chr4:5174478:A:C
chr4:5262359:T:C
chr4:5409447:C:T
chr4:6414195:C:G
chr4:6786334:G:A
chr4:6808870:A:G
chr4:6826472:G:A
chr4:6848026:C:G
chr4:6907575:A:G
chr4:7141829:G:C
chr4:7161212:T:G
chr4:8371914:T:C
chr4:8889968:C:G
chr4:8891558:G:A
chr4:8891642:A:G
chr4:8899445:C:T
chr4:8967574:C:G
chr4:9883621:A:T
chr4:9926513:C:T
chr4:9926561:C:G
chr4:9926732:A:G
chr4:9936888:A:G
chr4:9948538:A:G
chr4:9948851:A:G
chr4:10262682:C:T
chr4:10263613:C:T
chr4:10364137:T:G
chr4:10364357:C:G
chr4:10369259:C:A
chr4:10379139:G:C
chr4:10885111:G:A
chr4:11033378:A:T
chr4:11289826:T:C
chr4:11327304:C:T
chr4:11470404:C:A
chr4:12010875:T:C
chr4:12673315:A:G
chr4:13128418:A:G
chr4:13252889:G:A
chr4:14018579:T:C
chr4:14194027:C:T
chr4:14537635:A:G
chr4:14716009:G:A
chr4:14875500:T:C
chr4:14880659:A:G
chr4:14881205:A:G
chr4:14964613:A:T
chr4:15163230:A:C
chr4:15163736:C:T
chr4:15420511:G:T
chr4:15508532:C:A
chr4:15508765:C:G
chr4:15509195:C:T
chr4:15518170:C:T
chr4:15545829:C:T
chr4:15650883:G:A
chr4:15686030:T:C
chr4:15686475:T:A
chr4:15686782:C:T
chr4:15798903:C:T
chr4:15801218:C:T
chr4:15937568:A:G
chr4:16143842:G:T
chr4:16206514:G:T
chr4:16337183:G:T
chr4:16378132:A:G
chr4:16387118:G:A
chr4:16504111:C:T
chr4:16505260:T:C
chr4:16505472:T:C
chr4:16506401:A:T
chr4:16569524:C:G
chr4:16576620:T:G
chr4:16641235:T:A
chr4:16761627:A:G
chr4:16776630:C:A
chr4:16965052:A:T
chr4:16965088:T:G
chr4:16965264:G:A
chr4:17035843:G:C
chr4:17036099:A:G
chr4:17060777:G:A
chr4:17098718:A:G
chr4:17114056:T:G
chr4:17145623:G:T
chr4:17227351:A:G
chr4:17229680:T:C
chr4:17275195:C:T
chr4:17388682:A:T
chr4:17388853:G:A
chr4:17390488:C:T
chr4:17394320:T:A
chr4:17394619:A:G
chr4:17403244:C:A
chr4:17403681:A:G
chr4:17406291:A:T
chr4:17409666:T:C
chr4:17416992:C:T
chr4:17427900:C:T
chr4:17428462:A:G
chr4:17479637:A:T
chr4:17483962:T:A
chr4:17484154:T:C
chr4:17484311:T:A
chr4:17484818:C:A
chr4:17485102:A:G
chr4:17485419:C:G
chr4:17485476:G:A
chr4:17485513:C:G
chr4:17485584:C:T
chr4:17488639:T:C
chr4:17512055:C:T
chr4:17601450:C:G
chr4:17620509:T:C
chr4:17759707:G:A
chr4:17761059:C:T
chr4:17851719:C:T
chr4:17853711:A:G
chr4:18077153:G:C
chr4:18106451:C:G
chr4:18126276:C:T
chr4:18504170:A:G
chr4:18615422:A:T
chr4:18648196:A:G
chr4:18655556:A:G
chr4:18777447:A:T
chr4:18831903:G:C
chr4:18933825:T:G
chr4:18938060:A:T
chr4:19043738:T:C
chr4:19045663:G:T
chr4:19046164:G:A
chr4:19048152:C:T
chr4:19278244:T:C
chr4:19428299:T:C
chr4:19568359:G:A
chr4:19668340:A:C
chr4:19677717:G:A
chr4:19794778:G:A
chr4:19892797:C:T
chr4:19893218:A:G
chr4:20239355:A:G
chr4:20266707:T:C
chr4:20325496:T:C
chr4:20392739:G:A
chr4:20637908:G:A
chr4:20702574:C:T
chr4:20747964:C:T
chr4:20755529:C:T
chr4:20756651:A:C
chr4:20785047:C:T
chr4:20825749:T:G
chr4:20826505:C:G
chr4:20887987:C:A
chr4:20893116:T:C
chr4:20893461:C:G
chr4:20964471:T:C
chr4:20965427:A:C
chr4:20970809:C:T
chr4:20973339:T:A
chr4:20979134:A:T
chr4:20980757:C:G
chr4:20982161:T:G
chr4:20990236:G:A
chr4:21008264:A:G
chr4:21017253:A:G
chr4:21021716:T:C
chr4:21026961:G:T
chr4:21061250:T:C
chr4:21067425:A:G
chr4:21112622:C:A
chr4:21138386:G:T
chr4:21159617:C:T
chr4:21166878:T:A
chr4:21176658:A:G
chr4:21176759:A:G
chr4:21177420:C:T
chr4:21178206:C:A
chr4:21178447:A:G
chr4:21318056:G:A
chr4:21441489:T:A
chr4:21474984:T:C
chr4:21699427:T:C
chr4:21843367:C:A
chr4:21846039:G:A
chr4:21862852:C:T
chr4:22098301:T:A
chr4:22125229:A:T
chr4:23609795:T:C
chr4:24298480:A:T
chr4:24681834:A:G
chr4:24682146:C:T
chr4:24738907:G:A
chr4:24783550:T:G
chr4:24806667:A:T
chr4:24815939:A:G
chr4:24837071:A:C
chr4:24959127:G:A
chr4:24992518:C:T
chr4:25019339:A:G
chr4:25105132:G:A
chr4:25261048:C:A
chr4:25331944:C:T
chr4:25359302:C:T
chr4:25774756:C:A
chr4:25793277:C:G
chr4:25859650:C:T
chr4:27612203:C:T
chr4:27619464:A:G
chr4:27619853:G:T
chr4:27681879:T:C
chr4:27681892:C:G
chr4:27682696:G:A
chr4:27771373:A:G
chr4:27888519:A:C
chr4:27959361:A:G
chr4:28019352:T:C
chr4:28060527:A:C
chr4:28146734:C:G
chr4:28147873:A:G
chr4:28148518:A:T
chr4:28159864:T:C
chr4:28183927:G:A
chr4:28214642:G:A
chr4:28281030:A:G
chr4:28346978:A:C
chr4:28361409:G:A
chr4:29133863:G:A
chr4:29275304:C:G
chr4:29377712:G:A
chr4:29380663:T:C
chr4:29418994:T:G
chr4:29420696:G:T
chr4:29622607:C:T
chr4:29645816:A:G
chr4:29656872:C:T
chr4:29659398:G:T
chr4:29703867:A:G
chr4:29782016:G:T
chr4:29825553:T:C
chr4:30186349:T:C
chr4:31068168:A:G
chr4:31070959:G:C
chr4:31228610:A:G
chr4:31641345:A:C
chr4:31699947:G:A
chr4:32044281:A:G
chr4:32044308:A:T
chr4:32278691:T:G
chr4:32313556:A:C
chr4:32313580:T:G
chr4:32316450:A:G
chr4:32354491:A:C
chr4:32354797:T:C
chr4:32355328:T:C
chr4:32464000:A:G
chr4:32587386:G:A
chr4:32587841:G:C
chr4:32701097:G:T
chr4:32859673:G:T
chr4:32881870:A:T
chr4:32884626:A:G
chr4:32885871:A:G
chr4:32887528:C:A
chr4:32894192:C:T
chr4:33065775:T:C
chr4:33146818:G:C
chr4:33712590:C:T
chr4:33748633:G:T
chr4:34161324:T:C
chr4:34499808:C:T
chr4:34520098:T:A
chr4:34577660:G:A
chr4:34577765:A:G
chr4:35000852:G:C
chr4:35011380:A:G
chr4:35012159:T:C
chr4:35015422:G:A
chr4:35058584:C:T
chr4:35123985:T:C
chr4:35129006:C:T
chr4:35129253:C:T
chr4:35137386:T:A
chr4:35138001:G:A
chr4:35961922:G:A
chr4:36000994:C:A
chr4:36009559:C:A
chr4:36316267:G:A
chr4:36845421:C:G
chr4:36895440:G:C
chr4:36896684:C:T
chr4:36901661:A:G
chr4:36933687:T:C
chr4:37117986:T:A
chr4:37187000:A:G
chr4:37253412:T:C
chr4:37384363:T:C
chr4:37473033:C:G
chr4:37866276:A:C
chr4:37880527:C:G
chr4:37884034:C:A
chr4:37932518:T:C
chr4:37993613:T:G
chr4:37993881:C:G
chr4:38017691:G:C
chr4:38029421:T:A
chr4:38032268:G:C
chr4:38220911:G:T
chr4:38259668:A:G
chr4:38260043:T:G
chr4:38329082:T:G
chr4:38351962:C:A
chr4:38352870:G:A
chr4:38439583:C:G
chr4:38485676:A:G
chr4:38537781:T:A
chr4:38568655:G:T
chr4:38695031:T:A
chr4:38695112:C:A
chr4:38819830:G:A
chr4:38820455:A:G
chr4:38859873:C:T
chr4:39075668:T:C
chr4:39161537:G:A
chr4:39248912:T:G
chr4:39296649:T:C
chr4:39302364:A:C
chr4:39404951:C:G
chr4:39449880:C:T
chr4:39458972:C:T
chr4:39462506:A:C
chr4:39577371:T:A
chr4:39577381:T:G
chr4:39804788:G:A
chr4:39817054:A:C
chr4:39879037:T:C
chr4:39880243:T:C
chr4:39936589:G:C
chr4:39964031:G:C
chr4:39966252:T:C
chr4:39973339:A:C
chr4:39974403:T:C
chr4:39974666:A:T
chr4:40368761:A:T
chr4:40404633:A:G
chr4:40410165:C:A
chr4:40410307:T:A
chr4:40564874:C:T
chr4:40606286:G:A
chr4:40608205:T:A
chr4:41144968:T:C
chr4:41147533:C:T
chr4:41164065:A:T
chr4:41164084:G:T
chr4:41169639:A:C
chr4:41171419:C:T
chr4:41171841:C:A
chr4:41363847:G:A
chr4:41365818:T:A
chr4:41365934:A:G
chr4:41389988:A:T
chr4:41419353:G:A
chr4:41421462:T:G
chr4:41422239:A:G
chr4:41426236:C:A
chr4:41428513:T:C
chr4:41529222:C:A
chr4:41597430:C:G
chr4:41636489:G:C
chr4:41636539:G:T
chr4:41637818:T:C
chr4:41665635:C:G
chr4:41674047:G:A
chr4:41674586:C:G
chr4:41699148:C:A
chr4:41715430:G:A
chr4:41717642:A:T
chr4:41719163:G:T
chr4:41812285:A:G
chr4:41911807:G:A
chr4:41926639:G:C
chr4:41982947:G:T
chr4:41984644:A:T
chr4:41985177:A:G
chr4:41985839:C:T
chr4:41986276:G:C
chr4:41986965:C:T
chr4:42012970:T:C
chr4:42012990:G:A
chr4:42018924:C:T
chr4:42025993:C:A
chr4:42026548:C:T
chr4:42116755:A:C
chr4:42208871:G:T
chr4:42209878:A:T
chr4:42216514:A:G
chr4:42217685:C:G
chr4:42237388:G:T
chr4:42241828:T:C
chr4:42242188:C:G
chr4:42516671:T:A
chr4:42595329:C:T
chr4:42602342:A:T
chr4:42993464:C:G
chr4:43077115:A:G
chr4:43097406:T:C
chr4:43098206:C:T
chr4:43108577:T:G
chr4:43140538:T:C
chr4:43163256:C:T
chr4:43168495:C:T
chr4:43250579:A:C
chr4:43252431:A:C
chr4:43253784:A:T
chr4:43256650:G:C
chr4:43338875:T:C
chr4:43339076:T:G
chr4:43489442:T:C
chr4:43524502:A:G
chr4:43524506:A:G
chr4:43909140:G:T
chr4:44031807:A:T
chr4:44092637:A:G
chr4:44092737:C:G
chr4:44171249:A:T
chr4:44194793:C:A
chr4:44258289:T:G
chr4:44513608:C:T
chr4:44610383:A:C
chr4:44610515:T:A
chr4:44684952:A:C
chr4:44771000:G:A
chr4:44775668:G:C
chr4:45194338:T:C
chr4:45260145:T:A
chr4:45260657:A:G
chr4:45263938:A:G
chr4:45543086:C:G
chr4:45679971:A:G
chr4:45762327:T:C
chr4:45764448:A:G
chr4:45919987:C:T
chr4:45920241:G:A
chr4:46216177:C:T
chr4:46227511:T:C
chr4:46477509:G:T
chr4:46514857:C:G
chr4:46918634:C:T
chr4:46918955:A:C
chr4:46981701:C:T
chr4:47076863:G:A
chr4:47077043:A:G
chr4:47077410:A:T
chr4:47079544:A:C
chr4:47079779:T:C
chr4:47079938:G:A
chr4:47080334:G:C
chr4:47082497:G:C
chr4:47231385:T:G
chr4:47260906:G:C
chr4:47327079:G:A
chr4:47327224:A:G
chr4:47356346:C:T
chr4:47357899:C:A
chr4:47494092:T:A
chr4:47511026:T:C
chr4:47511126:G:A
chr4:47673720:G:T
chr4:47714442:G:T
chr4:47733744:A:G
chr4:47733822:C:T
chr4:47764252:T:C
chr4:47809532:C:A
chr4:47810846:T:G
chr4:47819604:G:C
chr4:47876789:T:G
chr4:47877692:C:T
chr4:47879442:C:T
chr4:48231136:T:C
chr4:48265255:C:G
chr4:48269430:T:G
chr4:48299833:A:C
chr4:48370998:A:G
chr4:48371278:A:C
chr4:48386184:A:C
chr4:48390281:T:G
chr4:48392336:C:T
chr4:48399470:G:C
chr4:48430076:A:G
chr4:48431205:C:T
chr4:48497535:G:C
chr4:48499355:T:G
chr4:48499706:A:G
chr4:48575434:T:C
chr4:48576275:T:C
chr4:48834367:A:T
chr4:48834519:C:T
chr4:49022733:C:T
chr4:49120557:C:T
chr4:49124876:A:T
chr4:49152230:A:C
chr4:49159015:G:A
chr4:49159056:T:C
chr4:49208899:G:T
chr4:49290018:C:T
chr4:49290924:C:T
chr4:49295129:T:C
chr4:49394369:T:A
chr4:49394440:G:C
chr4:49394842:A:G
chr4:49399368:G:T
chr4:49399551:C:T
chr4:49400024:T:G
chr4:49400397:T:G
chr4:49400784:A:G
chr4:49400822:A:G
chr4:49489019:C:T
chr4:49489956:G:A
chr4:49598529:A:G
chr4:49633953:A:G
chr4:49634128:C:T
chr4:49639582:G:C
chr4:49756042:A:C
chr4:49961393:G:A
chr4:50067910:A:G
chr4:50280433:T:A
chr4:50282682:T:C
chr4:50844209:T:C
chr4:50973519:C:T
chr4:51082272:C:A
chr4:51152335:T:A
chr4:51190143:T:A
chr4:51300671:G:A
chr4:51435172:A:C
chr4:51435321:A:G
chr4:51842822:T:A
chr4:51874542:G:A
chr4:51874808:T:C
chr4:52430840:A:C
chr4:52560113:G:T
chr4:53550343:G:T
chr4:53649770:G:A
chr4:53720953:A:G
chr4:53798557:C:T
chr4:53872153:C:A
chr4:53971158:C:T
chr4:53976218:G:C
chr4:54394602:A:T
chr4:54475882:T:G
chr4:54522107:G:C
chr4:55025253:A:G
chr4:55064009:C:T
chr4:55065131:T:G
chr4:55194100:C:A
chr4:55201400:T:A
chr4:55481507:G:A
chr4:55481708:T:G
chr4:55717292:T:C
chr4:55726539:C:G
chr4:55726587:A:G
chr4:55731677:A:C
chr4:55732510:G:T
chr4:55817460:C:G
chr4:55820418:T:A
chr4:55854945:C:G
chr4:55878663:A:G
chr4:55880548:A:G
chr4:56015085:C:A
chr4:56082255:C:T
chr4:56342027:G:A
chr4:56430784:A:G
chr4:56431341:C:A
chr4:56492907:T:C
chr4:56494220:C:T
chr4:56494269:A:G
chr4:56575329:T:C
chr4:56576747:A:G
chr4:56580261:G:A
chr4:56623378:G:A
chr4:56623648:A:C
chr4:56880955:G:A
chr4:57003440:G:A
chr4:57048225:T:G
chr4:57216026:C:T
chr4:57307504:G:A
chr4:57716994:G:A
chr4:57824151:T:C
chr4:59069312:A:C
chr4:59457823:G:T
chr4:59765688:T:C
chr4:59769479:A:C
chr4:59949056:C:G
chr4:60165128:G:T
chr4:60303881:T:G
chr4:60343825:T:C
chr4:60638558:T:C
chr4:60779260:T:C
chr4:60839868:G:A
chr4:61044300:G:T
chr4:61421607:C:G
chr4:61714873:A:T
chr4:61770934:C:A
chr4:61804849:A:G
chr4:62339212:C:T
chr4:62436594:C:A
chr4:62464287:A:T
chr4:62705776:G:A
chr4:62764549:C:T
chr4:62841561:A:G
chr4:62898193:A:T
chr4:62966478:T:C
chr4:62986056:T:C
chr4:63036575:C:G
chr4:63056881:T:C
chr4:63122122:C:T
chr4:63122223:T:C
chr4:63132222:A:G
chr4:63315162:C:T
chr4:63574384:G:A
chr4:63722470:C:T
chr4:64463191:A:G
chr4:64511653:C:T
chr4:64591170:G:C
chr4:64606308:G:A
chr4:64617737:A:G
chr4:64698608:G:C
chr4:64744455:T:A
chr4:64868076:A:G
chr4:64937258:T:C
chr4:64937317:G:A
chr4:64942235:T:G
chr4:64983824:A:G
chr4:64983830:C:T
chr4:64989153:T:C
chr4:65160831:C:T
chr4:65160897:C:T
chr4:65161001:T:C
chr4:65233534:C:A
chr4:65234077:C:T
chr4:65646875:G:A
chr4:65653300:A:G
chr4:65684565:T:C
chr4:65893835:T:A
chr4:65896299:C:A
chr4:66023004:C:T
chr4:66184369:G:A
chr4:66185826:G:A
chr4:66323249:A:G
chr4:66593145:A:G
chr4:66593432:C:T
chr4:66731386:G:T
chr4:66903874:A:G
chr4:67051389:T:C
chr4:67213727:G:A
chr4:67762682:G:A
chr4:67811186:G:A
chr4:67858726:C:G
chr4:68096787:A:T
chr4:68381933:G:A
chr4:68396224:A:G
chr4:68588169:C:T
chr4:68780100:C:T
chr4:69094107:A:C
chr4:69427446:T:C
chr4:69448601:T:C
chr4:70293167:C:A
chr4:70319781:C:G
chr4:70372582:A:G
chr4:70396725:A:C
chr4:70417183:A:G
chr4:70635877:C:A
chr4:70733310:G:T
chr4:70756419:A:C
chr4:70770931:C:T
chr4:70958026:T:A
chr4:70998691:A:G
chr4:71003591:T:C
chr4:71013153:T:A
chr4:71015134:A:G
chr4:71049570:C:T
chr4:71066430:T:A
chr4:71067469:C:G
chr4:71111258:A:C
chr4:71352290:T:A
chr4:71391614:C:T
chr4:71411582:G:A
chr4:71469444:C:T
chr4:71538672:C:T
chr4:71547064:G:C
chr4:71569595:A:C
chr4:71572637:G:T
chr4:72018483:A:G
chr4:72041458:C:A
chr4:72052984:C:G
chr4:72321546:G:A
chr4:72383900:G:A
chr4:72413273:A:T
chr4:72413297:A:T
chr4:72429505:A:C
chr4:72470927:G:T
chr4:72713223:C:A
chr4:72747801:G:T
chr4:72791701:G:C
chr4:72916820:C:A
chr4:73027200:G:T
chr4:73151697:A:T
chr4:73174679:T:C
chr4:73175503:T:A
chr4:73239387:T:C
chr4:73248412:T:C
chr4:73248571:A:T
chr4:73259919:T:A
chr4:73334467:C:T
chr4:73334781:C:T
chr4:73447013:C:A
chr4:73664746:A:C
chr4:73667160:C:A
chr4:73725075:T:C
chr4:73807080:T:G
chr4:73807271:T:A
chr4:73857951:A:G
chr4:73876865:A:G
chr4:73876943:A:G
chr4:74068440:G:A
chr4:74355622:A:G
chr4:74533795:A:T
chr4:74619578:G:A
chr4:74625946:T:C
chr4:75107790:G:A
chr4:75239981:A:T
chr4:75564397:A:G
chr4:75620557:A:T
chr4:75622725:C:A
chr4:75635750:T:C
chr4:75719307:C:T
chr4:75719700:C:T
chr4:76289037:T:C
chr4:76468972:C:G
chr4:77289841:A:T
chr4:77318002:C:T
chr4:77323395:G:A
chr4:77606822:A:G
chr4:77630588:G:A
chr4:77762392:G:A
chr4:77788543:G:C
chr4:77905008:G:A
chr4:77912303:G:C
chr4:78065939:G:C
chr4:78162987:A:G
chr4:78222346:T:A
chr4:78222352:T:A
chr4:78333859:T:C
chr4:78333874:C:T
chr4:78343672:C:T
chr4:78384833:A:G
chr4:78641934:C:G
chr4:78827063:A:G
chr4:78902439:G:A
chr4:78959409:C:T
chr4:78990095:C:G
chr4:79058521:T:C
chr4:79437251:C:T
chr4:79613050:A:C
chr4:79613058:T:A
chr4:79926814:T:C
chr4:80080606:A:G
chr4:80344889:C:T
chr4:80413788:C:A
chr4:81205246:A:T
chr4:81243796:A:T
chr4:81388985:G:A
chr4:82975150:C:A
chr4:83489781:T:C
chr4:83576436:T:G
chr4:83627978:C:T
chr4:83665220:C:T
chr4:83971051:A:T
chr4:84147298:T:G
chr4:84225441:G:T
chr4:84285049:T:C
chr4:84285127:G:A
chr4:84287627:A:G
chr4:84288361:A:G
chr4:84288513:G:A
chr4:84694079:T:C
chr4:84943311:C:T
chr4:85055788:C:T
chr4:85135591:C:A
chr4:85135641:G:A
chr4:85258286:C:A
chr4:85263710:C:T
chr4:85268496:C:T
chr4:85275880:G:A
chr4:85518737:G:A
chr4:85587920:T:C
chr4:85611033:G:C
chr4:85744943:G:T
chr4:85795566:T:C
chr4:85807614:A:G
chr4:86107064:A:T
chr4:86122541:A:G
chr4:86158010:G:T
chr4:86206437:G:A
chr4:86253989:T:C
chr4:86300430:G:C
chr4:86308546:G:A
chr4:86483405:T:A
chr4:86583732:C:G
chr4:86584220:G:A
chr4:86726930:T:C
chr4:86853473:A:G
chr4:87026303:C:T
chr4:87046958:A:G
chr4:87057825:A:T
chr4:87085232:T:A
chr4:87184922:G:A
chr4:87187902:T:C
chr4:87245088:T:C
chr4:87487273:C:G
chr4:87490654:A:C
chr4:87655864:G:C
chr4:87715631:T:C
chr4:87723380:T:C
chr4:87821844:C:T
chr4:87827580:A:T
chr4:87951016:A:G
chr4:88176916:G:T
chr4:88221856:C:G
chr4:88273333:T:A
chr4:88294237:T:A
chr4:88294808:G:A
chr4:88523900:A:G
chr4:88626688:G:C
chr4:88702763:C:T
chr4:88720275:C:G
chr4:88771976:T:A
chr4:88772143:T:A
chr4:88919301:G:T
chr4:88989717:G:A
chr4:88990095:C:G
chr4:88992110:G:C
chr4:89061635:T:A
chr4:89061749:T:G
chr4:89580251:G:T
chr4:89674664:C:A
chr4:89674838:A:G
chr4:89759978:T:C
chr4:89815253:T:C
chr4:90047972:C:A
chr4:90054423:G:T
chr4:90119211:A:T
chr4:90121272:T:C
chr4:90121677:A:G
chr4:90122487:C:T
chr4:90135566:G:C
chr4:90206393:A:G
chr4:90218633:T:G
chr4:90218700:C:T
chr4:90218931:A:T
chr4:90320197:C:T
chr4:90448971:G:A
chr4:90569502:A:G
chr4:90947912:A:G
chr4:91054084:C:T
chr4:91131783:T:G
chr4:91208341:G:A
chr4:91244156:C:A
chr4:91528856:G:A
chr4:91652544:A:G
chr4:91732871:T:C
chr4:91735005:G:A
chr4:91741600:A:T
chr4:91820148:C:G
chr4:91834755:C:G
chr4:91864319:G:T
chr4:91960162:T:G
chr4:91990487:A:C
chr4:92012106:T:G
chr4:92014309:T:C
chr4:92223761:C:T
chr4:92241978:T:G
chr4:92309932:G:A
chr4:92310054:C:A
chr4:92531984:C:T
chr4:92557928:A:G
chr4:92558077:C:T
chr4:93697262:C:T
chr4:94041180:C:G
chr4:94462304:C:A
chr4:94463152:T:A
chr4:94465923:A:T
chr4:94466752:T:G
chr4:94471747:C:A
chr4:94507125:C:T
chr4:94553005:T:C
chr4:94565231:C:T
chr4:94593633:T:C
chr4:94629225:C:A
chr4:94642483:C:A
chr4:95267809:A:C
chr4:95299174:A:T
chr4:95315002:G:A
chr4:95535947:C:G
chr4:95678226:T:C
chr4:95686183:A:C
chr4:96378497:T:G
chr4:96506990:G:A
chr4:96533051:G:A
chr4:96886438:C:T
chr4:97410264:C:A
chr4:97655019:C:T
chr4:97655061:C:T
chr4:97660767:T:C
chr4:97689228:T:G
chr4:97770461:T:G
chr4:97770475:T:A
chr4:97785059:T:C
chr4:97899063:G:A
chr4:97901917:G:C
chr4:97947529:C:T
chr4:97947689:G:A
chr4:97950787:A:T
chr4:97950835:G:T
chr4:97952436:G:A
chr4:97958279:G:C
chr4:97960420:G:A
chr4:97960528:G:T
chr4:97960564:A:T
chr4:97969484:T:A
chr4:97974256:T:G
chr4:97974264:T:C
chr4:97974425:A:C
chr4:97982109:G:A
chr4:97989325:T:C
chr4:97992283:T:C
chr4:98001058:T:A
chr4:98003523:C:A
chr4:98003879:T:G
chr4:98004008:G:A
chr4:98006935:T:C
chr4:98009675:A:T
chr4:98018728:A:T
chr4:98020251:C:A
chr4:98020417:G:A
chr4:98020748:C:T
chr4:98040851:C:A
chr4:98043755:G:A
chr4:98043968:T:A
chr4:98087835:A:G
chr4:98097498:C:A
chr4:98111899:A:G
chr4:98119036:C:T
chr4:98119743:G:T
chr4:98146518:G:A
chr4:98150971:A:G
chr4:98155221:A:C
chr4:98156683:T:G
chr4:98164892:G:C
chr4:98167110:G:T
chr4:98188231:T:C
chr4:98188417:G:C
chr4:98216713:G:A
chr4:98219550:C:T
chr4:98220894:T:A
chr4:98262635:A:G
chr4:98360786:A:T
chr4:98365291:A:G
chr4:98365414:G:A
chr4:98365690:C:T
chr4:98387451:A:G
chr4:98403642:A:G
chr4:98516365:G:T
chr4:98613362:G:A
chr4:98665532:T:G
chr4:98665752:A:G
chr4:98697690:A:G
chr4:98709368:A:G
chr4:98720925:A:C
chr4:98727582:C:A
chr4:98761804:T:G
chr4:98764818:G:T
chr4:98767120:T:C
chr4:98779529:G:C
chr4:98794347:G:A
chr4:98794888:A:C
chr4:98801536:C:T
chr4:98806677:C:G
chr4:98817334:T:A
chr4:98817543:T:C
chr4:98831519:A:G
chr4:98862472:T:G
chr4:98862707:C:G
chr4:98862708:A:G
chr4:98862814:C:T
chr4:98865515:C:T
chr4:98880119:A:G
chr4:98885236:A:G
chr4:98887316:T:A
chr4:98890250:C:T
chr4:98891522:A:C
chr4:98892095:C:T
chr4:98895225:C:T
chr4:98898160:C:A
chr4:98898885:C:T
chr4:98899512:G:A
chr4:98899558:C:A
chr4:98901419:T:A
chr4:98901924:G:A
chr4:98902780:C:T
chr4:98906924:T:C
chr4:98939811:A:G
chr4:98943527:C:T
chr4:98956560:G:A
chr4:98958930:T:C
chr4:98962017:A:T
chr4:98975181:A:C
chr4:98976801:T:A
chr4:98980198:C:T
chr4:98981806:C:T
chr4:98986976:C:A
chr4:98987453:A:T
chr4:98992727:C:T
chr4:98993508:A:G
chr4:98993675:C:T
chr4:98993800:G:C
chr4:98994135:A:G
chr4:98994913:C:T
chr4:98994994:C:G
chr4:98995105:T:C
chr4:98995229:A:G
chr4:98995879:T:C
chr4:98996074:A:G
chr4:98997107:C:G
chr4:98997582:T:C
chr4:99046546:C:T
chr4:99063413:C:T
chr4:99063467:A:G
chr4:99115034:C:T
chr4:99475542:A:C
chr4:99664188:A:G
chr4:99752800:C:A
chr4:100046852:G:C
chr4:100322382:A:G
chr4:100392853:C:T
chr4:100499524:C:A
chr4:100569721:C:T
chr4:100569816:T:A
chr4:100570615:G:C
chr4:100679980:T:G
chr4:100680092:C:T
chr4:100705266:A:G
chr4:100711866:T:C
chr4:100767065:A:T
chr4:100767072:G:A
chr4:101423979:G:A
chr4:101424335:T:G
chr4:101424924:A:C
chr4:101425364:G:T
chr4:101425451:G:T
chr4:101458467:T:A
chr4:101459414:T:G
chr4:101459444:G:T
chr4:101783411:T:C
chr4:101807266:A:G
chr4:101810194:A:C
chr4:102207242:T:C
chr4:102236951:T:G
chr4:102239988:T:G
chr4:102240114:T:C
chr4:102240293:G:A
chr4:102287513:C:A
chr4:102287625:A:C
chr4:102293314:A:C
chr4:102337901:T:C
chr4:102338195:T:A
chr4:102408438:G:A
chr4:102500880:C:T
chr4:102511463:G:C
chr4:102511811:G:T
chr4:102530917:T:A
chr4:102531889:A:T
chr4:102532015:A:G
chr4:102532054:G:A
chr4:102556598:C:T
chr4:102578178:A:C
chr4:102579196:A:C
chr4:102593678:T:C
chr4:102609493:T:A
chr4:102631217:A:C
chr4:102631226:G:A
chr4:102633300:T:G
chr4:102634473:T:A
chr4:102638348:A:C
chr4:102642767:A:T
chr4:102673338:A:G
chr4:103073683:G:A
chr4:103202690:T:A
chr4:105177192:C:T
chr4:105266032:A:G
chr4:105504122:T:G
chr4:105506176:A:G
chr4:105665393:T:C
chr4:105730552:T:C
chr4:105730825:A:G
chr4:105916998:C:T
chr4:105917228:T:A
chr4:105918638:T:A
chr4:105944854:G:T
chr4:106091781:T:G
chr4:106091896:T:C
chr4:106094327:A:G
chr4:106094693:G:T
chr4:106123387:T:G
chr4:106133559:T:C
chr4:106138544:A:G
chr4:106207328:A:G
chr4:106207574:A:T
chr4:106271346:T:G
chr4:106349497:G:C
chr4:106349804:T:C
chr4:106350245:G:A
chr4:106350590:C:G
chr4:106351419:A:T
chr4:106352854:A:C
chr4:106352884:A:C
chr4:106360544:A:T
chr4:106368576:C:A
chr4:106610050:G:A
chr4:106621959:A:T
chr4:106623468:T:A
chr4:106627589:T:C
chr4:106653989:G:C
chr4:106693650:T:G
chr4:106713181:T:C
chr4:106713406:T:C
chr4:106905800:C:T
chr4:107010345:A:G
chr4:107010402:G:C
chr4:107023168:T:G
chr4:107038564:C:T
chr4:107097287:T:C
chr4:107097499:T:G
chr4:107207744:C:G
chr4:107346158:C:G
chr4:107387981:T:C
chr4:107590108:C:T
chr4:107634151:C:T
chr4:109024571:C:T
chr4:109493610:C:T
chr4:110368724:C:A
chr4:110570415:A:T
chr4:110570983:A:G
chr4:111002950:G:T
chr4:111061643:A:C
chr4:111061919:G:C
chr4:111210094:T:A
chr4:111262089:A:G
chr4:111313956:G:T
chr4:111322803:G:T
chr4:111324357:T:A
chr4:111325195:C:A
chr4:111339835:T:A
chr4:111340227:T:C
chr4:111343154:G:T
chr4:111369564:T:C
chr4:111742655:G:A
chr4:111751205:C:T
chr4:111817788:C:T
chr4:111833285:T:A
chr4:111870094:C:T
chr4:112306446:A:G
chr4:112315022:G:A
chr4:112319140:A:G
chr4:112319242:A:T
chr4:112392363:T:C
chr4:112517174:C:G
chr4:112517659:G:A
chr4:112518971:A:T
chr4:112610633:T:C
chr4:112618044:T:C
chr4:112993827:T:C
chr4:113173422:C:G
chr4:113591823:C:T
chr4:113686063:A:G
chr4:113687094:C:T
chr4:113705386:A:G
chr4:113774172:G:A
chr4:113807000:G:C
chr4:113809998:C:A
chr4:113815722:A:T
chr4:114031491:G:A
chr4:114031707:C:G
chr4:114082029:A:G
chr4:114084668:A:T
chr4:114085073:G:A
chr4:114087082:T:A
chr4:114125178:C:G
chr4:114152744:C:A
chr4:114152941:A:G
chr4:114265496:G:C
chr4:114360121:T:A
chr4:114363860:T:A
chr4:114394235:A:T
chr4:114463514:C:G
chr4:114466780:T:C
chr4:114716168:A:C
chr4:114733651:A:C
chr4:114873150:C:T
chr4:114956503:A:G
chr4:114956768:G:T
chr4:115202652:A:T
chr4:115298361:G:T
chr4:115315609:C:T
chr4:115424872:A:C
chr4:115465486:C:T
chr4:115559697:A:G
chr4:115595645:G:A
chr4:115634826:G:C
chr4:115795480:G:A
chr4:116202740:C:A
chr4:117064811:C:G
chr4:117665575:T:C
chr4:117682222:C:A
chr4:118410101:C:T
chr4:118538794:C:T
chr4:118769360:G:A
chr4:119973417:C:G
chr4:120112133:C:T
chr4:120292011:T:A
chr4:121153335:C:T
chr4:121174448:A:G
chr4:121892044:G:A
chr4:122360819:G:A
chr4:122842391:G:A
chr4:122843626:A:G
chr4:122986493:C:G
chr4:123516439:G:A
chr4:123645795:T:C
chr4:123740173:T:C
chr4:123819419:C:T
chr4:123954024:A:C
chr4:124114818:C:T
chr4:124230178:C:T
chr4:124333107:T:G
chr4:124566261:T:A
chr4:124759430:A:T
chr4:124974497:C:G
chr4:124974663:C:G
chr4:125278831:T:G
chr4:125280446:T:A
chr4:125923056:T:C
chr4:125935748:A:G
chr4:126067436:A:G
chr4:126214264:A:G
chr4:126355250:C:A
chr4:126568601:G:C
chr4:126604653:T:A
chr4:126604751:T:C
chr4:127834523:T:C
chr4:127881405:G:T
chr4:127934458:A:G
chr4:128075668:T:C
chr4:128783840:G:A
chr4:128918390:G:C
chr4:128989573:T:C
chr4:128990094:T:C
chr4:129069263:C:T
chr4:129138708:T:G
chr4:129140295:T:C
chr4:129212127:A:C
chr4:129251282:T:C
chr4:129255097:G:A
chr4:129751480:G:T
chr4:129893863:A:G
chr4:130049511:G:T
chr4:130052485:T:C
chr4:130463494:A:G
chr4:130526460:A:G
chr4:130690549:G:T
chr4:130773812:A:C
chr4:130816846:G:T
chr4:130879966:A:G
chr4:130945034:G:A
chr4:131142836:T:C
chr4:131188780:G:C
chr4:131198009:A:G
chr4:131475438:G:A
chr4:131507643:T:C
chr4:131562240:T:C
chr4:131646372:G:A
chr4:131789075:C:A
chr4:131799482:C:T
chr4:132131472:T:A
chr4:132229483:T:G
chr4:132643861:C:T
chr4:132735183:T:A
chr4:132736685:C:T
chr4:132736975:C:T
chr4:133018857:T:G
chr4:133036964:G:A
chr4:133694094:C:T
chr4:133802882:G:C
chr4:133822108:G:C
chr4:134078460:G:A
chr4:134110318:C:T
chr4:134215329:C:A
chr4:134874931:T:C
chr4:134956908:T:G
chr4:135131774:G:A
chr4:135309103:T:C
chr4:135471503:A:G
chr4:135471686:C:T
chr4:135538428:A:C
chr4:135538776:G:C
chr4:135601711:A:T
chr4:136130614:T:C
chr4:136284615:T:C
chr4:136284851:A:G
chr4:136303452:G:A
chr4:136731158:G:A
chr4:136734200:A:T
chr4:136763457:C:A
chr4:136783268:A:G
chr4:136785371:C:A
chr4:136959973:A:G
chr4:137055539:T:C
chr4:137079709:A:C
chr4:138067279:T:C
chr4:138149803:T:C
chr4:138150411:T:G
chr4:138258902:T:C
chr4:138259248:G:A
chr4:138291851:G:A
chr4:138324386:G:T
chr4:138324417:C:T
chr4:138756867:A:G
chr4:138886095:C:A
chr4:138901854:G:A
chr4:138966338:G:A
chr4:139172919:A:G
chr4:139289300:C:A
chr4:139303433:G:A
chr4:139341088:T:A
chr4:139458769:C:T
chr4:139559904:T:C
chr4:139810272:G:C
chr4:139831367:T:C
chr4:139832517:C:T
chr4:139846815:A:T
chr4:139955582:G:A
chr4:139963124:A:G
chr4:140128031:G:A
chr4:140128035:G:A
chr4:140282094:A:G
chr4:140329459:C:T
chr4:140329979:G:C
chr4:140641199:G:T
chr4:141491654:C:T
chr4:141720027:A:C
chr4:142362954:G:A
chr4:142390693:A:G
chr4:143273136:G:C
chr4:143275903:A:G
chr4:143322084:G:A
chr4:143432165:G:A
chr4:143432968:G:T
chr4:143577015:T:A
chr4:143630797:C:T
chr4:143715038:A:T
chr4:143715463:A:G
chr4:143772828:G:T
chr4:143957945:T:C
chr4:143969109:G:C
chr4:143979829:A:T
chr4:144029418:C:G
chr4:144030222:G:T
chr4:144228720:A:G
chr4:144886398:C:T
chr4:145155190:A:G
chr4:145214342:T:C
chr4:145236141:C:A
chr4:145290623:T:C
chr4:145539895:G:C
chr4:145621044:G:A
chr4:145911197:G:A
chr4:145914520:G:A
chr4:145914561:C:G
chr4:146054125:C:G
chr4:146054265:C:G
chr4:146078998:A:C
chr4:146157552:G:T
chr4:146164734:A:G
chr4:146375010:C:A
chr4:146375519:C:T
chr4:146527409:G:A
chr4:146786958:T:G
chr4:146805833:G:A
chr4:147092602:G:A
chr4:147224369:C:T
chr4:147503182:A:G
chr4:147661191:T:C
chr4:147664880:A:C
chr4:147678362:G:T
chr4:147680635:A:G
chr4:147681191:A:G
chr4:147683857:T:G
chr4:147684089:C:G
chr4:147699081:C:T
chr4:147701413:G:A
chr4:147705241:C:T
chr4:147705369:T:C
chr4:147872713:G:A
chr4:148172317:C:T
chr4:148261246:G:A
chr4:148298646:C:G
chr4:148655629:T:C
chr4:148843734:T:C
chr4:148934409:T:C
chr4:149229710:T:A
chr4:149233329:T:C
chr4:149575609:A:C
chr4:149580679:T:A
chr4:149636726:G:T
chr4:149674482:C:T
chr4:149765670:C:T
chr4:149805112:A:G
chr4:149805320:G:T
chr4:149805322:T:C
chr4:149807825:T:A
chr4:149810537:G:C
chr4:149930195:C:A
chr4:149948577:C:A
chr4:150372743:G:A
chr4:150453706:C:T
chr4:150453823:C:T
chr4:150453934:A:G
chr4:150563432:G:T
chr4:150566493:G:A
chr4:150597073:C:T
chr4:150653701:G:A
chr4:150654377:G:T
chr4:150744105:G:A
chr4:150794527:T:C
chr4:150834233:G:T
chr4:150861027:C:T
chr4:150869101:T:C
chr4:150906267:G:A
chr4:150928534:G:T
chr4:150928600:C:T
chr4:151338502:T:G
chr4:151415590:C:A
chr4:151528761:T:C
chr4:151555672:G:C
chr4:151596942:T:C
chr4:151649564:C:T
chr4:151649879:C:T
chr4:152077021:A:T
chr4:152214918:T:C
chr4:152259641:T:C
chr4:152374126:C:T
chr4:152477296:C:T
chr4:152524878:C:A
chr4:152604253:G:A
chr4:152604402:A:C
chr4:152605072:T:C
chr4:152605783:C:A
chr4:152609661:T:A
chr4:152655188:G:A
chr4:152735886:G:T
chr4:152763098:A:G
chr4:152773231:G:A
chr4:152863994:T:C
chr4:154394357:A:G
chr4:154508854:A:G
chr4:154509047:C:T
chr4:154864698:C:T
chr4:154911323:G:C
chr4:154961713:C:T
chr4:154962051:T:G
chr4:154962598:T:A
chr4:154966340:G:A
chr4:155014925:A:T
chr4:155018830:C:T
chr4:155035114:A:T
chr4:155101982:C:A
chr4:155132892:C:T
chr4:155136211:C:T
chr4:155154234:A:G
chr4:155287091:C:T
chr4:155358598:C:T
chr4:155358825:C:T
chr4:155405908:A:G
chr4:155455198:A:T
chr4:155455475:C:A
chr4:155462493:C:G
chr4:155471679:A:C
chr4:155483395:G:T
chr4:155490301:T:A
chr4:155617708:T:C
chr4:155648635:A:C
chr4:155648796:T:A
chr4:156216992:A:G
chr4:156239222:C:A
chr4:156256145:C:T
chr4:156304533:G:C
chr4:156447556:G:A
chr4:156477974:T:C
chr4:156653229:C:T
chr4:156720581:T:G
chr4:156756242:T:C
chr4:156901705:C:T
chr4:157065648:A:G
chr4:157446877:A:C
chr4:157448691:T:C
chr4:158462875:C:A
chr4:158571476:C:T
chr4:158803482:A:G
chr4:158883705:A:G
chr4:159085635:A:G
chr4:159086063:G:T
chr4:159196328:T:C
chr4:159210730:G:C
chr4:159399806:A:G
chr4:160211611:C:T
chr4:160723455:T:G
chr4:160924871:G:A
chr4:161011698:T:G
chr4:161011962:T:C
chr4:161079689:T:C
chr4:161100725:C:T
chr4:161454431:A:G
chr4:161506433:C:A
chr4:161883225:C:G
chr4:162869059:T:C
chr4:163370142:T:C
chr4:163688531:T:C
chr4:163804636:A:G
chr4:165323359:G:A
chr4:166051449:G:A
chr4:167683501:G:A
chr4:168010774:G:A
chr4:168011823:A:G
chr4:168549802:T:G
chr4:168674361:G:A
chr4:168892168:A:C
chr4:168936140:T:C
chr4:168937346:A:G
chr4:168957915:C:A
chr4:169080786:T:G
chr4:169081440:T:C
chr4:169116960:T:G
chr4:169117079:A:G
chr4:169178919:A:G
chr4:169179511:T:C
chr4:169224859:A:G
chr4:169380782:T:C
chr4:169445659:C:T
chr4:170376835:T:G
chr4:170442472:A:T
chr4:170475160:C:T
chr4:170492054:A:G
chr4:170492387:A:G
chr4:171162815:T:C
chr4:171653970:T:C
chr4:171654118:C:G
chr4:171654215:T:C
chr4:171656229:A:C
chr4:171658328:G:A
chr4:171688463:C:T
chr4:171698673:C:T
chr4:171936066:A:T
chr4:172111461:A:G
chr4:172111472:C:T
chr4:172111806:G:A
chr4:172372767:A:G
chr4:172373421:C:T
chr4:172389345:T:C
chr4:172423073:C:T
chr4:172479929:T:C
chr4:172541602:T:G
chr4:172649640:C:G
chr4:172650152:A:G
chr4:172651586:C:A
chr4:172653646:C:A
chr4:172653926:G:A
chr4:172668533:T:G
chr4:172724838:G:T
chr4:172725377:T:G
chr4:172725910:G:C
chr4:172777722:C:T
chr4:172802105:C:T
chr4:173035519:G:T
chr4:173054352:C:T
chr4:173124043:A:G
chr4:173142452:A:G
chr4:173168002:C:T
chr4:173225759:C:T
chr4:173226836:G:T
chr4:173253760:A:G
chr4:173255906:G:A
chr4:173258301:T:C
chr4:173258347:T:C
chr4:173468572:C:T
chr4:173574326:T:G
chr4:173659469:A:G
chr4:173706338:G:A
chr4:173710346:G:C
chr4:173718683:A:C
chr4:173719115:T:C
chr4:173760320:G:A
chr4:173813293:C:T
chr4:173814923:T:C
chr4:173891748:G:A
chr4:173971772:A:C
chr4:174744489:G:T
chr4:174982320:T:C
chr4:175000539:G:A
chr4:175141935:G:A
chr4:175152207:G:A
chr4:175345081:A:T
chr4:176028845:T:A
chr4:176876494:C:G
chr4:176903320:G:A
chr4:176903327:G:A
chr4:177734481:A:G
chr4:177736882:C:A
chr4:178128871:G:A
chr4:178333825:A:C
chr4:178468428:C:G
chr4:178694947:T:A
chr4:180568483:T:C
chr4:181338563:A:G
chr4:181420191:C:A
chr4:181420291:G:A
chr4:181424818:A:C
chr4:181426474:C:T
chr4:181511485:C:A
chr4:181584809:A:C
chr4:181584943:A:C
chr4:181587927:G:A
chr4:181713798:A:G
chr4:181950460:T:C
chr4:182043291:C:T
chr5:142:C:A
chr5:18931:C:T
chr5:35561:T:G
chr5:39693:A:T
chr5:41041:G:C
chr5:41179:G:A
chr5:42793:A:T
chr5:46208:C:T
chr5:50760:C:T
chr5:184514:T:C
chr5:196701:G:T
chr5:199683:C:G
chr5:202503:A:G
chr5:208004:C:G
chr5:209190:G:T
chr5:216700:A:C
chr5:217819:T:A
chr5:223624:C:A
chr5:226425:G:T
chr5:229196:A:T
chr5:229410:T:G
chr5:231666:T:A
chr5:242955:C:A
chr5:274152:A:T
chr5:281820:A:T
chr5:285736:A:T
chr5:293749:A:T
chr5:295285:C:T
chr5:304624:C:T
chr5:309753:C:T
chr5:310853:A:G
chr5:313048:A:C
chr5:318131:A:T
chr5:318399:A:T
chr5:320417:T:A
chr5:321857:C:A
chr5:323728:G:T
chr5:351445:T:A
chr5:351609:G:A
chr5:371540:T:C
chr5:371552:C:T
chr5:371610:A:T
chr5:377760:A:T
chr5:380227:C:A
chr5:380794:C:A
chr5:383168:C:A
chr5:383251:T:A
chr5:383938:T:C
chr5:385222:T:C
chr5:385235:T:C
chr5:385993:G:A
chr5:387161:C:T
chr5:387743:T:C
chr5:387815:G:A
chr5:390542:T:C
chr5:390676:T:A
chr5:400346:C:T
chr5:400918:T:G
chr5:401878:T:C
chr5:409490:A:G
chr5:559631:C:T
chr5:691253:A:C
chr5:851684:A:G
chr5:864324:A:T
chr5:873719:A:G
chr5:883093:T:A
chr5:910111:C:G
chr5:910290:G:A
chr5:911205:T:C
chr5:911267:C:T
chr5:914181:C:T
chr5:914950:G:T
chr5:923768:G:T
chr5:924348:A:C
chr5:942659:T:A
chr5:973431:C:T
chr5:973617:G:A
chr5:975006:T:C
chr5:1002981:G:T
chr5:1010866:T:G
chr5:1035683:T:C
chr5:1035807:A:T
chr5:1059379:A:C
chr5:1091274:C:A
chr5:1091292:T:C
chr5:1124059:T:C
chr5:1133710:C:A
chr5:1136119:T:G
chr5:1136265:A:G
chr5:1154958:A:T
chr5:1247881:T:C
chr5:1256609:A:C
chr5:1260012:A:T
chr5:1484194:G:A
chr5:1550248:C:T
chr5:1554384:C:G
chr5:1555894:T:C
chr5:1664246:C:G
chr5:1664526:T:G
chr5:1665008:G:T
chr5:1733390:A:T
chr5:1734789:T:A
chr5:1738152:G:T
chr5:1980780:T:G
chr5:2231999:T:G
chr5:2235840:A:G
chr5:2235900:C:T
chr5:2276360:G:C
chr5:2276982:G:C
chr5:2309758:G:A
chr5:2321485:C:G
chr5:2321909:G:A
chr5:2557486:C:T
chr5:2560406:G:C
chr5:2561258:C:T
chr5:2711782:T:G
chr5:2728842:T:C
chr5:2831135:A:G
chr5:2880529:T:C
chr5:2885834:T:A
chr5:3064926:C:G
chr5:3093923:C:T
chr5:3228870:A:T
chr5:3501910:C:T
chr5:3717349:A:C
chr5:3718993:A:C
chr5:3816468:T:G
chr5:3859665:T:C
chr5:3869020:C:T
chr5:3966714:A:G
chr5:3971827:A:G
chr5:4266456:G:A
chr5:4647579:T:C
chr5:4647627:T:C
chr5:4712125:A:C
chr5:5035454:G:A
chr5:5126455:C:A
chr5:5297055:A:G
chr5:5492415:G:A
chr5:5548620:G:A
chr5:5626501:G:A
chr5:5815567:C:T
chr5:5938986:T:C
chr5:5939087:G:A
chr5:6248897:T:C
chr5:6303063:G:T
chr5:6304455:G:A
chr5:6416749:T:C
chr5:6424080:G:T
chr5:6569073:C:T
chr5:6590912:T:C
chr5:6726438:A:G
chr5:6727119:T:A
chr5:6727776:C:T
chr5:6727922:C:T
chr5:6729145:G:A
chr5:6732037:G:C
chr5:6732071:A:C
chr5:6783487:T:C
chr5:6783530:T:G
chr5:6816867:C:A
chr5:6817327:C:T
chr5:6819032:G:A
chr5:6820472:T:A
chr5:6822454:A:G
chr5:6822461:C:G
chr5:6910701:T:C
chr5:6982694:C:G
chr5:6983875:A:G
chr5:6983962:A:C
chr5:6985741:T:A
chr5:6986930:T:C
chr5:7026102:T:C
chr5:7036626:A:G
chr5:7087435:A:G
chr5:7188254:A:C
chr5:7214682:G:T
chr5:7255456:A:G
chr5:7255527:T:C
chr5:7296430:A:T
chr5:7560402:A:C
chr5:7575284:C:T
chr5:7614237:T:A
chr5:7614289:G:A
chr5:7648706:A:G
chr5:7649145:A:G
chr5:7650126:G:A
chr5:7656227:G:T
chr5:7656747:C:G
chr5:7656998:C:T
chr5:7663216:T:C
chr5:7663606:G:A
chr5:7663960:G:A
chr5:7707160:T:G
chr5:7736860:A:T
chr5:7911729:C:A
chr5:7912333:G:T
chr5:8005462:G:A
chr5:8020710:G:T
chr5:8271925:A:G
chr5:8298341:T:C
chr5:8302923:A:T
chr5:8380889:C:T
chr5:8382276:C:T
chr5:9462296:G:T
chr5:9632421:C:G
chr5:9634909:G:A
chr5:9772254:C:G
chr5:9811144:A:G
chr5:9811177:T:G
chr5:9814803:G:C
chr5:9815766:C:T
chr5:9830342:T:C
chr5:9845756:A:G
chr5:9845878:A:G
chr5:9846612:T:C
chr5:9907427:G:A
chr5:9909743:A:G
chr5:9910946:C:T
chr5:9989328:T:C
chr5:9991396:A:T
chr5:10056131:A:T
chr5:10076179:G:A
chr5:10100502:T:A
chr5:10100730:T:C
chr5:10168131:C:T
chr5:10204545:G:A
chr5:10308970:T:C
chr5:10309141:C:T
chr5:10445306:T:A
chr5:10661220:T:G
chr5:10661399:T:C
chr5:10666949:G:C
chr5:10712730:T:C
chr5:10716062:T:G
chr5:10797971:G:A
chr5:10915573:A:G
chr5:10932337:C:A
chr5:11509438:G:A
chr5:11516522:G:A
chr5:11516642:A:T
chr5:11569572:T:C
chr5:11569645:C:A
chr5:11569684:A:T
chr5:11571365:C:A
chr5:11571495:T:G
chr5:11616233:C:T
chr5:11616251:T:C
chr5:11624975:G:A
chr5:11680110:G:A
chr5:11680177:G:T
chr5:11680592:G:C
chr5:11683378:T:G
chr5:11683716:C:T
chr5:11712854:T:A
chr5:11762713:C:T
chr5:11764331:T:G
chr5:11887511:G:A
chr5:11971673:A:G
chr5:12026517:G:T
chr5:12182873:C:A
chr5:12223449:T:C
chr5:12263935:T:C
chr5:12779234:C:T
chr5:12973892:G:A
chr5:12974103:C:G
chr5:12974123:C:A
chr5:13535417:T:C
chr5:13579520:A:C
chr5:13599244:G:A
chr5:13599737:T:G
chr5:13600395:A:G
chr5:13639409:A:G
chr5:13645103:G:C
chr5:13648499:G:A
chr5:13648866:T:G
chr5:13714963:C:T
chr5:13729624:T:G
chr5:13747071:C:T
chr5:13794000:G:T
chr5:13798735:G:A
chr5:13826569:T:G
chr5:13827330:C:G
chr5:13908951:A:T
chr5:14007109:G:A
chr5:14022863:C:T
chr5:14135163:G:A
chr5:14220034:A:C
chr5:14221055:T:G
chr5:14656828:C:T
chr5:14780060:C:T
chr5:14781681:A:C
chr5:14833232:C:G
chr5:14858542:G:T
chr5:14866145:G:T
chr5:14873149:A:T
chr5:14873357:A:T
chr5:14938801:A:C
chr5:14980750:C:T
chr5:14980799:C:A
chr5:15025363:G:C
chr5:15063310:A:T
chr5:15219741:T:C
chr5:15466101:C:T
chr5:15485987:G:C
chr5:15572718:A:G
chr5:15754791:T:C
chr5:15795179:C:T
chr5:15858610:G:A
chr5:15886536:G:T
chr5:16649784:G:A
chr5:16871971:G:A
chr5:17016841:A:T
chr5:17110600:T:A
chr5:17250938:T:A
chr5:17556021:T:C
chr5:17561155:A:G
chr5:17591743:A:T
chr5:17629682:G:A
chr5:17709938:G:A
chr5:17710136:C:G
chr5:17723876:A:G
chr5:17724086:G:T
chr5:17823392:A:G
chr5:17825452:C:T
chr5:17825897:C:A
chr5:17943775:A:G
chr5:17944432:T:C
chr5:17944937:G:A
chr5:17953130:T:G
chr5:18047328:A:G
chr5:18075969:C:G
chr5:18145536:G:A
chr5:18147286:G:A
chr5:18212444:G:C
chr5:18212616:T:C
chr5:18317634:T:A
chr5:18319000:G:T
chr5:18320088:T:C
chr5:18334975:A:G
chr5:18367355:C:A
chr5:18397926:T:C
chr5:18410556:C:T
chr5:18432215:T:C
chr5:18432396:T:A
chr5:18432847:T:C
chr5:18455087:C:T
chr5:18486267:C:T
chr5:18506553:T:G
chr5:18516073:C:T
chr5:18570386:T:C
chr5:18578005:G:A
chr5:18578050:C:A
chr5:18619488:C:G
chr5:18621827:T:C
chr5:18621912:C:G
chr5:18644362:A:G
chr5:18673437:T:G
chr5:18704774:T:A
chr5:18704813:C:T
chr5:18738823:G:A
chr5:18739443:G:A
chr5:18742121:A:G
chr5:18743542:T:C
chr5:18745331:G:T
chr5:18746025:C:G
chr5:18854882:G:C
chr5:19004933:A:G
chr5:19005455:C:A
chr5:19006187:C:T
chr5:19025678:G:T
chr5:19156214:A:T
chr5:19159671:C:T
chr5:19160208:G:A
chr5:19183100:C:A
chr5:19187937:T:C
chr5:19212814:G:A
chr5:19234057:G:A
chr5:19235715:G:A
chr5:19236912:A:C
chr5:19368990:T:C
chr5:19369305:A:G
chr5:19406485:C:T
chr5:19439222:C:A
chr5:19569222:G:A
chr5:19569602:A:G
chr5:19607509:A:G
chr5:19622853:T:G
chr5:19625037:A:G
chr5:19629698:A:G
chr5:19640258:A:G
chr5:19655854:C:A
chr5:19718421:A:T
chr5:19724240:T:G
chr5:19847182:G:A
chr5:19847205:G:A
chr5:20639680:A:T
chr5:20659917:C:T
chr5:20660167:G:A
chr5:20662376:C:A
chr5:20812940:A:G
chr5:20902094:C:A
chr5:20971694:G:A
chr5:20972211:A:T
chr5:20973521:A:T
chr5:20975184:C:T
chr5:21067560:C:T
chr5:21324306:A:G
chr5:21349614:C:T
chr5:21424145:A:G
chr5:21878467:T:C
chr5:22064580:G:A
chr5:22169778:C:T
chr5:22214481:G:A
chr5:22384523:C:G
chr5:22466932:G:C
chr5:22684908:C:A
chr5:22685084:A:G
chr5:22847961:G:C
chr5:22860960:G:A
chr5:22980034:G:A
chr5:22980288:G:A
chr5:22984410:T:A
chr5:23041052:T:A
chr5:23111011:C:A
chr5:23217148:T:C
chr5:23265520:G:A
chr5:23277064:C:T
chr5:23278274:C:T
chr5:23338945:G:A
chr5:23339158:C:A
chr5:23404805:A:T
chr5:23526430:T:G
chr5:23632423:T:C
chr5:23684505:T:C
chr5:23685762:G:A
chr5:23774490:A:G
chr5:24500294:G:C
chr5:24554597:G:T
chr5:24782949:A:G
chr5:25026813:T:A
chr5:25127194:T:C
chr5:25128033:C:T
chr5:25138946:T:C
chr5:25157373:T:C
chr5:25161695:C:T
chr5:25162222:G:T
chr5:25394162:A:T
chr5:25555319:G:A
chr5:25603207:T:A
chr5:25644313:G:A
chr5:25712535:A:G
chr5:25760198:T:C
chr5:25844540:G:C
chr5:26043878:A:C
chr5:26316386:T:C
chr5:26334205:G:T
chr5:26420529:T:C
chr5:26556378:G:C
chr5:26582333:A:G
chr5:26637603:C:T
chr5:26783957:C:T
chr5:27108982:G:A
chr5:27149954:G:C
chr5:27355134:T:G
chr5:27560514:T:C
chr5:27644309:A:G
chr5:27748783:C:T
chr5:27763483:G:A
chr5:27788263:A:T
chr5:27898852:T:C
chr5:27899241:C:T
chr5:27963320:C:T
chr5:28061544:C:T
chr5:28107120:A:T
chr5:28283220:C:G
chr5:28338960:C:A
chr5:28403724:C:T
chr5:28404905:G:T
chr5:28438181:T:A
chr5:28457457:G:A
chr5:28458521:A:G
chr5:28461267:A:C
chr5:28474381:T:A
chr5:28505429:T:G
chr5:28628297:A:T
chr5:28639879:C:G
chr5:28640019:G:A
chr5:28640105:A:G
chr5:28640168:C:A
chr5:28641329:G:C
chr5:28641349:T:A
chr5:28661833:C:G
chr5:28661867:A:G
chr5:28665769:T:A
chr5:28759857:C:T
chr5:28806548:G:A
chr5:28810282:C:A
chr5:28819513:G:A
chr5:28820347:A:T
chr5:28821254:G:C
chr5:28822324:G:A
chr5:28823133:T:A
chr5:28884095:A:G
chr5:28886397:A:T
chr5:28896389:C:G
chr5:29012780:T:C
chr5:29072486:T:C
chr5:29072720:C:A
chr5:29190897:A:T
chr5:29191523:G:A
chr5:29211541:G:A
chr5:29222529:C:A
chr5:29225441:A:G
chr5:29325409:G:T
chr5:29325559:T:C
chr5:29327215:G:A
chr5:29337858:C:T
chr5:29361991:A:C
chr5:29420639:A:C
chr5:29622859:C:T
chr5:29658522:G:A
chr5:29681192:G:T
chr5:29681553:T:C
chr5:29773036:A:T
chr5:29782122:A:G
chr5:29783488:G:A
chr5:29810159:G:T
chr5:29918646:G:A
chr5:29928772:G:T
chr5:30016501:C:T
chr5:30016771:G:A
chr5:30019775:C:G
chr5:30076707:A:G
chr5:30091691:C:T
chr5:30232255:T:C
chr5:30375874:T:C
chr5:30376575:T:A
chr5:30386037:T:G
chr5:30393245:A:C
chr5:30415296:C:T
chr5:30415683:T:C
chr5:30415723:G:A
chr5:30515683:C:T
chr5:30515914:C:G
chr5:30551324:A:T
chr5:30552865:C:G
chr5:30578996:C:A
chr5:30579061:T:A
chr5:30582403:A:T
chr5:30652278:A:C
chr5:30654338:G:C
chr5:30654465:A:C
chr5:30654795:C:A
chr5:30654999:A:T
chr5:30657913:G:A
chr5:30700403:T:G
chr5:30809283:G:T
chr5:30809422:G:A
chr5:30815483:T:A
chr5:30815877:A:C
chr5:30816596:C:G
chr5:30816741:T:C
chr5:30877402:T:G
chr5:30933956:T:G
chr5:30934747:G:A
chr5:30937139:C:T
chr5:30940559:T:C
chr5:30955492:A:T
chr5:30984755:C:A
chr5:31065876:T:G
chr5:31120342:A:G
chr5:31121647:A:C
chr5:31122819:A:G
chr5:31123091:T:A
chr5:31123829:T:A
chr5:31161441:A:C
chr5:31162061:G:A
chr5:31162787:T:A
chr5:31230087:T:C
chr5:31260713:A:C
chr5:31332539:G:A
chr5:31336394:A:G
chr5:31350293:A:G
chr5:31491518:C:A
chr5:31650102:C:T
chr5:31717356:G:T
chr5:31717671:T:C
chr5:31826890:C:A
chr5:31886244:G:T
chr5:31886847:G:A
chr5:32241890:G:T
chr5:32305992:G:A
chr5:32321946:C:A
chr5:32322948:G:C
chr5:32380828:A:G
chr5:32416590:C:T
chr5:32525995:G:A
chr5:32590226:T:G
chr5:32656295:T:G
chr5:32703465:A:G
chr5:32775483:T:A
chr5:32776188:C:T
chr5:32780007:T:G
chr5:32799080:C:T
chr5:32820295:G:T
chr5:32904429:G:A
chr5:32906082:G:A
chr5:32914831:G:A
chr5:32917713:C:T
chr5:32917971:A:T
chr5:32963316:G:A
chr5:32997081:A:G
chr5:33058002:G:A
chr5:33197159:G:C
chr5:33569547:C:T
chr5:33577310:T:G
chr5:33578060:G:A
chr5:34112149:G:T
chr5:34212890:C:T
chr5:34214816:C:G
chr5:34217689:A:T
chr5:34309234:T:G
chr5:34335035:T:G
chr5:34701748:G:A
chr5:34714239:G:T
chr5:34749494:T:C
chr5:34750623:A:G
chr5:35067391:C:A
chr5:35067950:A:T
chr5:35068669:A:G
chr5:35105738:C:A
chr5:35113372:T:C
chr5:35126816:A:C
chr5:35126933:G:T
chr5:35166970:T:A
chr5:35234597:A:G
chr5:35368137:G:C
chr5:35568431:T:G
chr5:35586471:A:C
chr5:35629557:C:T
chr5:35653688:T:G
chr5:35735840:C:G
chr5:35743279:C:T
chr5:35747863:G:A
chr5:36351375:A:C
chr5:36877001:C:T
chr5:36877282:A:G
chr5:37138340:T:C
chr5:37163690:T:G
chr5:37171984:T:C
chr5:37174726:T:G
chr5:37274108:G:C
chr5:37347661:G:A
chr5:37350000:T:C
chr5:37350513:T:C
chr5:37920344:G:A
chr5:38391111:G:A
chr5:38779936:A:C
chr5:38781657:C:T
chr5:38820640:C:T
chr5:39015788:A:G
chr5:39034682:C:A
chr5:39050757:T:G
chr5:39082047:G:C
chr5:39082414:C:A
chr5:39106827:C:T
chr5:39106990:G:A
chr5:39110373:C:G
chr5:39164997:G:C
chr5:39724860:G:C
chr5:39726357:T:C
chr5:39735413:T:G
chr5:39736516:A:G
chr5:39736851:A:C
chr5:39738919:A:T
chr5:39739702:A:C
chr5:39787617:A:G
chr5:40092115:A:T
chr5:40116360:A:C
chr5:40142519:T:A
chr5:40234806:C:A
chr5:40284417:G:A
chr5:40289622:A:G
chr5:40290467:A:T
chr5:40362505:T:C
chr5:40380659:G:T
chr5:40408243:T:A
chr5:40408262:C:G
chr5:40408694:T:C
chr5:40410756:G:C
chr5:40411213:A:G
chr5:40450479:A:C
chr5:40463472:T:C
chr5:40468229:C:T
chr5:41451666:T:G
chr5:41453948:G:A
chr5:41454045:T:C
chr5:42018096:A:T
chr5:42253064:A:C
chr5:42352225:A:C
chr5:42548612:A:G
chr5:42552189:G:A
chr5:43184336:A:C
chr5:43246149:G:C
chr5:43246760:T:C
chr5:43677803:T:C
chr5:43973511:T:C
chr5:43980517:C:T
chr5:44009523:T:A
chr5:44082971:T:A
chr5:44184003:T:A
chr5:44214228:A:C
chr5:44246432:C:A
chr5:44328090:C:G
chr5:44418542:C:G
chr5:44476226:T:C
chr5:44548612:A:C
chr5:44549286:G:T
chr5:44549438:C:A
chr5:44605956:A:G
chr5:44608473:A:G
chr5:44609006:G:C
chr5:44609464:G:C
chr5:44744856:A:G
chr5:44838023:T:A
chr5:44996283:T:A
chr5:45010131:T:C
chr5:45149180:G:A
chr5:45204986:C:T
chr5:45377550:T:A
chr5:45383381:A:G
chr5:45454469:C:T
chr5:45495241:A:G
chr5:45571063:A:T
chr5:45573676:A:G
chr5:45817192:G:A
chr5:45849345:C:T
chr5:46228806:A:G
chr5:46247017:G:A
chr5:46294467:A:T
chr5:46294512:A:G
chr5:46299389:G:A
chr5:46490498:G:A
chr5:46493507:G:A
chr5:46920832:C:T
chr5:46997481:A:G
chr5:47130902:C:G
chr5:47703272:A:T
chr5:47914762:A:G
chr5:47915891:T:C
chr5:48028654:C:T
chr5:48073705:T:C
chr5:48079102:G:A
chr5:48145662:A:G
chr5:48199276:C:T
chr5:48199416:A:G
chr5:48297220:A:T
chr5:48346267:A:C
chr5:48346443:A:G
chr5:48556513:T:C
chr5:48635803:T:C
chr5:48748684:C:T
chr5:48805418:T:C
chr5:48874114:C:T
chr5:49015362:T:C
chr5:49031064:C:T
chr5:49310199:G:T
chr5:49321169:T:G
chr5:49339222:A:T
chr5:49723667:C:T
chr5:49728585:G:A
chr5:49822702:G:A
chr5:49829532:A:T
chr5:49952803:G:A
chr5:50072978:A:C
chr5:50090484:A:G
chr5:50090681:G:C
chr5:50160563:T:G
chr5:50179037:G:C
chr5:50196374:C:A
chr5:50447316:A:G
chr5:50561936:A:G
chr5:50562184:G:A
chr5:50567781:A:G
chr5:50715582:C:T
chr5:50862177:G:A
chr5:50976604:C:A
chr5:51025074:A:G
chr5:51097192:C:T
chr5:51097207:T:C
chr5:51111446:T:A
chr5:51124892:A:C
chr5:51125572:C:A
chr5:51159735:G:T
chr5:51163250:C:T
chr5:51223643:G:C
chr5:51304030:T:C
chr5:51304032:C:T
chr5:51304739:A:G
chr5:51306674:C:G
chr5:51413095:T:C
chr5:51415071:T:G
chr5:51518834:A:G
chr5:51520708:T:C
chr5:51525679:C:T
chr5:51622313:T:A
chr5:51622534:C:G
chr5:51623933:G:T
chr5:51781585:A:G
chr5:51786595:A:G
chr5:51786664:G:A
chr5:51800836:T:A
chr5:51880376:C:G
chr5:51880741:T:A
chr5:51882620:C:T
chr5:51965111:A:T
chr5:51965755:T:G
chr5:51968959:C:G
chr5:51969294:T:C
chr5:52019301:G:A
chr5:52044193:C:T
chr5:52050000:G:A
chr5:52086760:G:T
chr5:52132964:G:A
chr5:52173263:T:A
chr5:52173340:A:T
chr5:52173606:C:T
chr5:52176667:T:C
chr5:52176843:A:T
chr5:52193090:A:C
chr5:52203944:T:C
chr5:52205904:G:T
chr5:52206241:G:C
chr5:52249430:T:C
chr5:52358204:G:A
chr5:52358344:C:T
chr5:52360245:A:G
chr5:52361426:T:G
chr5:52363260:G:A
chr5:52392943:A:C
chr5:52399498:C:A
chr5:52610060:T:C
chr5:52616556:C:T
chr5:52617015:G:A
chr5:52762658:T:C
chr5:52763884:T:G
chr5:52773738:T:G
chr5:52781153:A:G
chr5:52781720:C:G
chr5:52783033:A:G
chr5:52824759:C:T
chr5:53040377:T:C
chr5:53046663:A:G
chr5:53046842:G:A
chr5:53089908:C:T
chr5:53187399:G:T
chr5:53187909:C:A
chr5:53188279:G:T
chr5:53188463:T:C
chr5:53289536:T:C
chr5:53552433:C:T
chr5:53554031:T:C
chr5:53763627:A:C
chr5:53861708:T:C
chr5:53862266:A:G
chr5:53976103:G:A
chr5:54092828:T:C
chr5:54183459:G:T
chr5:54259904:A:C
chr5:54266093:A:G
chr5:54325901:T:C
chr5:54389668:A:G
chr5:54393176:T:C
chr5:54398793:C:A
chr5:54404648:C:T
chr5:54543712:G:T
chr5:54600803:A:C
chr5:54600943:C:T
chr5:54767591:A:C
chr5:54767670:A:G
chr5:55024631:T:C
chr5:55130144:C:T
chr5:55132568:C:T
chr5:55159604:A:C
chr5:55327348:C:T
chr5:55361058:C:G
chr5:55624296:G:A
chr5:55769315:A:G
chr5:55909438:G:A
chr5:55970940:T:A
chr5:56549593:A:T
chr5:56786514:T:C
chr5:56862024:A:G
chr5:56919649:T:C
chr5:56919845:T:C
chr5:56919999:A:G
chr5:56923629:T:C
chr5:57061063:C:A
chr5:57062120:T:C
chr5:58114363:G:A
chr5:58487299:C:T
chr5:58490366:G:A
chr5:59030213:C:G
chr5:59111184:G:A
chr5:59213801:T:C
chr5:59214164:T:C
chr5:59520928:C:T
chr5:59936573:C:T
chr5:60211532:C:T
chr5:60214263:C:T
chr5:60214612:C:T
chr5:60600186:A:G
chr5:60815368:A:C
chr5:61010982:T:A
chr5:61635013:A:C
chr5:61726523:A:C
chr5:61743585:A:G
chr5:61898105:A:T
chr5:61899591:C:T
chr5:62007560:G:A
chr5:62095947:G:C
chr5:62098123:G:A
chr5:62145272:T:C
chr5:62187209:C:T
chr5:62191628:A:G
chr5:62191644:T:C
chr5:62192915:C:G
chr5:62249562:T:C
chr5:62541081:T:G
chr5:62623018:G:A
chr5:62623108:A:G
chr5:62719528:C:A
chr5:62838090:C:T
chr5:62838700:C:A
chr5:62849643:C:T
chr5:62936687:G:A
chr5:63084330:A:G
chr5:63262420:T:C
chr5:63263044:G:A
chr5:63263595:T:C
chr5:63290613:G:T
chr5:63364024:G:C
chr5:63364104:A:T
chr5:63645882:G:T
chr5:63671459:C:A
chr5:63689747:A:G
chr5:63690141:C:T
chr5:63726494:A:G
chr5:63731447:G:A
chr5:63755156:A:G
chr5:63775817:T:C
chr5:63775895:C:A
chr5:63776546:A:G
chr5:63777460:A:G
chr5:63798433:T:C
chr5:63799500:C:T
chr5:63831454:T:C
chr5:63834798:C:T
chr5:64248110:T:C
chr5:64253123:C:T
chr5:64378275:T:C
chr5:64378856:T:C
chr5:64379875:A:C
chr5:64381750:A:G
chr5:64381854:T:C
chr5:64392399:G:C
chr5:64392495:T:A
chr5:64408423:C:T
chr5:64453726:G:A
chr5:64598774:C:T
chr5:64598937:G:T
chr5:64912084:A:G
chr5:64994840:A:G
chr5:65014938:T:A
chr5:65062692:C:G
chr5:65133549:T:C
chr5:65139136:A:T
chr5:65179779:C:T
chr5:65207662:T:C
chr5:65209473:G:T
chr5:65211447:C:A
chr5:65211536:A:C
chr5:65296758:T:C
chr5:65302079:T:G
chr5:65377551:T:A
chr5:65449688:C:A
chr5:65450518:T:A
chr5:65450533:T:C
chr5:65493517:T:G
chr5:65495059:A:C
chr5:65496117:G:T
chr5:65741087:T:C
chr5:65838898:T:A
chr5:65930178:C:T
chr5:65979815:A:T
chr5:65995836:T:C
chr5:66477788:T:C
chr5:66614148:G:C
chr5:66615593:A:T
chr5:66638755:T:C
chr5:66955067:C:T
chr5:66955823:T:G
chr5:66959116:C:T
chr5:66991409:T:G
chr5:66992898:T:G
chr5:67479648:T:G
chr5:67639577:A:T
chr5:67647557:A:G
chr5:67648897:T:C
chr5:68573854:A:G
chr5:68837991:A:T
chr5:68999112:A:C
chr5:69051344:A:G
chr5:69060630:T:C
chr5:69073910:A:G
chr5:69820437:G:T
chr5:69994903:A:C
chr5:70068002:A:G
chr5:70218815:G:A
chr5:70500600:C:T
chr5:70510765:T:G
chr5:70601486:A:C
chr5:70877870:C:T
chr5:70886535:G:A
chr5:70926728:A:G
chr5:70978331:A:T
chr5:71133711:C:G
chr5:71134892:C:T
chr5:71169337:C:T
chr5:71220976:G:A
chr5:71273018:C:G
chr5:71275199:A:G
chr5:71382187:T:C
chr5:71382190:T:C
chr5:71475030:A:C
chr5:71713086:T:C
chr5:71713509:T:C
chr5:71892684:C:T
chr5:71896190:A:T
chr5:71934769:T:C
chr5:72133611:A:G
chr5:72133659:A:T
chr5:72134544:T:C
chr5:72134752:G:C
chr5:72135577:C:T
chr5:72135620:C:G
chr5:72137366:A:G
chr5:72138546:C:A
chr5:72322553:G:C
chr5:72322967:C:T
chr5:72414074:T:C
chr5:72589369:G:C
chr5:72641981:A:T
chr5:72674326:T:C
chr5:72686306:C:G
chr5:72901233:G:C
chr5:72932691:G:A
chr5:72937078:T:C
chr5:72940342:T:G
chr5:73067082:T:A
chr5:73090316:A:G
chr5:73159786:C:T
chr5:73190129:C:T
chr5:73315633:A:G
chr5:73386803:T:A
chr5:74071890:A:G
chr5:74198634:A:G
chr5:74935381:A:C
chr5:75418232:C:T
chr5:75626360:A:G
chr5:75806301:G:A
chr5:75809048:A:T
chr5:75841663:G:T
chr5:75851579:T:C
chr5:76276891:G:A
chr5:76635545:A:T
chr5:76728192:A:T
chr5:76744367:A:T
chr5:77189700:A:G
chr5:77258821:A:C
chr5:77902116:T:C
chr5:77904154:A:T
chr5:77906297:T:C
chr5:77911975:T:A
chr5:78626754:G:A
chr5:78711278:T:C
chr5:78903208:G:C
chr5:79271627:C:T
chr5:79288243:A:G
chr5:79407979:A:C
chr5:79791603:G:T
chr5:79972551:G:C
chr5:79977754:G:C
chr5:80054238:C:T
chr5:80229565:G:A
chr5:80589734:T:G
chr5:80688194:C:T
chr5:80716784:A:G
chr5:80717141:T:C
chr5:80718501:G:C
chr5:80737778:C:A
chr5:80737916:C:A
chr5:80741598:C:T
chr5:80793898:A:G
chr5:80794134:G:T
chr5:80796837:G:A
chr5:80816084:T:A
chr5:81432137:G:C
chr5:81496353:A:G
chr5:81539396:T:C
chr5:81543716:T:A
chr5:81543902:C:G
chr5:81546620:G:T
chr5:81547394:T:G
chr5:81641743:C:T
chr5:81733681:A:T
chr5:81738838:G:T
chr5:81741897:A:C
chr5:81900143:A:G
chr5:82061059:C:T
chr5:82288442:G:T
chr5:82318596:G:A
chr5:82427828:G:A
chr5:83599290:A:G
chr5:83679760:T:A
chr5:83720965:A:G
chr5:83735586:C:G
chr5:83737144:A:G
chr5:83737297:C:A
chr5:83737313:T:A
chr5:83760583:C:T
chr5:83760698:A:T
chr5:83760815:C:T
chr5:83761208:C:T
chr5:83762588:C:G
chr5:84003169:A:T
chr5:84003488:G:A
chr5:84120604:T:C
chr5:84120619:G:C
chr5:84550076:T:A
chr5:84643507:C:A
chr5:84644025:A:G
chr5:84647870:T:C
chr5:84649468:C:T
chr5:84649548:C:G
chr5:84736972:G:T
chr5:84806104:C:T
chr5:84844075:C:G
chr5:84876806:A:T
chr5:84897026:A:G
chr5:85278797:G:C
chr5:85364380:T:A
chr5:85367240:C:A
chr5:85408761:T:C
chr5:85439545:G:C
chr5:85445370:A:C
chr5:85459766:A:G
chr5:85463816:A:G
chr5:85463828:G:A
chr5:85464594:C:G
chr5:85571021:T:G
chr5:85571455:G:T
chr5:85659495:G:T
chr5:85689272:T:A
chr5:85712869:G:A
chr5:86015359:G:A
chr5:86073676:C:A
chr5:86077217:A:G
chr5:86095055:C:G
chr5:86316888:G:T
chr5:86318182:T:A
chr5:86319076:C:T
chr5:86375238:C:G
chr5:86484245:A:C
chr5:86487473:C:A
chr5:86489301:T:A
chr5:86489713:C:T
chr5:86568554:A:C
chr5:86596940:G:A
chr5:86597018:T:G
chr5:86603496:A:T
chr5:86684380:C:T
chr5:86688349:C:A
chr5:86705580:G:A
chr5:86825972:T:G
chr5:86831635:T:G
chr5:86845797:A:G
chr5:86846570:G:C
chr5:86875088:A:C
chr5:86877879:A:G
chr5:86954044:G:A
chr5:86956548:T:G
chr5:86959745:G:T
chr5:87027933:T:G
chr5:87041687:T:C
chr5:87111387:A:C
chr5:87121188:G:T
chr5:87164199:A:C
chr5:87193319:T:C
chr5:87195892:A:T
chr5:87197042:G:A
chr5:87205308:G:A
chr5:87205586:A:G
chr5:87449798:T:C
chr5:87633607:T:A
chr5:87633760:G:C
chr5:87873840:C:G
chr5:87875100:T:C
chr5:87888369:A:T
chr5:87890068:A:G
chr5:87890642:C:G
chr5:87930131:C:A
chr5:87930613:G:T
chr5:87930843:C:T
chr5:87942038:T:G
chr5:87973867:C:T
chr5:87976582:C:A
chr5:88073571:C:A
chr5:88109297:C:A
chr5:88129405:C:A
chr5:88129807:G:A
chr5:88131142:A:C
chr5:88131714:T:C
chr5:88139498:A:T
chr5:88141050:T:G
chr5:88144335:G:C
chr5:88195627:C:T
chr5:88335381:G:C
chr5:88336559:T:C
chr5:88351378:A:T
chr5:88387273:G:T
chr5:88387330:G:C
chr5:88406194:T:C
chr5:88438298:T:C
chr5:88438404:C:T
chr5:88467413:T:C
chr5:88474064:C:T
chr5:88476722:T:C
chr5:88504103:A:T
chr5:88577049:T:C
chr5:88579607:G:T
chr5:88581764:A:T
chr5:88596993:G:A
chr5:88597480:G:A
chr5:88598290:A:T
chr5:88599027:C:A
chr5:88615639:A:T
chr5:88615919:C:T
chr5:88630427:G:A
chr5:88631430:G:T
chr5:88631982:A:G
chr5:88632523:C:T
chr5:88632882:C:A
chr5:88695013:T:C
chr5:88758286:G:T
chr5:88761929:G:A
chr5:88838562:T:C
chr5:88857972:C:T
chr5:88964551:A:T
chr5:88964633:G:T
chr5:89174573:C:T
chr5:89316843:T:C
chr5:89976647:C:G
chr5:89976760:G:A
chr5:89990065:C:G
chr5:90012533:G:T
chr5:90024722:T:C
chr5:90481274:A:T
chr5:90492376:T:C
chr5:90789155:T:A
chr5:90927686:G:A
chr5:90948355:T:C
chr5:90987034:T:C
chr5:90990956:C:A
chr5:91215068:C:G
chr5:91228833:T:G
chr5:91463344:A:G
chr5:91605197:C:A
chr5:91956898:A:G
chr5:92285700:A:T
chr5:92289546:T:G
chr5:92289593:T:A
chr5:92327841:A:G
chr5:92330933:G:A
chr5:92455075:C:T
chr5:92543028:A:G
chr5:92600450:T:C
chr5:92602994:T:G
chr5:92606529:T:A
chr5:92613374:G:T
chr5:92659465:C:T
chr5:92685946:G:A
chr5:92687767:T:G
chr5:92725636:T:C
chr5:92749134:C:G
chr5:92765707:C:A
chr5:92768289:T:C
chr5:92848896:T:G
chr5:93019404:T:C
chr5:93146491:C:G
chr5:93170055:T:G
chr5:93241288:G:A
chr5:93243067:C:A
chr5:93365351:G:C
chr5:93436263:T:A
chr5:93438901:T:A
chr5:93457290:T:G
chr5:93460808:A:T
chr5:93460884:G:C
chr5:93463591:G:A
chr5:93609853:C:T
chr5:93614683:A:G
chr5:94648950:T:C
chr5:94733781:C:T
chr5:94740957:C:G
chr5:94924298:T:A
chr5:95043887:T:A
chr5:95045403:C:G
chr5:95048771:T:C
chr5:95052536:C:T
chr5:95053052:T:C
chr5:95053247:G:A
chr5:95053808:G:C
chr5:95110507:A:C
chr5:95226038:C:T
chr5:95231912:A:C
chr5:95326563:A:C
chr5:95397111:C:T
chr5:95402038:T:G
chr5:95402692:G:C
chr5:95438845:A:G
chr5:95446475:A:C
chr5:95459334:C:T
chr5:95459704:A:G
chr5:95486913:C:G
chr5:95488414:T:C
chr5:95510340:C:T
chr5:95557291:G:A
chr5:95557550:A:C
chr5:95567771:G:A
chr5:95661609:C:T
chr5:95697969:A:T
chr5:95727165:G:A
chr5:95728356:T:C
chr5:95728655:T:C
chr5:95788387:C:G
chr5:95789776:G:A
chr5:96183854:A:T
chr5:96211276:A:G
chr5:96211583:C:T
chr5:96215726:G:C
chr5:96361110:C:T
chr5:96412089:C:A
chr5:96417320:C:T
chr5:96521704:G:A
chr5:96563653:C:T
chr5:96579543:G:A
chr5:96666862:T:C
chr5:96883315:C:T
chr5:96931486:C:T
chr5:96953704:C:T
chr5:96953706:C:T
chr5:97500130:C:G
chr5:97672762:G:A
chr5:97672772:A:G
chr5:97742765:G:A
chr5:97885593:G:A
chr5:97976414:G:C
chr5:97995548:G:C
chr5:98005945:G:C
chr5:98023995:C:T
chr5:98572479:C:A
chr5:98641078:A:G
chr5:98745650:T:C
chr5:99110709:C:G
chr5:101051386:G:A
chr5:101074287:T:G
chr5:101294494:C:T
chr5:101415732:C:A
chr5:101426929:C:T
chr5:101645029:C:T
chr5:101649115:A:G
chr5:101652715:A:G
chr5:101759882:A:G
chr5:101796739:G:T
chr5:101829300:A:T
chr5:102001942:T:A
chr5:102570235:C:G
chr5:102585216:A:T
chr5:102587110:G:A
chr5:103453050:C:T
chr5:103507311:C:A
chr5:104127689:T:C
chr5:105427648:G:A
chr5:105435457:G:A
chr5:105451821:A:C
chr5:105487979:T:G
chr5:105537825:C:G
chr5:105660437:G:A
chr5:105671737:G:C
chr5:106375892:A:G
chr5:106399655:T:A
chr5:106399872:G:C
chr5:106402266:T:C
chr5:106462665:A:G
chr5:106482115:A:C
chr5:107854458:C:A
chr5:107893190:C:A
chr5:107893416:G:A
chr5:107898005:T:A
chr5:107958928:G:A
chr5:108013884:G:A
chr5:108157439:A:G
chr5:108159117:G:C
chr5:108159589:A:G
chr5:108198052:A:C
chr5:108198082:A:C
chr5:108427926:T:A
chr5:108704181:T:C
chr5:109166942:C:G
chr5:110194977:A:C
chr5:110657995:T:C
chr5:110843452:T:C
chr5:111108752:C:T
chr5:111162631:A:G
chr5:111415518:G:A
chr5:112235100:T:C
chr5:112331518:G:A
chr5:112419175:C:T
chr5:112431712:C:A
chr5:112451404:T:C
chr5:112853114:T:G
chr5:113160141:A:G
chr5:113415640:G:A
chr5:113457573:C:T
chr5:113530226:C:T
chr5:113540719:C:T
chr5:113846346:G:A
chr5:114077940:A:G
chr5:114150229:C:G
chr5:114167938:T:A
chr5:114180458:T:C
chr5:114337781:A:C
chr5:115214476:A:G
chr5:115268776:T:G
chr5:115268878:G:A
chr5:115383110:C:T
chr5:115457932:C:T
chr5:115458153:G:A
chr5:115620657:A:G
chr5:115839592:G:T
chr5:116636725:G:C
chr5:116639196:T:A
chr5:116642455:A:G
chr5:116945858:T:G
chr5:117192437:G:A
chr5:117720094:G:T
chr5:117817276:T:A
chr5:118124908:T:A
chr5:118148064:T:C
chr5:118879742:G:A
chr5:118881415:C:G
chr5:118884668:T:A
chr5:119046189:C:A
chr5:119046809:A:G
chr5:120267435:C:G
chr5:120353261:A:G
chr5:120366641:C:T
chr5:120373898:T:C
chr5:120500793:G:T
chr5:120751847:A:G
chr5:120791938:G:A
chr5:120792598:G:A
chr5:121031581:A:T
chr5:121095001:C:A
chr5:121498869:C:G
chr5:121499522:G:T
chr5:121499715:C:A
chr5:122726724:C:T
chr5:122737008:C:T
chr5:122895581:T:A
chr5:122928112:C:T
chr5:122963466:C:G
chr5:123007141:G:T
chr5:123290150:C:T
chr5:123726674:T:C
chr5:123726776:G:A
chr5:123864281:A:G
chr5:123899044:G:A
chr5:124045514:T:C
chr5:124084293:A:T
chr5:124084297:A:T
chr5:124351646:G:A
chr5:124463070:G:A
chr5:124463229:G:C
chr5:124704681:T:C
chr5:124707069:T:G
chr5:124709553:T:G
chr5:124746082:T:A
chr5:124828063:T:G
chr5:125554353:C:T
chr5:126040910:A:G
chr5:126574078:A:G
chr5:126864071:A:G
chr5:127051452:T:C
chr5:127115728:A:T
chr5:127452769:T:G
chr5:127453574:A:T
chr5:127479995:C:T
chr5:127480120:T:G
chr5:127480213:G:C
chr5:127605542:C:T
chr5:127826002:G:A
chr5:127959018:C:T
chr5:128513951:G:A
chr5:128515270:T:C
chr5:129008368:T:C
chr5:129022759:C:T
chr5:129030012:T:C
chr5:129030113:A:T
chr5:129030893:G:A
chr5:129031000:A:G
chr5:129048391:G:C
chr5:129053179:C:T
chr5:129059863:C:A
chr5:129071228:G:C
chr5:129116145:C:A
chr5:129197016:T:C
chr5:129210693:A:T
chr5:129260341:G:T
chr5:129286757:T:C
chr5:129382523:G:A
chr5:129382616:G:A
chr5:129428532:A:T
chr5:130118296:T:C
chr5:130131081:T:C
chr5:130452728:A:T
chr5:130679904:A:C
chr5:130846977:C:T
chr5:130989751:G:A
chr5:131167246:T:A
chr5:131182138:C:T
chr5:131193024:A:T
chr5:131199249:T:C
chr5:131199393:A:C
chr5:131199704:C:G
chr5:131201087:G:C
chr5:131263667:T:A
chr5:131263713:C:T
chr5:131400862:G:A
chr5:131617769:C:T
chr5:132204328:A:G
chr5:132211671:C:T
chr5:132272230:A:C
chr5:132272868:A:G
chr5:132273530:C:T
chr5:132275133:G:T
chr5:132278988:C:A
chr5:132288311:A:G
chr5:132300551:A:G
chr5:132366004:T:C
chr5:132388907:C:T
chr5:132389169:A:G
chr5:132395936:C:T
chr5:132424375:C:T
chr5:132425460:G:T
chr5:132536235:G:T
chr5:132771893:A:G
chr5:132889195:A:G
chr5:133002736:G:A
chr5:133070423:G:A
chr5:133199280:A:G
chr5:133630193:C:T
chr5:133739907:G:A
chr5:133740689:C:G
chr5:134200790:A:G
chr5:134297235:A:G
chr5:134910204:T:G
chr5:135381467:A:C
chr5:135583216:C:T
chr5:136007725:A:C
chr5:136118749:C:T
chr5:136324200:C:T
chr5:136467952:T:C
chr5:136497778:G:A
chr5:136766439:G:C
chr5:136837861:T:C
chr5:136847351:A:G
chr5:136991597:C:A
chr5:137008629:T:G
chr5:137056810:T:A
chr5:137058083:C:T
chr5:137272540:A:G
chr5:137509260:C:A
chr5:137754608:G:A
chr5:137805053:G:C
chr5:137924381:A:C
chr5:138010626:C:T
chr5:138767489:G:C
chr5:139176955:G:A
chr5:139177063:T:C
chr5:139330194:T:C
chr5:139475284:A:G
chr5:139499499:G:A
chr5:139546118:T:G
chr5:139546672:A:T
chr5:139628981:A:G
chr5:139639601:A:G
chr5:139692016:G:A
chr5:139734705:G:A
chr5:139734800:T:C
chr5:139871753:T:C
chr5:139872349:G:A
chr5:139898251:C:T
chr5:139907336:G:A
chr5:139970187:A:G
chr5:140036433:A:T
chr5:140134311:G:A
chr5:140215993:A:T
chr5:140235421:G:A
chr5:140538790:G:T
chr5:140542449:C:G
chr5:140791171:G:A
chr5:140813490:G:T
chr5:140963149:G:A
chr5:141292348:C:T
chr5:141714170:G:T
chr5:142248584:C:T
chr5:142540621:G:C
chr5:142599229:A:G
chr5:142827810:C:T
chr5:143136370:A:C
chr5:143139159:C:T
chr5:143140743:A:T
chr5:143147236:A:T
chr5:143272774:C:G
chr5:143326980:G:A
chr5:143337459:G:T
chr5:143368065:C:T
chr5:143607564:C:T
chr5:143635023:G:A
chr5:143947900:G:A
chr5:144054517:T:A
chr5:144063025:G:A
chr5:144158619:A:T
chr5:144279892:C:T
chr5:144294599:A:G
chr5:144910617:A:G
chr5:145226152:G:A
chr5:145447896:G:T
chr5:145844174:T:A
chr5:145844385:G:A
chr5:146013162:G:T
chr5:146244552:C:T
chr5:146585486:T:C
chr5:146704978:G:C
chr5:146720127:T:A
chr5:147022046:C:A
chr5:147174742:G:C
chr5:147645232:G:A
chr5:147925823:T:C
chr5:148025579:A:C
chr5:148055629:T:A
chr5:148135096:A:G
chr5:148194516:T:C
chr5:148194905:A:G
chr5:148212284:A:G
chr5:148320180:A:G
chr5:148366433:C:T
chr5:148367659:A:G
chr5:148620780:G:T
chr5:148768929:T:A
chr5:150012501:T:C
chr5:150183054:A:T
chr5:150236126:A:T
chr5:150481244:G:A
chr5:150719927:G:A
chr5:150754681:C:T
chr5:150833956:A:T
chr5:150851332:T:G
chr5:150931234:T:C
chr5:151015232:T:C
chr5:151069562:C:G
chr5:151165421:G:C
chr5:151333426:T:C
chr5:151781945:T:G
chr5:151856279:T:C
chr5:151901855:G:A
chr5:151921436:G:A
chr5:151932773:T:C
chr5:152103673:A:C
chr5:152136572:G:A
chr5:152268394:C:T
chr5:152274862:G:C
chr5:152720074:C:G
chr5:152850752:C:T
chr5:152932740:G:A
chr5:152956075:C:T
chr5:153219006:G:A
chr5:153242375:G:A
chr5:153242377:G:A
chr5:153296033:T:C
chr5:153531937:G:A
chr5:153548614:G:A
chr5:154816244:G:T
chr5:154831997:T:C
chr5:154958744:C:G
chr5:154973290:A:C
chr5:155169919:G:A
chr5:155256259:C:A
chr5:155326246:A:G
chr5:155397478:G:A
chr5:155500939:A:G
chr5:155609210:A:G
chr5:155721950:G:A
chr5:155722011:T:G
chr5:155821840:C:T
chr5:155823148:T:G
chr5:155827480:G:A
chr5:155851277:C:T
chr5:155851505:C:T
chr5:155862903:G:C
chr5:155929827:C:A
chr5:155936057:A:C
chr5:156061770:A:C
chr5:156343048:G:A
chr5:156665832:G:A
chr5:156716445:G:T
chr5:157119299:G:A
chr5:157183469:C:T
chr5:157201262:A:G
chr5:157234377:A:T
chr5:157769628:T:C
chr5:158645449:A:G
chr5:158702710:A:G
chr5:158903348:A:T
chr5:159121383:T:A
chr5:159231297:C:T
chr5:159692217:G:A
chr5:160252000:G:T
chr5:160310345:G:A
chr5:160861000:T:G
chr5:161470348:T:C
chr5:161516467:G:A
chr5:161604821:G:A
chr5:161728620:A:T
chr5:161835078:G:A
chr5:161870081:A:G
chr5:162001390:C:T
chr5:162589797:G:C
chr5:162591080:G:A
chr5:162931218:T:A
chr5:162935960:C:T
chr5:163077339:G:A
chr5:163494885:C:G
chr5:163953796:T:C
chr5:164230960:A:C
chr5:164238504:G:T
chr5:164243263:A:G
chr5:164264339:C:T
chr5:164267208:A:G
chr5:164592689:G:A
chr5:164792345:G:A
chr5:164998434:C:G
chr5:165263938:C:T
chr5:165517096:A:G
chr5:165758835:T:C
chr5:166281582:T:A
chr5:166675295:G:C
chr5:166691497:A:G
chr6:37277:G:A
chr6:39449:G:T
chr6:48763:T:C
chr6:51086:G:C
chr6:55806:A:G
chr6:70285:C:T
chr6:72800:A:G
chr6:86695:C:T
chr6:121338:T:C
chr6:132653:G:A
chr6:179568:C:T
chr6:196219:G:A
chr6:258591:A:G
chr6:465875:C:T
chr6:466614:C:T
chr6:764665:G:A
chr6:3468255:T:C
chr6:3695192:C:T
chr6:3695228:A:C
chr6:3844250:G:T
chr6:3892691:C:T
chr6:4628577:C:G
chr6:4736972:A:G
chr6:4751781:A:G
chr6:4753442:T:G
chr6:4825279:C:T
chr6:4826527:G:T
chr6:4826532:T:A
chr6:4827147:T:A
chr6:4828719:T:C
chr6:4828831:T:C
chr6:4901469:T:G
chr6:4904771:C:T
chr6:4904903:C:T
chr6:5562361:T:G
chr6:5711706:T:C
chr6:5793418:C:G
chr6:5793578:T:G
chr6:5818926:A:G
chr6:5994733:G:A
chr6:6107313:A:C
chr6:6186972:T:C
chr6:6191436:T:C
chr6:6503807:G:T
chr6:6504155:T:C
chr6:6672140:G:A
chr6:7023008:C:T
chr6:7467539:A:G
chr6:7531488:C:G
chr6:7617643:T:A
chr6:8289269:C:T
chr6:8302227:G:A
chr6:9456952:C:T
chr6:9543050:C:A
chr6:9832972:T:C
chr6:10034412:A:T
chr6:10085893:A:C
chr6:10085992:G:A
chr6:10248791:T:C
chr6:10270526:G:T
chr6:10966726:A:C
chr6:11609221:G:A
chr6:11831436:G:A
chr6:11833119:C:G
chr6:11833191:T:G
chr6:11833958:A:T
chr6:11833992:A:G
chr6:11836088:A:C
chr6:11866983:T:A
chr6:11867819:C:T
chr6:11867958:C:G
chr6:11876924:A:T
chr6:11911081:C:G
chr6:11927628:C:T
chr6:11933987:G:A
chr6:11958457:C:T
chr6:11959571:C:T
chr6:11988447:A:T
chr6:11990892:G:A
chr6:12000977:G:A
chr6:12020695:G:A
chr6:12135146:C:T
chr6:12135736:T:C
chr6:12252786:T:A
chr6:12252921:T:C
chr6:12253526:A:C
chr6:12253575:G:A
chr6:12254721:C:G
chr6:12261490:A:T
chr6:12324741:T:A
chr6:12325315:C:A
chr6:12338235:T:C
chr6:12338368:A:G
chr6:12338411:T:C
chr6:12362044:A:T
chr6:12404292:T:G
chr6:12438725:A:C
chr6:12536236:C:A
chr6:12728246:G:A
chr6:12794131:C:G
chr6:12863598:A:G
chr6:13022767:A:G
chr6:13181616:G:C
chr6:13187600:T:G
chr6:13225827:A:C
chr6:13287011:G:A
chr6:13340709:C:G
chr6:13682008:C:T
chr6:13968696:C:T
chr6:13985891:C:T
chr6:13986095:G:A
chr6:14208697:A:G
chr6:14731761:G:A
chr6:14734566:G:A
chr6:14785599:T:C
chr6:14958145:T:C
chr6:14962372:G:A
chr6:15161031:C:A
chr6:15470698:T:A
chr6:15471073:T:C
chr6:15473252:C:T
chr6:15673197:C:T
chr6:15705358:T:C
chr6:16020479:A:G
chr6:16064965:G:A
chr6:16357476:A:C
chr6:16522498:T:C
chr6:16692134:C:T
chr6:17315525:A:C
chr6:17354676:T:G
chr6:17919341:A:T
chr6:18408790:G:T
chr6:18460320:G:A
chr6:18527188:T:C
chr6:18714917:A:G
chr6:18953272:C:G
chr6:19176721:G:A
chr6:20110696:C:A
chr6:20111109:G:A
chr6:20317647:C:T
chr6:20363793:G:A
chr6:20430031:A:G
chr6:20431043:T:G
chr6:21416869:A:G
chr6:21678365:G:C
chr6:21693033:A:G
chr6:22056392:C:G
chr6:22748615:G:T
chr6:23407761:G:T
chr6:23627415:G:A
chr6:23710220:G:C
chr6:23710430:A:C
chr6:23710581:T:A
chr6:24428634:C:G
chr6:25080502:T:C
chr6:25236174:A:G
chr6:25342198:G:C
chr6:25342555:G:T
chr6:25342931:T:C
chr6:25716011:C:T
chr6:25716200:C:A
chr6:25925372:C:T
chr6:26516311:C:T
chr6:26540899:T:C
chr6:26590022:C:T
chr6:27249692:T:A
chr6:28213436:T:C
chr6:28260559:G:A
chr6:28939028:G:A
chr6:30098818:T:G
chr6:31057145:G:A
chr6:31070237:C:T
chr6:31071361:T:C
chr6:32064227:A:G
chr6:32501278:T:G
chr6:32728705:T:A
chr6:32839560:T:C
chr6:32976152:C:T
chr6:33172662:C:G
chr6:33466142:C:G
chr6:33644795:A:G
chr6:33746467:C:T
chr6:33833000:G:A
chr6:33841905:G:T
chr6:33881810:T:G
chr6:33901851:T:C
chr6:34084638:T:C
chr6:34095802:C:T
chr6:34195694:T:A
chr6:34678050:T:G
chr6:34712579:A:G
chr6:35691645:A:G
chr6:36444327:T:C
chr6:36898807:A:G
chr6:37068532:A:G
chr6:37242647:C:T
chr6:37372385:C:T
chr6:37465469:T:C
chr6:37501468:G:A
chr6:37598496:G:A
chr6:37681533:A:G
chr6:37682887:T:A
chr6:37815196:C:A
chr6:38140916:T:G
chr6:38320972:G:C
chr6:38478851:T:A
chr6:38553039:T:C
chr6:39106635:C:T
chr6:39524272:C:T
chr6:39795196:C:T
chr6:39796380:T:A
chr6:40615061:A:T
chr6:40615583:T:C
chr6:40616152:C:T
chr6:40672977:A:G
chr6:41410921:A:G
chr6:41464138:G:C
chr6:41760890:G:A
chr6:41881514:A:G
chr6:42077177:T:C
chr6:42106287:C:A
chr6:42338706:T:G
chr6:43067733:T:G
chr6:43333969:T:C
chr6:43639878:T:C
chr6:43640211:G:C
chr6:43805783:C:T
chr6:44498076:G:T
chr6:44706799:T:G
chr6:45075731:C:T
chr6:45182211:C:T
chr6:45347208:G:C
chr6:45524591:G:C
chr6:46772883:C:T
chr6:46810560:G:A
chr6:46872902:A:T
chr6:46949050:A:G
chr6:46949072:A:G
chr6:46958398:G:T
chr6:47066376:A:G
chr6:47070607:G:T
chr6:47145961:A:T
chr6:47184389:T:C
chr6:47344213:T:G
chr6:47472082:C:T
chr6:47726404:T:A
chr6:47906320:A:G
chr6:47943614:T:A
chr6:47993027:G:A
chr6:48714997:T:C
chr6:48967309:C:T
chr6:49156621:G:A
chr6:49204842:G:A
chr6:49222785:T:C
chr6:49235314:G:A
chr6:50156724:G:A
chr6:50367504:C:A
chr6:50434846:C:T
chr6:50437251:A:C
chr6:50740310:G:T
chr6:50809732:T:C
chr6:50876761:T:C
chr6:51122211:A:C
chr6:51297814:T:C
chr6:51584953:A:G
chr6:51585163:C:T
chr6:51711669:T:C
chr6:51806501:C:T
chr6:51906533:A:G
chr6:51938681:A:G
chr6:52060147:T:C
chr6:52151970:T:C
chr6:52195149:G:A
chr6:52195436:A:G
chr6:52223800:A:G
chr6:52280961:A:G
chr6:52281215:A:C
chr6:52283148:A:C
chr6:52486760:A:T
chr6:52486922:C:T
chr6:53010852:G:A
chr6:53079770:T:A
chr6:53335236:C:A
chr6:53534706:T:G
chr6:53660514:C:T
chr6:53847452:T:G
chr6:54697222:C:G
chr6:54842232:A:G
chr6:56888100:C:A
chr6:57461328:G:T
chr6:57740931:G:A
chr6:58378758:G:A
chr6:58450302:C:T
chr6:58450465:T:C
chr6:58450680:C:T
chr6:58691644:C:T
chr6:59172143:T:C
chr6:59328148:A:G
chr6:61617011:T:C
chr6:62149072:G:C
chr6:62264114:G:C
chr6:62272061:G:C
chr6:62704963:A:T
chr6:62835539:T:A
chr6:62938805:G:A
chr6:63716080:G:A
chr6:63783415:T:A
chr6:63952480:A:G
chr6:65166571:T:G
chr6:65166572:C:G
chr6:65213135:G:A
chr6:65244670:T:C
chr6:65247938:C:A
chr6:65249511:G:A
chr6:65349017:G:A
chr6:65349045:A:T
chr6:65689198:C:T
chr6:65823051:T:C
chr6:66088060:G:A
chr6:66088235:T:C
chr6:66140497:C:A
chr6:66145716:G:A
chr6:66493641:A:C
chr6:66497799:C:A
chr6:66524439:T:G
chr6:66527057:T:C
chr6:66541033:A:G
chr6:66567999:G:C
chr6:66568082:G:A
chr6:66599086:G:A
chr6:66711610:G:A
chr6:66711917:G:A
chr6:66712721:T:C
chr6:66743616:T:C
chr6:66744513:C:A
chr6:66753376:T:G
chr6:66820531:T:C
chr6:66823702:T:C
chr6:66859195:G:A
chr6:66906424:C:T
chr6:66970997:C:A
chr6:67002484:T:G
chr6:67056852:T:C
chr6:67057504:C:T
chr6:67065529:G:T
chr6:67215492:G:T
chr6:67219555:T:A
chr6:67220106:T:C
chr6:67372447:A:G
chr6:67372752:C:A
chr6:67610223:T:C
chr6:67633095:G:A
chr6:67639959:T:A
chr6:68730534:T:G
chr6:68749663:A:G
chr6:68749719:A:G
chr6:68750993:A:G
chr6:68931987:G:C
chr6:68932539:T:C
chr6:68997781:C:T
chr6:68997814:A:C
chr6:69002291:A:G
chr6:69013834:G:A
chr6:69017783:T:C
chr6:69018154:T:C
chr6:69099463:A:T
chr6:69099717:T:C
chr6:69471257:C:T
chr6:69536383:C:T
chr6:69588061:G:C
chr6:69624632:C:T
chr6:69624646:G:T
chr6:69625159:C:T
chr6:69625217:C:G
chr6:69657567:T:G
chr6:69660323:G:A
chr6:69914189:G:A
chr6:69959506:C:T
chr6:70172711:A:G
chr6:70229486:T:C
chr6:70640187:G:T
chr6:70806803:C:G
chr6:70807252:A:G
chr6:72364603:G:A
chr6:72464435:G:A
chr6:72497721:A:G
chr6:72565382:G:A
chr6:72570623:T:A
chr6:73234079:C:G
chr6:73337014:G:A
chr6:73340998:T:A
chr6:73587380:T:G
chr6:73717213:G:A
chr6:73889476:G:A
chr6:74048350:C:A
chr6:74049270:T:C
chr6:74049360:G:C
chr6:74152965:A:G
chr6:74268470:G:A
chr6:74271827:C:G
chr6:74272095:A:T
chr6:74272908:A:G
chr6:74290941:G:A
chr6:74291138:C:G
chr6:74329153:A:G
chr6:74341022:G:A
chr6:74363776:C:T
chr6:74363915:G:C
chr6:74445975:C:T
chr6:74552152:T:C
chr6:74552858:G:C
chr6:74613730:G:A
chr6:74613794:G:A
chr6:74619498:T:A
chr6:74724585:G:T
chr6:74913450:C:G
chr6:74913768:T:G
chr6:74924808:G:A
chr6:74948125:C:T
chr6:75386352:G:T
chr6:75489601:T:C
chr6:75489793:G:A
chr6:75613746:G:A
chr6:76065036:G:T
chr6:76105263:C:T
chr6:76119809:G:C
chr6:76291555:A:G
chr6:76293561:C:T
chr6:76293827:T:C
chr6:76545451:G:A
chr6:76549014:G:A
chr6:76611328:A:T
chr6:76631506:A:G
chr6:76634320:C:T
chr6:76645736:C:T
chr6:76749605:G:C
chr6:77000365:A:G
chr6:77064629:G:C
chr6:77111188:A:G
chr6:77114795:A:T
chr6:77115067:A:G
chr6:77198803:T:C
chr6:77200082:G:C
chr6:77210948:C:T
chr6:77226080:G:T
chr6:77226626:G:C
chr6:77226720:C:T
chr6:77236378:G:C
chr6:77236504:T:G
chr6:77249837:C:A
chr6:77262755:G:A
chr6:77278431:G:A
chr6:77299792:C:A
chr6:77326017:T:C
chr6:77435579:G:T
chr6:77441136:G:A
chr6:77457071:C:T
chr6:77457092:A:T
chr6:77526980:C:A
chr6:77580739:G:A
chr6:77813983:C:T
chr6:77874056:C:G
chr6:77874175:C:T
chr6:78303977:T:A
chr6:78784594:C:A
chr6:78786141:T:A
chr6:79014571:T:C
chr6:79102228:G:C
chr6:79249572:C:G
chr6:79250252:G:T
chr6:79250620:T:G
chr6:79300960:G:T
chr6:79304376:G:A
chr6:79306019:A:G
chr6:79308525:G:A
chr6:79308795:G:C
chr6:79432508:G:T
chr6:79435062:A:G
chr6:79510930:C:T
chr6:79640332:T:C
chr6:80218850:A:T
chr6:80222602:C:G
chr6:80224154:A:T
chr6:80321741:G:A
chr6:80403248:G:A
chr6:80403530:T:G
chr6:80547647:T:C
chr6:80549705:A:T
chr6:80549765:C:T
chr6:80552590:G:T
chr6:80553301:G:A
chr6:80553318:A:G
chr6:80553672:T:C
chr6:80585856:T:C
chr6:80586911:G:T
chr6:80639476:A:G
chr6:80740376:A:G
chr6:80827944:G:A
chr6:80883432:T:C
chr6:81001043:C:T
chr6:81001374:T:G
chr6:81018289:C:G
chr6:81098374:T:C
chr6:81099993:G:A
chr6:81608526:C:A
chr6:81625660:T:A
chr6:81625673:T:A
chr6:81628316:T:C
chr6:81630636:T:G
chr6:81631643:T:C
chr6:81650498:A:C
chr6:81651182:G:T
chr6:81877120:G:T
chr6:81982529:C:G
chr6:82042433:A:G
chr6:82194936:A:C
chr6:82199684:G:A
chr6:82265790:C:T
chr6:82330803:A:G
chr6:82331074:T:A
chr6:82336607:T:G
chr6:82393627:G:A
chr6:82468581:C:G
chr6:82537238:A:C
chr6:82537739:T:A
chr6:82611994:A:C
chr6:82674104:A:C
chr6:82794944:T:C
chr6:82825647:C:T
chr6:82825655:T:C
chr6:82843620:C:T
chr6:82846096:A:G
chr6:82859464:A:T
chr6:82879255:T:G
chr6:83000582:T:A
chr6:83249158:T:C
chr6:83249190:T:C
chr6:83289780:C:T
chr6:83418667:G:C
chr6:83418845:T:C
chr6:83421231:C:G
chr6:83421623:A:T
chr6:83428302:T:G
chr6:83526629:A:C
chr6:83547850:G:A
chr6:83548330:T:G
chr6:83727047:G:A
chr6:83793794:A:G
chr6:83837792:T:A
chr6:83854238:C:T
chr6:83892834:G:A
chr6:84160073:C:T
chr6:84160259:T:C
chr6:84160426:G:C
chr6:84185100:A:G
chr6:84185266:G:A
chr6:84186710:C:T
chr6:84187094:G:A
chr6:84189053:C:G
chr6:84212491:G:A
chr6:84214651:C:A
chr6:84227455:G:T
chr6:84307220:T:A
chr6:84308043:A:T
chr6:84309029:T:C
chr6:84310481:C:T
chr6:84380594:G:C
chr6:84423736:A:T
chr6:84429666:T:A
chr6:84455310:A:G
chr6:84461137:A:C
chr6:84461388:T:A
chr6:84591260:C:A
chr6:84591472:G:T
chr6:84721313:C:A
chr6:84831326:G:A
chr6:84831347:T:C
chr6:84832042:T:A
chr6:84833887:A:G
chr6:85089473:A:G
chr6:85164949:A:T
chr6:85165719:A:G
chr6:85192119:A:C
chr6:85368839:T:C
chr6:85368911:G:A
chr6:85743350:C:A
chr6:85743845:T:C
chr6:85747342:A:G
chr6:86162428:A:G
chr6:86206817:C:T
chr6:86207164:T:C
chr6:86402861:A:T
chr6:86405210:T:G
chr6:86474864:G:A
chr6:86574878:T:C
chr6:86751752:A:G
chr6:86799967:A:C
chr6:86800903:G:T
chr6:86802529:T:C
chr6:86852197:T:C
chr6:86878996:G:A
chr6:87038326:A:G
chr6:87039255:A:G
chr6:87040773:C:A
chr6:87359328:A:C
chr6:87394631:T:G
chr6:87394694:G:C
chr6:87395565:G:T
chr6:87398386:A:G
chr6:87398441:T:C
chr6:87413259:C:T
chr6:87439599:C:A
chr6:87439785:G:A
chr6:87475224:A:T
chr6:87479575:A:G
chr6:87513971:T:C
chr6:87560554:G:A
chr6:87587524:G:C
chr6:88187348:G:A
chr6:88333458:T:C
chr6:88475315:A:G
chr6:88475400:T:C
chr6:88731186:A:G
chr6:88877388:T:C
chr6:89367427:C:A
chr6:89452180:A:T
chr6:89656346:C:G
chr6:89833918:T:G
chr6:91078132:G:A
chr6:91184721:T:C
chr6:91788190:C:A
chr6:91975425:G:A
chr6:91977131:C:T
chr6:92879763:T:A
chr6:93281163:T:A
chr6:93284305:A:G
chr6:93307392:T:C
chr6:93438817:C:T
chr6:93535834:C:T
chr6:93945016:C:T
chr6:93957474:C:T
chr6:94081469:T:C
chr6:94222946:A:C
chr6:94273612:G:A
chr6:94402469:T:A
chr6:94553853:G:A
chr6:94671181:C:T
chr6:94849146:T:G
chr6:94850212:T:A
chr6:95429232:A:T
chr6:95669555:T:C
chr6:95699718:A:C
chr6:95714831:A:G
chr6:95811701:T:C
chr6:96122562:T:G
chr6:96193399:C:A
chr6:96193412:A:G
chr6:96193731:A:G
chr6:96762409:G:A
chr6:96783666:A:C
chr6:97030292:A:C
chr6:97236294:C:G
chr6:97238802:C:A
chr6:97697130:G:A
chr6:97919236:A:G
chr6:98304029:T:A
chr6:98334437:G:A
chr6:98334611:C:T
chr6:98352886:A:C
chr6:98539359:T:A
chr6:98705588:A:T
chr6:98705878:C:G
chr6:98879381:G:A
chr6:98936583:G:A
chr6:99308571:A:G
chr6:99309118:T:C
chr6:99309775:G:A
chr6:99330085:T:C
chr6:100090488:C:A
chr6:100093935:C:A
chr6:100094126:G:T
chr6:100572383:T:A
chr6:100583318:C:G
chr6:100585003:A:G
chr6:100919633:C:T
chr6:101031368:T:A
chr6:101055447:T:A
chr6:101084936:C:A
chr6:101229694:T:C
chr6:101231797:G:T
chr6:101232069:C:T
chr6:101232185:T:C
chr6:101233553:T:C
chr6:101237768:A:G
chr6:101377832:G:T
chr6:101407815:A:C
chr6:101607231:G:A
chr6:102549090:C:T
chr6:102866494:G:C
chr6:103141508:A:C
chr6:103815483:C:T
chr6:103824285:T:C
chr6:104110786:A:G
chr6:104253863:C:G
chr6:104529232:G:A
chr6:104549451:T:C
chr6:104843744:C:T
chr6:105186203:G:A
chr6:105186807:T:G
chr6:105478212:T:G
chr6:105478300:A:T
chr6:105592374:G:A
chr6:105897795:T:C
chr6:105897864:G:A
chr6:105923985:G:A
chr6:106092254:A:G
chr6:106186603:G:C
chr6:106209276:G:A
chr6:106248987:C:T
chr6:106294084:G:T
chr6:106294333:T:A
chr6:106646425:C:A
chr6:106711648:G:T
chr6:106867234:C:G
chr6:106869044:C:A
chr6:107052600:C:A
chr6:107205967:A:C
chr6:107212066:T:C
chr6:107336520:G:A
chr6:107454793:C:T
chr6:107678070:C:G
chr6:107705074:T:A
chr6:108037093:T:C
chr6:108075097:T:A
chr6:108097892:T:C
chr6:108157978:C:T
chr6:108160388:A:T
chr6:108160444:C:T
chr6:108160535:C:T
chr6:108237910:C:T
chr6:108244894:C:G
chr6:108250826:C:T
chr6:108370573:C:T
chr6:108696352:G:A
chr6:108927458:C:T
chr6:109034860:G:A
chr6:109036624:C:G
chr6:109036773:T:G
chr6:109089270:G:A
chr6:109305056:T:C
chr6:109305184:G:C
chr6:109307457:C:T
chr6:109350978:G:A
chr6:109407890:T:C
chr6:109442533:C:G
chr6:109468929:C:G
chr6:109487828:T:G
chr6:109589302:G:A
chr6:110253237:A:G
chr6:110283818:A:C
chr6:110311160:T:C
chr6:110386653:A:G
chr6:110413229:T:C
chr6:110418871:A:G
chr6:110491168:G:C
chr6:110594106:G:A
chr6:110781696:G:T
chr6:110794090:A:C
chr6:110996974:G:A
chr6:111087956:T:G
chr6:111138549:T:C
chr6:111162514:G:A
chr6:111162526:T:A
chr6:111253614:C:T
chr6:111267954:A:G
chr6:111272683:C:G
chr6:111352667:A:C
chr6:111361948:T:C
chr6:111391688:T:A
chr6:111392496:C:A
chr6:111398773:T:C
chr6:111532278:A:C
chr6:111571092:T:C
chr6:111615192:T:C
chr6:111628456:A:G
chr6:111628492:A:G
chr6:111649593:T:C
chr6:111672220:A:C
chr6:111805885:C:T
chr6:111823203:G:C
chr6:111823300:C:A
chr6:111855084:T:G
chr6:112005842:G:A
chr6:112006407:A:G
chr6:112010384:T:A
chr6:112047945:G:T
chr6:112055495:G:C
chr6:112056431:C:A
chr6:112234582:C:A
chr6:112237970:C:G
chr6:112239584:G:A
chr6:112274052:A:G
chr6:112353642:A:G
chr6:112367353:G:A
chr6:112494807:C:T
chr6:112667602:C:A
chr6:112903273:T:G
chr6:112964033:C:T
chr6:113133543:T:C
chr6:113251506:G:A
chr6:113393337:A:G
chr6:113399383:A:C
chr6:113404097:G:C
chr6:113586358:T:G
chr6:113746340:G:A
chr6:113751014:A:G
chr6:113752105:C:T
chr6:113826400:T:C
chr6:113826431:G:A
chr6:113857625:T:C
chr6:113857678:A:G
chr6:113962336:G:C
chr6:113974546:A:C
chr6:113997847:G:A
chr6:113998970:T:C
chr6:114000399:G:T
chr6:114071439:A:G
chr6:114071516:G:C
chr6:114087273:A:C
chr6:114087309:G:A
chr6:114120406:T:C
chr6:114275399:C:T
chr6:114275530:C:G
chr6:114337267:C:T
chr6:114482448:A:T
chr6:114482620:G:T
chr6:115608767:A:T
chr6:115727382:T:A
chr6:115837836:A:C
chr6:115998954:A:G
chr6:116028779:A:C
chr6:116109116:C:G
chr6:116126686:G:A
chr6:116126766:T:C
chr6:116133691:A:G
chr6:116170406:G:A
chr6:116178200:T:C
chr6:116187144:A:C
chr6:116228806:C:G
chr6:116229074:C:G
chr6:116231224:T:A
chr6:116240466:G:A
chr6:116244168:C:T
chr6:116331614:A:G
chr6:116374010:A:G
chr6:116465226:A:G
chr6:116551426:G:A
chr6:116553941:T:C
chr6:116579848:C:G
chr6:116579951:T:A
chr6:116580710:T:C
chr6:116580763:T:G
chr6:116585413:T:C
chr6:116847203:C:T
chr6:116847283:A:G
chr6:116881791:G:A
chr6:116888607:A:G
chr6:116889215:A:G
chr6:117204660:G:T
chr6:117306391:G:C
chr6:117482459:G:T
chr6:117587629:T:A
chr6:117756800:A:G
chr6:117756851:G:A
chr6:117854494:G:A
chr6:117854703:A:G
chr6:118105651:A:G
chr6:118250553:A:G
chr6:118398086:T:A
chr6:118783523:C:G
chr6:118825260:G:A
chr6:118971828:C:T
chr6:119103374:G:A
chr6:119103521:C:T
chr6:119135335:G:A
chr6:119679192:C:T
chr6:119874320:T:A
chr6:120390374:T:C
chr6:120485724:C:T
chr6:120492526:C:T
chr6:121034174:A:G
chr6:121214445:C:T
chr6:121221555:T:C
chr6:121251412:A:G
chr6:121752032:G:A
chr6:122449190:C:G
chr6:122533159:A:C
chr6:122849275:T:C
chr6:123211432:A:G
chr6:123278171:C:G
chr6:123379871:A:C
chr6:123382286:C:T
chr6:123665898:A:T
chr6:123746734:C:T
chr6:123758737:G:A
chr6:123966017:T:C
chr6:123967000:A:T
chr6:124023272:G:C
chr6:124032849:C:T
chr6:124072660:T:G
chr6:124076314:C:T
chr6:124086832:G:A
chr6:124320608:T:G
chr6:124320653:T:C
chr6:124320697:C:T
chr6:124486413:T:C
chr6:124569397:A:T
chr6:124672643:C:T
chr6:124887581:T:C
chr6:124905614:G:A
chr6:125095617:A:C
chr6:125096120:T:C
chr6:126045272:A:T
chr6:126348033:C:A
chr6:126455340:A:G
chr6:126555971:A:T
chr6:126594632:C:T
chr6:126742399:G:A
chr6:127199518:A:G
chr6:127209581:C:G
chr6:127642358:G:T
chr6:127922811:A:G
chr6:128328650:G:A
chr6:128403527:A:G
chr6:128508770:G:A
chr6:128636888:G:A
chr6:128638655:G:T
chr6:128795592:G:A
chr6:128929108:A:G
chr6:128985247:A:T
chr6:129072911:C:G
chr6:129074993:G:A
chr6:129165835:G:A
chr6:129363641:C:T
chr6:129364558:G:A
chr6:131414725:C:T
chr6:131836682:G:A
chr6:131838163:A:G
chr6:131840214:G:A
chr6:131840816:T:C
chr6:131846741:C:G
chr6:131848251:A:G
chr6:131851860:G:A
chr6:131858531:C:T
chr6:131928240:C:T
chr6:131960216:T:C
chr6:132092266:G:C
chr6:132412447:A:C
chr6:132412864:A:G
chr6:132426355:T:A
chr6:132451913:T:C
chr6:132456405:C:G
chr6:132536703:G:C
chr6:132649059:A:G
chr6:132649650:G:A
chr6:132752575:A:C
chr6:132757983:T:G
chr6:132758050:T:A
chr6:132773804:T:G
chr6:132774555:A:C
chr6:132784513:T:C
chr6:132792217:T:C
chr6:132799664:C:T
chr6:132800814:G:A
chr6:132814830:T:C
chr6:132817002:T:C
chr6:132818487:A:G
chr6:132828106:A:C
chr6:132829100:T:C
chr6:132892068:T:C
chr6:132896746:T:A
chr6:132905544:G:C
chr6:132905642:C:G
chr6:132906479:A:G
chr6:132906763:A:G
chr6:132908850:C:T
chr6:132909364:A:G
chr6:132909625:T:A
chr6:132911322:A:G
chr6:132912112:A:G
chr6:132912700:G:A
chr6:132971853:G:A
chr6:132976645:G:C
chr6:132991578:G:A
chr6:133089699:T:C
chr6:133092932:A:G
chr6:133093389:A:G
chr6:133106562:T:A
chr6:133112987:A:G
chr6:133113806:G:A
chr6:133207901:A:T
chr6:133232179:A:G
chr6:133244445:A:G
chr6:133285351:A:G
chr6:133290463:A:G
chr6:133325879:G:T
chr6:133352237:C:T
chr6:133364759:G:A
chr6:133366112:A:T
chr6:133659503:T:C
chr6:133660892:T:A
chr6:133661247:C:A
chr6:133668013:T:A
chr6:133673780:T:A
chr6:133702174:G:C
chr6:133730499:A:C
chr6:134349631:A:T
chr6:134351222:A:T
chr6:134351336:A:C
chr6:134352234:C:A
chr6:134352611:G:T
chr6:134353309:G:T
chr6:134386752:G:C
chr6:134404416:A:T
chr6:134407118:T:A
chr6:134407455:T:A
chr6:134495386:T:C
chr6:134495478:G:T
chr6:134709281:A:G
chr6:134756234:A:G
chr6:134763777:T:C
chr6:134771057:C:T
chr6:134781697:T:G
chr6:134796774:T:A
chr6:134796874:G:A
chr6:134851413:G:A
chr6:134861984:T:G
chr6:134893371:A:G
chr6:134976833:G:A
chr6:135076850:G:T
chr6:135165615:G:A
chr6:135293364:G:C
chr6:135297917:G:A
chr6:135324954:C:G
chr6:135364591:A:T
chr6:135479981:T:G
chr6:135480250:T:G
chr6:135860302:A:C
chr6:135886246:A:T
chr6:135908831:C:A
chr6:135908905:A:C
chr6:135923490:C:G
chr6:135945616:T:G
chr6:135967002:A:C
chr6:135976592:G:T
chr6:136666307:C:A
chr6:136688852:G:C
chr6:136716336:A:T
chr6:136716708:A:G
chr6:136716844:A:G
chr6:136727270:A:C
chr6:136732719:T:C
chr6:136800103:A:G
chr6:136807079:A:T
chr6:136818311:A:G
chr6:136819754:A:C
chr6:136825976:G:A
chr6:136830898:G:A
chr6:136843398:A:T
chr6:136855129:C:G
chr6:136864880:C:T
chr6:137309867:G:C
chr6:137508326:T:C
chr6:137657312:C:T
chr6:137657406:T:A
chr6:137658833:C:T
chr6:137824055:G:A
chr6:137861889:G:A
chr6:137862149:A:C
chr6:138113147:G:C
chr6:138114188:A:T
chr6:138121997:G:T
chr6:138244638:A:T
chr6:138601229:C:A
chr6:138693724:G:T
chr6:138693966:T:C
chr6:138718235:A:G
chr6:139063486:T:G
chr6:139156848:A:T
chr6:139421280:G:T
chr6:139536925:G:T
chr6:139713950:G:C
chr6:139759878:T:C
chr6:139786808:A:G
chr6:139789186:C:T
chr6:139790679:C:T
chr6:139915928:T:C
chr6:140033118:G:A
chr6:140115736:C:A
chr6:140115830:C:A
chr6:140304786:A:C
chr6:140409811:T:C
chr6:140411516:G:T
chr6:140559186:G:A
chr6:140748677:C:T
chr6:140752181:C:T
chr6:140780538:A:T
chr6:140805206:C:A
chr6:140830999:A:G
chr6:140867516:G:C
chr7:37593:T:G
chr7:43916:C:T
chr7:60039:A:C
chr7:69441:A:G
chr7:76854:C:G
chr7:97499:T:C
chr7:102793:A:G
chr7:105828:C:T
chr7:136547:A:G
chr7:137556:G:A
chr7:144096:A:G
chr7:146087:A:G
chr7:256886:C:T
chr7:272613:T:C
chr7:363683:C:T
chr7:363743:G:A
chr7:364583:C:G
chr7:405874:C:G
chr7:421807:G:C
chr7:472207:G:T
chr7:541080:T:G
chr7:610760:A:T
chr7:659077:T:G
chr7:659192:A:G
chr7:815201:G:A
chr7:822154:C:T
chr7:884370:G:C
chr7:968251:T:C
chr7:998710:A:G
chr7:1623025:G:A
chr7:1752321:C:A
chr7:1761643:T:C
chr7:1779784:G:A
chr7:1779936:T:C
chr7:1803044:T:G
chr7:1809292:G:A
chr7:1823568:C:A
chr7:1823753:G:T
chr7:1869486:T:G
chr7:2121523:G:C
chr7:2242315:G:A
chr7:2301770:G:C
chr7:2373853:C:T
chr7:2414051:G:A
chr7:2421422:G:A
chr7:2473089:G:T
chr7:2475894:G:T
chr7:2490158:A:C
chr7:2537341:A:G
chr7:2538607:G:A
chr7:2570265:A:G
chr7:2740915:C:T
chr7:2805857:A:G
chr7:3142325:T:C
chr7:3148989:T:C
chr7:3152360:G:A
chr7:3180398:C:A
chr7:3189256:G:A
chr7:3203257:C:T
chr7:3716660:A:G
chr7:3794656:G:C
chr7:3853438:G:A
chr7:3888574:G:A
chr7:3952355:G:A
chr7:3956407:A:T
chr7:3956768:A:T
chr7:3957424:G:T
chr7:3961493:A:T
chr7:3961558:C:T
chr7:3961954:T:A
chr7:3990397:G:C
chr7:3992800:A:T
chr7:4211428:T:A
chr7:4285368:C:A
chr7:4285393:A:C
chr7:4288754:C:T
chr7:4290236:A:T
chr7:4310705:A:G
chr7:4538163:C:T
chr7:4550060:C:T
chr7:4562167:A:G
chr7:4562264:A:G
chr7:4572715:G:C
chr7:4580494:A:T
chr7:4581654:A:G
chr7:4581759:A:C
chr7:4584383:T:G
chr7:4629077:A:G
chr7:4634350:T:C
chr7:4782631:G:T
chr7:4784134:T:C
chr7:4785100:T:A
chr7:4803392:C:T
chr7:4803445:A:G
chr7:4812063:A:T
chr7:4831502:T:G
chr7:4832687:C:T
chr7:4844506:A:G
chr7:4844628:G:A
chr7:4844657:A:C
chr7:4844767:C:T
chr7:4845270:A:G
chr7:4848079:A:T
chr7:4848418:T:A
chr7:4904264:G:C
chr7:4918374:G:A
chr7:4919268:C:G
chr7:4932333:A:G
chr7:4948814:A:T
chr7:4954850:C:T
chr7:4978850:G:A
chr7:5017792:T:C
chr7:5020214:G:A
chr7:5021291:T:G
chr7:6341412:A:C
chr7:6349512:A:T
chr7:6367561:G:A
chr7:6392913:C:G
chr7:6393021:C:T
chr7:6501424:T:C
chr7:6625559:A:C
chr7:6627738:T:C
chr7:6628645:G:T
chr7:6734560:A:G
chr7:6782734:A:G
chr7:6799145:A:G
chr7:7010194:C:T
chr7:7164332:C:T
chr7:7166196:T:C
chr7:7284979:A:G
chr7:7287557:G:A
chr7:7288708:A:G
chr7:7349079:G:C
chr7:7349713:C:A
chr7:7350517:G:T
chr7:7352436:T:G
chr7:7378682:C:T
chr7:7393498:G:C
chr7:7421834:A:T
chr7:7446269:T:A
chr7:7446321:A:C
chr7:7461658:A:T
chr7:7462546:A:T
chr7:7489425:T:A
chr7:7489513:T:G
chr7:7503108:G:A
chr7:7532499:C:A
chr7:7539759:T:A
chr7:7540846:T:C
chr7:7558762:T:G
chr7:7573810:G:A
chr7:7574375:A:C
chr7:7574608:G:C
chr7:7578178:T:G
chr7:7579696:G:A
chr7:7582484:C:T
chr7:7699974:A:T
chr7:7700428:G:A
chr7:7700702:C:G
chr7:7718100:A:C
chr7:8240850:G:A
chr7:8732240:C:G
chr7:8881073:T:C
chr7:10230854:C:T
chr7:10351222:A:T
chr7:10354352:T:C
chr7:10354472:T:G
chr7:10354544:G:C
chr7:10381580:A:G
chr7:10392975:T:C
chr7:10394287:G:T
chr7:10394469:A:G
chr7:10414649:T:C
chr7:10494326:T:G
chr7:10633228:A:G
chr7:10633611:A:C
chr7:10636260:T:C
chr7:10638179:C:G
chr7:10642345:T:C
chr7:10658790:G:C
chr7:10667150:G:C
chr7:10667787:A:G
chr7:10667887:A:T
chr7:10736514:T:A
chr7:10749174:C:G
chr7:10750019:C:T
chr7:10766354:C:A
chr7:11077768:G:A
chr7:11096808:A:G
chr7:11097503:G:T
chr7:11097558:A:C
chr7:11122243:G:A
chr7:11136637:A:G
chr7:11192747:A:G
chr7:11518059:A:C
chr7:11518342:T:C
chr7:11551803:G:C
chr7:11563358:A:C
chr7:11649074:C:T
chr7:11652135:C:T
chr7:11819683:T:C
chr7:12019946:T:C
chr7:12084048:G:C
chr7:12084243:G:A
chr7:12211264:A:C
chr7:12237242:C:T
chr7:12286585:T:C
chr7:12376284:T:G
chr7:12704997:T:A
chr7:12783701:G:A
chr7:12789351:C:T
chr7:12874139:C:A
chr7:12899184:C:G
chr7:12899659:A:G
chr7:13598307:G:C
chr7:13765490:T:C
chr7:13765650:T:G
chr7:14217159:C:G
chr7:14265112:T:G
chr7:14573622:C:T
chr7:14757254:A:C
chr7:14790596:G:T
chr7:14823521:G:A
chr7:14970982:A:T
chr7:14971812:A:T
chr7:14976033:A:T
chr7:15471853:G:A
chr7:15474155:T:C
chr7:15475028:A:C
chr7:15476174:C:A
chr7:15626269:C:A
chr7:15627493:G:A
chr7:15665697:G:T
chr7:15741110:T:G
chr7:15746722:A:G
chr7:15748220:G:T
chr7:15774528:G:A
chr7:15776860:G:T
chr7:15781443:C:T
chr7:15782772:T:G
chr7:15784384:T:C
chr7:15784466:C:T
chr7:16079841:G:A
chr7:16080722:T:A
chr7:16081937:A:T
chr7:16161588:C:A
chr7:16162848:G:T
chr7:16163108:A:C
chr7:16165296:C:A
chr7:16166352:A:G
chr7:16169158:G:A
chr7:16173214:G:A
chr7:16183899:A:G
chr7:16184346:T:G
chr7:16194007:C:T
chr7:16202249:C:T
chr7:16210491:G:A
chr7:16211632:A:G
chr7:16236350:G:A
chr7:16242548:T:C
chr7:16288039:G:A
chr7:16297694:T:A
chr7:16867393:A:G
chr7:16868363:T:C
chr7:17079579:A:C
chr7:17079637:G:C
chr7:17111960:T:G
chr7:17125727:C:T
chr7:17128958:G:T
chr7:17143488:C:T
chr7:17224920:A:G
chr7:17234817:G:A
chr7:17248142:T:C
chr7:17251969:T:A
chr7:17254902:A:G
chr7:17298913:T:G
chr7:17333974:T:C
chr7:17502777:T:C
chr7:17550115:C:T
chr7:17696693:G:A
chr7:17804901:G:A
chr7:17806655:A:T
chr7:18075192:A:G
chr7:18172264:C:G
chr7:18177247:G:C
chr7:18347818:A:G
chr7:18374585:C:T
chr7:19603486:G:T
chr7:19676965:C:T
chr7:19774472:G:C
chr7:19782924:C:T
chr7:19865170:A:C
chr7:19875391:T:A
chr7:19878043:T:C
chr7:19880839:C:G
chr7:19925126:A:T
chr7:19991129:G:A
chr7:20061957:A:C
chr7:20074152:C:T
chr7:20438935:A:G
chr7:20444400:C:T
chr7:20455845:T:C
chr7:20467853:G:A
chr7:20547277:G:A
chr7:20571595:G:A
chr7:20708919:T:C
chr7:20816412:C:T
chr7:21057208:C:T
chr7:21057835:T:G
chr7:21449596:C:T
chr7:21515337:C:T
chr7:21583362:A:G
chr7:21707478:G:A
chr7:21726435:T:C
chr7:23091386:C:A
chr7:23344980:A:C
chr7:23368826:A:G
chr7:23369250:C:T
chr7:23385273:A:T
chr7:23513438:C:T
chr7:23513591:C:T
chr7:23513913:A:G
chr7:23607899:G:A
chr7:23611071:C:T
chr7:23613136:T:G
chr7:23698142:C:G
chr7:23703943:C:T
chr7:23892929:A:G
chr7:24113838:G:A
chr7:24309505:G:A
chr7:24376043:T:A
chr7:24377006:A:G
chr7:24422450:G:A
chr7:24559820:C:A
chr7:24561600:C:A
chr7:24565894:A:G
chr7:24642624:A:G
chr7:24643158:G:C
chr7:24675279:A:T
chr7:24676257:A:G
chr7:24677309:T:A
chr7:24764692:T:A
chr7:25005132:G:A
chr7:25232035:C:T
chr7:25507279:G:T
chr7:25646916:T:C
chr7:25666176:C:G
chr7:25727123:A:G
chr7:25914956:C:G
chr7:26001410:T:G
chr7:26001551:T:A
chr7:26001689:T:C
chr7:26029248:C:T
chr7:26085547:T:A
chr7:26311396:G:C
chr7:26527951:A:T
chr7:26729196:G:A
chr7:27452533:T:C
chr7:27488913:A:T
chr7:27489572:T:G
chr7:27553960:T:A
chr7:27585143:C:T
chr7:27586656:A:C
chr7:27592147:T:C
chr7:27619257:G:A
chr7:27619296:G:A
chr7:27723066:A:T
chr7:27723172:C:T
chr7:27781818:C:G
chr7:27794240:C:G
chr7:27891524:T:A
chr7:28007012:C:G
chr7:28008960:A:G
chr7:28023158:A:G
chr7:28489140:G:A
chr7:28508435:C:G
chr7:28698861:A:G
chr7:28699661:A:T
chr7:28793783:A:T
chr7:28952693:A:C
chr7:28967178:A:G
chr7:29250837:C:T
chr7:29251867:A:G
chr7:29296352:A:G
chr7:29597279:G:A
chr7:29733987:G:T
chr7:30074786:G:T
chr7:30142311:C:G
chr7:30395757:C:T
chr7:30517638:A:C
chr7:30534669:A:G
chr7:30534718:A:G
chr7:30652895:C:T
chr7:30707080:G:A
chr7:30707924:T:A
chr7:30713582:T:C
chr7:30714980:G:C
chr7:30869598:T:C
chr7:30878697:T:C
chr7:30902105:G:A
chr7:30947777:A:G
chr7:30962850:G:A
chr7:30963006:C:T
chr7:31038300:A:C
chr7:31424907:A:G
chr7:31588886:A:G
chr7:31589024:A:C
chr7:31590180:C:T
chr7:31594596:C:T
chr7:31597532:A:G
chr7:31602038:C:T
chr7:31602722:T:C
chr7:31602821:C:T
chr7:31766715:C:G
chr7:31778160:G:A
chr7:31896439:G:C
chr7:31925864:T:C
chr7:32019875:G:A
chr7:32034007:A:T
chr7:32034049:G:T
chr7:32038459:T:C
chr7:32182156:C:T
chr7:32247211:A:G
chr7:32262022:C:G
chr7:32263659:G:T
chr7:32354810:A:G
chr7:32505069:A:G
chr7:33632864:A:G
chr7:34124648:A:G
chr7:34515549:A:G
chr7:34746806:G:A
chr7:34749344:C:T
chr7:34855901:C:T
chr7:34876118:G:T
chr7:34876363:A:C
chr7:34876537:G:T
chr7:34876686:G:A
chr7:34973394:T:A
chr7:35020610:C:T
chr7:35065194:C:T
chr7:35133639:T:C
chr7:35154980:A:G
chr7:35155168:G:T
chr7:35337867:T:C
chr7:35369467:A:G
chr7:35586956:A:C
chr7:35673665:T:A
chr7:35675127:G:T
chr7:35676625:T:C
chr7:35677284:T:C
chr7:35736166:A:T
chr7:35736539:C:G
chr7:35736595:C:T
chr7:36043817:T:C
chr7:36122276:C:T
chr7:36123157:G:A
chr7:36193187:G:C
chr7:36197694:A:G
chr7:36243194:C:G
chr7:36247900:T:G
chr7:36274157:A:G
chr7:36291923:T:A
chr7:36295152:G:T
chr7:36978162:C:T
chr7:37176641:C:T
chr7:37182652:T:C
chr7:37183262:A:T
chr7:37218858:T:C
chr7:37297609:T:C
chr7:37430614:T:G
chr7:37697683:A:C
chr7:37814148:A:G
chr7:38034980:C:T
chr7:38188803:A:C
chr7:38401084:A:G
chr7:38673837:C:T
chr7:38838535:G:T
chr7:39026505:G:A
chr7:39137401:T:C
chr7:39203531:T:G
chr7:39249101:G:A
chr7:39260874:A:G
chr7:39727522:C:T
chr7:40186917:G:C
chr7:40873332:G:C
chr7:40943305:G:T
chr7:41035081:T:C
chr7:41035451:G:C
chr7:41035454:T:C
chr7:41284655:G:C
chr7:41308663:G:A
chr7:41510454:A:C
chr7:41783051:G:C
chr7:41822062:A:T
chr7:41833204:G:T
chr7:41886557:T:G
chr7:41900676:A:G
chr7:42117977:T:A
chr7:42360032:C:T
chr7:42768632:C:A
chr7:43021625:A:T
chr7:43195103:T:C
chr7:43268298:C:G
chr7:43666308:C:T
chr7:44849077:T:G
chr7:44908539:G:C
chr7:44921621:C:G
chr7:45241104:T:C
chr7:45300732:T:C
chr7:45958875:G:C
chr7:45961258:G:A
chr7:46080082:T:G
chr7:46089148:A:C
chr7:46277652:A:C
chr7:46398065:T:A
chr7:46541790:A:C
chr7:46543867:G:A
chr7:46671574:C:T
chr7:46901187:T:G
chr7:47165217:G:A
chr7:47276904:A:G
chr7:47333361:C:G
chr7:47527162:A:C
chr7:47639471:C:T
chr7:47643568:T:C
chr7:47654926:T:G
chr7:47714241:A:C
chr7:47760391:T:C
chr7:47954681:T:G
chr7:47955095:T:C
chr7:48140795:T:C
chr7:48349780:G:C
chr7:48531215:C:T
chr7:48531374:T:C
chr7:48534448:G:T
chr7:48535972:G:A
chr7:48589582:T:C
chr7:48633912:T:C
chr7:49032135:G:C
chr7:49032299:C:T
chr7:49032375:A:G
chr7:49107579:A:G
chr7:49107847:A:G
chr7:49467798:A:T
chr7:49609389:A:G
chr7:49690992:G:T
chr7:49929709:T:A
chr7:49998443:T:G
chr7:50006795:A:T
chr7:50306931:C:T
chr7:50436379:T:C
chr7:50859290:A:C
chr7:50868979:A:T
chr7:50870064:C:T
chr7:50877192:T:A
chr7:51461440:T:C
chr7:52744300:G:A
chr7:53057391:C:G
chr7:54931343:T:G
chr7:55025973:C:T
chr7:55624008:G:A
chr7:56309376:T:C
chr7:56445734:A:C
chr7:56479043:T:C
chr7:56630374:C:T
chr7:56662764:A:G
chr7:56932268:A:G
chr7:57517199:A:T
chr7:57579524:A:C
chr7:57616363:C:T
chr7:57621197:G:T
chr7:57646780:G:A
chr7:57661259:T:C
chr7:57700521:T:C
chr7:57912107:G:A
chr7:57914272:C:A
chr7:57914302:A:G
chr7:57940965:T:C
chr7:57971166:T:C
chr7:58015390:A:G
chr7:58015847:G:C
chr7:58147892:A:T
chr7:58193978:G:A
chr7:58649909:A:G
chr7:58870177:A:G
chr7:58870492:A:G
chr7:58873343:C:T
chr7:58968661:C:G
chr7:59066687:G:A
chr7:59141690:A:T
chr7:59165901:A:G
chr7:59502431:T:G
chr7:59629395:C:T
chr7:59629446:T:C
chr7:59661364:G:A
chr7:59696459:C:A
chr7:60210900:G:A
chr7:60239719:A:G
chr7:60543671:C:A
chr7:60657133:G:A
chr7:60737117:T:C
chr7:62147257:T:G
chr7:62148242:C:T
chr7:63072240:T:C
chr7:63527581:A:G
chr7:64023449:T:C
chr7:64137629:C:T
chr7:64877998:G:C
chr7:64930039:T:G
chr7:64964533:C:G
chr7:65368452:C:A
chr7:65377050:C:T
chr7:65520754:A:G
chr7:65520872:C:G
chr7:66066241:C:T
chr7:66207207:A:G
chr7:66277536:T:C
chr7:66277667:A:G
chr7:66297842:T:C
chr7:66332035:G:A
chr7:66332562:A:G
chr7:66336240:G:A
chr7:66336851:T:C
chr7:66389618:C:T
chr7:66455890:A:G
chr7:66457735:A:G
chr7:66475244:T:G
chr7:67540511:T:C
chr7:68226932:G:A
chr7:68279531:C:T
chr7:68384958:G:A
chr7:68385815:C:A
chr7:68457009:C:T
chr7:68629990:T:C
chr7:68716025:T:G
chr7:68724600:T:G
chr7:68728150:C:A
chr7:68793828:A:G
chr7:68849219:T:C
chr7:68942590:G:C
chr7:69360315:T:C
chr7:69385078:A:G
chr7:69425293:C:T
chr7:69600975:G:A
chr7:69782620:G:A
chr7:70019542:T:G
chr7:70037280:C:T
chr7:70107056:G:C
chr7:71229379:G:A
chr7:71441602:C:T
chr7:71665147:C:T
chr7:72032730:C:T
chr7:72168133:C:G
chr7:72279091:T:C
chr7:72281499:C:G
chr7:72320180:G:A
chr7:72403587:G:A
chr7:72431275:A:C
chr7:72433731:T:C
chr7:72723800:A:G
chr7:72724095:C:G
chr7:72829063:T:G
chr7:72844784:C:T
chr7:72944359:T:G
chr7:75339949:A:C
chr7:75466710:T:G
chr7:75593187:C:T
chr7:75842509:T:C
chr7:75902536:T:C
chr7:76224729:T:A
chr7:76224776:T:C
chr7:76632143:A:G
chr7:76864446:G:C
chr7:76884430:T:C
chr7:76885437:C:A
chr7:77198531:C:G
chr7:77199400:A:G
chr7:77199585:A:G
chr7:77201847:T:A
chr7:77203343:C:G
chr7:77203682:A:C
chr7:77221247:T:A
chr7:77221469:A:G
chr7:77764141:G:T
chr7:77826180:G:A
chr7:77827047:T:C
chr7:77828159:G:A
chr7:77901422:T:G
chr7:77910960:A:G
chr7:77911109:T:C
chr7:78167351:A:G
chr7:78168033:T:C
chr7:78195807:T:A
chr7:78197694:G:C
chr7:78311262:T:C
chr7:78333057:A:G
chr7:78335175:A:G
chr7:78507903:C:T
chr7:78530135:C:A
chr7:78533282:A:T
chr7:78615932:G:T
chr7:78646396:T:C
chr7:78646415:C:G
chr7:78692474:A:G
chr7:78793143:C:A
chr7:78911515:C:T
chr7:79051852:T:A
chr7:79052223:T:C
chr7:79053195:T:C
chr7:79056190:G:A
chr7:79056346:A:T
chr7:79272840:G:A
chr7:79468407:T:C
chr7:79468507:T:A
chr7:79475854:T:C
chr7:79620577:A:G
chr7:79620607:A:C
chr7:80021008:G:A
chr7:80072915:T:A
chr7:80118197:A:C
chr7:80292903:C:T
chr7:80351286:A:C
chr7:80352559:T:C
chr7:80376569:C:G
chr7:80405721:A:C
chr7:80944168:G:A
chr7:80982233:G:A
chr7:81041321:C:A
chr7:81042679:G:T
chr7:81152318:T:G
chr7:81193905:G:T
chr7:81193933:A:C
chr7:81295820:T:A
chr7:81297138:C:T
chr7:81318989:C:A
chr7:81338502:C:T
chr7:81338732:T:C
chr7:81339623:T:A
chr7:81458405:C:T
chr7:81533413:G:A
chr7:81534310:T:A
chr7:81565417:A:G
chr7:81611700:A:C
chr7:81647484:C:A
chr7:81651886:G:C
chr7:81686725:T:A
chr7:81798588:A:G
chr7:81808570:A:G
chr7:81882804:C:T
chr7:82011536:C:G
chr7:82106296:T:C
chr7:82158648:T:C
chr7:82295390:A:T
chr7:82436217:G:A
chr7:82448892:T:G
chr7:82479777:C:T
chr7:82480487:A:G
chr7:82856335:A:T
chr7:82917696:G:C
chr7:82925166:A:G
chr7:82931339:C:T
chr7:82987338:A:T
chr7:82999553:G:A
chr7:83045046:G:A
chr7:83104930:G:A
chr7:83321973:G:A
chr7:83343196:G:A
chr7:83343850:C:T
chr7:83345064:A:T
chr7:83398471:A:C
chr7:83398635:G:A
chr7:83405125:T:C
chr7:83424502:G:A
chr7:83507185:T:C
chr7:83507847:A:C
chr7:83581957:T:A
chr7:83582273:T:G
chr7:83587370:G:A
chr7:83665856:C:A
chr7:85198044:G:A
chr7:85261101:C:T
chr7:85305348:C:G
chr7:85328487:T:C
chr7:86193578:A:C
chr7:86296850:A:G
chr7:86297851:A:G
chr7:86347047:T:A
chr7:86357209:A:T
chr7:86407482:C:A
chr7:86410399:G:T
chr7:86433881:A:C
chr7:86451997:A:C
chr7:86501458:T:G
chr7:86501482:G:A
chr7:86530468:G:T
chr7:86570989:G:T
chr7:86572960:A:G
chr7:86832367:G:T
chr7:86838738:C:T
chr7:86992938:A:G
chr7:87374676:G:A
chr7:87426972:C:G
chr7:87639867:T:C
chr7:87692842:G:A
chr7:87829076:C:G
chr7:87835666:C:T
chr7:87868542:T:C
chr7:87869885:C:T
chr7:87873212:A:C
chr7:88170446:C:G
chr7:88201935:A:C
chr7:88218444:G:C
chr7:88219477:A:T
chr7:88264238:C:A
chr7:88353985:C:T
chr7:88355642:T:G
chr7:88529027:A:T
chr7:88541443:C:T
chr7:88579248:A:C
chr7:88604011:G:T
chr7:88695132:A:T
chr7:88728165:C:A
chr7:88728182:C:T
chr7:88755298:T:G
chr7:88756392:G:A
chr7:88756410:T:C
chr7:89452902:C:A
chr7:89710320:T:G
chr7:90671356:G:C
chr7:90961980:T:A
chr7:90963993:T:G
chr7:91215188:A:G
chr7:91419064:C:T
chr7:91436731:G:A
chr7:91440898:G:A
chr7:91501689:G:C
chr7:91529785:A:T
chr7:91622748:C:G
chr7:91667664:G:A
chr7:91667872:T:G
chr7:91688238:A:T
chr7:91693548:G:T
chr7:91754546:G:A
chr7:91797457:T:A
chr7:91798358:C:A
chr7:91935605:T:C
chr7:91936011:C:T
chr7:92015538:C:A
chr7:92080899:G:A
chr7:92116858:G:A
chr7:92755814:A:C
chr7:92898726:T:C
chr7:92899572:A:G
chr7:92994113:C:T
chr7:93118548:C:T
chr7:93129753:C:A
chr7:93129903:A:G
chr7:93180711:G:A
chr7:93182985:A:G
chr7:93216495:A:G
chr7:93278366:C:T
chr7:93386200:C:T
chr7:93386809:G:A
chr7:93389043:G:A
chr7:93401291:G:C
chr7:93408854:C:G
chr7:93409721:G:C
chr7:93433578:C:T
chr7:93433671:A:C
chr7:93433695:C:A
chr7:93439517:A:T
chr7:93530486:G:A
chr7:93530581:G:C
chr7:93535240:G:T
chr7:93566446:A:G
chr7:93586831:A:G
chr7:93587582:C:A
chr7:93689567:G:C
chr7:93952924:G:T
chr7:93956526:A:T
chr7:94003418:G:A
chr7:94005849:T:C
chr7:94068076:T:C
chr7:94140765:G:C
chr7:94143327:C:T
chr7:94167836:G:T
chr7:94168107:C:T
chr7:94214857:A:T
chr7:94218578:T:G
chr7:94220295:T:C
chr7:94644533:G:T
chr7:94744648:G:C
chr7:94747662:G:A
chr7:94796092:A:G
chr7:94826394:C:G
chr7:94850183:A:C
chr7:94942260:A:T
chr7:95048240:C:A
chr7:95056882:G:A
chr7:95512010:G:A
chr7:95890446:C:A
chr7:95890698:T:C
chr7:96090658:A:G
chr7:96172869:C:G
chr7:96226365:A:T
chr7:96925394:C:G
chr7:97103716:C:A
chr7:97154914:G:A
chr7:97164686:G:A
chr7:97164777:A:G
chr7:97206931:G:A
chr7:97207890:A:G
chr7:97240952:T:C
chr7:97256958:T:C
chr7:97262361:A:G
chr7:97262478:C:T
chr7:97262546:G:A
chr7:97262662:G:A
chr7:97524202:G:A
chr7:97804236:C:T
chr7:97804370:C:T
chr7:98084997:A:G
chr7:98285175:A:T
chr7:98285280:G:A
chr7:98286740:C:G
chr7:98306646:A:G
chr7:98705071:A:C
chr7:98705636:G:A
chr7:98986654:T:G
chr7:98986759:T:A
chr7:98986838:T:G
chr7:98998901:T:G
chr7:98999177:T:A
chr7:99520968:A:G
chr7:99580050:C:G
chr7:100054982:A:G
chr7:100065745:T:G
chr7:100065827:A:T
chr7:100066286:G:A
chr7:100068761:A:G
chr7:100069134:A:C
chr7:100071460:G:A
chr7:100160134:G:A
chr7:100210236:C:T
chr7:100231005:A:T
chr7:100232059:T:A
chr7:100291942:T:C
chr7:100377588:G:A
chr7:100445007:T:C
chr7:100445794:C:A
chr7:100467008:T:C
chr7:100605104:A:T
chr7:100625568:A:G
chr7:100774841:C:T
chr7:100799080:T:G
chr7:101059256:C:T
chr7:101273609:C:G
chr7:101471227:C:T
chr7:101471528:C:A
chr7:101548948:G:A
chr7:101558294:A:C
chr7:101558914:C:A
chr7:101559152:A:C
chr7:101560644:C:G
chr7:101620432:A:G
chr7:101620556:C:A
chr7:101620730:A:C
chr7:101620882:T:C
chr7:101625398:G:A
chr7:101649328:T:C
chr7:101659849:A:G
chr7:101719957:G:T
chr7:101721384:A:C
chr7:101725970:T:C
chr7:101726540:C:T
chr7:101817788:T:A
chr7:101851969:T:C
chr7:101869103:A:G
chr7:102002860:G:T
chr7:102087837:G:A
chr7:102089195:T:A
chr7:102095486:T:G
chr7:102119418:G:A
chr7:102119467:T:C
chr7:102165345:G:C
chr7:102180514:A:T
chr7:102195239:G:C
chr7:102208599:C:T
chr7:102219265:G:A
chr7:102219539:A:C
chr7:102440820:T:C
chr7:102441000:C:T
chr7:102484738:A:G
chr7:102485504:G:A
chr7:102485723:A:C
chr7:102488342:T:C
chr7:102550014:T:A
chr7:102550659:A:T
chr7:102550965:G:T
chr7:102554022:T:A
chr7:102643275:C:T
chr7:102648396:T:C
chr7:102648426:G:T
chr7:102678655:C:A
chr7:102679553:C:A
chr7:102684989:T:C
chr7:102783630:T:C
chr7:102795940:C:A
chr7:102930334:C:G
chr7:102959439:G:A
chr7:102960451:G:T
chr7:103011396:C:T
chr7:103168595:A:G
chr7:103484053:C:T
chr7:103617474:G:A
chr7:103671463:T:G
chr7:103707291:A:T
chr7:103721934:C:G
chr7:103733362:C:T
chr7:103840708:G:T
chr7:103921381:C:T
chr7:103991830:T:C
chr7:104394407:C:T
chr7:104449146:G:A
chr7:104449174:G:T
chr7:105665399:A:G
chr7:105697925:G:C
chr7:105862049:G:A
chr7:105863082:C:T
chr7:106007122:C:T
chr7:106237228:A:G
chr7:106242995:T:G
chr7:106273450:G:T
chr7:106348074:G:C
chr7:106581785:C:T
chr7:106724558:T:C
chr7:106725119:A:G
chr7:106725370:A:G
chr7:106725492:G:A
chr7:106740822:C:A
chr7:106747630:A:G
chr7:106749238:T:C
chr7:106781779:T:C
chr7:106797078:C:T
chr7:106800186:T:G
chr7:106801406:A:T
chr7:106805100:C:G
chr7:107000891:G:T
chr7:107015685:G:T
chr7:107018744:C:T
chr7:107067942:T:C
chr7:107110443:C:G
chr7:107113346:G:A
chr7:107113511:G:A
chr7:107113544:T:C
chr7:107120259:C:T
chr7:107120401:A:G
chr7:107120457:C:T
chr7:107142200:T:A
chr7:107144738:A:G
chr7:107145047:A:G
chr7:107249740:A:G
chr7:107274158:A:G
chr7:107362433:T:C
chr7:107559070:T:C
chr7:107653967:C:T
chr7:107653971:C:T
chr7:107753166:G:A
chr7:108104501:T:C
chr7:108176176:C:G
chr7:108660859:C:T
chr7:108665086:G:A
chr7:108730639:G:A
chr7:108745515:C:T
chr7:109218122:T:C
chr7:109263364:G:A
chr7:109454439:A:G
chr7:109454503:G:T
chr7:109455649:T:C
chr7:109457895:A:G
chr7:109474548:G:A
chr7:109577090:A:G
chr7:110014601:G:A
chr7:110408279:A:G
chr7:110414782:A:G
chr7:110512584:C:G
chr7:110526176:T:C
chr7:110640986:T:C
chr7:110682297:C:T
chr7:110856280:G:T
chr7:111735776:C:T
chr7:111914825:C:T
chr7:111915141:C:T
chr7:112028021:C:T
chr7:112986758:A:G
chr7:112986965:G:A
chr7:113458705:C:A
chr7:113951737:T:C
chr7:113959061:A:G
chr7:113965201:A:G
chr7:114115213:C:G
chr7:114408363:G:A
chr7:114470380:C:T
chr7:114627207:A:T
chr7:114681872:C:T
chr7:114712749:G:A
chr7:114718938:A:T
chr7:114932089:T:C
chr7:114969548:G:A
chr7:114981842:T:C
chr7:115017893:A:C
chr7:115576809:G:C
chr7:115711628:G:A
chr7:115764235:A:G
chr7:115845060:A:C
chr7:115846719:T:C
chr7:116217010:G:A
chr7:116857143:T:A
chr7:117131724:A:G
chr7:117141919:C:A
chr7:117455199:T:C
chr7:117586181:A:C
chr7:117591760:T:C
chr7:117677916:C:T
chr7:117912861:A:G
chr7:119041460:T:C
chr7:119061798:G:A
chr7:119144430:C:G
chr7:119299940:A:T
chr7:119448163:G:A
chr7:119565382:C:T
chr7:120042206:A:G
chr7:120445803:C:T
chr7:120562277:C:G
chr7:120703658:T:A
chr7:120712975:C:T
chr7:120715849:A:T
chr7:120756902:T:C
chr7:120812867:A:T
chr7:120981638:C:G
chr7:121003041:G:A
chr7:121013078:C:T
chr7:121013210:C:G
chr7:121014772:C:T
chr7:121017462:A:G
chr7:121017721:T:C
chr7:121110280:A:G
chr7:121148328:G:A
chr7:121498730:C:T
chr7:121500488:C:T
chr7:121580276:C:A
chr7:121585848:A:C
chr7:121640338:T:C
chr7:121645241:G:T
chr7:122008872:G:A
chr7:122132689:G:A
chr7:122247597:A:T
chr7:122263637:G:C
chr7:122310315:C:G
chr7:122373866:C:A
chr7:122422362:A:G
chr7:122585788:C:A
chr7:122585795:G:A
chr7:122622122:T:C
chr7:122660846:A:T
chr7:122701321:C:T
chr7:122764286:A:C
chr7:122773460:A:G
chr7:122775439:A:G
chr7:122803021:A:T
chr7:122926831:C:T
chr7:122926918:G:T
chr7:122927217:T:C
chr7:122927395:G:A
chr7:123033705:C:G
chr7:123048642:C:T
chr7:123095810:C:T
chr7:123095884:C:T
chr7:123103740:G:A
chr7:123106161:C:G
chr7:123167776:C:T
chr7:123168062:C:T
chr7:123169737:A:G
chr7:123212214:T:C
chr7:123320934:T:C
chr7:123321223:A:C
chr7:123439819:G:A
chr7:123515186:G:T
chr7:125035819:A:G
chr7:125048342:A:G
chr7:125258346:G:A
chr7:125310224:A:T
chr7:125311099:T:C
chr7:125320709:A:T
chr7:125375529:T:A
chr7:125380101:C:A
chr7:125382544:C:T
chr7:125472664:G:T
chr7:125509452:C:A
chr7:125509775:G:A
chr7:125541174:C:A
chr7:125588066:A:G
chr7:125596401:A:G
chr7:126146968:T:C
chr7:126166719:T:C
chr7:126166774:C:G
chr7:126252159:A:G
chr7:126365571:G:T
chr7:126420118:C:T
chr7:126454550:C:T
chr7:126460009:T:C
chr7:126600152:T:G
chr7:126611973:A:C
chr7:126685845:T:G
chr7:126686042:T:A
chr7:126689677:G:A
chr7:126817450:G:A
chr7:126877176:A:T
chr7:126936393:T:A
chr7:127012768:C:A
chr7:127147115:A:G
chr7:127172357:C:T
chr7:127225490:T:C
chr7:127286625:C:T
chr7:127637401:T:C
chr7:128183291:A:G
chr7:128240016:T:A
chr7:128245304:C:T
chr7:129348641:G:A
chr7:129431689:G:T
chr7:129703578:G:T
chr7:129835798:C:G
chr7:129835909:A:T
chr7:130330898:G:T
chr7:131057916:G:A
chr7:131131268:G:T
chr7:131518504:T:A
chr7:131544419:A:G
chr7:131724308:C:T
chr7:131788747:A:T
chr7:132007607:T:A
chr7:132265697:G:C
chr7:132386242:C:T
chr7:132419153:T:C
chr7:132758633:A:G
chr7:132758880:T:A
chr7:132760929:T:C
chr7:132760940:T:C
chr7:132761009:T:A
chr7:132761173:A:G
chr7:132788041:C:A
chr7:132792215:G:T
chr7:132814779:C:G
chr7:132816795:T:C
chr7:132831393:A:C
chr7:133034782:A:C
chr7:133057424:G:A
chr7:133168081:T:C
chr7:133168438:C:T
chr7:133522499:T:C
chr7:133830444:T:C
chr7:133947955:C:T
chr7:134834748:T:C
chr7:134839679:T:C
chr7:134847755:A:T
chr7:134856021:A:T
chr7:134873095:T:C
chr7:134880893:T:G
chr7:134881015:G:C
chr7:134882097:G:T
chr7:134883445:G:A
chr7:134888235:A:C
chr7:134916166:A:G
chr7:134948254:G:A
chr7:134951964:A:C
chr7:135007897:C:G
chr8:65301:C:A
chr8:72070:T:A
chr8:73231:G:A
chr8:76354:T:C
chr8:129318:C:A
chr8:196517:T:A
chr8:196897:T:A
chr8:213645:G:C
chr8:256387:A:G
chr8:256690:C:G
chr8:290857:A:C
chr8:322226:G:T
chr8:324393:A:T
chr8:325968:G:C
chr8:376774:T:A
chr8:410202:A:C
chr8:709011:T:G
chr8:768688:A:T
chr8:768807:T:C
chr8:770965:C:T
chr8:773864:T:G
chr8:775770:C:T
chr8:791519:T:A
chr8:1185969:G:T
chr8:1336950:C:T
chr8:1353254:A:C
chr8:1859486:G:A
chr8:1862768:C:G
chr8:1981603:T:C
chr8:1982327:A:T
chr8:1994621:A:G
chr8:2109527:T:C
chr8:2351643:G:A
chr8:2691722:T:C
chr8:2691874:A:T
chr8:2751884:A:G
chr8:3044609:C:T
chr8:3341488:T:C
chr8:3794932:T:A
chr8:3820976:C:G
chr8:4127796:G:A
chr8:4128333:A:G
chr8:4128847:A:G
chr8:4169358:T:C
chr8:4180458:A:G
chr8:4258498:A:G
chr8:4394365:A:C
chr8:4927756:T:C
chr8:5235379:T:C
chr8:5386855:A:G
chr8:5388740:G:A
chr8:5390055:C:A
chr8:5556038:T:C
chr8:5610175:C:T
chr8:5732756:C:T
chr8:5940359:C:A
chr8:5967317:G:C
chr8:5968392:G:A
chr8:6006759:A:C
chr8:6175314:C:A
chr8:6452953:G:T
chr8:6494164:G:T
chr8:6854355:T:C
chr8:7134469:A:T
chr8:7134974:A:G
chr8:7189200:A:T
chr8:7229559:T:C
chr8:7313975:G:T
chr8:7327336:C:T
chr8:7328226:T:A
chr8:7339318:G:C
chr8:7403400:C:A
chr8:7420168:A:G
chr8:7421162:A:G
chr8:7457935:T:A
chr8:7491544:T:C
chr8:7495078:G:A
chr8:7495432:T:C
chr8:7524676:G:A
chr8:7525471:A:G
chr8:7526315:T:C
chr8:7611364:T:A
chr8:7643369:T:C
chr8:7669764:C:T
chr8:7748499:T:C
chr8:7826544:T:G
chr8:8217009:G:A
chr8:8254193:A:T
chr8:8262636:G:C
chr8:8262872:G:C
chr8:8263555:G:A
chr8:8265489:T:A
chr8:8266546:C:A
chr8:8267414:A:C
chr8:8310305:T:A
chr8:8346482:G:C
chr8:8346705:A:G
chr8:8769911:G:A
chr8:8929270:G:C
chr8:8930383:G:A
chr8:9203557:C:G
chr8:9347269:A:C
chr8:9400863:C:G
chr8:9996527:C:G
chr8:10033531:T:C
chr8:10048884:T:C
chr8:10074215:C:A
chr8:10153146:C:A
chr8:10153421:G:A
chr8:10687022:T:A
chr8:10831839:G:A
chr8:10832196:T:A
chr8:10961550:G:A
chr8:10981330:G:A
chr8:11072151:C:T
chr8:11257615:A:G
chr8:11484722:G:A
chr8:11484982:T:C
chr8:11502168:C:A
chr8:11830082:A:T
chr8:11830294:G:A
chr8:12394003:G:A
chr8:12581222:T:C
chr8:12762333:A:G
chr8:12824184:C:G
chr8:12825364:T:C
chr8:13065752:A:C
chr8:13317914:T:C
chr8:13355436:T:C
chr8:13643822:C:T
chr8:13715932:G:A
chr8:13716562:G:A
chr8:14138445:A:T
chr8:14209357:A:G
chr8:14247573:G:C
chr8:14430197:A:G
chr8:14458263:G:A
chr8:14463699:G:A
chr8:14484473:C:G
chr8:14536677:T:C
chr8:14557380:G:A
chr8:14560916:A:T
chr8:14606829:A:G
chr8:14632372:T:G
chr8:14634870:G:T
chr8:14714126:G:A
chr8:14757437:T:C
chr8:14893289:A:G
chr8:14893548:G:C
chr8:14893687:C:T
chr8:14896476:G:A
chr8:14897674:A:C
chr8:14922624:G:T
chr8:14923311:C:G
chr8:14925649:G:C
chr8:14928494:C:T
chr8:14948740:G:T
chr8:14986370:T:C
chr8:15012630:T:A
chr8:15012898:C:G
chr8:15013115:A:T
chr8:15015159:A:T
chr8:15068175:A:T
chr8:15068340:G:A
chr8:15102026:A:G
chr8:15133608:A:G
chr8:15184562:C:T
chr8:15198649:A:T
chr8:15215105:A:C
chr8:15215211:C:G
chr8:15293401:C:A
chr8:15332234:G:C
chr8:15447909:C:T
chr8:15448422:A:G
chr8:15449270:G:C
chr8:15503582:T:C
chr8:15503724:G:T
chr8:15503803:A:G
chr8:15539552:T:C
chr8:15564096:C:T
chr8:15564381:G:C
chr8:15576418:C:T
chr8:15576536:G:C
chr8:15634286:T:C
chr8:15636777:C:G
chr8:15636820:T:C
chr8:15647015:T:G
chr8:15724215:A:G
chr8:15763735:A:T
chr8:15786550:T:A
chr8:15804532:C:A
chr8:15828015:T:C
chr8:15828191:G:A
chr8:15932939:G:A
chr8:15942452:G:T
chr8:15942519:G:A
chr8:15945471:C:T
chr8:15986213:A:T
chr8:15996020:G:A
chr8:16004740:C:G
chr8:16008299:A:T
chr8:16008537:G:C
chr8:16010570:G:A
chr8:16035491:A:T
chr8:16042540:A:G
chr8:16059352:G:A
chr8:16063406:C:A
chr8:16068736:T:G
chr8:16105830:A:T
chr8:16149277:T:C
chr8:16149530:G:T
chr8:16270245:T:A
chr8:16356987:G:C
chr8:16617753:A:G
chr8:16619159:C:T
chr8:16790842:C:T
chr8:16792930:T:C
chr8:16831006:A:C
chr8:16937237:C:T
chr8:17100466:T:C
chr8:17100684:G:T
chr8:17129385:C:G
chr8:17129413:T:C
chr8:17129481:C:A
chr8:17131241:A:G
chr8:17131616:G:C
chr8:17134610:G:A
chr8:17134668:C:T
chr8:17279321:G:A
chr8:17329789:C:T
chr8:17451263:C:G
chr8:17673386:A:T
chr8:17742464:C:T
chr8:17742935:T:G
chr8:17747681:A:C
chr8:17748791:G:A
chr8:17750782:T:C
chr8:17796124:A:C
chr8:17796203:G:A
chr8:17977865:C:G
chr8:18103600:A:G
chr8:18104511:A:C
chr8:18174238:G:T
chr8:18174374:T:C
chr8:18179817:A:G
chr8:18200364:G:A
chr8:18244334:A:G
chr8:18245328:T:C
chr8:18389282:A:T
chr8:18810546:A:G
chr8:18820269:G:A
chr8:18871973:A:G
chr8:18917512:C:T
chr8:19157525:T:G
chr8:19160046:G:A
chr8:19160374:T:C
chr8:19502242:A:G
chr8:19562676:A:G
chr8:20177481:T:C
chr8:20264157:C:T
chr8:20326949:A:G
chr8:20714866:A:C
chr8:21230777:G:A
chr8:21657568:T:A
chr8:21702117:A:G
chr8:21821038:G:A
chr8:21908974:G:C
chr8:21982373:T:C
chr8:22030711:T:G
chr8:22255700:A:C
chr8:23066466:T:A
chr8:23066906:A:G
chr8:23118118:T:C
chr8:23141574:A:G
chr8:23349761:C:G
chr8:23425823:A:G
chr8:23471303:C:T
chr8:23636911:A:G
chr8:23637752:G:A
chr8:23878820:T:C
chr8:23922764:C:T
chr8:23933425:T:G
chr8:24301312:A:C
chr8:25537366:A:G
chr8:25827367:G:A
chr8:26137357:G:A
chr8:26139592:G:T
chr8:26177450:G:A
chr8:26199422:C:G
chr8:26199430:C:G
chr8:26294836:G:C
chr8:26295027:T:C
chr8:26388631:G:A
chr8:26656850:T:C
chr8:26716958:T:C
chr8:26718327:C:T
chr8:26830836:G:C
chr8:26831036:G:A
chr8:26951659:A:T
chr8:27280973:T:G
chr8:27281010:T:C
chr8:27716837:C:G
chr8:27810133:A:T
chr8:27816532:A:G
chr8:27845906:A:G
chr8:27849433:C:T
chr8:27951661:A:G
chr8:28030384:G:A
chr8:28150140:G:C
chr8:28363630:G:T
chr8:28616859:C:G
chr8:28800554:G:A
chr8:28885600:G:A
chr8:28901207:A:G
chr8:28910799:C:G
chr8:29173800:C:T
chr8:29231610:T:C
chr8:29413052:T:C
chr8:29440575:C:A
chr8:29686402:T:C
chr8:29900311:T:C
chr8:29900320:T:C
chr8:30103806:C:G
chr8:30287061:A:G
chr8:30287350:C:T
chr8:30660587:T:C
chr8:30976504:G:A
chr8:31191279:T:G
chr8:31234798:G:A
chr8:31359060:T:C
chr8:31459475:A:T
chr8:32242964:C:A
chr8:32323288:A:T
chr8:32382683:T:C
chr8:32509276:C:A
chr8:32515354:C:T
chr8:32521253:C:T
chr8:32901429:G:A
chr8:33094354:A:G
chr8:33168146:A:G
chr8:33532430:A:C
chr8:33542060:C:T
chr8:33602123:T:C
chr8:33937161:C:T
chr8:34029555:G:A
chr8:34184543:G:T
chr8:34654387:T:C
chr8:34681267:C:T
chr8:34782525:T:C
chr8:35357990:A:G
chr8:35842617:T:A
chr8:35849866:A:G
chr8:35852451:G:C
chr8:35857578:C:A
chr8:35858784:C:T
chr8:35861568:T:G
chr8:35863472:A:G
chr8:35874130:G:A
chr8:35874266:A:G
chr8:35897822:G:T
chr8:36916051:T:A
chr8:37184414:T:C
chr8:37445415:C:T
chr8:37477517:C:A
chr8:37547107:C:T
chr8:37775084:A:T
chr8:37889284:G:A
chr8:37911401:A:G
chr8:38186508:T:C
chr8:38320340:C:G
chr8:38348603:T:A
chr8:38468673:C:G
chr8:39752850:A:T
chr8:39900655:A:G
chr8:39900661:A:G
chr8:40065015:G:A
chr8:40121202:G:A
chr8:40194931:A:G
chr8:40195888:T:C
chr8:40203993:T:A
chr8:40259708:G:A
chr8:40333789:G:T
chr8:40403594:T:C
chr8:40478233:C:T
chr8:40597054:T:C
chr8:40969142:A:G
chr8:40970438:G:A
chr8:40971548:T:C
chr8:40971593:A:C
chr8:40985482:T:C
chr8:41020485:C:T
chr8:41626817:C:T
chr8:41686183:G:C
chr8:41726953:C:G
chr8:41828648:A:G
chr8:42051294:G:A
chr8:42074474:G:A
chr8:42396575:G:A
chr8:42579029:A:G
chr8:43007186:C:G
chr8:43112484:C:T
chr8:43200149:A:C
chr8:43280561:C:G
chr8:43736848:C:G
chr8:44005288:G:A
chr8:44249043:G:C
chr8:44278356:C:A
chr8:44354755:T:C
chr8:44619628:C:T
chr8:45104020:T:C
chr8:45572060:A:G
chr8:45871637:A:G
chr8:46125100:A:G
chr8:46667466:T:A
chr8:47328629:A:C
chr8:47470679:T:G
chr8:47516046:T:C
chr8:47516241:C:T
chr8:47516754:T:C
chr8:47768944:G:A
chr8:47898824:A:G
chr8:48072068:T:C
chr8:48078507:C:T
chr8:48132687:G:A
chr8:48232074:C:A
chr8:48233844:G:C
chr8:48240632:T:C
chr8:48402580:G:A
chr8:49739733:A:G
chr8:49907533:G:C
chr8:50013049:T:C
chr8:50057469:A:G
chr8:50794465:G:A
chr8:50902813:C:T
chr8:51489808:T:C
chr8:51583447:A:G
chr8:52685301:T:C
chr8:52874578:C:T
chr8:53002151:C:G
chr8:53017495:C:G
chr8:53146079:C:T
chr8:53279668:A:G
chr8:53280962:T:A
chr8:53381967:A:T
chr8:53387521:A:G
chr8:53391040:G:A
chr8:53412616:A:G
chr8:53451456:G:A
chr8:53575172:G:T
chr8:53593800:G:A
chr8:53623326:G:T
chr8:53836954:C:T
chr8:55207493:T:C
chr8:55383310:G:C
chr8:55660330:G:A
chr8:55691900:C:T
chr8:55692025:A:T
chr8:56015660:G:A
chr8:56700886:A:G
chr8:56941583:C:A
chr8:57117260:T:C
chr8:57144767:A:G
chr8:57151561:C:T
chr8:57318396:C:T
chr8:57333002:G:A
chr8:57675737:G:A
chr8:57739371:A:C
chr8:57767731:G:A
chr8:57767757:C:G
chr8:57803803:G:C
chr8:57843249:C:T
chr8:58020952:C:T
chr8:58020967:C:T
chr8:58063843:A:C
chr8:58065438:A:T
chr8:58279031:G:A
chr8:58291593:A:G
chr8:58294078:A:G
chr8:58608946:T:A
chr8:58621190:C:T
chr8:58659295:A:G
chr8:58782795:C:T
chr8:59474117:C:A
chr8:59539256:T:C
chr8:59999649:G:T
chr8:60237820:G:A
chr8:61317707:C:T
chr8:61427002:G:T
chr8:61536275:C:T
chr8:61964801:C:T
chr8:62001429:A:C
chr8:62039215:C:T
chr8:62039298:G:A
chr8:62142772:T:C
chr8:62323126:T:C
chr8:62492570:G:A
chr8:62493502:G:A
chr8:62805604:T:C
chr8:62925747:C:T
chr8:63057598:G:A
chr8:63256413:T:A
chr8:63403988:T:G
chr8:63779572:G:C
chr8:63811326:C:T
chr8:63976943:G:T
chr8:64297114:A:G
chr8:64319908:T:C
chr8:64465029:A:T
chr8:64868659:T:C
chr8:65293036:T:C
chr8:65460452:A:G
chr8:65636031:A:T
chr8:65983790:T:G
chr8:66042992:C:G
chr8:66132279:G:A
chr8:66167342:T:A
chr8:67050980:G:T
chr8:67091141:T:A
chr8:67267815:G:A
chr8:67371632:G:A
chr8:67371869:G:A
chr8:67531863:G:C
chr8:67531879:C:G
chr8:67683488:A:G
chr8:67683558:C:T
chr8:67689174:G:A
chr8:67796521:C:T
chr8:67969160:G:C
chr8:68103566:G:A
chr8:68369782:T:C
chr8:68617235:A:G
chr8:69389006:C:G
chr8:69908593:C:T
chr8:70168357:T:C
chr8:70515589:C:T
chr8:71668886:C:A
chr8:72173148:C:T
chr8:72360828:G:A
chr8:72360830:G:A
chr8:72553111:C:T
chr8:73429544:G:T
chr8:73747798:G:C
chr8:73824916:C:T
chr8:73900403:G:C
chr8:73965644:C:G
chr8:73973759:T:A
chr8:73973866:G:A
chr8:74022653:C:T
chr8:74161329:G:A
chr8:74161701:C:A
chr8:74787119:A:G
chr8:75054123:C:T
chr8:75206705:A:G
chr8:75258592:A:T
chr8:75260734:T:C
chr8:75477056:A:T
chr8:75530415:G:A
chr8:75532809:T:C
chr8:75550235:T:C
chr8:75742007:T:G
chr8:75743030:C:T
chr8:75988432:A:G
chr8:76109656:A:G
chr8:76110364:T:C
chr8:76413398:T:C
chr8:76608451:T:C
chr8:76727506:T:A
chr8:76857915:C:A
chr8:77011951:C:T
chr8:77012756:T:G
chr8:77107263:C:G
chr8:77123362:G:A
chr8:77302974:G:T
chr8:77314316:G:A
chr8:77395289:C:T
chr8:77397067:A:C
chr8:77398919:T:A
chr8:77500744:A:G
chr8:77501366:G:A
chr8:77754969:G:A
chr8:77757755:C:T
chr8:77760228:A:T
chr8:77829396:A:T
chr8:77893445:T:C
chr8:78442259:A:G
chr8:78443674:G:A
chr8:79547365:C:T
chr8:80047024:C:A
chr8:80242508:T:G
chr8:82212388:T:A
chr8:82327803:T:A
chr8:82330033:A:G
chr8:82392964:T:A
chr8:82449664:C:G
chr8:82713076:G:A
chr8:82743237:C:T
chr8:82743469:G:T
chr8:82998124:A:T
chr8:83006564:A:G
chr8:83190455:T:C
chr8:83193561:G:A
chr8:83916019:T:A
chr8:84062928:A:G
chr8:84408899:T:C
chr8:84800920:G:A
chr8:84872343:G:A
chr8:85392036:T:A
chr8:85514582:T:C
chr8:85595820:C:T
chr8:85776076:G:C
chr8:86715768:T:C
chr8:86740097:C:G
chr8:86770186:G:A
chr8:86770794:G:T
chr8:86770826:C:G
chr8:86939169:A:C
chr8:86939575:C:G
chr8:87161247:T:C
chr8:87247044:C:T
chr8:87390795:A:G
chr8:87430596:A:G
chr8:87431324:T:A
chr8:87441434:C:T
chr8:87457618:G:T
chr8:87489164:T:A
chr8:87489520:G:C
chr8:87631134:G:C
chr8:87863237:A:C
chr8:87863366:G:A
chr8:88215842:T:A
chr8:88226001:C:A
chr8:88399983:A:C
chr8:88546773:A:G
chr8:88668489:A:G
chr8:89058547:A:G
chr8:90192358:T:A
chr8:90998456:T:C
chr8:91301387:C:T
chr8:91422628:C:T
chr8:91422712:G:A
chr8:92139847:T:C
chr8:92220157:C:T
chr8:92220342:A:C
chr8:92299407:C:A
chr8:92301567:T:A
chr8:92301669:C:A
chr8:93236143:G:A
chr8:93783405:A:G
chr8:93806257:C:A
chr8:93806366:C:G
chr8:93809253:A:G
chr8:93812178:T:G
chr8:93815686:C:A
chr8:93870891:A:G
chr8:94159521:T:G
chr8:94243249:G:T
chr8:94243342:T:C
chr8:94243512:G:A
chr8:94244643:T:C
chr8:94245293:C:A
chr8:94245867:T:C
chr8:94246715:T:C
chr8:94246848:A:G
chr8:94343359:A:G
chr8:94403524:T:C
chr8:94411459:T:G
chr8:94415097:C:T
chr8:94500035:C:A
chr8:94500660:T:A
chr8:94765469:T:C
chr8:94799552:A:G
chr8:95023556:C:A
chr8:95361756:G:A
chr8:95812321:G:A
chr8:95994320:A:G
chr8:96182600:T:C
chr8:96305531:G:A
chr8:96708430:T:G
chr8:97450512:G:T
chr8:97971234:G:A
chr8:98132475:A:G
chr8:98164115:C:T
chr8:98191501:G:A
chr8:98292644:G:A
chr8:98304171:A:T
chr8:98522220:C:A
chr8:98522226:G:A
chr8:98527752:G:A
chr8:98569493:T:C
chr8:98661364:T:C
chr8:98661431:C:T
chr8:98764381:A:G
chr8:98795808:G:T
chr8:99009968:A:T
chr8:99060738:C:T
chr8:99300888:A:C
chr8:99706316:T:C
chr8:102423007:C:T
chr8:102458641:G:T
chr8:102458688:T:A
chr8:102504622:G:A
chr8:102776031:A:T
chr8:102950931:T:G
chr8:102992627:T:A
chr8:103039658:C:A
chr8:103106950:C:T
chr8:103569139:T:A
chr8:104552791:T:A
chr8:104790956:T:A
chr8:104912546:A:T
chr8:105121515:C:A
chr8:105122643:C:T
chr8:105143734:A:G
chr8:105677521:G:A
chr8:105942447:T:G
chr8:105983021:C:T
chr8:106010375:C:T
chr8:106219675:C:A
chr8:106337256:A:C
chr8:106396719:T:A
chr8:106452089:G:C
chr8:106499087:G:A
chr8:106621203:G:A
chr8:106869072:C:G
chr8:108297448:G:A
chr8:108900508:G:A
chr8:109450159:G:T
chr8:109698823:T:C
chr8:109863528:C:T
chr8:110297450:C:T
chr8:110297895:C:T
chr8:110301134:A:G
chr8:110416986:T:G
chr8:110635763:A:G
chr8:110719387:C:T
chr8:110956680:C:A
chr8:111025271:G:T
chr8:111025419:C:T
chr8:111074265:T:A
chr8:111517308:A:G
chr8:111702386:C:G
chr8:112022926:C:T
chr8:112109991:T:C
chr8:112234358:A:G
chr8:112306668:T:C
chr8:112488085:C:T
chr8:112488696:G:T
chr8:112518077:G:T
chr8:112652545:A:T
chr8:112797828:C:T
chr8:112797983:C:T
chr8:113220857:T:G
chr8:113256666:G:C
chr8:113275743:G:C
chr8:113430113:C:T
chr8:113437815:A:G
chr8:114188881:G:A
chr8:114280310:T:C
chr8:114786580:T:C
chr8:114861985:T:G
chr8:114895555:C:G
chr8:115192692:A:G
chr8:115475253:C:T
chr8:115532016:T:C
chr8:115784584:G:A
chr8:116991729:T:A
chr8:117231657:G:A
chr8:117291184:A:C
chr8:117540418:A:G
chr8:117715835:A:G
chr8:117890768:C:T
chr8:118521540:G:C
chr8:118547026:G:A
chr8:118548483:T:G
chr8:118609836:G:T
chr8:118693388:T:C
chr8:118727902:G:C
chr8:118939668:A:G
chr8:119261138:G:A
chr8:119261279:G:T
chr8:119908785:G:A
chr8:120087020:A:T
chr8:120317366:G:A
chr8:120322877:T:A
chr8:120457526:G:C
chr8:120851101:C:T
chr8:121111232:C:A
chr8:121691295:C:T
chr8:121965789:G:A
chr8:121966826:C:A
chr8:122496185:A:C
chr8:122545141:C:T
chr8:122593187:A:G
chr8:123124802:T:C
chr8:123560131:G:A
chr8:123664232:A:G
chr8:123805136:C:T
chr8:123836126:G:A
chr8:123836535:T:G
chr9:15315:C:G
chr9:18839:T:A
chr9:18991:G:A
chr9:77675:T:G
chr9:260668:C:T
chr9:371931:C:A
chr9:1484899:A:C
chr9:2608163:G:A
chr9:2621783:G:T
chr9:2622095:T:C
chr9:2635772:G:A
chr9:2663806:C:G
chr9:2679163:T:A
chr9:2681227:T:A
chr9:2681368:A:C
chr9:2755079:T:C
chr9:2759588:C:G
chr9:2759594:C:G
chr9:2759873:A:C
chr9:2759901:G:A
chr9:2761528:A:G
chr9:2765951:T:G
chr9:2806605:C:T
chr9:2806723:G:C
chr9:2958761:C:A
chr9:2968528:A:G
chr9:2972431:T:A
chr9:2979110:C:T
chr9:2986169:T:C
chr9:2990961:G:T
chr9:2995645:C:A
chr9:2995823:G:T
chr9:2996205:G:A
chr9:2996206:C:T
chr9:2998276:A:G
chr9:2999204:C:G
chr9:2999390:T:C
chr9:3017869:A:G
chr9:3034862:A:G
chr9:3036616:G:T
chr9:3041403:T:C
chr9:3048956:G:C
chr9:4048701:A:C
chr9:4059653:G:A
chr9:4060961:T:A
chr9:4526996:A:G
chr9:4623910:C:G
chr9:4628261:C:A
chr9:4628940:C:T
chr9:5146401:T:C
chr9:5146418:T:C
chr9:5150053:C:G
chr9:5197055:C:T
chr9:5257417:T:A
chr9:5682946:G:T
chr9:5683498:G:T
chr9:5684697:A:G
chr9:5686866:G:C
chr9:5757474:A:T
chr9:5757554:G:C
chr9:5892828:G:A
chr9:5894268:C:A
chr9:5913552:G:A
chr9:6143616:T:G
chr9:6144824:C:T
chr9:6145116:T:C
chr9:6155748:G:T
chr9:6157603:A:G
chr9:6157777:G:T
chr9:6240664:C:A
chr9:6263285:A:C
chr9:6263479:G:C
chr9:6375822:T:G
chr9:6591544:C:T
chr9:6617527:T:C
chr9:6819943:T:C
chr9:6829205:T:C
chr9:6869739:C:G
chr9:6914712:T:C
chr9:6915493:C:A
chr9:6922736:C:T
chr9:6949588:T:C
chr9:6954841:A:T
chr9:7107613:A:G
chr9:7114331:C:T
chr9:7121600:A:G
chr9:7127482:A:G
chr9:7270735:C:T
chr9:7271873:C:T
chr9:7455489:A:G
chr9:7517003:A:G
chr9:7536799:C:T
chr9:7539860:T:C
chr9:7540427:G:T
chr9:7547593:A:G
chr9:7565853:G:A
chr9:7566229:G:A
chr9:7645059:T:C
chr9:7723796:C:G
chr9:7723922:G:A
chr9:7724029:C:A
chr9:7752304:C:G
chr9:7755014:T:A
chr9:7759369:A:G
chr9:7759584:G:A
chr9:7762375:A:C
chr9:7763411:T:C
chr9:7776631:C:T
chr9:7779528:T:A
chr9:7779542:C:G
chr9:7812301:C:A
chr9:7812662:T:C
chr9:8141298:A:T
chr9:8202165:A:G
chr9:8230961:T:C
chr9:8230987:G:C
chr9:8232884:G:A
chr9:8235287:A:G
chr9:8236342:C:T
chr9:8488530:T:G
chr9:8523040:G:A
chr9:8523118:G:C
chr9:8741186:G:T
chr9:8742847:T:C
chr9:8745960:G:A
chr9:8746510:A:G
chr9:11448479:T:C
chr9:11456707:C:A
chr9:11614205:G:A
chr9:11655536:C:G
chr9:11671815:A:G
chr9:11707182:A:T
chr9:12481802:T:C
chr9:12507992:C:G
chr9:12513884:G:A
chr9:12670231:C:T
chr9:12804511:A:G
chr9:12873142:G:T
chr9:13080201:G:A
chr9:13088601:T:G
chr9:13230869:A:G
chr9:13389332:G:T
chr9:13610152:T:C
chr9:14236733:T:C
chr9:14238726:A:C
chr9:14560152:A:G
chr9:14577691:C:T
chr9:14645943:T:G
chr9:14896603:A:C
chr9:15197255:G:A
chr9:15441794:C:T
chr9:15658637:C:T
chr9:15773755:T:C
chr9:16321057:T:G
chr9:16336132:A:G
chr9:16400354:A:G
chr9:16734790:T:C
chr9:16734977:T:C
chr9:16880165:C:A
chr9:17865713:T:A
chr9:17979232:T:C
chr9:18407801:G:A
chr9:18468416:T:C
chr9:18468480:A:G
chr9:18471188:T:C
chr9:18490409:T:C
chr9:18532040:C:G
chr9:18653969:T:C
chr9:18691537:A:T
chr9:18691828:C:T
chr9:18692780:G:T
chr9:18695765:C:T
chr9:18695979:T:C
chr9:18770682:A:G
chr9:18770693:G:C
chr9:18787057:A:G
chr9:18787124:G:A
chr9:18808467:G:T
chr9:18822371:A:G
chr9:18826391:C:G
chr9:18863620:G:A
chr9:18898436:G:T
chr9:18898598:G:A
chr9:18937409:A:C
chr9:18937810:G:A
chr9:18937987:A:G
chr9:18938767:T:G
chr9:18939376:G:C
chr9:18940154:G:A
chr9:19065632:C:T
chr9:19067924:T:A
chr9:19068037:G:A
chr9:19069242:G:A
chr9:19070822:A:T
chr9:19071644:T:A
chr9:19107035:G:A
chr9:19108005:C:T
chr9:19109925:G:A
chr9:19110475:C:T
chr9:19110910:C:A
chr9:19136927:C:G
chr9:19236982:C:A
chr9:19263324:A:G
chr9:19263601:A:G
chr9:19395777:A:G
chr9:19396406:T:G
chr9:19396470:T:C
chr9:19396628:T:A
chr9:19413428:G:C
chr9:19431850:T:G
chr9:19459761:G:C
chr9:19577305:G:T
chr9:20161821:G:C
chr9:20180791:T:G
chr9:20219557:G:A
chr9:20285288:A:T
chr9:20286767:C:G
chr9:20292381:A:G
chr9:20334247:A:C
chr9:20334486:T:C
chr9:20349724:G:T
chr9:20429864:C:T
chr9:20495170:G:A
chr9:20540758:C:T
chr9:20545770:T:G
chr9:20569248:A:G
chr9:20618115:G:A
chr9:20618437:A:C
chr9:20732273:G:A
chr9:20863376:T:A
chr9:20926641:C:T
chr9:21040063:G:C
chr9:21095043:A:T
chr9:21095387:C:A
chr9:21181789:A:T
chr9:21187269:C:G
chr9:21187472:A:C
chr9:21300886:C:T
chr9:21311288:C:T
chr9:21380290:A:G
chr9:21413267:G:C
chr9:21413774:T:C
chr9:21414730:T:G
chr9:21414797:C:A
chr9:21421317:T:C
chr9:21422555:T:C
chr9:21435320:C:T
chr9:21482833:A:T
chr9:21483278:G:C
chr9:21818898:G:C
chr9:21897269:G:A
chr9:21920095:G:A
chr9:21922875:A:G
chr9:21980453:T:A
chr9:22025509:C:A
chr9:22025558:G:A
chr9:22146515:A:G
chr9:22525552:A:C
chr9:22541146:T:C
chr9:22542047:C:A
chr9:22543225:C:A
chr9:22587342:T:C
chr9:22629842:G:A
chr9:22638193:G:C
chr9:22916455:A:G
chr9:23039568:T:C
chr9:23077629:C:A
chr9:23268222:T:C
chr9:23272798:A:G
chr9:23276028:G:A
chr9:23285223:G:C
chr9:23561564:A:G
chr9:23747800:C:T
chr9:23847970:A:G
chr9:23849281:C:T
chr9:24099549:G:A
chr9:24218584:T:G
chr9:24371159:C:T
chr9:24417025:A:T
chr9:24422312:G:A
chr9:24435978:A:C
chr9:24518905:T:G
chr9:24519324:T:C
chr9:24561791:C:T
chr9:24569354:A:G
chr9:24569552:C:G
chr9:24569927:G:A
chr9:24575324:T:C
chr9:24686500:A:G
chr9:24687206:C:T
chr9:25046561:C:T
chr9:25057539:G:A
chr9:25094104:G:A
chr9:25305801:A:C
chr9:25444124:A:G
chr9:25514785:C:T
chr9:25560072:C:T
chr9:25576481:G:A
chr9:25576669:A:G
chr9:25580891:T:C
chr9:25581474:A:C
chr9:25613418:A:T
chr9:25641731:C:G
chr9:25643372:C:G
chr9:25643719:G:A
chr9:25915130:T:C
chr9:25917049:C:T
chr9:26016721:T:C
chr9:26016990:A:T
chr9:26050279:G:A
chr9:26051609:G:A
chr9:26054040:T:G
chr9:26113588:G:A
chr9:26213494:A:G
chr9:26217723:A:G
chr9:26265534:T:A
chr9:26384118:T:C
chr9:26385774:T:C
chr9:26386068:C:G
chr9:26387213:C:T
chr9:26427352:G:A
chr9:26503608:G:T
chr9:26504659:A:T
chr9:26553978:T:C
chr9:26748843:A:G
chr9:26855234:T:C
chr9:26932368:C:T
chr9:26943532:T:G
chr9:26987823:A:G
chr9:27052854:C:T
chr9:27138771:G:C
chr9:27154956:G:A
chr9:27181372:T:G
chr9:27322906:T:C
chr9:27506323:A:G
chr9:27635860:C:T
chr9:27639342:A:G
chr9:27805542:C:T
chr9:28012162:T:A
chr9:28041087:A:C
chr9:28044655:G:T
chr9:28164364:G:T
chr9:28164453:G:A
chr9:28329773:C:G
chr9:28353365:A:G
chr9:28354134:C:A
chr9:29220408:T:C
chr9:29285625:G:A
chr9:29285668:T:C
chr9:29293536:C:T
chr9:29322678:T:C
chr9:29322727:C:G
chr9:29356078:A:C
chr9:29361800:T:C
chr9:29384246:A:C
chr9:29387719:C:T
chr9:29387961:T:A
chr9:29388824:A:C
chr9:29421468:A:T
chr9:29441782:A:T
chr9:29441797:A:G
chr9:29458945:C:G
chr9:29460185:A:G
chr9:29460963:T:C
chr9:29462099:G:A
chr9:29462539:C:T
chr9:29608820:C:G
chr9:29609081:C:T
chr9:29612720:G:C
chr9:29655013:T:G
chr9:29691159:T:A
chr9:30600704:T:C
chr9:30782939:T:G
chr9:31075419:A:G
chr9:31226493:C:T
chr9:31227656:T:C
chr9:31227988:A:T
chr9:31228529:T:A
chr9:31228795:A:C
chr9:31230442:C:T
chr9:31234658:T:G
chr9:31631634:C:T
chr9:31678949:T:C
chr9:32001990:C:G
chr9:32002157:A:G
chr9:32048372:C:T
chr9:32054644:G:A
chr9:32077249:T:C
chr9:32079153:G:T
chr9:32228947:C:T
chr9:32229065:T:C
chr9:32373322:G:T
chr9:32508448:C:T
chr9:32508594:C:T
chr9:32663154:C:T
chr9:32675316:G:A
chr9:32683198:A:T
chr9:32691961:G:A
chr9:32851700:C:T
chr9:32852200:G:A
chr9:32853928:C:A
chr9:32853958:A:G
chr9:32893176:T:A
chr9:32896096:C:A
chr9:32898412:G:C
chr9:32910508:T:A
chr9:32966944:T:A
chr9:32989989:C:G
chr9:32992422:A:T
chr9:33060206:T:C
chr9:33085798:C:A
chr9:33179690:A:G
chr9:33179770:G:A
chr9:33214935:G:A
chr9:33216224:G:A
chr9:33328024:T:A
chr9:33357176:A:G
chr9:33358907:G:A
chr9:33367962:G:C
chr9:33390685:C:G
chr9:33393975:C:G
chr9:33450533:C:T
chr9:33450652:C:A
chr9:33472346:A:T
chr9:33487854:T:C
chr9:33510412:G:A
chr9:33521320:T:G
chr9:33567572:G:A
chr9:33572924:T:C
chr9:33665253:C:T
chr9:33741921:C:A
chr9:33764386:G:A
chr9:33832921:G:A
chr9:33872661:C:A
chr9:33874971:A:G
chr9:33877506:G:A
chr9:33987975:C:T
chr9:33987981:C:A
chr9:33989131:T:C
chr9:34072877:C:A
chr9:34072974:C:T
chr9:34126524:T:C
chr9:34129924:T:C
chr9:34130535:T:C
chr9:34131754:T:G
chr9:34174827:T:A
chr9:34175801:G:A
chr9:34175848:A:T
chr9:34225416:A:G
chr9:34226376:C:G
chr9:34267003:A:G
chr9:34361263:C:T
chr9:34417421:G:A
chr9:34417728:C:T
chr9:34468516:T:A
chr9:34652973:T:G
chr9:34653101:T:G
chr9:34884054:T:A
chr9:35094536:T:A
chr9:35095083:T:A
chr9:35164877:C:T
chr9:35379327:T:C
chr9:35380115:A:T
chr9:35383431:A:T
chr9:35475331:T:A
chr9:35528402:C:G
chr9:35601631:G:A
chr9:35803271:A:G
chr9:36093260:A:T
chr9:36093361:C:T
chr9:36382564:T:A
chr9:36527704:T:C
chr9:36665001:G:A
chr9:37531266:T:C
chr9:37533780:T:C
chr9:37792626:G:A
chr9:37792938:A:G
chr9:37930190:A:C
chr9:37930289:G:A
chr9:38283209:C:G
chr9:38330120:C:T
chr9:39416532:G:A
chr9:39613863:C:T
chr9:39901482:A:T
chr9:40010609:G:C
chr9:40529582:C:T
chr9:40628441:G:C
chr9:40706430:G:C
chr9:40859698:T:G
chr9:40888486:G:A
chr9:41162930:T:C
chr9:41191620:G:A
chr9:41485701:C:T
chr9:42288297:T:C
chr9:42289278:T:C
chr9:42923345:A:G
chr9:43017318:C:G
chr9:43023546:G:A
chr9:43023554:C:T
chr9:43128867:C:T
chr9:43556691:A:G
chr9:43693040:A:G
chr9:43693786:G:A
chr9:43994296:C:T
chr9:44180137:T:G
chr9:44181595:G:T
chr9:44359327:C:A
chr9:44481099:A:C
chr9:44541342:A:G
chr9:44652555:T:A
chr9:44652559:T:A
chr9:44950651:C:T
chr9:45041355:T:C
chr9:45184428:A:T
chr9:45405659:C:T
chr9:45432971:G:A
chr9:45688684:T:G
chr9:45691727:A:T
chr9:45692632:G:A
chr9:45791794:T:C
chr9:45798794:C:T
chr9:46004660:T:G
chr9:46028440:G:T
chr9:46029958:A:T
chr9:46163452:G:T
chr9:46171920:T:G
chr9:46236423:G:A
chr9:46413314:T:A
chr9:46413512:C:T
chr9:46729371:C:T
chr9:46793310:T:C
chr9:46883039:C:G
chr9:46932496:T:C
chr9:46990603:G:T
chr9:46990762:T:C
chr9:46995186:G:A
chr9:47034618:T:A
chr9:47035928:G:C
chr9:47048307:C:A
chr9:47064300:C:T
chr9:47093667:G:T
chr9:47093713:C:T
chr9:47132765:T:C
chr9:47195136:G:A
chr9:47195300:T:C
chr9:47313942:G:A
chr9:47319718:T:C
chr9:47422071:C:G
chr9:47422242:G:A
chr9:47425287:G:C
chr9:47538569:A:C
chr9:47735597:G:T
chr9:47735604:G:A
chr9:47737525:G:A
chr9:47770608:G:A
chr9:47770918:T:C
chr9:47780271:A:G
chr9:47813289:A:G
chr9:48175994:T:C
chr9:48189863:A:T
chr9:48190594:A:G
chr9:48364881:C:T
chr9:48381976:A:C
chr9:48381990:G:A
chr9:48643966:A:G
chr9:48729527:C:A
chr9:48735053:C:T
chr9:48893858:G:C
chr9:48975053:A:G
chr9:48980780:G:A
chr9:48992186:T:C
chr9:49027448:C:A
chr9:49027955:C:A
chr9:49029452:A:T
chr9:49114261:C:T
chr9:49133188:C:A
chr9:49134718:C:G
chr9:49136030:G:A
chr9:49138717:T:C
chr9:49138887:T:C
chr9:49150480:C:T
chr9:49150653:G:A
chr9:49154104:C:T
chr9:49195259:A:C
chr9:49196825:G:A
chr9:49196955:A:G
chr9:49242751:G:C
chr9:49243644:A:G
chr9:49248366:A:C
chr9:49414464:C:T
chr9:49503195:A:C
chr9:49541138:T:C
chr9:49575901:C:A
chr9:49583303:A:G
chr9:49642620:G:A
chr9:49655008:A:G
chr9:50001128:T:C
chr9:50001921:T:C
chr9:50059436:C:A
chr9:50062813:T:G
chr9:50204530:T:C
chr9:50279252:G:C
chr9:50280663:C:G
chr9:50282990:A:G
chr9:50287983:G:A
chr9:50396522:C:G
chr9:50430770:A:G
chr9:50514851:A:T
chr9:50587796:T:A
chr9:50588682:G:A
chr9:50590985:C:G
chr9:50707504:A:C
chr9:50822431:T:C
chr9:50823582:A:G
chr9:50827639:G:T
chr9:50827749:C:T
chr9:50963780:T:A
chr9:51041487:A:G
chr9:51045245:G:C
chr9:51124888:A:G
chr9:51125367:C:T
chr9:51144747:C:T
chr9:51149812:A:G
chr9:51156631:C:A
chr9:51156673:G:T
chr9:51158306:C:G
chr9:51188463:G:A
chr9:51233989:G:C
chr9:51240672:C:A
chr9:52292473:T:G
chr9:52348648:A:C
chr9:52349288:C:G
chr9:52504098:A:T
chr9:52513363:A:T
chr9:52513526:T:G
chr9:52925624:G:A
chr9:53037146:T:A
chr9:53037196:G:A
chr9:53039070:T:C
chr9:53085061:C:A
chr9:53085180:G:C
chr9:53128400:G:A
chr9:53169578:T:A
chr9:53169708:G:A
chr9:53170805:A:G
chr9:53359197:C:T
chr9:53359853:G:A
chr9:53492555:T:A
chr9:53555384:G:A
chr9:53603004:A:T
chr9:53657561:A:G
chr9:53716717:A:C
chr9:53716900:T:C
chr9:53805570:G:T
chr9:53961290:G:A
chr9:54125750:T:C
chr9:54216923:G:A
chr9:54233203:A:C
chr9:54338945:C:G
chr9:54385392:A:G
chr9:54449211:A:G
chr9:54706159:C:G
chr9:54771130:G:A
chr9:54988602:A:G
chr9:55653100:T:C
chr9:55948401:C:T
chr9:56344466:A:C
chr9:56432906:C:T
chr9:56628627:C:T
chr9:56792618:T:C
chr9:56882903:A:G
chr9:57594380:C:T
chr9:57891591:T:C
chr9:57994347:G:A
chr9:58900655:T:C
chr9:59062791:T:A
chr9:59392766:T:A
chr9:59524310:A:T
chr9:59875332:A:T
chr9:61072958:C:A
chr9:61790971:G:A
chr9:61810828:A:T
chr9:61852941:T:G
chr9:62010603:T:C
chr9:62078614:T:C
chr9:62080104:G:A
chr9:62398318:G:T
chr9:62871399:G:A
chr9:62886277:T:A
chr9:62937655:A:T
chr9:62940462:A:C
chr9:63336361:G:T
chr9:63602780:C:T
chr9:63926487:C:G
chr9:63933388:G:T
chr9:63967992:A:T
chr9:64081882:T:G
chr9:64204132:G:A
chr9:64595940:A:G
chr9:64676497:C:T
chr9:64829179:T:G
chr9:65737523:A:G
chr9:65773010:C:T
chr9:66012338:C:G
chr9:66104570:A:C
chr9:66149024:A:T
chr9:66399812:G:A
chr9:66735443:G:A
chr9:66783932:A:T
chr9:66783989:G:T
chr9:66795123:G:A
chr9:66814353:T:C
chr9:66814435:A:T
chr9:66923244:T:A
chr9:66942765:C:T
chr9:66956322:T:G
chr9:66966572:C:A
chr9:66968326:G:A
chr9:66969920:T:G
chr9:67025715:A:C
chr9:67036016:T:C
chr9:67036681:G:T
chr9:67086069:T:A
chr9:67086184:G:C
chr9:67086458:T:G
chr9:67087683:A:C
chr9:67334331:T:G
chr9:67410207:C:G
chr9:67547943:A:G
chr9:67548915:C:T
chr9:67549175:T:A
chr9:67549933:T:C
chr9:67555919:G:A
chr9:67613536:C:T
chr9:67616492:C:T
chr9:67648003:A:G
chr9:67678078:A:C
chr9:67694196:T:A
chr9:67979103:G:C
chr9:68294813:C:T
chr9:68635330:C:G
chr9:69060382:A:G
chr9:69184758:C:A
chr9:69185077:T:A
chr9:69900066:T:C
chr9:70186892:T:C
chr9:70187079:T:C
chr9:70249909:C:T
chr9:70251837:T:C
chr9:70355726:T:C
chr9:70551659:A:C
chr9:70645058:C:T
chr9:70692245:C:T
chr9:70693881:T:A
chr9:70694111:G:A
chr9:70784569:G:A
chr9:70843043:G:T
chr9:70844420:T:C
chr9:70883830:T:C
chr9:70883913:T:C
chr9:71240175:T:G
chr9:71294224:C:T
chr9:71294498:A:T
chr9:71320843:G:A
chr9:71522536:A:G
chr9:71522611:G:A
chr9:71960836:G:T
chr9:72550905:G:A
chr9:72776918:C:T
chr9:72791131:A:C
chr9:72890847:T:C
chr9:72984098:A:G
chr9:73118351:G:A
chr9:73188003:T:C
chr9:73908130:A:G
chr9:74234313:T:C
chr9:74236585:T:C
chr9:74237981:A:G
chr9:74484410:C:T
chr9:75220363:C:T
chr9:75417387:T:C
chr9:76031728:G:A
chr9:76553425:C:T
chr9:77443979:G:A
chr9:77497880:G:T
chr9:77531721:T:A
chr9:77787144:C:A
chr9:77825443:T:C
chr9:78582397:T:C
chr9:78757000:C:T
chr9:79006969:A:T
chr9:79009355:T:C
chr9:79195521:C:T
chr9:79307280:A:C
chr9:79600873:C:G
chr9:79733633:C:T
chr9:79782339:G:A
chr9:79794181:C:T
chr9:79962653:T:G
chr9:80045654:T:C
chr9:80419967:G:A
chr9:80423038:C:T
chr9:80518952:A:G
chr9:80519047:T:C
chr9:80718186:C:A
chr9:80718721:A:G
chr9:80719367:C:G
chr9:80720584:G:T
chr9:80720639:C:G
chr9:81334353:G:C
chr9:81577468:A:C
chr9:81804695:G:A
chr9:82185294:C:T
chr9:82309188:A:G
chr9:82322881:A:C
chr9:82359840:A:C
chr9:82362562:C:G
chr9:82364244:G:T
chr9:82369866:T:G
chr9:82491724:A:G
chr9:82585933:T:A
chr9:82648183:A:G
chr9:82662928:C:T
chr9:82684520:T:C
chr9:82729134:T:G
chr9:82729229:A:G
chr9:82744881:A:G
chr9:82745818:T:C
chr9:82770613:T:C
chr9:82776697:C:T
chr9:82778305:G:C
chr9:82878793:A:G
chr9:82878831:A:C
chr9:82897181:G:A
chr9:82932073:T:C
chr9:83004227:A:G
chr9:83247207:C:G
chr9:83269534:C:T
chr9:83348719:G:A
chr9:83506755:T:C
chr9:83770062:A:T
chr9:84040099:C:G
chr9:84051288:T:A
chr9:84155740:C:T
chr9:84651300:G:A
chr9:84664180:A:G
chr9:84719160:T:C
chr9:84728769:C:A
chr9:84759769:G:A
chr9:84762962:G:T
chr9:84763572:A:C
chr9:84763746:G:C
chr9:84786987:C:T
chr9:84845174:T:C
chr9:85221312:A:G
chr9:85708508:T:C
chr9:85788831:T:C
chr9:85805171:C:A
chr9:85817089:T:A
chr9:85892267:C:T
chr9:85892389:A:G
chr9:85892579:C:G
chr9:86032677:G:T
chr9:86032881:T:C
chr9:86054520:G:A
chr9:86165781:T:C
chr9:86235272:G:A
chr9:86235416:T:C
chr9:86242473:C:T
chr9:86253278:A:G
chr9:86376183:T:G
chr9:86376185:T:G
chr9:87117411:C:A
chr9:87176189:G:A
chr9:87561454:T:C
chr9:87939444:C:G
chr9:89248652:A:C
chr9:90059104:G:A
chr9:90142050:A:G
chr9:90209820:C:T
chr9:90213335:G:T
chr9:92280957:C:G
chr9:92304832:G:C
chr9:92407721:G:T
chr9:92753697:A:G
chr9:92768075:A:G
chr9:92975134:A:G
chr9:93117388:C:T
chr9:93117480:C:G
chr9:93307468:A:G
chr9:93318990:T:A
chr9:93330942:C:T
chr9:93481358:C:T
chr9:93512934:T:G
chr9:93650136:T:C
chr9:94331012:G:A
chr9:94395378:C:T
chr9:94487339:C:T
chr9:94566852:C:A
chr9:94670656:G:A
chr9:94671866:T:C
chr9:94831190:C:A
chr9:94875407:G:A
chr9:95275508:A:T
chr9:95398724:T:C
chr9:95398822:T:C
chr9:95431338:A:C
chr9:95482740:C:T
chr9:95520676:T:A
chr9:95543644:G:A
chr9:95547285:T:C
chr9:95548605:C:T
chr9:95611593:T:G
chr9:95704113:A:C
chr9:95801424:C:A
chr9:95802020:G:T
chr9:95804948:T:G
chr9:95895125:G:A
chr9:95971292:G:A
chr9:95971340:A:G
chr9:95971569:A:T
chr9:96153444:T:C
chr9:96183628:T:C
chr9:96310038:T:C
chr9:96682241:T:C
chr9:96743395:A:C
chr9:96743455:A:G
chr9:96990720:G:T
chr9:97003837:T:C
chr9:97003888:A:G
chr9:97004208:A:G
chr9:97004418:A:C
chr9:97005063:G:C
chr9:97029968:A:T
chr9:97046605:A:C
chr9:97115793:C:T
chr9:97115796:C:G
chr9:97354752:T:G
chr9:97394714:T:C
chr9:97395410:T:G
chr9:97436443:G:A
chr9:97478356:T:A
chr9:97484026:C:T
chr9:97579299:G:A
chr9:97663440:G:T
chr9:97891288:T:C
chr9:97893850:A:G
chr9:97944600:T:C
chr9:98196094:C:G
chr9:98215286:C:T
chr9:98292553:C:T
chr9:98396721:C:A
chr9:98503106:A:G
chr9:98559829:G:A
chr9:98580564:G:A
chr9:98611170:C:A
chr9:98636279:A:T
chr9:98636567:A:C
chr9:98669898:C:T
chr9:98820696:G:A
chr9:98918129:T:C
chr9:98918690:C:A
chr9:98919658:C:T
chr9:99015354:G:A
chr9:99113926:G:C
chr9:99226544:C:T
chr9:99605575:C:A
chr9:99629098:G:C
chr9:99663793:T:G
chr9:99664064:C:A
chr9:99683702:A:G
chr9:99707044:G:C
chr9:99806515:G:T
chr9:99808788:C:A
chr9:99812472:T:C
chr9:100061088:C:T
chr9:100613924:T:C
chr9:100776846:A:G
chr9:101146901:A:G
chr9:101179569:A:G
chr9:101182050:G:C
chr9:101182622:G:A
chr9:101235629:A:C
chr9:101235731:A:C
chr9:101343991:G:C
chr9:101348218:C:T
chr9:101348237:T:C
chr9:101418929:C:G
chr9:101418943:A:G
chr9:101607728:C:T
chr9:101774588:A:C
chr9:101774709:T:C
chr9:101913230:A:T
chr9:101916199:C:A
chr9:102064421:G:A
chr9:102133017:C:A
chr9:102137568:T:C
chr9:102242235:T:C
chr9:102246376:A:G
chr9:102426723:A:G
chr9:102537856:G:A
chr9:102601807:C:T
chr9:102617797:G:A
chr9:102671974:G:C
chr9:102745294:T:G
chr9:102745893:G:A
chr9:103590637:G:C
chr9:103784470:G:C
chr9:104033170:A:C
chr9:104102429:T:C
chr9:104205399:T:G
chr9:104223527:C:T
chr9:104681821:C:A
chr9:104778422:C:A
chr9:104778870:A:G
chr9:105235349:A:G
chr9:105316572:G:A
chr9:105316596:T:C
chr9:105319306:G:A
chr9:105321198:A:G
chr9:105385261:C:T
chr9:105609495:G:T
chr9:105650775:G:A
chr9:105754433:C:G
chr9:105768647:T:C
chr9:105867194:T:C
chr9:105977169:G:C
chr9:106048699:G:T
chr9:106049879:C:T
chr9:106080301:G:A
chr9:106084853:G:A
chr9:106184318:T:G
chr9:106704755:C:A
chr9:106721689:G:A
chr9:106828631:C:T
chr9:106940661:C:A
chr9:106984352:T:A
chr9:107466742:T:C
chr9:107485426:T:C
chr9:107540244:G:A
chr9:108230511:G:A
chr9:108233857:C:T
chr9:108924040:G:A
chr9:108941936:C:T
chr9:109020600:T:C
chr9:109050355:C:T
chr9:109057409:T:C
chr9:109123225:T:C
chr9:109332100:A:G
chr9:109777536:T:C
chr9:110374336:T:A
chr9:110417106:T:A
chr9:110507187:T:A
chr9:110527606:G:A
chr9:111201908:C:T
chr9:111368441:G:A
chr9:111368594:A:C
chr9:111368969:T:G
chr9:111371834:A:T
chr9:111504725:G:A
chr9:112202092:T:C
chr9:112202233:G:A
chr9:112204541:C:T
chr9:112231948:T:A
chr9:112232998:T:C
chr9:112267773:C:T
chr9:112268406:C:T
chr9:112270266:C:A
chr9:112271250:A:T
chr9:112411027:A:C
chr9:112988481:C:T
chr9:112988832:C:T
chr9:112990726:G:T
chr9:113001091:G:A
chr9:113002188:A:C
chr9:113003191:A:C
chr9:113048478:A:C
chr9:113048510:A:C
chr9:113445468:G:C
chr9:113446185:G:A
chr9:113467242:C:A
chr9:113467624:A:G
chr9:113467834:G:C
chr9:113513797:G:C
chr9:113520764:T:A
chr9:113525446:A:G
chr9:113592058:C:A
chr9:113594368:C:A
chr9:113596616:G:T
chr9:113619968:C:T
chr9:113621593:C:T
chr9:113631898:C:T
chr9:113633823:G:T
chr9:113670619:A:T
chr9:113712822:T:G
chr9:113714951:C:G
chr9:113785242:G:C
chr9:113787070:G:T
chr9:113788131:A:C
chr9:113805410:G:C
chr9:113842601:G:A
chr9:113887466:G:T
chr9:114041731:G:A
chr9:114055032:C:T
chr9:114060492:G:T
chr10:73290:A:C
chr10:144785:C:G
chr10:145530:G:A
chr10:147810:T:C
chr10:147832:G:C
chr10:148726:A:G
chr10:148759:C:T
chr10:353780:A:T
chr10:361466:T:C
chr10:364610:G:A
chr10:403678:A:G
chr10:409599:A:T
chr10:410177:G:T
chr10:607278:T:G
chr10:704749:T:G
chr10:704964:T:A
chr10:808644:T:C
chr10:1054989:C:T
chr10:1055181:A:G
chr10:1400274:C:T
chr10:1426962:A:G
chr10:1427935:A:G
chr10:1450683:A:T
chr10:1670387:G:A
chr10:1670459:G:A
chr10:1740499:C:T
chr10:1779485:G:A
chr10:1780422:G:A
chr10:1782750:T:C
chr10:1799727:T:C
chr10:1799842:T:G
chr10:1829788:C:T
chr10:1840380:C:T
chr10:2121178:T:A
chr10:2197263:G:A
chr10:2211306:G:A
chr10:2211431:A:G
chr10:2216010:C:A
chr10:2221308:C:A
chr10:2285834:G:T
chr10:2286335:G:A
chr10:2356166:C:T
chr10:2405313:C:A
chr10:2406393:T:C
chr10:2412866:C:T
chr10:2414053:T:C
chr10:2567216:C:T
chr10:3502316:T:G
chr10:4503586:T:A
chr10:4635305:T:A
chr10:5434123:G:A
chr10:5691954:T:C
chr10:5773397:G:A
chr10:5975921:A:G
chr10:6018953:A:G
chr10:6184198:A:G
chr10:6217968:T:G
chr10:6277765:G:T
chr10:6277807:T:A
chr10:6280066:A:G
chr10:6281739:T:G
chr10:6363267:C:T
chr10:6412446:G:A
chr10:6443885:T:G
chr10:6494711:G:A
chr10:7238417:T:C
chr10:7372867:T:G
chr10:7394723:A:G
chr10:7396639:A:G
chr10:7398123:C:G
chr10:7408059:A:C
chr10:7446834:G:A
chr10:7986210:C:A
chr10:7996575:C:T
chr10:8115899:T:C
chr10:8130511:T:C
chr10:8486655:C:T
chr10:8670633:G:A
chr10:8847314:C:T
chr10:8871655:A:G
chr10:8928204:C:G
chr10:9483201:G:A
chr10:9515379:C:A
chr10:9762811:G:A
chr10:9890090:C:T
chr10:10185052:C:T
chr10:10201924:A:G
chr10:10288628:A:T
chr10:10302930:A:T
chr10:10303525:A:G
chr10:10875783:C:T
chr10:11732190:C:T
chr10:11994315:T:G
chr10:12063998:C:A
chr10:12089930:G:A
chr10:12116378:G:T
chr10:13005732:G:T
chr10:13330999:A:G
chr10:13806748:T:G
chr10:14043577:T:G
chr10:14048962:A:G
chr10:14708256:A:C
chr10:14752550:C:T
chr10:15262156:T:G
chr10:15426041:T:G
chr10:16076724:G:T
chr10:16077888:A:G
chr10:16305993:G:A
chr10:16311125:A:G
chr10:16506833:A:G
chr10:16507781:C:T
chr10:16684549:T:G
chr10:16684629:G:C
chr10:16697552:T:C
chr10:16897631:C:T
chr10:16990064:C:T
chr10:16995611:A:T
chr10:17002642:G:A
chr10:17413948:A:G
chr10:18173876:G:C
chr10:18174551:A:C
chr10:18464681:A:G
chr10:18521001:G:C
chr10:18593797:C:T
chr10:19369194:T:G
chr10:19596873:G:A
chr10:19809745:T:C
chr10:20069799:A:G
chr10:20089294:T:C
chr10:20138012:G:A
chr10:20175917:C:T
chr10:20176632:A:C
chr10:20280050:C:G
chr10:20287702:C:T
chr10:20387676:A:G
chr10:20591990:C:T
chr10:20659741:A:G
chr10:20870926:A:G
chr10:21281101:C:T
chr10:21322908:G:C
chr10:21728593:A:G
chr10:21832060:G:A
chr10:22153941:C:T
chr10:22220632:A:G
chr10:22329289:T:C
chr10:22462991:G:A
chr10:22727824:C:T
chr10:22848898:T:C
chr10:23158152:G:A
chr10:23394853:A:G
chr10:23424427:C:A
chr10:23583708:A:G
chr10:23677274:G:T
chr10:23677852:G:A
chr10:23702686:G:A
chr10:23729251:T:A
chr10:23738787:G:A
chr10:23772704:T:C
chr10:23922137:T:C
chr10:23984371:C:T
chr10:24055789:C:G
chr10:24151400:A:C
chr10:24415384:C:A
chr10:24472614:G:T
chr10:24966440:T:A
chr10:24970189:G:C
chr10:24971282:C:T
chr10:25002577:C:G
chr10:25050829:G:C
chr10:25133147:C:T
chr10:25150393:C:T
chr10:25244282:C:T
chr10:25309977:T:C
chr10:25408523:C:T
chr10:25724119:C:A
chr10:25971146:A:C
chr10:25971883:C:A
chr10:26325104:C:A
chr10:26459577:G:T
chr10:27660864:G:A
chr10:27707847:A:G
chr10:28234588:T:C
chr10:28285773:T:C
chr10:28323061:C:T
chr10:28715872:G:A
chr10:28975235:C:T
chr10:29163103:G:A
chr10:29237114:G:T
chr10:29313667:G:C
chr10:29568922:G:C
chr10:30038131:G:A
chr10:30114370:C:A
chr10:30130879:G:C
chr10:30166497:T:A
chr10:30522453:A:G
chr10:30943250:A:G
chr10:31266640:C:T
chr10:31336805:C:T
chr10:31616665:G:A
chr10:31645829:G:T
chr10:31984138:G:C
chr10:32214029:T:A
chr10:32449740:G:A
chr10:32625218:C:G
chr10:33178129:A:G
chr10:33372811:C:T
chr10:33430789:T:G
chr10:33507884:T:C
chr10:33510132:G:C
chr10:33511048:A:G
chr10:33511752:G:A
chr10:33654029:G:A
chr10:33695786:A:T
chr10:33991650:C:G
chr10:34316690:T:C
chr10:34521612:A:G
chr10:34579600:C:T
chr10:34580853:T:C
chr10:34582054:A:G
chr10:34583364:A:T
chr10:34717905:T:C
chr10:34754469:T:A
chr10:35184226:T:C
chr10:35328006:G:T
chr10:35608805:T:C
chr10:35700362:A:C
chr10:35700598:G:C
chr10:36110830:G:T
chr10:36220644:G:A
chr10:36236953:G:A
chr10:36351019:G:A
chr10:36413853:T:G
chr10:36870680:G:A
chr10:37479402:T:A
chr10:37612931:G:A
chr10:39329509:A:C
chr10:39417542:C:T
chr10:39491288:G:C
chr10:39594742:G:C
chr10:39679133:A:G
chr10:39679456:C:G
chr10:39803276:A:G
chr10:39809381:G:C
chr10:39814123:T:C
chr10:39814243:G:A
chr10:39820264:A:G
chr10:39851222:A:G
chr10:39851341:G:C
chr10:39851404:C:G
chr10:39856796:C:T
chr10:39910636:G:A
chr10:40008652:C:T
chr10:40077632:T:C
chr10:40230527:G:C
chr10:40812163:G:C
chr10:41013941:T:C
chr10:41071153:C:T
chr10:41213475:G:A
chr10:41479060:A:T
chr10:41555357:G:T
chr10:41593959:A:G
chr10:41873977:G:A
chr10:41950883:C:T
chr10:41999229:G:C
chr10:42023567:A:T
chr10:42077959:T:G
chr10:42156474:G:A
chr10:42331077:C:G
chr10:42415725:A:T
chr10:42415840:T:C
chr10:42480134:G:C
chr10:42719584:T:C
chr10:42741648:C:G
chr10:42766164:T:C
chr10:42778634:T:C
chr10:42781571:A:T
chr10:42875416:T:C
chr10:42889179:T:C
chr10:42890317:C:T
chr10:42892845:G:A
chr10:42893019:G:A
chr10:42894569:G:A
chr10:42931262:A:T
chr10:42931556:G:C
chr10:42969369:T:C
chr10:43058373:G:A
chr10:43066201:T:A
chr10:43070538:C:T
chr10:43082062:G:A
chr10:43121107:T:C
chr10:43173684:T:C
chr10:43175401:A:G
chr10:43175656:T:G
chr10:43301902:G:T
chr10:43328424:T:C
chr10:43328472:C:T
chr10:43328725:A:G
chr10:43361235:C:G
chr10:43364974:T:C
chr10:43392711:C:T
chr10:43394884:T:C
chr10:43495899:T:C
chr10:43583250:C:G
chr10:43663415:G:T
chr10:43663835:G:A
chr10:43730658:C:T
chr10:43831593:A:G
chr10:43832376:G:C
chr10:43929301:C:G
chr10:44231307:G:A
chr10:44272576:T:G
chr10:44272577:T:G
chr10:44414296:T:C
chr10:44414679:G:C
chr10:44415420:G:A
chr10:44463855:G:A
chr10:44463885:T:G
chr10:44473940:T:C
chr10:44557716:T:G
chr10:45227351:C:T
chr10:45305036:G:A
chr10:45589239:G:C
chr10:46026947:A:G
chr10:46129607:G:C
chr10:46129669:G:A
chr10:46525943:G:T
chr10:46784685:T:C
chr10:47102135:G:A
chr10:47544542:A:G
chr10:48340823:C:T
chr10:48356215:G:A
chr10:48434403:A:G
chr10:48785639:A:C
chr10:48785683:A:G
chr10:48785850:T:G
chr10:48897184:A:G
chr10:49309831:T:C
chr10:49340461:A:G
chr10:49340479:T:C
chr10:49465693:C:T
chr10:50319986:C:T
chr10:50321011:T:C
chr10:50944375:T:A
chr10:51425750:T:C
chr10:51425761:A:G
chr10:51784753:G:A
chr10:51847667:T:A
chr10:52054107:C:A
chr10:52477419:G:T
chr10:52478608:G:C
chr10:52482124:T:C
chr10:53145831:G:C
chr10:53742688:A:G
chr10:53793384:G:T
chr10:53882153:C:A
chr10:55865226:G:C
chr10:55882365:C:A
chr10:56508807:A:G
chr10:57511603:T:G
chr10:58191320:A:G
chr10:58670155:T:G
chr10:60656159:C:T
chr10:60848033:A:T
chr10:60938002:T:C
chr10:63330457:C:T
chr10:63350779:C:T
chr10:63606840:C:T
chr10:63606996:G:A
chr10:63607036:A:G
chr10:63638681:T:A
chr10:63767093:C:T
chr10:63860931:A:G
chr10:63946189:G:T
chr10:63946832:G:A
chr10:64036907:T:C
chr10:64259211:T:G
chr10:65326145:A:G
chr10:65594127:T:A
chr10:65594228:A:C
chr10:65633734:C:T
chr10:65732996:A:G
chr10:65733219:C:A
chr10:66100379:C:T
chr10:66134607:G:A
chr10:66183010:A:G
chr10:66183716:A:G
chr10:66184717:G:A
chr10:66295935:T:G
chr10:66457140:A:G
chr10:66474789:G:A
chr10:66486369:T:C
chr10:66722354:G:A
chr10:66722555:C:T
chr10:67025533:G:A
chr10:67027570:G:A
chr10:67041452:C:T
chr10:67101958:A:T
chr10:67923820:T:C
chr10:68942385:A:G
chr10:69810104:A:G
chr10:69993759:A:T
chr10:70860508:T:C
chr10:70861232:T:C
chr10:70881716:C:G
chr10:70937002:C:T
chr10:71373427:C:T
chr10:71471387:A:C
chr10:71597735:C:G
chr10:71626478:A:T
chr10:71747393:C:A
chr10:71791102:T:C
chr10:72860937:G:T
chr10:73744127:C:A
chr10:73829248:C:T
chr10:73862424:T:C
chr10:73911309:T:C
chr10:73925443:C:T
chr10:73996764:A:G
chr10:74452484:C:T
chr10:74802385:C:A
chr10:74922679:T:A
chr10:74944780:A:G
chr10:76056438:C:T
chr10:76458624:T:A
chr10:76568768:C:A
chr10:76581509:T:C
chr10:76595835:T:C
chr10:76606158:T:G
chr10:76659232:A:T
chr10:76713030:G:C
chr10:76713217:A:T
chr10:76730184:A:C
chr10:76730265:A:T
chr10:76730553:C:T
chr10:76814474:C:G
chr10:76814635:T:C
chr10:76824005:G:T
chr10:76963193:G:A
chr10:77006965:C:T
chr10:77035786:G:A
chr10:77035882:T:G
chr10:77071464:T:C
chr10:77071610:T:C
chr10:77111754:T:A
chr10:77113095:A:G
chr10:77141119:T:C
chr10:77141638:T:G
chr10:77141939:G:A
chr10:77162817:A:G
chr10:77164807:T:C
chr10:77241505:C:G
chr10:77251286:T:C
chr10:77252934:C:T
chr10:77253519:C:A
chr10:77255774:A:G
chr10:77255862:T:A
chr10:77337860:G:A
chr10:77372007:A:T
chr10:77493831:T:A
chr10:77530286:G:T
chr10:77534207:C:T
chr10:77610180:C:T
chr10:77638882:A:G
chr10:77639013:G:A
chr10:77771162:A:C
chr10:77771354:G:C
chr10:77771819:G:C
chr10:77804390:C:T
chr10:77804419:C:G
chr10:78293149:T:C
chr10:78460710:G:A
chr10:78665188:G:A
chr10:79769277:C:T
chr10:79777834:G:C
chr10:79779050:C:A
chr10:79831410:T:C
chr10:79850591:A:G
chr10:79853583:C:T
chr10:79854238:C:G
chr10:79855672:C:T
chr10:79912178:A:T
chr10:80275297:A:T
chr10:80717990:C:T
chr10:80766269:T:G
chr10:80890160:T:G
chr10:81131084:A:G
chr10:81180563:A:T
chr10:81198410:A:G
chr10:81232119:T:C
chr10:81396229:G:A
chr10:81494342:C:G
chr10:81500821:T:C
chr10:82931980:T:C
chr10:82972033:T:C
chr10:83029865:T:G
chr10:83618739:C:G
chr10:83755880:A:G
chr10:84011798:A:T
chr10:84412008:T:A
chr10:84576965:G:A
chr10:84628183:A:G
chr10:84629770:G:A
chr10:84644770:G:A
chr10:84656283:T:A
chr10:84668907:A:T
chr10:84668922:A:T
chr10:84670430:C:T
chr10:84733000:T:C
chr10:84754333:A:G
chr10:84773845:G:C
chr10:84835629:C:T
chr10:84835745:A:C
chr10:84980904:G:A
chr10:85032906:A:G
chr10:85033390:G:A
chr10:85312317:A:G
chr10:85332044:G:A
chr10:85585064:A:G
chr10:85911667:G:T
chr10:86500120:G:T
chr10:86670057:T:G
chr10:86780449:C:T
chr10:86826129:G:A
chr10:86830964:C:A
chr10:87146260:A:T
chr10:87278671:C:T
chr10:87347742:A:C
chr10:87499924:T:C
chr10:87544614:G:C
chr10:87628416:C:T
chr10:87710207:T:G
chr10:87797080:T:C
chr10:88084895:G:A
chr10:88142796:T:C
chr10:88474723:T:C
chr10:88475384:G:C
chr10:88522994:C:A
chr10:88763623:A:C
chr10:88971583:T:A
chr10:89079972:C:T
chr10:89094107:C:A
chr10:89507691:C:T
chr10:89623874:A:G
chr10:89922991:C:G
chr10:90144790:C:G
chr10:90385977:A:G
chr10:90904982:A:G
chr10:90940243:A:G
chr10:91427071:T:G
chr10:91482200:C:T
chr10:91658942:C:T
chr10:91687541:C:G
chr10:91729100:C:T
chr10:91739009:T:C
chr10:91777032:G:A
chr10:92112839:G:T
chr10:92247712:T:A
chr10:92264694:A:C
chr10:92485369:C:T
chr10:92691503:C:T
chr10:92806010:T:C
chr10:93662052:G:C
chr10:94430309:G:A
chr10:94547659:T:G
chr10:94773271:C:T
chr10:94874610:G:T
chr10:94875170:G:T
chr10:95221442:T:A
chr10:95441848:G:T
chr10:95441977:A:G
chr10:95490204:A:G
chr10:95517032:T:C
chr10:95532856:T:C
chr10:95593585:C:T
chr10:95646985:T:C
chr10:95976430:T:G
chr10:96115735:A:G
chr10:96115934:C:T
chr10:96177191:C:T
chr10:96888012:T:C
chr10:96893254:G:C
chr10:96917113:T:C
chr10:96953197:A:C
chr10:97144759:A:G
chr10:97404675:A:G
chr10:97811902:T:C
chr10:97926042:C:T
chr10:97938949:G:T
chr10:98047608:C:T
chr10:98143237:T:C
chr10:98634988:G:A
chr10:98647499:G:C
chr10:98662325:A:C
chr10:98673985:C:T
chr10:98784306:C:T
chr10:98784459:T:C
chr10:98997611:C:A
chr10:99083623:G:T
chr10:99261908:T:C
chr10:99541559:A:G
chr10:99566990:T:A
chr10:99621777:A:G
chr10:100021140:C:T
chr10:100022810:A:G
chr10:100212839:A:G
chr10:100254295:G:A
chr10:100310165:A:G
chr10:100312053:A:G
chr10:100475250:G:A
chr10:100557619:G:A
chr10:100663030:G:T
chr10:100722226:A:G
chr10:100835096:G:A
chr10:101100593:G:C
chr10:101322784:A:G
chr10:101325281:G:T
chr10:101356271:A:T
chr10:101679680:T:A
chr10:101726826:G:A
chr10:101824508:G:A
chr10:101950138:C:T
chr10:102058496:T:C
chr10:102067975:G:A
chr10:102169892:A:C
chr10:102251293:A:G
chr10:102280100:C:T
chr10:102426052:T:G
chr10:102475458:T:G
chr10:102628407:G:C
chr10:103763728:T:C
chr10:103897204:C:T
chr10:104030092:C:T
chr10:104249020:T:G
chr10:104259393:G:A
chr10:104399096:G:A
chr10:104512256:A:G
chr10:104528143:T:G
chr10:104694366:T:C
chr10:104815732:G:A
chr10:105447777:T:C
chr10:105603658:G:T
chr10:105697176:T:A
chr10:105804238:A:C
chr10:106351893:T:C
chr10:106779359:T:C
chr10:106842239:C:A
chr10:107012993:C:T
chr11:6487:A:C
chr11:3766332:T:C
chr11:3918114:A:C
chr11:4476253:C:A
chr11:5237364:T:C
chr11:5586048:C:G
chr11:6029563:T:C
chr11:6034531:G:C
chr11:6335254:T:A
chr11:6396113:G:A
chr11:6614491:T:C
chr11:6749552:G:A
chr11:6872794:T:A
chr11:7742917:C:G
chr11:8835244:C:A
chr11:8925050:G:A
chr11:8940139:T:C
chr11:9139304:A:G
chr11:9233552:T:C
chr11:9377029:G:A
chr11:9423245:T:C
chr11:9729547:C:T
chr11:9740737:G:T
chr11:10381112:A:C
chr11:11413181:G:A
chr11:11417787:T:C
chr11:11507634:T:C
chr11:11875861:C:G
chr11:11903360:G:A
chr11:11927336:A:G
chr11:12139325:C:T
chr11:12140708:G:T
chr11:12140837:T:G
chr11:12193372:G:T
chr11:12194246:T:C
chr11:12196438:G:T
chr11:12197311:T:A
chr11:12198910:C:T
chr11:12364674:T:C
chr11:12880174:C:T
chr11:13063818:T:A
chr11:13101563:C:G
chr11:13712559:G:A
chr11:14281585:G:A
chr11:14471543:G:C
chr11:14472033:T:G
chr11:14547164:G:A
chr11:14683509:A:T
chr11:14940542:G:C
chr11:15125775:C:T
chr11:15198586:T:G
chr11:15261982:G:A
chr11:15335832:C:A
chr11:15376271:T:C
chr11:15499529:T:A
chr11:15873067:T:G
chr11:15961403:C:A
chr11:15980233:T:C
chr11:16045635:G:T
chr11:16047640:A:G
chr11:16206111:A:G
chr11:16277974:G:T
chr11:16278645:C:G
chr11:16591418:T:A
chr11:16616084:C:A
chr11:16616142:T:C
chr11:16645200:C:T
chr11:16646585:C:T
chr11:16646679:C:A
chr11:16656734:G:C
chr11:16766544:T:C
chr11:16789224:G:C
chr11:16870110:A:C
chr11:16930848:A:G
chr11:17085965:C:T
chr11:17086624:C:T
chr11:17125226:A:G
chr11:17127711:C:G
chr11:17128831:C:T
chr11:17144468:G:A
chr11:17166013:T:C
chr11:17167186:C:T
chr11:17742298:C:T
chr11:17762317:G:A
chr11:17810152:A:C
chr11:17818328:G:A
chr11:18009428:T:C
chr11:18011466:G:A
chr11:18107085:C:G
chr11:18107172:C:G
chr11:18149249:A:C
chr11:18478696:T:G
chr11:18489606:A:T
chr11:18536844:G:A
chr11:18618767:T:A
chr11:18768458:T:G
chr11:18919096:G:T
chr11:19002379:T:C
chr11:19035842:G:A
chr11:19075200:A:G
chr11:19077541:G:A
chr11:19123259:C:G
chr11:19155988:T:C
chr11:19161950:T:G
chr11:19193551:T:A
chr11:19193622:C:A
chr11:19492456:G:T
chr11:19502903:T:C
chr11:19502988:G:A
chr11:19505779:T:A
chr11:19506596:A:G
chr11:19506616:T:G
chr11:19508691:G:A
chr11:19787111:T:C
chr11:20034236:A:G
chr11:20136674:G:A
chr11:20136875:T:G
chr11:20196414:C:T
chr11:20328922:C:T
chr11:20329556:A:T
chr11:20334503:C:T
chr11:20429218:C:A
chr11:20458831:T:C
chr11:20505388:A:C
chr11:20511699:A:G
chr11:20625258:C:G
chr11:20636181:T:C
chr11:21003505:C:T
chr11:21033914:C:A
chr11:21034744:A:G
chr11:21040249:T:G
chr11:21054575:C:G
chr11:21055003:C:T
chr11:21072172:C:T
chr11:21165451:A:G
chr11:21165907:G:C
chr11:21237337:T:C
chr11:21317386:T:G
chr11:21317606:G:C
chr11:21320138:T:G
chr11:21493226:A:G
chr11:21643280:T:C
chr11:21645566:G:A
chr11:21645993:A:G
chr11:21648002:T:G
chr11:21700112:T:C
chr11:21769147:A:G
chr11:22643212:G:A
chr11:22751200:A:G
chr11:22915501:G:A
chr11:24384616:A:G
chr11:24480905:T:C
chr11:24613938:T:A
chr11:24638360:G:A
chr11:24682858:T:G
chr11:24726703:C:A
chr11:24771726:T:A
chr11:24804644:A:T
chr11:24804999:A:G
chr11:24807627:G:A
chr11:24886040:G:T
chr11:24889041:C:A
chr11:25091348:G:A
chr11:25103627:G:A
chr11:25105335:T:G
chr11:25275149:T:A
chr11:25276828:T:A
chr11:25333941:T:C
chr11:25418801:C:G
chr11:25499927:C:T
chr11:25589181:C:G
chr11:25590856:C:A
chr11:25592091:C:T
chr11:25592986:A:T
chr11:25595035:A:T
chr11:25702850:C:A
chr11:25702863:G:A
chr11:26193522:G:C
chr11:26286937:A:G
chr11:26290118:A:G
chr11:26305978:A:C
chr11:26308478:G:C
chr11:26310199:C:G
chr11:26311784:C:G
chr11:26331038:G:C
chr11:26342430:C:G
chr11:26353610:A:G
chr11:26377846:C:T
chr11:26399957:A:G
chr11:26649762:G:T
chr11:26746591:C:T
chr11:26814804:G:A
chr11:26814928:T:C
chr11:27195501:T:C
chr11:27258650:A:G
chr11:27258774:G:A
chr11:27264423:A:G
chr11:27384536:G:A
chr11:27475711:G:C
chr11:27617621:C:G
chr11:27620186:C:T
chr11:27630016:C:A
chr11:27630492:G:C
chr11:27651052:A:G
chr11:27704012:A:G
chr11:27708060:C:T
chr11:27712751:G:A
chr11:27761460:T:C
chr11:27771273:T:C
chr11:27839395:C:T
chr11:28055673:C:T
chr11:28089943:G:T
chr11:28169117:A:T
chr11:28309677:C:T
chr11:28313576:G:A
chr11:28389468:C:T
chr11:28491537:T:C
chr11:28553471:T:C
chr11:28617057:G:T
chr11:28672435:A:C
chr11:28673258:G:A
chr11:28688604:C:T
chr11:28711168:T:C
chr11:28845899:C:T
chr11:28872861:T:C
chr11:28944771:C:G
chr11:29551362:A:C
chr11:29572919:T:C
chr11:30537954:T:C
chr11:30606157:T:C
chr11:30619723:A:C
chr11:30650432:T:C
chr11:30655661:C:T
chr11:30760435:A:T
chr11:30781956:T:C
chr11:31094575:G:A
chr11:31133334:T:C
chr11:31177231:T:C
chr11:31285384:A:T
chr11:31574628:C:A
chr11:31710405:A:G
chr11:31710833:C:T
chr11:31744417:A:C
chr11:31886301:G:C
chr11:31999572:C:T
chr11:32087646:C:G
chr11:32189042:T:G
chr11:32201820:C:T
chr11:32469019:C:G
chr11:32553723:C:T
chr11:32580300:C:T
chr11:32681780:A:G
chr11:32720568:C:G
chr11:32817550:C:T
chr11:32863454:G:A
chr11:32869935:A:T
chr11:32879397:G:C
chr11:32879480:A:G
chr11:32895783:T:A
chr11:32895941:C:G
chr11:32961696:A:G
chr11:32962382:G:A
chr11:32968364:G:A
chr11:33289893:C:T
chr11:33353159:G:A
chr11:33493380:C:G
chr11:33892559:C:A
chr11:34724960:G:A
chr11:35975512:T:C
chr11:36025475:T:C
chr11:36121589:T:C
chr11:36189341:A:G
chr11:37047338:A:T
chr11:37368078:C:G
chr11:37373070:A:C
chr11:37373193:C:A
chr11:37393660:T:C
chr11:37397856:C:T
chr11:37426871:C:T
chr11:37515035:T:C
chr11:37519143:T:C
chr11:37522889:T:G
chr11:37523434:A:C
chr11:37710191:A:C
chr11:37710839:A:G
chr11:37760171:G:A
chr11:37826107:C:T
chr11:37826483:C:A
chr11:37980116:G:C
chr11:37982514:A:C
chr11:37982975:G:A
chr11:38060351:C:T
chr11:38375499:T:G
chr11:38464903:A:G
chr11:38465117:G:A
chr11:38604691:C:A
chr11:38683408:A:G
chr11:40017303:G:C
chr11:40431514:A:G
chr11:40431815:A:C
chr11:40443101:T:A
chr11:40483039:T:C
chr11:41060604:C:T
chr11:41607731:C:T
chr11:41686646:C:A
chr11:41761706:G:A
chr11:41762101:G:C
chr11:42146693:C:T
chr11:42188040:C:T
chr11:42196095:C:T
chr11:42196327:G:A
chr11:42280230:A:C
chr11:42320493:G:A
chr11:42323948:G:C
chr11:42423756:C:T
chr11:42460491:T:C
chr11:42555243:C:A
chr11:42636663:G:A
chr11:42757596:A:G
chr11:43441335:T:C
chr11:43503234:G:A
chr11:43540230:T:A
chr11:43580211:G:T
chr11:43583553:T:C
chr11:43599773:G:A
chr11:43879570:A:C
chr11:44070630:A:G
chr11:44242361:C:G
chr11:44250351:G:T
chr11:44500891:T:C
chr11:44519806:C:A
chr11:44662262:G:A
chr11:44722794:C:T
chr11:44723894:T:C
chr11:44725859:A:G
chr11:44966278:G:A
chr11:44966848:C:T
chr11:44993352:G:A
chr11:45092687:A:G
chr11:45105618:T:C
chr11:45360603:A:G
chr11:45397974:A:C
chr11:45398186:T:G
chr11:45608532:G:A
chr11:45641420:C:A
chr11:45841546:T:A
chr11:45841934:C:T
chr11:45842408:A:G
chr11:45842437:C:A
chr11:45944665:C:A
chr11:45944720:T:A
chr11:45944908:T:C
chr11:45946011:A:G
chr11:45974999:A:T
chr11:46033876:T:A
chr11:46049904:C:T
chr11:46049951:A:C
chr11:46283103:T:G
chr11:46713200:C:T
chr11:46985701:C:T
chr11:46985757:C:T
chr11:47089253:T:G
chr11:47110845:T:G
chr11:47197707:A:T
chr11:47453219:T:C
chr11:47590320:C:T
chr11:47590527:C:G
chr11:47775802:A:C
chr11:47874375:A:C
chr11:47874563:C:G
chr11:47905591:T:A
chr11:48041365:G:A
chr11:48202349:A:T
chr11:48223641:A:G
chr11:48507711:C:T
chr11:48587294:A:G
chr11:48587447:C:G
chr11:48723414:G:C
chr11:48784887:C:T
chr11:48785010:T:G
chr11:48903649:T:C
chr11:48920382:T:C
chr11:48968174:T:C
chr11:48973538:T:C
chr11:48973686:A:C
chr11:49061556:T:C
chr11:49064170:C:T
chr11:49110973:T:A
chr11:49126870:T:G
chr11:49158237:A:G
chr11:49159201:G:A
chr11:49160203:A:G
chr11:49384953:G:A
chr11:49436312:C:A
chr11:49512216:A:T
chr11:49527873:T:C
chr11:49533092:G:T
chr11:49561184:G:T
chr11:49682593:C:A
chr11:49693884:T:G
chr11:49919319:T:C
chr11:49951801:C:A
chr11:50112161:C:A
chr11:50129599:C:T
chr11:50168834:G:A
chr11:50169835:C:T
chr11:50479286:T:A
chr11:50732164:T:A
chr11:51875387:T:C
chr11:52610189:A:G
chr11:53072039:T:C
chr11:53329140:G:T
chr11:53330470:C:A
chr11:53649225:G:A
chr11:53649437:A:T
chr11:53684255:T:A
chr11:53804516:G:A
chr11:53805035:T:C
chr11:53826479:G:A
chr11:54665571:G:A
chr11:54889584:T:G
chr11:55052435:C:T
chr11:55190994:G:A
chr11:55202418:C:T
chr11:55279727:C:T
chr11:55299391:C:T
chr11:55299730:T:C
chr11:55300355:C:T
chr11:55336819:G:A
chr11:55600626:C:T
chr11:55670341:T:C
chr11:56059487:C:T
chr11:56800270:T:C
chr11:57378172:C:A
chr11:57838427:A:G
chr11:57838933:C:A
chr11:57842889:C:T
chr11:57853901:A:G
chr11:58056501:A:G
chr11:58057872:T:C
chr11:58764129:G:A
chr11:59142685:T:C
chr11:59302945:C:G
chr11:59302997:G:A
chr11:59834245:G:T
chr11:59915317:C:A
chr11:60388085:C:T
chr11:60639493:G:T
chr11:60640335:A:G
chr11:60670010:T:C
chr11:60670122:T:C
chr11:60700242:C:T
chr11:60994154:C:A
chr11:61082485:C:G
chr11:61082976:G:A
chr11:61101179:A:G
chr11:61276975:A:G
chr11:61350242:A:G
chr11:61350386:A:G
chr11:61445943:A:T
chr11:61487667:T:C
chr11:61488180:C:A
chr11:61490797:C:T
chr11:61818976:C:T
chr11:62067857:G:A
chr11:62478178:C:A
chr11:63462443:G:A
chr11:63779645:T:A
chr11:63911061:A:G
chr11:63993867:C:T
chr11:64235164:A:G
chr11:64387694:A:C
chr11:64433896:C:T
chr11:64465352:A:C
chr11:64467998:C:T
chr11:64822181:C:T
chr11:64930636:A:G
chr11:65160627:A:G
chr11:65160633:A:G
chr11:65276237:T:C
chr11:65368676:G:A
chr11:65383144:T:G
chr11:65433103:T:C
chr11:65539672:C:T
chr11:65559435:T:A
chr11:65571765:A:G
chr11:65632818:C:T
chr11:65715905:A:G
chr11:66125959:G:A
chr11:66129197:C:G
chr11:66164695:T:C
chr11:66249467:T:A
chr11:66249607:G:A
chr11:66346857:A:C
chr11:66562509:T:G
chr11:66817481:A:G
chr11:67267344:C:T
chr11:67570182:G:T
chr11:67903045:A:G
chr11:68034238:T:A
chr11:68265931:A:C
chr11:68609137:G:A
chr11:68746993:G:T
chr11:69081447:A:C
chr11:69693698:A:G
chr11:70109981:T:C
chr11:70179687:G:A
chr11:70243053:C:T
chr11:70546579:A:G
chr11:70596011:G:A
chr11:70629720:C:T
chr11:70752631:G:T
chr11:71026073:G:C
chr11:71243064:A:G
chr11:71529522:T:A
chr11:71530165:T:A
chr11:71533230:G:A
chr11:71549885:G:T
chr11:71550052:T:G
chr11:71587818:T:C
chr11:71651989:G:A
chr11:71655432:G:C
chr11:71715730:G:A
chr11:71716777:T:A
chr11:71747441:C:T
chr11:71858985:T:C
chr11:71975768:G:C
chr11:72094602:T:C
chr11:72494328:G:A
chr11:72567992:G:C
chr11:72568334:A:T
chr11:72608250:G:A
chr11:72612840:C:A
chr11:72687189:C:T
chr11:72737785:G:A
chr11:72752116:C:T
chr11:72860648:C:G
chr11:72861521:C:T
chr11:72863374:G:T
chr11:72913842:G:A
chr11:72919285:A:G
chr11:73032134:T:G
chr11:73032143:G:A
chr11:73043142:G:A
chr11:73232690:T:C
chr11:73262715:A:G
chr11:73264744:C:T
chr11:73297454:A:G
chr11:73299535:G:T
chr11:73503376:T:C
chr11:73543166:T:A
chr11:73586768:C:T
chr11:73598400:C:T
chr11:73679516:C:T
chr11:73682551:T:A
chr11:73768095:T:G
chr11:73806274:G:A
chr11:73850566:G:T
chr11:73932994:G:C
chr11:73983252:T:A
chr11:74122997:C:T
chr11:74126148:T:G
chr11:74360455:A:C
chr11:74360789:G:A
chr11:75579633:C:G
chr11:75583198:A:G
chr11:75583290:A:G
chr11:75628991:C:A
chr11:75695049:A:G
chr11:76256501:A:C
chr11:76746869:G:A
chr11:76967605:G:A
chr11:77054193:T:C
chr11:77336825:C:T
chr11:77530289:G:T
chr11:77745982:C:T
chr11:77937289:A:T
chr11:78043000:G:A
chr11:78328466:T:C
chr11:78608872:A:C
chr11:78766927:C:A
chr11:78963469:A:G
chr11:79081308:A:G
chr11:79089218:T:G
chr11:79284890:T:G
chr11:79457213:T:C
chr11:79487129:C:T
chr11:79487629:C:T
chr11:79627613:C:T
chr11:79751814:C:T
chr11:79752185:G:T
chr11:80000237:A:G
chr11:80089946:G:T
chr11:80286934:T:C
chr11:80287265:G:A
chr11:81127159:C:T
chr11:81225742:G:A
chr11:81225883:T:C
chr11:81440206:C:T
chr11:81447986:A:G
chr11:81465635:G:C
chr11:81859347:G:C
chr11:81868652:C:T
chr11:81877725:T:C
chr11:81919502:A:G
chr11:82202461:C:T
chr11:82399917:A:G
chr11:82491410:C:T
chr11:82642132:A:T
chr11:82666132:T:C
chr11:83397660:T:A
chr11:83455538:C:T
chr11:83843508:A:T
chr11:84044620:C:G
chr11:84158510:A:G
chr11:86129310:A:T
chr11:86236433:A:G
chr12:24852:G:A
chr12:443543:A:T
chr12:736127:T:C
chr12:1046026:T:C
chr12:1051445:C:A
chr12:1056852:T:A
chr12:1056877:T:A
chr12:1063296:A:T
chr12:1082621:C:T
chr12:1093252:C:T
chr12:1097454:T:A
chr12:1098458:A:G
chr12:1103328:C:A
chr12:1103620:G:A
chr12:1128185:A:C
chr12:1132507:C:A
chr12:1147633:A:G
chr12:1162841:T:G
chr12:1163022:T:C
chr12:1163349:A:T
chr12:1163453:A:G
chr12:1166646:A:G
chr12:1169087:A:G
chr12:1180608:G:A
chr12:1246249:G:C
chr12:1340345:C:T
chr12:1341683:A:T
chr12:1342525:T:G
chr12:1421137:T:G
chr12:1640488:A:G
chr12:1646758:G:A
chr12:1727661:G:A
chr12:1766966:T:C
chr12:1785592:T:A
chr12:1840076:C:A
chr12:1844623:A:T
chr12:2038330:A:T
chr12:2041638:C:T
chr12:2577263:T:C
chr12:2836666:G:A
chr12:2916267:A:G
chr12:2959804:T:C
chr12:3692276:T:C
chr12:3916321:A:G
chr12:3922976:A:G
chr12:3927262:A:T
chr12:3941989:C:T
chr12:4008238:A:G
chr12:4009112:T:C
chr12:4009587:A:G
chr12:4010551:G:T
chr12:4044476:A:G
chr12:4064269:T:C
chr12:4064300:A:G
chr12:4076855:G:C
chr12:4078407:C:G
chr12:4080679:A:T
chr12:4081756:A:G
chr12:4089649:T:A
chr12:4103797:A:C
chr12:4109540:A:G
chr12:4115434:A:T
chr12:4129963:A:G
chr12:4147682:G:T
chr12:4150262:A:G
chr12:4188604:A:G
chr12:4198505:T:C
chr12:4201975:C:T
chr12:4225605:A:G
chr12:4238715:C:G
chr12:4247607:A:C
chr12:4255283:G:C
chr12:4257217:C:T
chr12:4262115:A:T
chr12:4263102:C:T
chr12:4270414:C:G
chr12:4270969:G:A
chr12:4271804:T:C
chr12:4275529:C:T
chr12:4281532:A:C
chr12:4296257:C:T
chr12:4296353:A:G
chr12:4296941:C:T
chr12:4298403:C:T
chr12:4299454:T:C
chr12:4299506:T:C
chr12:4299660:C:T
chr12:4300832:T:G
chr12:4304998:G:A
chr12:4305830:G:C
chr12:4306814:G:C
chr12:4310846:C:G
chr12:4312327:C:G
chr12:4334915:C:G
chr12:4340601:C:A
chr12:4344775:T:C
chr12:4364274:A:G
chr12:4366086:G:C
chr12:4921619:T:C
chr12:4999335:T:A
chr12:5044364:T:A
chr12:5070004:C:T
chr12:5186825:G:A
chr12:5228231:C:T
chr12:5320633:A:T
chr12:5494536:T:C
chr12:5537319:G:A
chr12:5540938:A:C
chr12:6082235:T:C
chr12:6194232:C:T
chr12:6351956:T:C
chr12:6450424:G:T
chr12:6522658:A:G
chr12:6587764:A:G
chr12:6618760:C:A
chr12:6748816:T:C
chr12:6838961:T:C
chr12:7442749:A:T
chr12:7656290:A:G
chr12:7689900:G:A
chr12:7813235:C:A
chr12:8157943:A:T
chr12:9103308:A:G
chr12:9497856:C:T
chr12:9548764:A:G
chr12:9549251:G:A
chr12:9569450:A:G
chr12:9569596:C:A
chr12:9627687:G:A
chr12:9627710:C:T
chr12:9627756:C:G
chr12:9736201:G:A
chr12:9867102:T:C
chr12:9883861:C:T
chr12:10012005:G:A
chr12:10012018:G:A
chr12:10186487:C:T
chr12:10331610:A:T
chr12:10344047:G:A
chr12:11088774:G:A
chr12:11582047:A:T
chr12:11729871:T:C
chr12:11847066:A:T
chr12:11974403:T:C
chr12:12081118:G:A
chr12:12295629:C:T
chr12:13158995:G:A
chr12:13170462:A:G
chr12:13194775:T:C
chr12:14379101:C:T
chr12:14773943:G:A
chr12:14855954:G:A
chr12:14918645:G:A
chr12:15070585:C:G
chr12:15352753:T:G
chr12:15364175:G:C
chr12:15525884:C:T
chr12:15637951:A:G
chr12:16086745:A:G
chr12:16106267:C:G
chr12:16453238:G:A
chr12:16849905:C:G
chr12:17081254:C:T
chr12:17501621:G:A
chr12:17503625:G:C
chr12:17509799:G:A
chr12:17510601:C:T
chr12:17515711:G:T
chr12:17575925:A:G
chr12:17576472:C:G
chr12:17662793:T:C
chr12:17669155:G:A
chr12:17669264:G:C
chr12:17670335:C:A
chr12:17670655:T:C
chr12:17670778:A:G
chr12:17671723:T:C
chr12:17686949:A:G
chr12:17687169:T:C
chr12:17688156:A:G
chr12:17690516:G:C
chr12:17692679:C:T
chr12:17692978:T:C
chr12:17692986:C:T
chr12:17739802:G:T
chr12:17740517:A:G
chr12:17743352:G:A
chr12:17749603:A:G
chr12:17761026:A:G
chr12:17790723:G:A
chr12:17796771:C:T
chr12:17796949:G:A
chr12:17798566:C:A
chr12:17851462:T:A
chr12:17867119:G:T
chr12:17867191:T:C
chr12:17885703:A:G
chr12:17910019:A:T
chr12:17935999:C:A
chr12:17957536:C:G
chr12:17975781:T:C
chr12:17994724:C:G
chr12:18000111:A:G
chr12:18000185:A:T
chr12:18020523:A:G
chr12:18020943:T:C
chr12:18047369:G:A
chr12:18055618:G:A
chr12:18068772:C:T
chr12:18069249:G:A
chr12:18069946:G:A
chr12:18085354:G:T
chr12:18087305:G:A
chr12:18090865:A:C
chr12:18097182:G:A
chr12:18106298:G:A
chr12:18113831:A:C
chr12:18145537:C:T
chr12:18161816:C:T
chr12:18266120:G:T
chr12:18266509:A:G
chr12:18266696:A:G
chr12:18266897:G:A
chr12:18269333:C:T
chr12:18269412:C:T
chr12:18271684:C:T
chr12:18273166:A:C
chr12:18279360:T:A
chr12:18286213:T:A
chr12:18287676:T:A
chr12:18289146:A:C
chr12:18289909:G:A
chr12:18291357:G:C
chr12:18293988:G:C
chr12:18294433:T:C
chr12:18309750:A:C
chr12:18319674:T:G
chr12:18336161:G:A
chr12:18337287:C:A
chr12:18360114:T:C
chr12:18375467:T:A
chr12:18377619:C:A
chr12:18391076:A:C
chr12:18396343:C:T
chr12:18430481:C:T
chr12:18432975:T:A
chr12:18434529:C:T
chr12:18467325:C:T
chr12:18476204:G:A
chr12:18551692:C:T
chr12:18595744:C:T
chr12:18620332:A:T
chr12:18623892:G:C
chr12:18656478:A:C
chr12:18658019:A:G
chr12:18742839:C:A
chr12:18762483:A:T
chr12:18788537:C:G
chr12:18797100:G:A
chr12:18797596:T:A
chr12:18800563:G:C
chr12:18804816:T:C
chr12:18834201:T:C
chr12:18839535:G:A
chr12:18842392:G:A
chr12:18852607:G:A
chr12:18856496:A:T
chr12:18857518:A:G
chr12:18859946:G:A
chr12:18861460:G:A
chr12:18862713:T:G
chr12:18865127:C:T
chr12:18866099:G:A
chr12:18869861:A:G
chr12:18875829:A:G
chr12:18879029:A:C
chr12:18933743:C:T
chr12:18944238:G:A
chr12:20024391:G:A
chr12:20413931:C:T
chr12:20506986:A:G
chr12:21101710:G:A
chr12:21566499:A:G
chr12:21787104:G:A
chr12:21814422:C:T
chr12:21848428:A:G
chr12:22275316:T:G
chr12:22383842:C:T
chr12:22706284:C:G
chr12:23073020:T:G
chr12:23149304:C:T
chr12:23298234:T:C
chr12:23429844:T:C
chr12:23748419:A:C
chr12:23771689:C:T
chr12:23889712:C:T
chr12:24016962:T:G
chr12:24392974:C:G
chr12:24625019:A:T
chr12:25008254:C:T
chr12:25314643:T:A
chr12:25460007:C:T
chr12:25461261:T:C
chr12:25832010:C:A
chr12:25844983:C:T
chr12:26205009:C:G
chr12:26221166:G:A
chr12:26252331:G:A
chr12:26427972:G:C
chr12:26875015:T:A
chr12:27041101:G:A
chr12:27520215:C:T
chr12:27610951:G:A
chr12:27790589:G:A
chr12:27794092:C:T
chr12:27941688:G:C
chr12:28077746:C:T
chr12:28078031:T:C
chr12:28130083:T:A
chr12:28316515:T:G
chr12:28539602:A:C
chr12:28572554:G:T
chr12:28628424:C:G
chr12:28749250:C:T
chr12:28779580:T:C
chr12:28883461:G:T
chr12:28883946:T:C
chr12:28941664:T:C
chr12:29243075:G:C
chr12:29376102:G:A
chr12:29551611:C:A
chr12:29636653:C:A
chr12:29705686:T:A
chr12:29832608:C:T
chr12:29832880:C:A
chr12:29915968:A:C
chr12:30241420:A:G
chr12:30314622:T:C
chr12:30364378:G:T
chr12:30635744:A:G
chr12:30732217:A:G
chr12:30771589:C:T
chr12:30777796:A:G
chr12:30779162:C:A
chr12:30780210:A:G
chr12:30780403:G:T
chr12:30822310:A:G
chr12:30988831:C:T
chr12:31226933:A:G
chr12:31246746:A:G
chr12:31444931:A:G
chr12:31570541:T:C
chr12:31722819:A:T
chr12:32055391:A:C
chr12:32173886:A:T
chr12:32174895:G:C
chr12:32309192:T:G
chr12:32309196:C:T
chr12:32376426:T:C
chr12:32625196:A:G
chr12:33353180:G:A
chr12:33427120:A:C
chr12:33508515:T:G
chr12:33581806:C:T
chr12:33743134:C:T
chr12:33763932:G:A
chr12:33885010:T:C
chr12:34000830:G:A
chr12:34002553:G:A
chr12:34340726:G:A
chr12:34490449:C:T
chr12:34960575:T:C
chr12:34982163:T:C
chr12:35622726:T:C
chr12:35622727:G:A
chr12:35626998:T:G
chr12:35652527:A:G
chr12:35740702:G:A
chr12:35987966:A:T
chr12:36144549:T:A
chr12:36150089:G:A
chr12:36221115:T:C
chr12:36488683:A:G
chr12:36531318:C:T
chr12:36575911:C:G
chr12:37016731:G:A
chr12:37030506:G:A
chr12:37166813:C:A
chr12:37611829:A:G
chr12:37805413:G:A
chr12:38128563:G:A
chr12:38915794:G:C
chr12:39274297:C:A
chr12:39404096:A:G
chr12:39419099:T:C
chr12:39641856:C:G
chr12:39644639:T:G
chr12:40019210:T:C
chr12:40564345:T:A
chr12:40574743:C:T
chr12:40580118:G:A
chr12:41120849:T:C
chr12:41285780:A:G
chr12:41954932:C:G
chr12:42134827:C:T
chr12:42640894:G:C
chr12:43395582:C:G
chr12:43521458:C:T
chr12:43941381:C:T
chr12:45357860:G:A
chr12:45508634:G:T
chr12:45846663:A:C
chr12:45965391:T:C
chr12:46273975:G:T
chr12:46584473:G:T
chr12:46594228:G:A
chr12:46594607:C:T
chr13:57611:G:A
chr13:271656:A:C
chr13:581775:G:A
chr13:655991:T:G
chr13:663234:G:C
chr13:675725:G:A
chr13:677331:C:T
chr13:678421:T:C
chr13:681053:A:G
chr13:701896:C:G
chr13:704094:T:G
chr13:735648:C:T
chr13:736433:T:A
chr13:822225:C:A
chr13:839199:T:C
chr13:1092578:G:T
chr13:1131974:A:C
chr13:1456956:G:T
chr13:1507936:G:A
chr13:1507992:C:G
chr13:1510930:T:C
chr13:1625394:C:T
chr13:1641323:C:A
chr13:2032993:T:G
chr13:2068008:C:A
chr13:2070827:T:A
chr13:2082428:A:G
chr13:2091700:A:G
chr13:2093771:T:C
chr13:2108420:T:A
chr13:2170944:C:G
chr13:2170973:C:G
chr13:2176346:T:C
chr13:2176517:T:G
chr13:2176592:T:C
chr13:2998562:C:A
chr13:3050622:T:A
chr13:3053436:T:A
chr13:3101451:T:C
chr13:3149489:G:T
chr13:3236380:A:G
chr13:3278258:C:T
chr13:3346780:C:T
chr13:3381324:G:C
chr13:3390479:T:C
chr13:3390834:T:A
chr13:3453232:C:T
chr13:3638900:T:C
chr13:4016981:C:T
chr13:4018493:T:A
chr13:4093195:C:T
chr13:4093300:G:C
chr13:4093434:C:T
chr13:4093532:A:G
chr13:4098207:T:C
chr13:4108483:A:T
chr13:4108617:C:G
chr13:4572140:C:A
chr13:4659997:G:A
chr13:4663177:T:A
chr13:4762654:A:G
chr13:4793193:G:C
chr13:4823771:C:T
chr13:5086831:A:G
chr13:5127157:A:G
chr13:5128766:A:T
chr13:5144747:A:G
chr13:5181883:G:T
chr13:5196885:A:C
chr13:5353443:T:A
chr13:5719104:A:T
chr13:5719169:G:T
chr13:5968651:G:C
chr13:6005628:A:T
chr13:6023392:T:C
chr13:6028752:T:C
chr13:6076863:A:T
chr13:6076932:A:T
chr13:6375789:C:G
chr13:6377172:G:A
chr13:6378949:A:T
chr13:6384035:G:T
chr13:6414788:G:A
chr13:6449858:A:G
chr13:6487284:C:T
chr13:6492718:C:T
chr13:8357504:T:C
chr13:8403766:A:G
chr13:8403782:C:A
chr13:8465149:G:A
chr13:8465864:T:C
chr13:8466465:C:A
chr13:8519310:A:C
chr13:8557936:A:G
chr13:8640467:G:A
chr13:8643011:T:C
chr13:8821334:C:T
chr13:8892808:C:A
chr13:8894023:T:C
chr13:8921073:A:T
chr13:8965959:A:T
chr13:9000603:G:C
chr13:9002125:G:A
chr13:9070374:A:G
chr13:9073438:G:C
chr13:9073907:G:A
chr13:9075972:C:T
chr13:9139018:C:T
chr13:9139710:A:G
chr13:10077932:T:C
chr13:10082667:C:G
chr13:10082977:A:C
chr13:10084260:G:C
chr13:10084959:T:C
chr13:10085345:A:G
chr13:10086025:G:A
chr13:10086550:A:C
chr13:10087213:G:C
chr13:10087435:G:A
chr13:10106401:G:C
chr13:10205909:C:G
chr13:10278822:C:G
chr13:10333805:C:A
chr13:10333925:C:A
chr13:10333986:T:G
chr13:10423999:C:A
chr13:10426834:A:T
chr13:10468394:G:A
chr13:10486668:G:A
chr13:10486691:A:C
chr13:10507111:T:C
chr13:10508682:C:T
chr13:10509603:T:G
chr13:10511304:T:G
chr13:10547150:G:A
chr13:10574875:G:T
chr13:10601152:G:T
chr13:10603713:T:A
chr13:10603854:C:A
chr13:10615255:T:A
chr13:10616356:A:T
chr13:10617667:T:A
chr13:10640162:A:G
chr13:10640228:G:T
chr13:10649037:G:T
chr13:10652094:G:A
chr13:10662184:G:C
chr13:10930933:C:G
chr13:10933020:T:A
chr13:11957325:A:T
chr13:12006393:A:T
chr13:12006507:C:T
chr13:12244448:C:T
chr13:12363407:C:T
chr13:12410905:A:T
chr13:12565458:C:G
chr13:12906462:T:C
chr13:12914991:A:T
chr13:13046763:A:G
chr13:13058085:A:T
chr13:13130003:C:T
chr13:13142822:T:C
chr13:13142892:T:G
chr13:13297433:G:T
chr13:13315107:C:A
chr13:13315348:T:C
chr13:13370749:T:G
chr13:13425535:A:C
chr13:13436518:A:G
chr13:13510108:A:G
chr13:13638072:T:G
chr13:13641982:G:T
chr13:13642159:T:G
chr13:13642370:A:G
chr13:13726572:A:T
chr13:13755558:A:G
chr13:13758250:C:A
chr13:13818981:C:T
chr13:13819164:G:A
chr13:13820173:A:G
chr13:13956946:G:A
chr13:13959450:C:A
chr13:13964985:C:T
chr13:13975025:A:T
chr13:13975093:A:C
chr13:13988547:G:C
chr13:14014543:A:G
chr13:14109274:T:A
chr13:14109695:A:C
chr13:14111657:C:T
chr13:14153388:G:T
chr13:14227198:A:G
chr13:14257393:A:C
chr13:14260637:G:A
chr13:14261346:A:C
chr13:14348820:A:T
chr13:14348915:A:G
chr13:14403564:C:A
chr13:14469539:G:C
chr13:14567850:T:G
chr13:15281882:C:T
chr13:15289360:T:A
chr13:15290179:C:T
chr13:15290947:G:A
chr13:15292039:T:G
chr13:15293096:T:G
chr13:15301379:A:G
chr13:15349026:T:G
chr13:15349782:T:C
chr13:15349933:G:A
chr13:15395172:A:C
chr13:15395388:A:G
chr13:15398699:G:T
chr13:15451169:G:C
chr13:15453174:C:T
chr13:15601165:G:C
chr13:15601292:T:G
chr13:16360529:G:A
chr13:16385038:T:C
chr13:16385681:A:C
chr13:16423178:T:A
chr13:16425399:A:G
chr13:16527596:A:G
chr13:16527624:C:G
chr13:16527669:T:A
chr13:16597238:A:C
chr13:16598140:T:G
chr13:16701876:G:T
chr13:16740874:A:C
chr13:16828610:G:C
chr13:16828616:C:A
chr13:16828668:T:A
chr13:16828805:G:A
chr13:16828993:G:A
chr13:16829393:T:C
chr13:16847886:G:C
chr13:17032230:A:G
chr13:17111998:T:G
chr13:17173237:T:C
chr13:17446395:C:G
chr13:17446399:T:G
chr13:17464474:G:A
chr13:17471640:A:T
chr13:17546568:G:C
chr13:17547251:T:C
chr13:17547801:G:T
chr13:18501649:C:T
chr13:18501721:C:T
chr13:18501789:A:G
chr13:18599328:G:C
chr13:18640322:A:G
chr13:18778018:G:A
chr13:19206811:C:T
chr13:19228952:A:G
chr13:19229487:C:G
chr13:19273467:C:T
chr13:19277395:A:C
chr13:19278223:A:T
chr13:19390997:G:A
chr13:19393598:G:T
chr13:19394020:T:G
chr13:19415087:T:G
chr13:19416172:G:T
chr13:19416217:C:G
chr13:19452366:G:A
chr13:19452846:T:C
chr13:19453171:G:C
chr13:19608078:G:T
chr13:19658937:G:A
chr13:19675820:T:A
chr13:19741417:C:A
chr13:19741457:A:C
chr13:19741857:A:G
chr13:19742486:A:C
chr13:19742662:C:A
chr13:19747050:A:G
chr13:19748963:C:A
chr13:19884170:C:A
chr13:20769904:T:A
chr13:20817393:C:A
chr13:20870320:G:T
chr13:20897885:A:C
chr13:20982193:G:C
chr13:21052811:C:G
chr13:21230395:C:A
chr13:21479178:G:T
chr13:21522316:C:T
chr13:21524851:G:A
chr13:21524972:A:G
chr13:21553976:C:A
chr13:21602807:G:T
chr13:21602940:G:T
chr13:21638705:T:C
chr13:21778967:T:C
chr13:21956923:T:A
chr13:22879343:A:C
chr13:23011123:G:A
chr13:23011205:C:T
chr13:23215123:C:G
chr13:23215862:C:T
chr13:23224038:C:T
chr13:23892261:G:A
chr13:23899347:A:G
chr13:23899503:G:A
chr13:24083068:A:G
chr13:24091657:C:T
chr13:24093694:G:A
chr13:24304183:G:T
chr13:24333050:G:C
chr13:24333071:C:G
chr13:24337327:C:G
chr13:24383477:T:C
chr13:24383660:T:A
chr13:24384252:T:C
chr13:24384934:G:C
chr13:24385068:C:G
chr13:24396184:C:G
chr13:24461004:T:C
chr13:24461227:T:G
chr13:24507410:C:T
chr13:24507459:G:C
chr13:24593914:A:T
chr13:24604410:G:T
chr13:24604953:A:T
chr13:24613837:G:C
chr13:24616923:T:G
chr13:24617052:T:G
chr13:24617572:G:A
chr13:24632119:T:G
chr13:24709236:A:G
chr13:24740637:G:T
chr13:24740835:G:A
chr13:24741040:T:C
chr13:24741247:T:C
chr13:24741344:G:T
chr13:24743440:A:T
chr13:24745782:G:A
chr13:24745839:T:C
chr13:24746645:A:G
chr13:24799484:C:T
chr13:24799514:T:G
chr13:24867962:T:G
chr13:24868123:G:A
chr13:24918584:C:T
chr13:25028486:T:C
chr13:25427536:G:C
chr13:25512686:C:A
chr13:25512858:G:A
chr13:25514208:C:G
chr13:25599340:T:A
chr13:25599478:G:A
chr13:25611842:G:A
chr13:25612807:G:C
chr13:25617223:C:T
chr13:26723181:A:C
chr13:26739325:G:A
chr13:27088692:C:G
chr13:27089035:G:A
chr13:27089128:G:A
chr13:27091122:T:C
chr13:27092609:G:A
chr13:27093738:T:G
chr13:27225483:C:G
chr13:27225540:G:C
chr13:27247572:G:C
chr13:27247797:G:A
chr13:27249781:C:T
chr13:27256261:A:G
chr13:27256862:T:A
chr13:27257062:C:G
chr13:27281427:C:G
chr13:27447288:G:A
chr13:27447733:A:C
chr13:27475848:A:C
chr13:27521581:G:A
chr13:27521694:G:C
chr13:27522466:G:C
chr13:27624335:A:G
chr13:27624372:T:C
chr13:27666836:T:G
chr13:27841574:G:C
chr13:27842854:C:A
chr13:27845310:G:A
chr13:27854601:C:T
chr13:27932501:A:T
chr13:27992166:T:A
chr13:28269970:G:T
chr13:28270509:A:G
chr13:28271177:C:A
chr13:28938614:G:T
chr13:28947973:G:T
chr13:28948386:C:T
chr13:28948542:G:A
chr13:28966888:G:T
chr13:28967231:T:G
chr13:28972030:G:C
chr13:28973225:T:C
chr13:28973320:G:T
chr13:28973397:T:C
chr13:28975881:G:A
chr13:28987250:G:A
chr13:29189745:T:G
chr13:31571123:C:A
chr13:31645483:G:A
chr13:31665148:G:T
chr13:32569691:A:T
chr13:33071691:C:T
chr13:33147491:G:C
chr13:33151642:A:T
chr13:33165799:C:T
chr13:33197721:T:G
chr13:33237008:A:T
chr13:33240003:C:T
chr13:33323738:G:A
chr13:33448412:G:A
chr13:33750655:G:C
chr13:33764372:G:T
chr13:33805896:G:A
chr13:33820090:A:C
chr13:33821499:T:G
chr13:33823473:C:A
chr13:33894710:C:T
chr13:33947883:A:G
chr13:33947918:C:A
chr13:34753372:A:C
chr13:34901299:C:G
chr13:34983901:G:A
chr13:34987070:T:C
chr13:35113723:G:A
chr13:35153095:T:C
chr13:35154006:T:A
chr13:35294671:G:C
chr13:35820280:C:T
chr13:36014889:T:C
chr13:36092973:G:T
chr13:36094896:G:C
chr13:36096291:G:A
chr13:36097862:A:G
chr13:36098201:T:G
chr13:36121477:T:C
chr13:36121539:G:A
chr13:36121761:G:T
chr13:36157970:T:A
chr13:36306527:G:A
chr13:36681294:T:A
chr13:36748308:A:G
chr13:36805444:T:A
chr13:36947532:G:T
chr13:36948710:G:A
chr13:37241377:A:C
chr13:37440265:T:C
chr13:37507476:A:C
chr13:37666038:C:A
chr13:37730149:C:T
chr13:37730272:C:A
chr13:37734454:A:G
chr13:37751989:A:G
chr13:37790167:T:G
chr13:38084047:A:G
chr13:38269046:G:A
chr13:38426886:T:C
chr13:38547200:C:T
chr13:38562966:C:T
chr13:38658481:C:T
chr13:38883658:G:C
chr13:38925300:C:A
chr13:39119958:G:A
chr13:39424872:C:A
chr13:39443366:A:G
chr13:40035696:A:T
chr13:40051107:C:T
chr13:40179824:A:T
chr13:40196235:G:C
chr13:40266092:C:T
chr13:40294838:G:C
chr13:40298571:G:T
chr13:40307255:G:A
chr13:40707842:T:C
chr13:40791174:C:A
chr13:40933749:T:G
chr13:41708009:A:C
chr13:41970528:C:T
chr13:41991116:G:A
chr13:42145643:A:G
chr13:42294724:C:T
chr13:42623353:C:T
chr13:42791370:A:G
chr13:43008346:T:C
chr13:43009940:C:A
chr13:43072484:C:T
chr13:43549596:G:A
chr13:43689621:A:C
chr13:43720658:G:T
chr13:43769267:A:G
chr13:43954136:C:T
chr13:44435480:C:T
chr13:45367805:T:G
chr13:47185170:C:T
chr13:47217427:G:A
chr13:47443401:T:C
chr13:47534930:A:G
chr13:47802660:C:A
chr13:48200051:T:C
chr13:48380369:T:C
chr13:48498616:T:C
chr13:48663256:G:C
chr13:49404381:T:C
chr13:49716875:T:C
chr13:49731134:A:C
chr13:49784041:T:C
chr13:49786671:G:T
chr13:49802961:A:G
chr13:49806469:G:T
chr13:49912325:G:A
chr13:49912332:T:C
chr13:49912748:A:G
chr13:49959788:A:G
chr13:50117762:G:C
chr13:50118925:C:A
chr13:50183768:A:T
chr13:50201779:T:C
chr13:50262387:A:G
chr13:50262434:C:T
chr13:50276915:T:C
chr13:50318960:A:G
chr13:50356410:C:T
chr13:50526144:T:C
chr13:50527056:A:C
chr13:50528545:C:G
chr13:50531225:T:G
chr13:50677701:T:A
chr13:50678646:C:A
chr13:50989146:C:G
chr13:51067028:G:C
chr13:51311775:A:G
chr13:51448112:A:C
chr13:51602257:C:T
chr13:51883545:G:A
chr13:51887368:A:T
chr13:51942016:T:C
chr13:52584542:C:A
chr13:52710128:A:T
chr13:52737524:A:C
chr13:52924925:G:A
chr13:53215081:A:G
chr13:53298348:G:C
chr13:53600635:C:T
chr13:53649619:C:G
chr13:53651398:T:C
chr13:53720279:A:T
chr13:53720338:G:T
chr13:53946165:C:T
chr13:53982588:G:T
chr13:54085156:A:C
chr13:54133503:C:T
chr13:54136760:G:A
chr13:54137246:G:A
chr13:54399944:C:T
chr13:54402629:G:T
chr13:54403152:A:T
chr13:54474733:A:C
chr13:54524413:T:A
chr13:54543591:G:C
chr13:54596726:T:C
chr13:54597480:G:A
chr13:54628885:G:A
chr13:54850835:G:A
chr13:54863757:A:G
chr13:55059033:G:A
chr13:55116706:G:T
chr13:55595916:C:T
chr13:56722390:T:C
chr13:56735703:G:A
chr13:56736407:G:T
chr13:56817126:A:G
chr13:56869560:G:A
chr13:56873233:G:C
chr13:56881163:C:T
chr13:56982184:T:A
chr13:56990386:A:T
chr13:57014577:G:A
chr13:57140321:C:G
chr13:57153771:A:T
chr13:57154599:C:T
chr13:57205323:C:T
chr13:57298334:T:A
chr13:57315485:A:G
chr13:57315614:A:G
chr13:57545743:G:T
chr13:57667476:T:G
chr13:57667659:G:T
chr13:57910127:C:T
chr13:57923984:T:C
chr13:57943911:T:G
chr13:58177788:C:T
chr13:58221983:C:T
chr13:58346349:C:G
chr13:58708421:T:A
chr13:58867473:C:G
chr13:58982734:A:G
chr13:58985587:T:A
chr13:59028617:G:T
chr13:59173007:A:T
chr13:59183430:A:T
chr13:59193309:C:G
chr13:59353311:C:T
chr13:59573749:T:C
chr13:59583417:T:A
chr13:59628060:A:T
chr13:59818487:G:A
chr13:60092715:A:G
chr13:60275555:G:T
chr13:60547254:T:C
chr13:60681767:G:A
chr13:60702440:G:T
chr13:60786675:T:C
chr13:60787808:C:A
chr13:60827798:T:C
chr13:60964742:C:G
chr13:61587580:T:C
chr13:61613481:A:T
chr13:62036115:A:T
chr13:62784161:C:T
chr13:62825949:A:G
chr13:62826132:T:G
chr13:62830864:A:G
chr13:62831388:C:A
chr13:62867339:G:A
chr13:62867682:C:G
chr13:62939465:G:A
chr13:62975413:G:A
chr13:63112605:C:A
chr13:63112687:T:A
chr13:64401479:T:A
chr13:64512828:A:G
chr13:64657297:G:T
chr13:64704239:G:C
chr13:65090076:G:A
chr13:65462778:A:G
chr13:65614383:T:C
chr13:65647430:T:C
chr13:65823464:G:A
chr13:65823473:T:G
chr13:65935443:A:C
chr13:66075149:C:T
chr13:66149260:T:G
chr13:66163644:G:A
chr13:66164871:C:T
chr13:66326076:T:A
chr13:66329040:G:T
chr13:66455396:C:A
chr13:66542300:C:G
chr13:66930234:A:G
chr13:67050986:A:G
chr13:67107401:T:A
chr13:67232935:C:T
chr13:67449305:C:T
chr13:67518372:C:T
chr13:68138942:A:G
chr13:68243640:A:G
chr13:68279641:T:C
chr13:68586606:C:T
chr13:68643346:A:C
chr13:69365255:T:C
chr13:69410422:C:T
chr13:70516234:T:C
chr13:71323324:C:A
chr13:73013567:C:G
chr13:73075649:G:A
chr13:74544079:G:A
chr13:74658625:C:G
chr13:74719371:G:A
chr13:75099688:G:A
chr13:75100324:C:A
chr13:75334313:T:C
chr13:75344409:T:C
chr13:75346021:G:C
chr13:75346273:T:C
chr13:75357921:C:A
chr13:75357938:C:A
chr13:75358625:G:A
chr13:75364059:T:C
chr13:75378766:A:T
chr13:75379004:C:G
chr13:75382600:G:C
chr13:75512848:A:T
chr13:75616567:T:A
chr13:75775783:T:C
chr13:75857518:C:G
chr13:75857825:C:A
chr13:76005332:T:C
chr13:76082090:A:G
chr13:76084352:A:G
chr13:76084435:G:C
chr13:77756494:G:A
chr13:77999875:T:C
chr13:78290101:C:G
chr13:78445937:G:T
chr13:78999908:C:T
chr13:79066857:T:G
chr13:79427288:C:T
chr13:79627553:T:C
chr13:79678537:A:T
chr13:79782909:G:A
chr13:79783264:A:G
chr13:79865585:C:T
chr13:80034275:T:C
chr13:80035338:A:G
chr13:80065878:T:C
chr13:80108926:G:C
chr13:80142104:A:G
chr13:80297756:C:T
chr13:80584458:T:C
chr13:80605467:C:G
chr13:80743646:G:C
chr13:80807912:A:G
chr13:81063957:C:T
chr13:82199037:T:G
chr13:82413039:C:G
chr13:82867852:G:A
chr13:82959334:C:A
chr13:83263844:C:G
chr13:83277547:A:C
chr13:83277615:T:G
chr13:83322107:A:G
chr13:83373319:C:A
chr13:83480884:T:G
chr13:83481736:C:T
chr13:83519838:T:C
chr13:83857095:A:G
chr13:84898777:T:C
chr13:85027726:C:T
chr13:85150065:C:T
chr13:85405897:A:T
chr13:85563537:T:C
chr13:85612267:A:T
chr13:85616361:T:A
chr13:85931176:G:A
chr13:86053578:G:T
chr13:86211808:T:C
chr13:86361945:A:G
chr13:86366222:G:C
chr13:86381471:G:C
chr13:86942915:C:T
chr13:87185341:T:G
chr13:87449423:G:A
chr13:87573189:A:G
chr13:87720474:C:T
chr13:87754532:T:A
chr13:88247339:C:A
chr13:88249777:C:T
chr13:88278877:C:G
chr13:88611259:G:A
chr13:88632468:A:G
chr13:89281583:A:G
chr13:89612778:T:C
chr13:90439545:G:A
chr13:91074414:T:C
chr13:91656681:G:C
chr13:91656715:G:A
chr13:91872805:G:A
chr13:92021357:C:A
chr13:92255532:A:G
chr13:92276532:T:C
chr13:92492933:T:C
chr13:92639677:A:G
chr13:92775507:G:A
chr13:92780599:G:A
chr13:92815685:A:T
chr13:92931167:A:T
chr13:93104299:G:A
chr13:93108755:G:A
chr13:93624325:A:G
chr13:94418212:A:C
chr13:95118126:A:G
chr13:95194297:T:C
chr13:95220572:G:A
chr13:95463117:T:C
chr13:95975491:A:T
chr13:96122337:T:C
chr13:96535955:C:T
chr13:97119646:G:A
chr13:97274977:G:A
chr13:97328230:G:A
chr13:97490482:T:A
chr13:97508849:C:T
chr13:97559341:C:T
chr13:97861614:T:C
chr13:98771599:G:A
chr13:99383214:C:G
chr13:100088368:C:T
chr13:100197030:C:G
chr13:100813910:G:A
chr13:100928345:C:T
chr13:101148136:G:C
chr13:101283259:G:A
chr13:102115169:C:T
chr13:102577857:C:G
chr13:102958914:G:A
chr13:103047225:A:C
chr13:103195021:T:C
chr13:103501717:T:C
chr13:104154480:C:T
chr13:104210730:A:G
chr13:104314905:C:T
chr13:104385997:G:A
chr13:104509116:T:G
chr13:105152069:A:T
chr13:105209826:C:T
chr13:105485869:A:G
chr13:105493713:A:G
chr13:105493979:C:A
chr13:105494072:A:T
chr13:105496245:G:C
chr13:105498403:T:A
chr13:105499048:G:T
chr13:105505031:A:G
chr13:106624351:C:T
chr13:106624863:A:G
chr14:136898:T:A
chr14:161755:C:G
chr14:296760:A:G
chr14:366322:A:G
chr14:392820:A:G
chr14:569474:A:T
chr14:630520:G:A
chr14:642016:A:T
chr14:671832:C:T
chr14:789307:G:T
chr14:886345:T:C
chr14:1126673:G:C
chr14:1152368:T:C
chr14:1358405:G:A
chr14:1407678:C:T
chr14:1528440:C:A
chr14:1554342:C:A
chr14:1707571:T:A
chr14:1736936:G:A
chr14:2053063:C:G
chr14:2503956:G:A
chr14:2799640:G:A
chr14:2834216:A:T
chr14:3757923:A:G
chr14:3914726:G:T
chr14:3945999:C:T
chr14:3949567:G:C
chr14:3967126:G:A
chr14:4006621:C:G
chr14:4085286:C:G
chr14:4178939:A:C
chr14:4317728:T:G
chr14:4455881:C:T
chr14:4488448:A:C
chr14:4488510:A:T
chr14:4527223:T:C
chr14:4530362:A:G
chr14:4532977:G:C
chr14:4534781:G:T
chr14:4535244:G:C
chr14:4535609:T:A
chr14:4547807:A:G
chr14:4553334:C:T
chr14:4556880:G:T
chr14:4556899:C:T
chr14:4557326:T:A
chr14:4567488:A:G
chr14:4600623:A:G
chr14:4649589:G:T
chr14:4756916:T:C
chr14:4758275:C:T
chr14:4783980:A:G
chr14:4833336:G:T
chr14:4959455:G:A
chr14:4978410:A:G
chr14:5144858:G:C
chr14:5164651:C:T
chr14:5164963:G:C
chr14:5175997:T:C
chr14:5176273:A:G
chr14:5177552:G:T
chr14:5199616:A:G
chr14:5314154:A:T
chr14:5318111:T:C
chr14:5614645:T:A
chr14:5947942:C:G
chr14:6008151:T:G
chr14:6232527:A:G
chr14:6488651:T:A
chr14:6521753:G:A
chr14:6549906:G:A
chr14:6620702:C:T
chr14:6740219:A:G
chr14:7029592:G:A
chr14:7250646:A:G
chr14:7475228:A:G
chr14:7518384:G:A
chr14:7518529:C:T
chr14:7937223:T:C
chr14:8099928:T:C
chr14:8300409:C:T
chr14:8976400:C:T
chr14:9113970:G:T
chr14:9480871:A:T
chr14:9628078:T:G
chr14:9989066:A:G
chr14:10217283:T:C
chr14:10300950:C:T
chr14:10409757:G:T
chr14:10413986:G:A
chr14:10488983:T:G
chr14:10533227:G:T
chr14:10566149:T:C
chr14:10567748:G:C
chr14:10603055:C:G
chr14:10608010:C:T
chr14:11204582:C:T
chr14:11376939:A:G
chr14:11659223:G:A
chr14:11768609:C:T
chr14:11781752:A:G
chr14:11786566:T:C
chr14:11812703:T:G
chr14:12124263:G:A
chr14:12132189:T:C
chr14:12262044:A:T
chr14:12378694:T:C
chr14:12379119:G:T
chr14:12445092:T:C
chr14:12591927:G:C
chr14:12846733:G:A
chr14:12928373:T:C
chr14:13109593:A:G
chr14:13250863:G:C
chr14:13931963:C:A
chr14:14203625:G:A
chr14:14205900:G:A
chr14:14206853:A:G
chr14:14208546:G:A
chr14:14209319:C:T
chr14:14410137:C:T
chr14:14469204:T:C
chr14:14469450:G:C
chr14:14553699:C:T
chr14:14670101:G:A
chr14:14691905:C:A
chr14:14696357:T:C
chr14:14734821:C:A
chr14:15297332:G:A
chr14:15300351:G:C
chr14:15485203:C:T
chr14:15560221:C:T
chr14:15643507:A:G
chr14:15817083:A:G
chr14:16002030:G:T
chr14:16137094:A:T
chr14:16148326:T:C
chr14:16775212:G:A
chr14:16776308:G:A
chr14:16894228:G:A
chr14:16898951:G:T
chr14:16943731:G:T
chr14:17017040:C:T
chr14:17049744:C:T
chr14:17090135:A:G
chr14:17298776:C:G
chr14:17425354:G:A
chr14:17462190:A:G
chr14:18375885:T:A
chr14:18533403:C:T
chr14:18537991:A:G
chr14:18754769:T:A
chr14:18912874:T:C
chr14:19052397:G:A
chr14:19145635:A:G
chr14:19159675:G:A
chr14:19159918:G:A
chr14:19214814:G:C
chr14:19221761:G:A
chr14:19223871:C:G
chr14:19279436:A:C
chr14:19547494:T:G
chr14:19868759:A:T
chr14:19874567:A:G
chr14:19890884:G:A
chr14:19905738:T:C
chr14:19929897:C:A
chr14:19940024:A:G
chr14:19947467:T:C
chr14:19964904:C:T
chr14:19974854:G:C
chr14:19983077:C:T
chr14:20598994:C:A
chr14:20599065:A:T
chr14:20599210:G:A
chr14:20599314:A:G
chr14:20600895:T:G
chr14:20601147:T:A
chr14:20601271:A:C
chr14:20603488:A:G
chr14:20651705:A:C
chr14:20656186:G:C
chr14:20671283:A:T
chr14:20674842:A:G
chr14:20677657:A:T
chr14:20683994:C:T
chr14:20703121:C:G
chr14:20779063:C:T
chr14:20788493:C:T
chr14:20911117:C:A
chr14:20912068:A:G
chr14:20912172:T:A
chr14:20914246:G:A
chr14:20914896:T:G
chr14:20915000:C:T
chr14:20984563:A:G
chr14:20988919:G:A
chr14:20989395:C:G
chr14:20993061:C:T
chr14:20993381:C:A
chr14:20996818:T:C
chr14:21091298:C:A
chr14:21335083:G:T
chr14:21354601:G:A
chr14:21359743:C:G
chr14:21452747:T:C
chr14:21495297:A:G
chr14:21495579:T:C
chr14:21504685:A:G
chr14:21504836:C:T
chr14:21507071:G:C
chr14:21524808:C:T
chr14:21688991:G:A
chr14:21690219:G:A
chr14:21714872:A:C
chr14:21715039:A:T
chr14:22098312:C:T
chr14:22099603:G:A
chr14:22157880:T:G
chr14:22160175:C:A
chr14:22163407:A:G
chr14:22167617:T:G
chr14:22612212:A:G
chr14:22615895:T:G
chr14:22716395:G:T
chr14:22716489:A:G
chr14:22716954:A:T
chr14:22899054:A:G
chr14:22931145:A:C
chr14:23027492:C:T
chr14:23055553:G:A
chr14:24220068:C:T
chr14:24224869:T:A
chr14:24243425:A:C
chr14:24246560:G:T
chr14:24373412:G:C
chr14:24374752:C:T
chr14:24540324:A:G
chr14:24556638:T:C
chr14:24585827:C:T
chr14:24599933:C:T
chr14:24846073:T:A
chr14:24846955:C:T
chr14:24851326:A:C
chr14:24870086:A:G
chr14:24898914:A:T
chr14:24940595:G:A
chr14:24940648:G:C
chr14:24946024:C:T
chr14:24981450:A:C
chr14:25036054:C:T
chr14:25049684:T:C
chr14:25052077:G:C
chr14:25094879:T:A
chr14:25210489:G:T
chr14:25280011:G:A
chr14:25296427:C:G
chr14:25367971:G:C
chr14:25384382:C:T
chr14:25388261:C:A
chr14:25422510:A:G
chr14:25424169:C:T
chr14:25456429:T:C
chr14:25456570:C:T
chr14:25467463:T:C
chr14:25514401:C:A
chr14:25514729:G:T
chr14:25576845:T:A
chr14:25579315:C:T
chr14:25609845:A:G
chr14:25862970:G:A
chr14:25866625:A:G
chr14:25913482:A:T
chr14:25913592:T:C
chr14:25913682:T:C
chr14:25989479:C:T
chr14:25989480:G:A
chr14:25989756:A:G
chr14:26027727:A:G
chr14:26029253:T:C
chr14:26030078:G:A
chr14:26032660:A:G
chr14:26032663:G:T
chr14:26033424:T:A
chr14:26068788:T:A
chr14:26069033:T:C
chr14:26090033:G:T
chr14:26159782:G:A
chr14:26221899:A:G
chr14:26912673:C:T
chr14:27147653:G:A
chr14:27263330:A:T
chr14:27424384:G:A
chr14:27713201:T:C
chr14:27893349:A:G
chr14:28106633:A:C
chr14:28119537:G:A
chr14:28291778:T:C
chr14:28557657:G:A
chr14:28574364:G:T
chr14:28806082:A:G
chr14:28840139:G:A
chr14:28880956:C:T
chr14:29178727:C:T
chr14:29614614:G:A
chr14:29702173:C:G
chr14:29702411:G:C
chr14:29703838:A:G
chr14:29704081:A:T
chr14:29705772:A:G
chr14:29706098:C:T
chr14:29833555:A:T
chr14:29887164:T:C
chr14:29887310:T:A
chr14:29890236:C:T
chr14:29892830:C:G
chr14:29893247:T:C
chr14:29905573:T:C
chr14:29907634:G:A
chr14:29907774:T:G
chr14:29908655:T:G
chr14:29908944:A:C
chr14:29909747:C:T
chr14:29910083:A:G
chr14:29933965:A:C
chr14:29936766:T:C
chr14:30001876:C:T
chr14:30064466:G:A
chr14:30065277:C:A
chr14:30103270:C:T
chr14:30104140:T:C
chr14:30105034:A:C
chr14:30108096:A:T
chr14:30327493:G:A
chr14:30332587:G:A
chr14:30333652:G:A
chr14:30333811:G:A
chr14:30367546:A:G
chr14:30410937:G:T
chr14:30455463:G:A
chr14:30455540:A:G
chr14:30464114:T:C
chr14:30474364:T:A
chr14:30760046:G:A
chr14:30911487:G:C
chr14:30913195:T:C
chr14:30998635:G:T
chr14:31041930:A:G
chr14:31121882:C:T
chr14:31172640:C:T
chr14:31219052:T:C
chr14:31366014:C:T
chr14:31366187:C:G
chr14:31366277:T:C
chr14:31426327:G:A
chr14:31426337:A:G
chr14:31466888:G:A
chr14:31665233:T:G
chr14:31890055:T:C
chr14:32730277:G:C
chr14:32839120:A:G
chr14:32846399:C:T
chr14:33099826:T:C
chr14:33247810:C:A
chr14:33495057:C:T
chr14:33733638:A:G
chr14:33886067:T:G
chr14:34289050:A:C
chr14:34436453:A:G
chr14:34586348:A:T
chr14:34627283:G:A
chr14:35058780:A:T
chr14:35169043:A:G
chr14:35237211:C:T
chr14:35505303:T:A
chr14:35572672:C:A
chr14:35712054:T:C
chr14:35715759:G:A
chr14:35742028:A:T
chr14:37074557:A:C
chr14:37272836:C:T
chr14:37273147:T:G
chr14:37322736:A:G
chr14:37359451:G:A
chr14:37360597:G:C
chr14:37362245:T:C
chr14:37426967:G:A
chr14:37498856:T:A
chr14:37541026:C:A
chr14:38245698:T:C
chr14:38329294:A:G
chr14:38641915:C:T
chr14:38676110:A:G
chr14:38689525:T:G
chr14:38709173:G:A
chr14:38712843:T:A
chr14:38766256:C:T
chr14:39181112:G:A
chr14:39257554:A:G
chr14:39322807:A:G
chr14:39369676:T:C
chr14:39369723:G:T
chr14:39370139:A:G
chr14:39370691:T:G
chr14:39424858:A:G
chr14:39459068:A:T
chr14:39500736:T:A
chr14:39508256:A:G
chr14:39891550:T:C
chr14:39911169:G:A
chr14:39911404:T:C
chr14:39911411:T:C
chr14:40062310:G:A
chr14:40189067:G:A
chr14:40953376:G:A
chr14:41194611:T:C
chr14:41307861:G:A
chr14:41308006:T:G
chr14:41568807:T:C
chr14:41583006:T:C
chr14:41618264:C:T
chr14:41622487:G:T
chr14:41939794:A:G
chr14:43264687:G:A
chr14:44112723:G:A
chr14:44517878:G:A
chr14:44721515:A:G
chr14:44729882:C:G
chr14:44754126:C:T
chr14:44783623:T:C
chr14:44847180:C:T
chr14:45022155:C:G
chr14:45224483:T:C
chr14:45272650:A:T
chr14:45526718:A:C
chr14:45712871:C:T
chr14:45784158:G:A
chr14:45785034:C:T
chr14:45829448:G:A
chr14:45853523:G:T
chr14:46262361:G:C
chr14:46717938:G:C
chr14:47230937:T:C
chr14:48410542:T:G
chr14:48830832:T:A
chr14:49369027:C:T
chr14:49466733:C:T
chr14:49552116:C:A
chr14:50121752:G:C
chr14:50298320:C:A
chr14:50425655:G:T
chr14:50583624:A:G
chr14:50821767:C:A
chr14:50826371:A:G
chr14:51177897:C:G
chr14:51251431:G:C
chr14:51505720:C:T
chr14:52687005:G:A
chr14:52744953:A:G
chr14:52749157:G:A
chr14:53026818:G:T
chr14:53027417:A:T
chr14:57057732:A:T
chr14:57580782:A:G
chr14:57631220:T:A
chr14:57765615:T:C
chr14:58285354:G:T
chr14:58372030:T:A
chr14:58389135:C:T
chr14:58389563:G:A
chr14:58400678:G:A
chr14:58679280:T:G
chr14:58763567:G:T
chr14:59263654:G:A
chr14:59315409:G:A
chr14:59588154:G:A
chr14:60027160:G:A
chr14:60130432:A:G
chr14:60335044:A:C
chr14:60335902:G:C
chr14:60339510:T:A
chr14:60385900:A:G
chr14:60463895:G:A
chr14:61973163:T:C
chr14:62129126:C:T
chr14:62172048:G:A
chr14:62172493:A:G
chr14:62418062:C:G
chr14:62643029:C:T
chr14:63053492:T:A
chr14:63371604:T:A
chr14:63389289:A:T
chr14:63390828:T:C
chr14:63441178:G:A
chr14:63698032:G:A
chr14:63996613:C:T
chr14:64679794:A:C
chr14:64683297:A:G
chr14:64931535:A:G
chr14:65016632:C:T
chr14:65019304:T:C
chr14:65043398:T:A
chr14:65046766:A:G
chr14:65218496:C:T
chr14:65238608:A:T
chr14:65825821:T:C
chr14:65858073:T:G
chr14:66025338:C:A
chr14:66025403:T:C
chr14:66608247:A:T
chr14:66897674:A:G
chr14:67601855:T:A
chr14:67990910:G:A
chr14:68004725:C:T
chr14:68326652:G:C
chr14:68342400:G:A
chr14:68869264:C:G
chr14:68871796:T:C
chr14:68904379:C:T
chr14:68911361:A:G
chr14:68937609:C:T
chr14:69066426:G:A
chr14:69289746:A:G
chr14:69445501:A:T
chr14:69638270:T:G
chr14:69848545:C:T
chr14:69924112:A:C
chr14:69994363:G:A
chr14:69994610:G:T
chr14:69998137:T:G
chr14:70062164:G:A
chr14:70151798:T:G
chr14:70239744:T:G
chr14:70240786:C:A
chr14:70356777:A:G
chr14:70377743:T:C
chr14:70379708:A:T
chr14:70792976:G:T
chr14:71587167:G:A
chr14:71981643:T:C
chr14:72356937:A:T
chr14:72844832:G:A
chr14:72870104:G:A
chr14:73156305:G:A
chr14:73314378:C:A
chr14:74023004:G:A
chr14:74040393:G:A
chr14:74278862:C:T
chr14:74343525:C:G
chr14:74640015:T:A
chr14:74640572:G:C
chr14:74874746:T:C
chr14:75037329:G:C
chr14:75898183:A:G
chr14:75959766:T:C
chr14:76472839:G:A
chr14:77260522:A:G
chr14:77372852:A:C
chr14:77419809:G:T
chr14:77425404:T:C
chr14:77429160:A:C
chr14:77505627:A:T
chr14:77505691:C:T
chr14:78217537:T:C
chr14:78287912:A:C
chr14:78288092:G:A
chr14:78406344:G:A
chr14:78873112:G:A
chr14:78888633:G:A
chr14:80232504:A:T
chr14:80990705:G:A
chr14:81316605:C:T
chr14:81558794:G:A
chr14:81714367:C:T
chr14:81784783:C:A
chr14:81784970:G:A
chr14:81899921:C:T
chr14:82050916:C:T
chr14:82050959:T:C
chr14:82272054:C:A
chr14:82349611:C:T
chr14:82561485:C:G
chr14:82866321:C:T
chr14:83084630:T:C
chr14:83103561:T:A
chr14:83645366:G:A
chr14:83758563:T:C
chr14:83758616:T:C
chr14:83759039:G:T
chr14:84014891:A:G
chr14:84030504:A:G
chr14:84039870:A:G
chr14:84458685:C:T
chr14:85334053:G:A
chr14:85460975:T:C
chr14:85511052:G:C
chr14:85768059:A:T
chr14:85836058:G:A
chr14:85978717:T:G
chr14:86049615:G:T
chr14:86125712:A:T
chr14:86127279:T:C
chr14:86838942:T:C
chr14:86853966:G:A
chr14:86935435:C:G
chr14:87096146:T:C
chr14:87123161:G:A
chr14:87165400:A:G
chr14:87634789:T:G
chr14:87670333:A:T
chr14:87940365:T:A
chr14:87943991:T:C
chr14:88047899:T:C
chr14:88062892:A:G
chr14:88177463:A:C
chr14:88344075:C:T
chr14:88344210:G:A
chr14:88345094:C:G
chr14:88440584:T:G
chr14:88479331:T:C
chr14:88480320:C:A
chr14:88490958:T:A
chr14:88652616:T:A
chr14:88655914:A:G
chr14:88954763:T:C
chr14:89140176:C:T
chr14:89873049:T:C
chr14:90061004:A:G
chr14:90074726:T:A
chr14:90079982:C:T
chr14:90098083:G:A
chr14:90117001:G:A
chr14:90117321:T:C
chr14:90281407:G:A
chr14:90282149:T:G
chr14:90594675:G:A
chr14:90651647:C:T
chr14:90670632:G:A
chr14:90670855:G:A
chr14:90778198:C:T
chr14:90778408:C:A
chr14:90998872:A:C
chr14:90999656:G:A
chr14:91046120:T:C
chr14:91046375:A:T
chr14:91093469:G:A
chr14:91333323:A:G
chr14:91333931:A:G
chr14:91443062:A:G
chr14:91655369:G:T
chr14:91680523:T:A
chr14:91688352:T:G
chr14:91688483:A:C
chr14:91689181:G:T
chr14:91690414:T:C
chr14:91719584:G:A
chr14:91838916:T:A
chr14:91839197:G:A
chr14:91919903:A:C
chr14:91983859:C:T
chr14:92006913:C:T
chr14:92146903:G:A
chr14:92730465:C:T
chr14:92861749:A:T
chr14:92909840:A:G
chr14:93067230:T:A
chr14:93089214:G:T
chr14:93186955:G:T
chr14:93222142:C:T
chr14:93356838:T:C
chr14:93641569:C:G
chr14:93641751:A:G
chr14:93641995:G:A
chr14:93642165:A:T
chr14:93642431:T:C
chr14:93774162:G:C
chr14:94473440:A:G
chr14:94705100:C:T
chr14:94736976:A:G
chr14:94855316:G:A
chr14:95002400:C:A
chr14:95066263:C:T
chr14:95134942:G:A
chr14:95342766:G:C
chr14:95582455:G:A
chr14:95603785:T:A
chr14:95762267:G:C
chr14:96409584:C:T
chr14:96509967:T:G
chr14:96558991:G:A
chr14:96560107:T:C
chr14:96608846:A:G
chr14:96846300:G:A
chr14:97050044:C:T
chr14:97080959:C:T
chr14:97178816:C:G
chr14:97379299:G:A
chr14:97535188:G:A
chr14:97588566:T:C
chr14:97678686:G:C
chr14:97737873:T:C
chr14:98099797:G:C
chr14:98703167:G:C
chr14:99198197:T:C
chr14:99861088:T:C
chr14:99870059:T:A
chr14:99886077:G:T
chr14:99895105:G:A
chr14:99964499:A:G
chr14:100410201:A:G
chr14:100738122:G:A
chr14:101098579:A:T
chr14:101130098:C:A
chr14:101130495:C:T
chr14:101130549:C:T
chr14:101130705:G:C
chr14:101194694:G:A
chr14:101194908:C:A
chr14:101195956:T:C
chr14:101224814:C:G
chr14:101263579:C:T
chr14:101342967:T:A
chr14:101406272:T:C
chr14:104811008:C:T
chr14:104820243:A:C
chr14:104826927:A:G
chr15:2686:G:T
chr15:42490:G:A
chr15:252094:A:C
chr15:358061:A:C
chr15:439605:G:A
chr15:678802:G:A
chr15:1707682:G:C
chr15:1883178:A:G
chr15:1948595:A:G
chr15:2034795:C:A
chr15:2178728:A:G
chr15:2189170:G:A
chr15:2324834:C:T
chr15:2381347:T:A
chr15:3020296:T:G
chr15:4071164:A:G
chr15:4517546:A:C
chr15:4527115:T:G
chr15:4532615:T:C
chr15:4611418:G:A
chr15:4619537:T:C
chr15:4689455:C:G
chr15:4702675:T:C
chr15:4887542:T:A
chr15:4887560:C:T
chr15:4944097:G:A
chr15:4945159:C:G
chr15:4945997:C:T
chr15:4953085:C:T
chr15:4990048:T:C
chr15:4990158:T:C
chr15:4991726:G:C
chr15:5022636:C:T
chr15:5150717:A:G
chr15:5301781:A:T
chr15:5302121:T:C
chr15:5476576:C:G
chr15:5558466:T:C
chr15:5636570:A:T
chr15:6058550:A:G
chr15:6177969:G:C
chr15:6369617:A:T
chr15:6411633:G:A
chr15:6451388:C:A
chr15:6607966:G:T
chr15:6656591:A:C
chr15:6980857:C:G
chr15:6995843:G:T
chr15:7264496:A:G
chr15:7303677:G:A
chr15:7787048:G:A
chr15:7881659:T:C
chr15:7966353:G:T
chr15:8130396:G:A
chr15:8182583:G:C
chr15:8401136:T:G
chr15:8522481:C:G
chr15:8616675:T:A
chr15:8776760:A:G
chr15:9448273:C:T
chr15:9468155:A:G
chr15:9518644:G:A
chr15:9518830:A:G
chr15:9526826:G:T
chr15:9535874:G:C
chr15:9536671:A:C
chr15:9564920:C:T
chr15:9605010:C:G
chr15:9605593:C:T
chr15:9609117:T:C
chr15:9612831:A:C
chr15:9612984:A:T
chr15:9839523:C:T
chr15:9841585:A:G
chr15:9883113:G:A
chr15:9954614:G:C
chr15:9954763:G:A
chr15:10574906:A:T
chr15:10575326:T:A
chr15:10824202:G:C
chr15:10824401:A:G
chr15:10837120:C:T
chr15:10907622:C:T
chr15:10910171:C:T
chr15:10914160:G:T
chr15:10915567:G:T
chr15:10915585:G:A
chr15:10916058:A:C
chr15:10926766:T:C
chr15:10933822:A:C
chr15:10933873:T:C
chr15:10941689:G:C
chr15:10983254:C:T
chr15:10998204:C:T
chr15:11010583:G:C
chr15:11011073:C:A
chr15:11051790:C:A
chr15:11549112:C:A
chr15:11607801:T:A
chr15:11980302:G:C
chr15:12799036:G:A
chr15:13259494:A:T
chr15:13261495:G:A
chr15:13270018:G:C
chr15:13645543:C:T
chr15:13755953:T:C
chr15:13784540:C:G
chr15:14104481:G:A
chr15:14199076:C:A
chr15:14628375:G:A
chr15:14716924:G:A
chr15:14804586:C:G
chr15:14871686:G:C
chr15:15029472:T:C
chr15:15128117:A:C
chr15:15164495:A:C
chr15:15212550:T:A
chr15:15262484:G:C
chr15:15305303:T:A
chr15:15342607:T:C
chr15:15422729:A:G
chr15:15467505:A:G
chr15:15990958:C:T
chr15:16213552:A:T
chr15:16390070:G:T
chr15:16449647:G:T
chr15:16487424:T:C
chr15:16515460:C:A
chr15:16658670:T:C
chr15:16697369:C:T
chr15:16852103:C:T
chr15:16914958:C:T
chr15:16947034:C:G
chr15:16979060:T:C
chr15:17138315:G:A
chr15:17260204:G:A
chr15:17534647:G:C
chr15:17540930:A:T
chr15:17575247:T:G
chr15:17578464:A:C
chr15:17585325:A:G
chr15:17591949:T:C
chr15:17600573:G:C
chr15:17669262:C:A
chr15:17767196:T:C
chr15:17774912:A:G
chr15:17995520:G:T
chr15:17997123:T:C
chr15:17999381:T:A
chr15:18000102:C:A
chr15:18001111:T:C
chr15:18001130:C:T
chr15:18001463:C:T
chr15:18001874:C:A
chr15:18040715:G:T
chr15:18051164:G:T
chr15:18205793:T:A
chr15:18231738:C:T
chr15:18318805:C:T
chr15:18319373:A:G
chr15:18469869:C:T
chr15:18487844:A:G
chr15:18632168:G:T
chr15:18802371:A:G
chr15:18802734:C:T
chr15:18805990:G:C
chr15:18899139:A:G
chr15:18910035:G:A
chr15:18986571:T:C
chr15:19189029:C:A
chr15:19223259:G:A
chr15:19513397:C:T
chr15:19720975:C:T
chr15:19808248:G:A
chr15:19917557:G:A
chr15:19924661:T:C
chr15:20197339:T:C
chr15:20233330:C:T
chr15:20551857:G:T
chr15:20586475:G:A
chr15:21144572:G:A
chr15:21545204:G:A
chr15:21557124:T:C
chr15:21579661:G:A
chr15:21655793:G:A
chr15:21666876:C:T
chr15:21926593:C:A
chr15:21979238:A:G
chr15:21985451:G:A
chr15:22005276:C:T
chr15:22052127:A:G
chr15:22295436:A:C
chr15:22398210:C:G
chr15:22638976:T:G
chr15:22703716:C:A
chr15:22813209:C:A
chr15:22815043:T:C
chr15:22921537:C:G
chr15:22927205:T:C
chr15:24058286:A:C
chr15:24099869:C:T
chr15:24313555:C:T
chr15:24422863:C:T
chr15:24551171:C:G
chr15:24581122:G:C
chr15:24830059:C:T
chr15:25109730:A:G
chr15:25110510:T:A
chr15:25197618:A:G
chr15:25448079:T:C
chr15:25449233:C:T
chr15:25636446:A:G
chr15:25636663:T:C
chr15:25636970:C:T
chr15:25637224:C:A
chr15:25637342:C:T
chr15:25637541:A:T
chr15:25639370:A:G
chr15:25639376:T:A
chr15:25639806:G:A
chr15:25639950:G:C
chr15:25645030:T:C
chr15:25646748:A:G
chr15:25658765:A:G
chr15:25658798:G:T
chr15:25658841:C:T
chr15:25668024:G:A
chr15:25687537:T:A
chr15:25687821:G:C
chr15:25688665:G:A
chr15:25693441:A:G
chr15:25733839:A:G
chr15:25741936:A:T
chr15:25742237:G:C
chr15:25743031:T:G
chr15:25743224:C:T
chr15:25743681:C:T
chr15:25743830:G:C
chr15:25746196:A:C
chr15:25746903:T:C
chr15:25747636:A:T
chr15:25757499:G:A
chr15:25759656:C:T
chr15:25761017:T:C
chr15:25840151:A:C
chr15:25841808:A:C
chr15:25841925:G:T
chr15:25841986:C:T
chr15:25842127:T:A
chr15:25844707:C:T
chr15:25845590:A:G
chr15:25847955:A:G
chr15:25848016:C:T
chr15:25848179:G:T
chr15:25848533:G:A
chr15:25848855:C:T
chr15:25854207:A:C
chr15:25854717:A:C
chr15:25854971:G:A
chr15:25855172:C:T
chr15:25856283:G:A
chr15:25868995:G:T
chr15:25876747:T:G
chr15:25882511:T:C
chr15:25891092:G:A
chr15:25892459:C:A
chr15:25914462:A:G
chr15:25914569:C:G
chr15:25916060:G:A
chr15:26056435:C:T
chr15:26057194:T:C
chr15:26057257:C:T
chr15:26057635:C:T
chr15:26057934:C:A
chr15:26058183:T:C
chr15:26065750:T:C
chr15:26068677:T:G
chr15:26068952:G:A
chr15:26069038:C:T
chr15:26070435:G:A
chr15:26075348:C:T
chr15:26075623:G:T
chr15:26075667:A:G
chr15:26075753:C:T
chr15:26075798:A:G
chr15:26075845:G:C
chr15:26075882:T:C
chr15:26103833:A:G
chr15:26118412:C:T
chr15:26120925:A:G
chr15:26140752:T:C
chr15:26145395:T:G
chr15:26147080:A:G
chr15:26150200:C:A
chr15:26157077:A:G
chr15:26157220:C:G
chr15:26162065:A:T
chr15:26166369:G:A
chr15:26172285:G:C
chr15:26176293:G:C
chr15:26186249:C:G
chr15:26207878:G:C
chr15:26208858:G:C
chr15:26209139:A:C
chr15:26209974:C:A
chr15:26210000:C:T
chr15:26210140:T:C
chr15:26214927:G:A
chr15:26215518:C:T
chr15:26216359:A:T
chr15:26219767:G:T
chr15:26219817:C:A
chr15:26221626:A:G
chr15:26223684:A:C
chr15:26246824:A:T
chr15:26273389:C:G
chr15:26273559:T:C
chr15:26313326:C:T
chr15:26314260:C:T
chr15:26314278:A:T
chr15:26314351:T:C
chr15:26314554:C:T
chr15:26315350:G:A
chr15:26316697:C:A
chr15:26317218:C:G
chr15:26317274:C:A
chr15:26317950:A:G
chr15:26317965:A:G
chr15:26317999:T:C
chr15:26318973:T:G
chr15:26319273:C:T
chr15:26319520:C:G
chr15:26319943:T:C
chr15:26320294:T:A
chr15:26321186:T:C
chr15:26321332:A:C
chr15:26321429:G:A
chr15:26321476:G:A
chr15:26321936:T:C
chr15:26322173:C:T
chr15:26332225:C:T
chr15:26332550:G:T
chr15:26342922:G:A
chr15:26342975:A:G
chr15:26343406:T:G
chr15:26343472:G:C
chr15:26343672:A:G
chr15:26344354:T:G
chr15:26344419:A:G
chr15:26344454:T:C
chr15:26344495:A:G
chr15:26344665:C:T
chr15:26346719:T:C
chr15:26347680:A:C
chr15:26347871:C:T
chr15:26348355:C:T
chr15:26349090:A:G
chr15:26349689:A:G
chr15:26349703:A:C
chr15:26349705:G:A
chr15:26352409:A:C
chr15:26354489:C:A
chr15:26354515:T:C
chr15:26355504:T:C
chr15:26355587:T:C
chr15:26357769:G:A
chr15:26358773:A:G
chr15:26366713:C:A
chr15:26371390:T:C
chr15:26372340:T:G
chr15:26373833:G:T
chr15:26374170:C:T
chr15:26374233:G:A
chr15:26374839:C:T
chr15:26401849:A:C
chr15:26412946:A:T
chr15:26413386:T:G
chr15:26413654:G:A
chr15:26418027:G:A
chr15:26422685:A:C
chr15:26425274:T:C
chr15:26427221:C:G
chr15:26438471:G:A
chr15:26438652:A:G
chr15:26442336:G:A
chr15:26455158:T:A
chr15:26455720:T:C
chr15:26455770:C:A
chr15:26490948:T:C
chr15:26491038:G:T
chr15:26491598:G:A
chr15:26492520:T:A
chr15:26492792:G:A
chr15:26493460:A:C
chr15:26494573:T:G
chr15:26499243:G:T
chr15:26499420:G:A
chr15:26499812:G:A
chr15:26505306:T:C
chr15:26506718:G:T
chr15:26506960:G:A
chr15:26508799:A:C
chr15:26515271:C:G
chr15:26517146:T:C
chr15:26529197:T:C
chr15:26550272:C:A
chr15:26558570:A:G
chr15:26566655:C:T
chr15:26598998:G:A
chr15:26635168:C:T
chr15:26641169:G:T
chr15:26649569:A:G
chr15:26660739:C:T
chr15:26663904:A:G
chr15:26664226:T:G
chr15:26693624:C:G
chr15:26693727:C:T
chr15:26696615:G:A
chr15:26698751:C:T
chr15:26706203:C:A
chr15:26718300:T:C
chr15:26719067:A:C
chr15:26760811:G:T
chr15:26761744:C:G
chr15:26762323:A:C
chr15:26790440:A:C
chr15:26792220:A:C
chr15:26793128:T:G
chr15:26793334:G:A
chr15:26795164:G:A
chr15:26820498:C:T
chr15:26831633:A:G
chr15:26908708:G:C
chr15:26923017:A:C
chr15:26923900:T:C
chr15:26924501:A:C
chr15:26924865:T:C
chr15:26925902:T:A
chr15:26927419:A:C
chr15:26928546:A:G
chr15:26928766:C:T
chr15:26929629:G:A
chr15:26930530:A:C
chr15:26930663:C:G
chr15:26930818:A:G
chr15:26931969:T:C
chr15:26932755:A:G
chr15:26933171:G:A
chr15:26933735:T:G
chr15:26943285:G:A
chr15:26989099:T:C
chr15:26989281:C:A
chr15:26989380:G:A
chr15:26989425:C:A
chr15:27120564:T:A
chr15:27124213:C:T
chr15:27126346:T:C
chr15:27128008:G:A
chr15:27130091:C:T
chr15:27130837:C:T
chr15:27133728:G:A
chr15:27134190:T:G
chr15:27135349:G:C
chr15:27136149:A:C
chr15:27136448:C:T
chr15:27136587:A:T
chr15:27137411:T:C
chr15:27140200:C:G
chr15:27140292:A:G
chr15:27142637:T:C
chr15:27142785:C:T
chr15:27146408:G:A
chr15:27146587:G:T
chr15:27164002:C:T
chr15:27853288:G:A
chr15:27983372:T:C
chr15:28259959:C:T
chr15:28272701:T:A
chr15:28314038:T:C
chr15:28342227:A:G
chr15:28451158:G:C
chr15:28555425:A:G
chr15:28620899:C:T
chr15:28663948:C:G
chr15:30290626:C:T
chr15:31092354:G:A
chr15:32212494:T:A
chr15:32502278:C:T
chr15:32572462:T:C
chr15:32736242:T:C
chr15:32803588:G:A
chr15:32932567:T:C
chr15:32933181:T:A
chr15:32935980:C:A
chr15:33277041:G:A
chr15:33277543:C:T
chr15:33283316:A:C
chr15:33307246:T:C
chr15:33375913:C:T
chr15:33383059:C:T
chr15:33388084:C:A
chr15:33390141:C:T
chr15:33390212:A:G
chr15:33390332:G:A
chr15:33392828:A:G
chr15:33401759:G:A
chr15:33430143:A:T
chr15:33454020:C:T
chr15:33455712:G:A
chr15:33458823:T:A
chr15:33492201:A:G
chr15:33497049:A:G
chr15:33497312:C:T
chr15:33498521:C:A
chr15:33502040:C:T
chr15:33532856:T:G
chr15:33540085:G:C
chr15:33541989:A:G
chr15:33542192:G:A
chr15:34152820:C:T
chr15:35214579:A:C
chr15:35565091:T:C
chr15:35760005:G:A
chr15:35781459:A:C
chr15:35896392:G:C
chr15:36034488:G:C
chr15:36050212:T:A
chr15:36139978:A:G
chr15:37319404:G:A
chr15:37554400:T:C
chr15:37840483:C:A
chr15:38191757:T:C
chr15:38191846:G:A
chr15:38715319:C:T
chr15:38716537:G:T
chr15:38722088:T:A
chr15:39015158:A:T
chr15:39015204:G:T
chr15:39427855:T:C
chr15:39886158:G:A
chr15:39886460:C:T
chr15:40035434:A:G
chr15:40524340:C:T
chr15:40557936:C:T
chr15:40589092:T:C
chr15:40595067:T:C
chr15:40595115:A:G
chr15:40705623:G:A
chr15:40705774:T:C
chr15:42323839:C:T
chr15:42406097:T:G
chr15:42406140:A:G
chr15:42408771:G:C
chr15:42428789:T:C
chr15:42430128:G:T
chr15:42529097:T:G
chr15:42563136:C:A
chr15:42564970:C:T
chr15:43286326:G:A
chr15:43287010:G:A
chr15:43289190:C:T
chr15:43295904:G:A
chr15:43334972:A:T
chr15:43335854:G:T
chr15:43339002:G:A
chr15:43342485:A:T
chr15:43346183:T:G
chr15:43348057:C:G
chr15:43477664:T:A
chr15:43539209:G:T
chr15:43539487:G:T
chr15:43665807:G:C
chr15:43668558:A:G
chr15:43972968:A:G
chr15:44012992:A:T
chr15:44015219:C:T
chr15:44055447:T:C
chr15:44121550:C:A
chr15:44121656:C:T
chr15:44292228:C:T
chr15:44910405:G:C
chr15:46179467:G:C
chr15:47504705:T:C
chr15:47536824:G:A
chr15:47536906:T:C
chr15:47542542:T:C
chr15:47628072:G:A
chr15:47682757:T:C
chr15:47685080:A:C
chr15:47811225:C:A
chr15:47880604:G:A
chr15:48251362:A:C
chr15:48389291:A:G
chr15:48520347:A:G
chr15:48520439:G:C
chr15:48524811:G:A
chr15:48609867:C:T
chr15:48708918:T:C
chr15:48885309:G:C
chr15:48953494:A:G
chr15:49007878:A:C
chr15:49048509:C:T
chr15:49215403:A:G
chr15:49215624:A:T
chr15:49219406:A:G
chr15:49225169:T:C
chr15:49240170:G:T
chr15:49269553:T:C
chr15:49329635:G:T
chr15:49423332:G:A
chr15:49423342:C:T
chr15:49500790:G:A
chr15:49501955:A:G
chr15:49654054:G:A
chr15:49708541:G:A
chr15:49708647:A:C
chr15:49753237:C:T
chr15:49813727:A:C
chr15:49815659:A:C
chr15:49815838:C:T
chr15:49835107:T:A
chr15:50306777:C:G
chr15:50307149:C:T
chr15:50445110:G:A
chr15:50453026:G:T
chr15:50454904:G:A
chr15:50893789:T:C
chr15:51241227:A:G
chr15:51345466:C:T
chr15:51691549:C:T
chr15:51826229:G:A
chr15:51981969:C:T
chr15:52147660:C:A
chr15:52286430:A:T
chr15:52287262:T:C
chr15:52293779:C:G
chr15:52293857:C:T
chr15:52297646:C:T
chr15:52299247:T:G
chr15:52299517:A:G
chr15:52412105:A:G
chr15:52412240:G:A
chr15:52457144:G:T
chr15:53213853:A:G
chr15:54120344:C:T
chr15:54607003:T:G
chr15:54833371:A:T
chr15:54836193:A:G
chr15:55093391:A:G
chr15:55172000:G:C
chr15:55172689:T:C
chr15:55713446:G:C
chr15:55776700:C:T
chr15:55877539:A:T
chr15:55883648:A:G
chr15:55883702:A:T
chr15:56091967:C:G
chr15:56094615:T:G
chr15:56112131:C:T
chr15:56117737:C:T
chr15:56174469:T:C
chr15:56242337:A:G
chr15:56242546:T:G
chr15:56272956:T:C
chr15:56478887:G:A
chr15:56479033:T:C
chr15:56517542:G:A
chr15:56592714:A:G
chr15:56592776:C:G
chr15:57723093:T:G
chr15:57737297:G:T
chr15:58107214:G:T
chr15:58155647:G:C
chr15:58155729:A:G
chr15:58173464:G:A
chr15:58173515:C:T
chr15:58228471:T:A
chr15:58278526:A:G
chr15:58282157:A:G
chr15:58290570:G:T
chr15:58291804:A:T
chr15:58505326:C:T
chr15:58549642:G:A
chr15:58552551:G:A
chr15:58604711:C:A
chr15:58605658:G:A
chr15:58609345:C:T
chr15:58647601:A:T
chr15:58694988:A:C
chr15:58697336:C:T
chr15:58883172:G:A
chr15:58883793:C:T
chr15:58883897:C:G
chr15:58988242:G:C
chr15:59038312:T:C
chr15:59039458:T:G
chr15:59099168:C:A
chr15:59120746:G:C
chr15:59211016:G:A
chr15:59267981:C:T
chr15:59336793:G:T
chr15:59340084:A:G
chr15:59354564:A:G
chr15:59403415:T:C
chr15:59406137:T:C
chr15:59417229:G:A
chr15:59422193:T:G
chr15:59561559:G:A
chr15:60047587:G:A
chr15:60484564:G:A
chr15:60658095:T:C
chr15:60918759:A:C
chr15:60920796:G:T
chr15:61370498:G:A
chr15:61863770:A:C
chr15:61911846:T:G
chr15:62056766:T:C
chr15:62334063:T:C
chr15:62334615:T:C
chr15:62336617:T:A
chr15:62337209:C:T
chr15:62337364:A:C
chr15:62337403:A:G
chr15:62503951:C:G
chr15:62907601:C:A
chr15:62910693:T:C
chr15:63026312:T:C
chr15:63089781:A:C
chr15:63097928:T:C
chr15:63153512:C:G
chr15:63283987:T:G
chr15:63394496:C:T
chr15:63681417:G:A
chr15:63773619:A:T
chr15:63792616:C:T
chr15:63803699:G:T
chr15:63855246:A:G
chr15:63918285:T:C
chr15:63919528:C:T
chr15:64049416:T:A
chr15:64077265:G:T
chr15:64167060:C:G
chr15:64229813:C:T
chr15:64229828:A:G
chr15:64230103:A:T
chr15:64252274:C:T
chr15:64252397:C:T
chr15:64853251:T:C
chr15:65231906:G:A
chr15:66389245:A:T
chr15:66545207:A:T
chr15:66545302:A:T
chr15:66545845:T:A
chr15:66545928:G:C
chr15:66562995:G:C
chr15:66578700:T:A
chr15:66608646:A:G
chr15:66608949:A:C
chr15:66612985:G:T
chr15:66666193:C:A
chr15:66666312:C:A
chr15:66897474:G:T
chr15:66900146:A:T
chr15:66921971:A:C
chr15:67088311:C:T
chr15:67357762:A:G
chr15:67544365:C:G
chr15:67544391:G:T
chr15:67745512:C:A
chr15:67761677:G:C
chr15:68012232:A:G
chr15:68025531:C:T
chr15:68286241:A:G
chr15:68379945:G:A
chr15:68380049:C:T
chr15:68714421:A:C
chr15:68718749:T:G
chr15:68808712:T:G
chr15:68958543:T:C
chr15:68988596:C:G
chr15:68994751:T:C
chr15:69066613:G:T
chr15:69092844:A:C
chr15:69099667:A:C
chr15:69104413:A:C
chr15:69110029:C:G
chr15:69122804:T:C
chr15:69129887:C:T
chr15:69215694:G:T
chr15:69280670:G:A
chr15:69307164:A:G
chr15:69318295:T:C
chr15:69372127:G:A
chr15:69498875:C:T
chr15:69499219:G:A
chr15:69500027:G:A
chr15:69813779:A:T
chr15:70002258:C:G
chr15:70003142:A:T
chr15:70541522:G:T
chr15:70672046:A:C
chr15:70672151:T:C
chr15:70762495:G:T
chr15:70799703:A:G
chr15:70957841:T:C
chr15:70989806:G:A
chr15:70994154:G:A
chr15:71185672:C:T
chr15:71225364:G:A
chr15:71225716:A:G
chr15:71242578:T:A
chr15:71247423:C:G
chr15:71247458:G:A
chr15:71253391:G:T
chr15:71278639:A:C
chr15:71278827:C:T
chr15:71282655:G:T
chr15:71286848:T:G
chr15:71346451:T:G
chr15:71350561:A:G
chr15:71387752:C:A
chr15:71443353:T:A
chr15:71464115:G:T
chr15:71518882:T:C
chr15:71614691:A:G
chr15:71619240:G:A
chr15:71620666:T:G
chr15:71623357:G:T
chr15:71666008:C:T
chr15:71726784:T:C
chr15:71731583:T:G
chr15:71739196:G:A
chr15:71749721:A:G
chr15:71749784:A:C
chr15:71750041:T:A
chr15:71750415:A:C
chr15:71753283:G:T
chr15:71764687:C:T
chr15:71764721:C:A
chr15:71809304:T:C
chr15:71933972:G:C
chr15:72518824:T:C
chr15:72537469:C:G
chr15:72538863:C:T
chr15:72539067:A:G
chr15:72588825:G:C
chr15:72591009:T:C
chr15:72652973:C:T
chr15:72718340:T:A
chr15:72718443:A:G
chr15:72756172:G:A
chr15:72928178:G:T
chr15:72929319:C:T
chr15:72986292:C:A
chr15:72991925:G:C
chr15:72997670:C:T
chr15:73154956:C:T
chr15:73199690:G:A
chr15:73425741:T:C
chr15:73747998:G:A
chr15:73748118:G:C
chr15:73760478:A:G
chr15:73881909:T:G
chr15:74201931:A:G
chr15:74346906:A:G
chr15:74399214:A:C
chr15:74473565:G:T
chr15:74490065:T:C
chr15:74491784:G:C
chr15:74554535:C:A
chr15:74642013:A:G
chr15:74716156:A:C
chr15:74948661:T:A
chr15:74949005:C:G
chr15:74949435:A:G
chr15:74985609:T:C
chr15:74995600:T:A
chr15:75000955:G:C
chr15:75061756:C:A
chr15:75061954:C:T
chr15:75063937:G:A
chr15:75099922:A:G
chr15:75103502:C:G
chr15:75152932:G:C
chr15:75166186:G:A
chr15:75357050:G:C
chr15:75398740:G:A
chr15:75424889:A:G
chr15:75453768:T:G
chr15:75538684:C:A
chr15:75650811:G:A
chr15:76531019:G:A
chr15:76923377:A:C
chr15:77004716:T:C
chr15:77036818:G:A
chr15:77133086:A:G
chr15:77292702:T:C
chr15:78020752:C:A
chr15:78172382:G:C
chr15:78180625:T:G
chr15:78290691:G:A
chr15:78291028:G:A
chr15:78341800:T:G
chr15:78341875:A:G
chr15:78452928:A:G
chr15:78899132:G:C
chr15:78899954:C:T
chr15:79038197:T:C
chr15:79041209:T:A
chr15:79090149:G:A
chr15:79197600:A:G
chr15:79829455:G:A
chr15:79863109:G:C
chr15:79883739:T:C
chr15:79973518:G:A
chr15:80155035:G:A
chr15:80301082:A:G
chr15:80389699:C:T
chr15:80389740:A:C
chr15:80390906:G:T
chr15:80395934:G:A
chr15:80423203:T:C
chr15:81142905:T:C
chr15:81422983:G:A
chr15:81423127:C:A
chr15:81826766:A:C
chr15:82178837:T:A
chr15:82272541:G:A
chr15:82301112:A:G
chr15:82438678:A:G
chr15:82537829:C:T
chr15:82618373:C:G
chr15:82794176:T:C
chr15:82796865:T:C
chr15:82797485:G:T
chr15:82862153:C:T
chr15:82864693:A:G
chr15:82984038:C:T
chr15:82987654:C:T
chr15:83008560:A:G
chr15:83264258:C:T
chr15:83413605:A:G
chr15:83413814:G:A
chr15:83575495:T:C
chr15:83884920:A:G
chr15:84115218:T:C
chr15:84289051:A:G
chr15:84475335:T:G
chr15:84851537:A:T
chr15:85063414:A:C
chr15:85185851:A:T
chr15:85185891:T:A
chr15:85223013:T:C
chr15:85248784:G:A
chr15:85333025:T:C
chr15:85333814:A:C
chr15:85412164:G:A
chr15:85635375:C:T
chr15:85660793:C:T
chr15:85660836:C:G
chr15:85747448:T:G
chr15:86354215:A:G
chr15:86354777:G:A
chr15:86732103:A:T
chr15:86738604:A:T
chr15:86818990:A:T
chr15:86822743:C:G
chr15:86872433:G:A
chr15:86873902:G:A
chr15:87160655:C:A
chr15:87235852:A:G
chr15:87266461:A:C
chr15:87270410:A:C
chr15:87404165:G:C
chr15:87464294:G:A
chr15:87510572:C:T
chr15:87510912:A:G
chr15:87512789:C:A
chr15:87686116:G:C
chr15:87823806:G:A
chr15:87824308:G:A
chr15:88056180:G:T
chr15:88066119:A:C
chr15:88108008:T:C
chr15:88128237:A:C
chr15:88202836:T:A
chr15:88203038:G:A
chr15:88207853:T:C
chr15:88348825:T:A
chr15:88351919:G:A
chr15:88351957:G:T
chr15:88366883:C:T
chr15:88545733:G:A
chr15:88621535:G:T
chr15:88624866:G:T
chr15:88626222:C:T
chr15:88626395:A:T
chr15:88664884:T:C
chr15:88670239:A:G
chr15:88774860:C:T
chr15:88979554:T:G
chr15:89389795:A:C
chr15:89423414:C:G
chr15:89490284:T:G
chr15:89848249:A:G
chr15:89969968:A:G
chr15:90051720:C:A
chr15:90075344:G:A
chr15:90078988:C:A
chr15:90297260:T:C
chr15:90300313:A:C
chr15:90380965:G:T
chr15:90459725:C:T
chr15:90462750:A:G
chr15:90675215:T:C
chr15:90697906:T:C
chr15:90697933:G:C
chr15:90871758:G:A
chr15:91295933:T:G
chr15:91546326:T:C
chr15:91610843:A:C
chr15:91692330:C:A
chr15:92354951:G:T
chr15:92468601:T:C
chr15:92484018:C:T
chr15:92602421:C:A
chr15:92621217:G:A
chr15:92736027:A:G
chr15:92741489:C:T
chr15:93386912:A:T
chr15:93923674:T:C
chr15:93989298:T:C
chr15:93990401:T:C
chr15:94543956:C:T
chr15:94565365:G:A
chr15:94722829:G:C
chr15:94878091:T:A
chr15:95119572:A:G
chr15:95576125:C:T
chr15:95580362:A:G
chr15:95622246:C:T
chr15:95759915:C:A
chr15:95760854:A:C
chr15:96333135:G:A
chr15:96406825:C:A
chr15:96541474:G:A
chr15:96769878:T:C
chr15:97155753:T:C
chr15:97395632:G:C
chr15:97555724:T:C
chr15:97584141:G:A
chr15:97862304:C:T
chr15:97885676:C:A
chr15:97899222:G:C
chr15:97963006:A:T
chr15:98807684:C:T
chr15:100197264:G:T
chr15:100315594:C:T
chr15:100436252:G:C
chr15:100650457:G:A
chr15:100812025:A:G
chr15:100887716:C:T
chr15:101067883:C:A
chr16:11360:T:C
chr16:578762:C:T
chr16:580303:C:T
chr16:898277:C:T
chr16:2222970:A:C
chr16:2374261:T:G
chr16:2691476:G:A
chr16:2929418:G:A
chr16:2963573:G:A
chr16:3141163:T:G
chr16:3312532:T:A
chr16:3750681:T:A
chr16:3750807:C:T
chr16:5039819:C:T
chr16:6858066:T:C
chr16:6936738:G:A
chr16:6978311:C:A
chr16:7069979:A:G
chr16:7244323:A:T
chr16:7726952:C:T
chr16:7982693:C:T
chr16:8615557:T:C
chr16:8787739:C:T
chr16:9137690:T:C
chr16:9287064:C:T
chr16:9352083:C:T
chr16:9361947:A:G
chr16:10064787:T:C
chr16:10549497:A:G
chr16:10606405:G:C
chr16:10743943:G:A
chr16:10915172:A:G
chr16:11118049:G:A
chr16:11135531:C:T
chr16:11138092:G:A
chr16:11148542:T:C
chr16:11157965:C:G
chr16:11160957:G:C
chr16:11161139:A:T
chr16:11161205:T:A
chr16:11167482:T:C
chr16:11208903:G:A
chr16:11353738:T:G
chr16:11440433:C:G
chr16:11483415:G:A
chr16:12012097:G:A
chr16:12820619:G:T
chr16:13312364:A:T
chr16:13589140:A:G
chr16:13984907:A:C
chr16:14063326:A:G
chr16:14086757:C:T
chr16:14092405:T:A
chr16:14093259:C:T
chr16:14093299:C:A
chr16:14192571:G:A
chr16:14493470:T:A
chr16:14739928:C:G
chr16:14869523:C:T
chr16:15224584:G:A
chr16:15388591:T:C
chr16:15423293:G:A
chr16:15832016:C:T
chr16:16011040:T:A
chr16:16169396:A:C
chr16:16170479:G:A
chr16:16171341:G:A
chr16:16171542:G:A
chr16:16174321:A:G
chr16:16190348:G:A
chr16:16305734:G:C
chr16:16309054:C:A
chr16:16325933:A:T
chr16:16335279:G:A
chr16:16337150:A:G
chr16:16469147:C:G
chr16:16470547:A:G
chr16:16549191:C:A
chr16:16580402:T:G
chr16:16585078:C:G
chr16:16640951:C:T
chr16:16803111:A:G
chr16:16987881:G:T
chr16:16996910:C:T
chr16:17065132:G:A
chr16:17162562:C:G
chr16:17183148:T:A
chr16:17513739:T:C
chr16:17592583:G:C
chr16:17618218:G:A
chr16:17618471:C:T
chr16:17750379:T:C
chr16:17798360:T:C
chr16:17910556:A:C
chr16:18459068:G:A
chr16:18469573:C:G
chr16:18783701:C:T
chr16:18813450:A:T
chr16:18931176:A:G
chr16:18982594:C:T
chr16:19206847:T:A
chr16:19337742:G:A
chr16:19740288:G:A
chr16:19740787:G:C
chr16:19740985:A:G
chr16:19741441:A:G
chr16:19857637:G:T
chr16:19857658:T:C
chr16:19875128:T:G
chr16:19911855:T:A
chr16:19911920:C:G
chr16:20011385:G:A
chr16:20011483:C:A
chr16:20018128:C:T
chr16:20096148:C:A
chr16:20122539:G:T
chr16:20122694:A:C
chr16:20306870:T:C
chr16:20354930:A:C
chr16:20356103:A:C
chr16:20411258:G:T
chr16:20496578:T:A
chr16:20508320:C:G
chr16:20881429:G:T
chr16:20905391:T:C
chr16:21123467:T:C
chr16:21238333:T:C
chr16:21268309:C:T
chr16:21371975:C:G
chr16:21372339:C:A
chr16:21377279:G:A
chr16:21514656:T:C
chr16:21515043:G:C
chr16:21522257:C:T
chr16:21633292:T:A
chr16:21634385:C:A
chr16:22014328:A:G
chr16:22175444:T:C
chr16:22727367:C:T
chr16:22768506:C:A
chr16:22769855:A:C
chr16:22771872:T:G
chr16:22909409:G:A
chr16:22909552:T:C
chr16:22985623:G:T
chr16:23080763:T:A
chr16:23080930:A:T
chr16:24030086:T:C
chr16:24030204:C:T
chr16:24030839:T:C
chr16:24140095:T:G
chr16:24171656:T:A
chr16:24261931:T:G
chr16:24299785:T:C
chr16:24299807:G:A
chr16:24330466:A:T
chr16:24339502:G:A
chr16:24366543:C:T
chr16:24368751:A:C
chr16:24409385:G:C
chr16:24413034:C:G
chr16:24413154:T:C
chr16:24439005:G:A
chr16:24443734:C:A
chr16:24449271:T:G
chr16:24479181:C:A
chr16:24513495:A:G
chr16:24516501:C:T
chr16:24546522:A:G
chr16:24690733:T:C
chr16:25231967:A:G
chr16:25285521:G:T
chr16:25286383:T:G
chr16:25457145:A:G
chr16:25657098:C:T
chr16:25762425:A:G
chr16:25889206:C:A
chr16:25931347:A:G
chr16:26028024:C:T
chr16:26097987:A:G
chr16:26098152:T:C
chr16:26098375:A:G
chr16:26278440:C:T
chr16:26321568:C:T
chr16:26472862:G:T
chr16:27116006:A:T
chr16:27117073:A:G
chr16:27117879:G:A
chr16:27165903:G:T
chr16:27209991:T:C
chr16:27212519:C:T
chr16:27307018:T:A
chr16:27307713:C:A
chr16:27307991:C:A
chr16:27308157:G:T
chr16:27309182:C:T
chr16:27309697:T:A
chr16:27550949:C:T
chr16:27551674:C:T
chr16:27551779:G:T
chr16:27551904:A:G
chr16:27552578:A:C
chr16:27552692:G:C
chr16:27552759:A:G
chr16:27557932:T:C
chr16:27678195:T:G
chr16:27678253:T:C
chr16:27735633:A:G
chr16:27840318:A:C
chr16:27844796:C:G
chr16:27847623:C:A
chr16:27859788:T:A
chr16:27860804:G:A
chr16:27864927:A:T
chr16:28075375:C:A
chr16:28101815:G:C
chr16:28106301:C:T
chr16:28140352:A:G
chr16:28165367:A:T
chr16:28165713:C:T
chr16:28166064:C:T
chr16:28201843:T:C
chr16:28220096:A:G
chr16:28220818:T:G
chr16:28240331:T:C
chr16:28311508:C:T
chr16:28420703:T:A
chr16:28771314:C:A
chr16:28831614:C:T
chr16:28978812:G:A
chr16:29223617:A:G
chr16:29345698:C:T
chr16:29345820:G:T
chr16:29346015:G:A
chr16:29452329:C:A
chr16:29452431:T:C
chr16:29515484:G:C
chr16:29515610:C:T
chr16:29515645:C:G
chr16:29515829:T:G
chr16:29613277:G:C
chr16:29725310:C:T
chr16:29725344:C:T
chr16:29817172:G:A
chr16:29948704:A:G
chr16:29948840:C:T
chr16:29948938:C:T
chr16:29949062:T:C
chr16:29952298:G:A
chr16:30001785:C:A
chr16:30064754:C:A
chr16:30066599:T:C
chr16:30074466:G:A
chr16:30075381:C:A
chr16:30108151:T:C
chr16:30188262:T:C
chr16:30189419:T:A
chr16:30243599:C:A
chr16:30308408:T:C
chr16:30364273:G:C
chr16:30372780:G:A
chr16:30373959:C:T
chr16:30516507:T:C
chr16:30516874:C:G
chr16:30578086:A:G
chr16:30767438:C:G
chr16:30827183:G:A
chr16:30985186:A:G
chr16:30990785:T:A
chr16:30990857:C:A
chr16:30994245:T:C
chr16:31022726:C:T
chr16:31023173:G:T
chr16:31074080:T:C
chr16:31081701:G:C
chr16:31114678:G:A
chr16:31114727:A:T
chr16:31115517:T:C
chr16:31116366:A:C
chr16:31119405:C:T
chr16:31153828:T:G
chr16:31159238:C:G
chr16:31170303:T:C
chr16:31255655:C:G
chr16:31255965:C:T
chr16:31257065:G:T
chr16:31258804:T:C
chr16:31350363:C:A
chr16:31383171:C:T
chr16:31447318:T:C
chr16:31447607:T:A
chr16:31453250:C:T
chr16:31491558:A:T
chr16:31491583:A:C
chr16:31491952:T:C
chr16:31568399:T:A
chr16:31568555:A:T
chr16:31571495:C:A
chr16:31753953:A:T
chr16:31756363:A:G
chr16:31816206:C:G
chr16:31818479:G:A
chr16:31837944:T:C
chr16:31896261:C:A
chr16:32370626:T:C
chr16:32508447:C:T
chr16:32511384:T:C
chr16:32547590:G:T
chr16:32594107:A:C
chr16:33052594:T:C
chr16:33346176:T:C
chr16:33477360:C:T
chr16:33478179:A:T
chr16:34116535:C:T
chr16:34720435:A:C
chr16:34799497:A:C
chr16:35136336:C:T
chr16:35439697:G:A
chr16:35439909:A:C
chr16:35442622:T:G
chr16:35499062:A:C
chr16:35499353:G:A
chr16:35701696:A:C
chr16:35813492:C:T
chr16:35889930:C:T
chr16:35894458:T:A
chr16:35969472:C:T
chr16:36018831:G:A
chr16:36024831:T:C
chr16:36026310:C:T
chr16:36049733:T:A
chr16:36051769:G:A
chr16:36062012:A:C
chr16:36066457:A:G
chr16:36076499:A:C
chr16:36108742:A:G
chr16:36109646:G:T
chr16:36177309:G:A
chr16:36180590:T:A
chr16:36213202:A:C
chr16:36220998:T:A
chr16:36372486:T:C
chr16:36411978:A:G
chr16:36443395:A:T
chr16:36480369:A:G
chr16:36480675:A:C
chr16:36556451:C:A
chr16:36557362:T:A
chr16:36558378:T:C
chr16:37003548:A:T
chr16:37007597:A:T
chr16:37014666:T:C
chr16:37015705:G:A
chr16:37020797:T:A
chr16:37027447:G:C
chr16:37027544:A:C
chr16:37027795:G:T
chr16:37029324:G:C
chr16:37031343:G:A
chr16:37031643:C:T
chr16:37044181:G:A
chr16:37044283:G:A
chr16:37045776:C:A
chr16:37048467:A:C
chr16:37085195:G:C
chr16:37090983:A:T
chr16:37095966:T:G
chr16:37096693:C:G
chr16:37096714:C:G
chr16:37149499:T:C
chr16:37149980:C:G
chr16:37150169:G:A
chr16:37150179:C:G
chr16:37324804:A:G
chr16:37325608:C:G
chr16:37474747:A:G
chr16:37586802:A:C
chr16:37587991:A:T
chr16:37592164:T:C
chr16:37608079:A:G
chr16:37621231:G:C
chr16:37968869:G:T
chr16:38023308:C:A
chr16:38023573:T:C
chr16:38024055:G:A
chr16:38027708:T:A
chr16:38040073:A:C
chr16:38098554:A:T
chr16:38098684:T:C
chr16:38344521:A:G
chr16:38344535:G:A
chr16:38370095:A:T
chr16:38567910:C:G
chr16:38568585:G:C
chr16:38568635:T:C
chr16:38573633:T:C
chr16:38629159:A:C
chr16:38632060:G:C
chr16:38685525:C:A
chr16:38811436:C:A
chr16:38813604:C:G
chr16:38813849:C:G
chr16:38814789:A:G
chr16:38814877:A:G
chr16:38828961:T:C
chr16:38921023:A:T
chr16:38921155:C:G
chr16:38924619:T:A
chr16:38925654:G:T
chr16:38925680:C:A
chr16:38987554:T:G
chr16:39044118:A:G
chr16:39092424:A:T
chr16:39097633:G:A
chr16:39097672:A:C
chr16:39195111:C:G
chr16:39202852:T:C
chr16:39213580:C:G
chr16:39334348:A:C
chr16:39335107:C:T
chr16:39538810:A:T
chr16:39539255:A:T
chr16:39721835:A:C
chr16:39799760:T:A
chr16:39799919:C:A
chr16:39942235:G:A
chr16:39958409:A:G
chr16:39964017:G:T
chr16:40078778:A:T
chr16:40180867:A:C
chr16:40256721:G:A
chr16:40256826:A:T
chr16:40258783:C:T
chr16:40302468:A:C
chr16:40303505:C:G
chr16:40372516:A:G
chr16:40420760:T:G
chr16:40421087:G:A
chr16:40422206:C:T
chr16:40540198:C:T
chr16:40690874:T:C
chr16:40691067:T:A
chr16:40691701:A:T
chr16:40919569:C:A
chr16:40919670:A:G
chr16:40920363:T:G
chr16:41070511:T:G
chr16:41070526:T:G
chr16:41195452:G:A
chr16:41214700:C:A
chr16:41226309:A:T
chr16:41226946:G:C
chr16:41399451:G:A
chr16:41414956:T:C
chr16:41936990:G:A
chr16:42102760:G:A
chr16:42118132:A:G
chr16:42259758:C:G
chr16:42317787:A:C
chr16:42329009:T:C
chr16:42380463:T:C
chr16:42620043:A:T
chr16:42621713:C:T
chr16:42817417:A:G
chr16:43129772:G:A
chr16:43131080:C:T
chr16:43303033:T:G
chr16:44438762:T:C
chr16:44704444:G:A
chr16:44817115:T:G
chr16:45767893:A:C
chr16:46028181:C:G
chr16:46273939:T:A
chr16:46345292:C:T
chr16:46402009:G:T
chr16:46670933:T:C
chr16:46724878:A:T
chr16:46725371:C:T
chr16:47043688:A:G
chr16:47265548:C:A
chr16:47382872:T:C
chr16:47383104:A:T
chr16:47505513:A:T
chr16:47505579:C:T
chr16:47892917:G:T
chr16:47915663:A:G
chr16:48071381:G:C
chr16:48073357:C:A
chr16:48266686:G:C
chr16:48266976:G:C
chr16:48267309:A:G
chr16:48267323:A:G
chr16:48268325:C:T
chr16:48268493:A:C
chr16:48303033:T:C
chr16:48316236:T:A
chr16:48370067:C:G
chr16:48370110:C:G
chr16:48464221:G:T
chr16:48467413:T:A
chr16:48467501:C:G
chr16:48483430:C:T
chr16:48495073:A:G
chr16:48495493:G:A
chr16:48510171:C:A
chr16:48610896:G:C
chr16:48610988:C:T
chr16:48719873:C:G
chr16:48724304:A:C
chr16:48746144:C:T
chr16:48769493:C:G
chr16:48799406:T:C
chr16:48833998:C:T
chr16:48985044:T:A
chr16:49016444:T:C
chr16:49016554:T:C
chr16:49038585:G:A
chr16:49055327:C:T
chr16:49066350:T:C
chr16:49068492:T:C
chr16:49113651:G:A
chr16:49128276:G:C
chr16:49131109:C:T
chr16:49148079:T:C
chr16:49187949:A:G
chr16:49193646:C:T
chr16:49194629:A:T
chr16:49200294:A:T
chr16:49290553:G:T
chr16:49290778:T:G
chr16:49343889:T:C
chr16:49424143:A:T
chr16:49424176:T:G
chr16:49425049:C:A
chr16:49427341:C:T
chr16:49434678:G:A
chr16:49580846:A:T
chr16:49582993:T:A
chr16:49583481:T:C
chr16:49627592:G:A
chr16:49695734:G:T
chr16:49696058:A:T
chr16:49807997:A:C
chr16:49812595:G:C
chr16:49874799:T:A
chr16:49876742:T:A
chr16:49933214:G:C
chr16:49933654:A:G
chr16:50001318:A:G
chr16:50103934:G:A
chr16:50182857:T:A
chr16:50186488:T:C
chr16:50292694:G:A
chr16:50295757:A:T
chr16:50366360:G:A
chr16:50366962:A:G
chr16:50369960:G:T
chr16:50507686:A:G
chr16:50509376:G:A
chr16:50509529:T:C
chr16:50515592:G:C
chr16:50554253:T:G
chr16:50575672:T:C
chr16:50576634:G:A
chr16:50579133:G:A
chr16:50579368:G:A
chr16:50580072:G:T
chr16:50590836:T:C
chr16:50693093:C:T
chr16:50695711:T:A
chr16:50695719:T:G
chr16:50866924:C:T
chr16:51001373:T:C
chr16:51001505:C:G
chr16:51002744:T:C
chr16:51116157:G:A
chr16:51171444:C:A
chr16:51190279:G:A
chr16:51290615:C:T
chr16:51501037:T:A
chr16:51595913:A:G
chr16:51595958:G:C
chr16:51603536:G:A
chr16:51687535:G:A
chr16:51687890:G:T
chr16:51760246:C:T
chr16:51890313:C:A
chr16:51890430:A:G
chr16:51941973:A:G
chr16:51956573:C:T
chr16:51981578:A:T
chr16:52126699:T:G
chr16:52127403:A:G
chr16:52131327:G:A
chr16:52131354:G:A
chr16:52131537:T:G
chr16:52131694:T:A
chr16:52145693:G:A
chr16:52146936:T:A
chr16:52147114:T:G
chr16:52308541:G:A
chr16:52506122:G:C
chr16:52549441:T:G
chr16:52560749:G:C
chr16:52563960:A:C
chr16:52564269:C:T
chr16:52566023:T:A
chr16:52590268:A:G
chr16:52602706:T:G
chr16:52835046:C:T
chr16:52835644:T:C
chr16:53464166:A:G
chr16:53683942:A:T
chr16:53816426:C:A
chr16:53987578:G:A
chr16:53990939:G:A
chr16:54160973:G:A
chr16:54161850:A:C
chr16:54181882:A:G
chr16:54410094:A:G
chr16:54414722:G:T
chr16:54439977:G:A
chr16:54441285:G:A
chr16:54559839:T:C
chr16:54560267:T:C
chr16:54598645:C:G
chr16:54598706:C:G
chr16:54604060:C:T
chr16:54651850:C:A
chr16:54653669:T:C
chr16:54754728:A:G
chr16:54755679:C:T
chr16:54755755:T:C
chr16:54755947:A:G
chr16:54757378:G:T
chr16:54757450:C:T
chr16:54930416:T:C
chr16:54989999:A:C
chr16:54990508:G:T
chr16:55475249:C:A
chr16:55679640:A:T
chr16:55679654:G:A
chr16:56787795:G:A
chr16:58104950:A:G
chr16:58308789:T:C
chr16:58411938:C:A
chr16:59355499:T:A
chr16:59871488:A:C
chr16:59940250:A:G
chr16:60094225:T:C
chr16:60131434:A:G
chr16:60171626:T:G
chr16:60181254:T:C
chr16:60218914:A:C
chr16:60276249:C:T
chr16:60360206:A:G
chr16:60518823:G:T
chr16:60570233:G:T
chr16:60570278:T:A
chr16:60574908:G:T
chr16:60624655:C:G
chr16:60625882:A:C
chr16:60795506:A:T
chr16:60802602:A:C
chr16:61148909:C:A
chr16:61536263:C:A
chr16:61939975:A:G
chr16:62041041:A:G
chr16:62514458:A:C
chr16:62531108:C:T
chr16:62541944:T:C
chr16:62812943:T:C
chr16:62887649:G:A
chr16:62889492:T:C
chr16:62895852:G:A
chr16:63385995:C:A
chr16:63760498:G:A
chr16:63819056:C:T
chr16:64300744:A:G
chr16:64712030:T:C
chr16:65104850:C:T
chr16:65177140:G:A
chr16:65446363:G:A
chr16:65647971:G:C
chr16:66043474:G:A
chr16:66126695:C:A
chr16:66223374:T:A
chr16:66408740:A:T
chr16:66617136:C:T
chr16:66879142:C:G
chr16:67116388:A:G
chr16:67209503:T:C
chr16:67358935:T:C
chr16:67416385:T:C
chr16:67433454:C:A
chr16:67557318:G:T
chr16:67721957:G:A
chr16:67898365:T:C
chr16:67947020:T:G
chr16:68017232:T:G
chr16:68232418:C:T
chr16:68395254:C:T
chr16:68721253:G:T
chr16:68838026:C:T
chr16:69160085:A:T
chr16:69219495:C:T
chr16:69249166:A:C
chr16:69569218:A:G
chr16:69773997:G:C
chr16:69965839:C:T
chr16:70054328:C:T
chr16:70162549:G:A
chr16:70442795:T:C
chr16:70820694:G:A
chr16:70837439:A:G
chr16:70841945:T:C
chr16:70842602:T:G
chr16:70842609:C:T
chr16:71165628:A:G
chr16:71365055:A:T
chr16:71478132:C:G
chr16:71973162:C:A
chr16:72179595:G:T
chr16:72534374:G:A
chr16:73769849:T:A
chr16:73938455:G:T
chr16:74156422:T:G
chr16:74291437:G:T
chr16:74416743:A:T
chr16:74416871:C:G
chr16:74538777:C:T
chr16:74567658:T:C
chr16:74720942:T:A
chr16:74721219:A:G
chr16:74879312:C:A
chr16:75518953:G:A
chr16:75521308:A:G
chr16:75978521:T:G
chr16:76107579:A:C
chr16:76107694:A:G
chr16:76319857:G:A
chr16:76397467:C:T
chr16:76806904:T:C
chr16:76854477:A:C
chr16:76869424:A:G
chr16:76958275:G:A
chr16:77217504:C:T
chr16:77277937:T:C
chr16:77388862:T:G
chr16:77520647:C:T
chr16:77977473:G:A
chr16:78077834:C:T
chr16:78359296:G:A
chr16:78383131:C:T
chr16:78645202:G:T
chr16:78819618:G:A
chr16:78855363:C:T
chr16:78889794:G:A
chr16:78959206:A:G
chr16:79052844:G:A
chr16:79183217:A:T
chr16:79217392:A:T
chr16:79831334:A:G
chr16:80452344:G:A
chr16:80478304:C:T
chr16:80698936:T:C
chr16:80808020:A:G
chr16:80853953:C:T
chr16:80974287:C:G
chr16:81026992:A:C
chr16:81029974:T:G
chr16:81030180:G:T
chr16:81221837:C:T
chr16:81261763:A:G
chr16:81262372:C:T
chr16:81367121:G:C
chr16:81379553:C:A
chr16:81379793:C:T
chr16:81379800:T:C
chr16:81385456:C:G
chr16:81640992:G:T
chr16:81641410:C:T
chr16:81669655:T:C
chr16:81702263:G:A
chr16:81715635:G:C
chr16:81715888:G:T
chr16:81746422:C:G
chr16:81994746:T:C
chr16:82006304:G:C
chr16:82006866:T:A
chr16:82007133:T:G
chr16:82035970:T:C
chr16:82038333:C:A
chr16:82038701:G:C
chr16:82038757:G:A
chr16:82133753:G:T
chr16:82141365:T:G
chr16:82145702:G:A
chr16:82146869:G:T
chr16:82242653:T:G
chr16:82242776:A:G
chr16:82242803:G:C
chr16:82256992:G:T
chr16:82289136:T:G
chr16:82314074:C:T
chr16:82419760:A:C
chr16:82420462:T:G
chr16:82420605:G:C
chr16:82455692:A:C
chr16:82455913:T:C
chr16:82456463:C:T
chr16:82458024:A:G
chr16:82458286:C:A
chr16:82554726:C:A
chr16:82554867:G:A
chr16:82560238:G:C
chr16:82619792:C:A
chr16:82620414:C:T
chr16:82644019:C:A
chr16:82646941:G:T
chr16:82647096:T:A
chr16:82666778:A:C
chr16:82667101:A:C
chr16:82741797:T:C
chr16:82741923:T:C
chr16:82764116:C:T
chr16:82764626:C:T
chr16:82797134:C:T
chr16:83204354:A:T
chr16:83236234:C:G
chr16:83241318:A:C
chr16:83669410:C:A
chr16:83893701:G:C
chr16:83911953:A:G
chr16:84300784:C:T
chr16:84317889:T:A
chr17:2402:A:G
chr17:568304:G:T
chr17:1130579:T:C
chr17:1248534:C:G
chr17:1693349:C:T
chr17:3577356:G:A
chr17:3929733:A:G
chr17:4060928:C:T
chr17:4395788:C:T
chr17:4430385:C:T
chr17:4581415:C:T
chr17:4820262:C:A
chr17:4838145:G:C
chr17:4925681:G:A
chr17:4969794:C:G
chr17:4970417:G:T
chr17:4970907:C:T
chr17:5460674:A:G
chr17:5656061:G:T
chr17:5850400:A:G
chr17:6264218:T:A
chr17:6841564:C:G
chr17:7550772:T:C
chr17:7570680:C:A
chr17:7693539:C:T
chr17:8153516:C:A
chr17:8836224:C:A
chr17:9051289:T:C
chr17:9053070:T:A
chr17:9455220:C:A
chr17:9819609:C:T
chr17:9979677:A:C
chr17:10257600:G:T
chr17:10462051:C:T
chr17:10478226:G:C
chr17:10647469:T:C
chr17:11096489:A:G
chr17:11163434:C:A
chr17:11163718:A:G
chr17:11167490:G:C
chr17:11184849:T:A
chr17:11468066:G:A
chr17:11513590:A:G
chr17:11513674:A:C
chr17:11523275:A:T
chr17:11971308:T:C
chr17:12635455:T:A
chr17:12750852:G:A
chr17:13190808:G:A
chr17:13467887:A:G
chr17:13823527:G:A
chr17:13893016:G:C
chr17:14326743:G:C
chr17:14445055:T:A
chr17:14446072:G:T
chr17:14481910:G:T
chr17:14483256:A:G
chr17:14485078:G:C
chr17:14489319:C:A
chr17:14490392:C:T
chr17:14491071:A:G
chr17:14512204:T:A
chr17:14526323:A:G
chr17:14526436:T:G
chr17:14526437:T:A
chr17:14534968:C:T
chr17:14557411:C:A
chr17:14557427:G:C
chr17:14560443:A:T
chr17:14584208:C:G
chr17:14622385:G:T
chr17:14670823:T:G
chr17:14671918:C:T
chr17:14729817:C:T
chr17:14781047:T:G
chr17:14781390:G:A
chr17:14806697:T:C
chr17:14909216:G:A
chr17:14909330:T:A
chr17:14911148:G:T
chr17:14911849:C:G
chr17:15192044:G:A
chr17:15360328:G:A
chr17:16062761:G:A
chr17:16086002:C:T
chr17:16304345:A:T
chr17:16958429:G:A
chr17:17071689:G:C
chr17:17076893:C:A
chr17:17201678:T:A
chr17:17550784:A:C
chr17:17582233:G:A
chr17:17777416:C:T
chr17:17778075:A:G
chr17:17885496:T:C
chr17:18069031:A:T
chr17:18121173:A:C
chr17:18456204:C:T
chr17:18546525:C:T
chr17:18576693:T:G
chr17:18754192:T:C
chr17:19010958:C:T
chr17:19028396:T:C
chr17:19040899:G:A
chr17:19142587:C:G
chr17:19160669:C:G
chr17:19431181:C:T
chr17:19647757:A:T
chr17:20057396:C:T
chr17:20234164:C:T
chr17:20267391:G:A
chr17:20347829:C:A
chr17:20472386:A:G
chr17:20636952:C:T
chr17:20755431:G:A
chr17:20974276:T:C
chr17:20974611:T:A
chr17:21256079:T:C
chr17:21258803:T:C
chr17:21440012:A:C
chr17:21484406:C:A
chr17:21498837:C:T
chr17:21502005:T:C
chr17:21637484:C:T
chr17:21677365:T:A
chr17:21787304:C:T
chr17:21792243:C:T
chr17:22079439:C:T
chr17:22079709:C:T
chr17:22120552:T:A
chr17:22190941:A:G
chr17:22223254:C:T
chr17:22224161:G:T
chr17:22230963:G:T
chr17:22265393:G:A
chr17:22274705:C:T
chr17:22275431:T:C
chr17:22299467:C:A
chr17:22347484:C:A
chr17:22349795:T:A
chr17:22774590:C:T
chr17:22801454:C:A
chr17:22881782:A:G
chr17:22884067:G:A
chr17:22914514:G:C
chr17:23107917:A:G
chr17:23216769:G:A
chr17:23399183:C:T
chr17:23458620:A:T
chr17:23675731:C:T
chr17:24040745:A:T
chr17:24078036:C:T
chr17:24559940:G:C
chr17:24648850:C:T
chr17:24778216:G:C
chr17:24778516:A:G
chr17:24985808:T:C
chr17:25146901:G:C
chr17:25167147:C:T
chr17:25333152:C:T
chr17:25504375:G:A
chr17:25525949:T:G
chr17:25668534:C:G
chr17:25716592:A:T
chr17:26062551:T:C
chr17:26209554:T:C
chr17:26244256:T:A
chr17:26342699:C:G
chr17:26501630:G:A
chr17:26643255:C:T
chr17:26873568:A:G
chr17:27262425:A:G
chr17:27346098:G:T
chr17:27409738:A:C
chr17:27410982:T:C
chr17:27567015:C:G
chr17:27626012:A:G
chr17:27626911:G:T
chr17:27727699:C:T
chr17:27953299:C:G
chr17:28133547:T:C
chr17:28289694:T:C
chr17:28422028:A:T
chr17:28796879:G:T
chr17:29402055:T:C
chr17:29457556:C:A
chr17:29457656:C:T
chr17:29558751:A:C
chr17:29618742:A:G
chr17:29817418:A:G
chr17:30096438:T:C
chr17:30098078:C:A
chr17:30140654:A:G
chr17:30448892:A:G
chr17:30786162:G:A
chr17:30883919:G:A
chr17:31032099:T:C
chr17:31082349:T:C
chr17:31082365:A:C
chr17:31203887:T:C
chr17:31209048:A:C
chr17:31327926:A:G
chr17:31328604:C:T
chr17:31510467:A:T
chr17:31510518:C:T
chr17:31510817:G:T
chr17:31519379:T:C
chr17:31519540:T:C
chr17:31828106:A:G
chr17:31934459:T:A
chr17:32875729:C:T
chr17:32881793:A:T
chr17:32882090:G:T
chr17:32884391:A:T
chr17:32947873:C:T
chr17:33070135:T:C
chr17:33134930:T:G
chr17:33302318:A:G
chr17:33312972:A:T
chr17:33385737:C:G
chr17:33440008:T:A
chr17:33518844:T:G
chr17:33555718:G:A
chr17:33565910:A:G
chr17:34234232:A:T
chr17:34337061:C:T
chr17:34362706:G:A
chr17:34436240:C:T
chr17:34668175:G:A
chr17:34787938:G:A
chr17:34788148:T:A
chr17:34872617:G:T
chr17:34873034:G:A
chr17:34907444:T:G
chr17:35076151:G:A
chr17:35145878:A:G
chr17:35287493:T:A
chr17:35297028:T:C
chr17:35311854:G:C
chr17:35370237:A:G
chr17:35370286:A:G
chr17:35372751:G:A
chr17:35435328:T:G
chr17:35451268:G:T
chr17:35461934:A:G
chr17:35603687:G:T
chr17:36003689:C:T
chr17:36162152:A:T
chr17:36269549:C:A
chr17:36293496:C:A
chr17:36293691:A:C
chr17:37410206:G:C
chr17:37474826:G:T
chr17:37510866:G:A
chr17:37609483:C:T
chr17:37609888:G:C
chr17:37786869:C:A
chr17:37806699:G:A
chr17:37881141:T:C
chr17:37881513:T:G
chr17:37886329:T:G
chr17:37924951:C:T
chr17:37930804:C:T
chr17:37945026:T:A
chr17:38011424:C:A
chr17:38014556:A:T
chr17:38014857:C:T
chr17:38023344:T:A
chr17:38023471:T:G
chr17:38024279:T:G
chr17:38026518:A:C
chr17:38026764:G:A
chr17:38027421:C:T
chr17:38031709:A:G
chr17:38038178:T:A
chr17:38046406:A:G
chr17:38143619:T:G
chr17:38173034:C:T
chr17:38175394:A:C
chr17:38332059:G:T
chr17:38346558:A:T
chr17:38387455:A:G
chr17:39462654:A:G
chr17:40015457:A:G
chr17:40019723:A:C
chr17:40139144:C:T
chr17:40311811:G:C
chr17:42022177:C:G
chr17:42162505:G:T
chr17:42200684:A:C
chr17:42200685:T:C
chr17:42203049:C:A
chr17:42203057:T:G
chr17:42204958:G:T
chr17:42205623:A:C
chr17:42209242:A:G
chr17:43974024:G:T
chr17:44146502:G:T
chr17:44202611:A:G
chr17:44545465:G:A
chr17:44995236:T:A
chr17:45095484:A:T
chr17:45256899:A:T
chr17:45957976:A:G
chr17:46313013:C:G
chr17:46791972:G:T
chr17:46925072:A:T
chr17:47046564:G:C
chr17:47175983:A:C
chr17:47592557:G:C
chr17:48243826:C:T
chr17:49120028:A:G
chr17:50099065:T:G
chr17:50196516:C:T
chr17:50196901:G:A
chr17:50197414:C:A
chr17:50340931:A:G
chr17:50340964:C:G
chr17:50855758:T:G
chr17:50856868:C:A
chr17:50866154:A:G
chr17:50866467:T:A
chr17:50947922:C:A
chr17:51003050:T:A
chr17:51940766:T:C
chr17:51966363:G:C
chr17:52185885:G:A
chr17:52185911:T:C
chr17:52642695:G:A
chr17:52748967:T:C
chr17:52919045:C:T
chr17:52972414:A:G
chr17:52993897:A:G
chr17:53022686:T:C
chr17:53294813:C:T
chr17:53427946:G:A
chr17:53475691:A:T
chr17:54117903:T:G
chr17:54469879:A:G
chr17:54653932:T:C
chr17:54694336:G:C
chr17:55235834:T:C
chr17:55317259:C:T
chr17:55317744:G:T
chr17:56530279:T:G
chr17:56553152:G:A
chr17:56610253:A:T
chr17:56641160:C:T
chr17:56782127:C:T
chr17:56922066:C:T
chr17:56974059:A:T
chr17:56977048:T:C
chr17:57069591:A:C
chr17:57089609:T:A
chr17:57279825:T:G
chr17:57417096:G:C
chr17:57420074:C:T
chr17:57766699:C:G
chr17:57772941:A:T
chr17:57777376:A:G
chr17:57807098:C:T
chr17:57823981:G:A
chr17:57839171:T:C
chr17:57839301:T:A
chr17:57912813:C:T
chr17:57937829:A:G
chr17:57938615:G:A
chr17:57957726:A:G
chr17:57976981:C:A
chr17:58013969:A:G
chr17:58100763:A:G
chr17:59620674:T:C
chr17:59899481:C:T
chr17:60138355:A:G
chr17:60367641:A:G
chr17:60446663:G:C
chr17:60792234:C:A
chr17:61152155:A:G
chr17:61324736:T:G
chr17:61328556:C:A
chr17:61334877:G:A
chr17:61337334:A:G
chr17:61347590:A:C
chr17:61366755:T:G
chr17:61416030:A:C
chr17:61632666:G:C
chr17:61642712:T:C
chr17:61710920:C:A
chr17:62151170:T:C
chr17:62359467:T:C
chr17:62457565:A:C
chr17:62571200:A:G
chr17:62572445:G:A
chr17:62638688:A:C
chr17:62644380:T:G
chr17:62648565:C:G
chr17:62685445:T:G
chr17:62737196:A:T
chr17:62746014:G:A
chr17:62777896:T:A
chr17:62796737:A:T
chr17:62796958:G:T
chr17:62814780:G:A
chr17:62829110:A:C
chr17:62871089:C:G
chr17:62916289:G:A
chr17:62923563:C:T
chr17:63165094:A:C
chr17:63252733:G:A
chr17:63254373:A:G
chr17:63293890:G:A
chr17:63343963:T:A
chr17:63385270:G:A
chr17:63435588:T:C
chr17:63440493:A:G
chr17:63471001:T:A
chr17:63587654:A:C
chr17:63587785:C:T
chr17:63614840:C:G
chr17:63751375:T:A
chr17:63983742:C:T
chr17:64013135:T:C
chr17:64016160:G:C
chr17:64037636:T:C
chr17:64112363:G:A
chr17:64204782:A:T
chr17:64290644:G:C
chr17:64290675:A:T
chr17:64351214:G:T
chr17:64367857:C:A
chr17:64369333:G:A
chr17:64417665:G:C
chr17:64446364:G:A
chr17:64606278:C:A
chr17:64720415:A:C
chr17:64922408:T:G
chr17:64929700:G:T
chr17:64929720:C:T
chr17:64981827:T:C
chr17:64981993:G:C
chr17:64982442:C:T
chr17:65021938:A:C
chr17:65106866:C:T
chr17:65208946:C:T
chr17:65284532:C:T
chr17:65284848:A:C
chr17:65288856:T:C
chr17:65464723:G:C
chr17:65464840:T:C
chr17:65598985:G:A
chr17:65677962:C:A
chr17:65784087:C:A
chr17:65798424:C:G
chr17:65799562:T:C
chr17:65929356:T:G
chr17:65988171:T:G
chr17:66067088:G:A
chr17:66242695:G:A
chr17:66243422:G:A
chr17:66285916:T:C
chr17:66286070:G:A
chr17:66286175:C:G
chr17:66472831:T:G
chr17:66484181:T:G
chr17:66501037:G:A
chr17:66558638:T:G
chr17:66590981:T:G
chr17:66636424:T:G
chr17:66991940:T:C
chr17:67040422:T:G
chr17:67040537:A:G
chr17:67144976:G:C
chr17:67156336:T:G
chr17:67273982:A:G
chr17:67274604:C:T
chr17:67615771:G:T
chr17:67647947:T:A
chr17:67649824:T:C
chr17:68070119:G:C
chr17:68124225:T:C
chr17:68130451:T:C
chr17:68361869:A:G
chr17:68890201:A:T
chr17:69212303:C:G
chr17:69232046:T:C
chr17:69426331:T:C
chr17:69439526:C:G
chr17:69440834:C:T
chr17:69567948:C:A
chr17:69694717:G:T
chr17:70309352:G:A
chr17:70439431:T:C
chr17:70439464:C:T
chr17:70686072:G:A
chr17:70864791:T:C
chr17:71069121:T:C
chr17:71069694:T:C
chr17:71264722:T:C
chr17:71329927:T:C
chr17:71385145:G:A
chr17:71604643:A:T
chr17:71604730:C:T
chr17:71783048:C:G
chr17:72111588:A:G
chr17:72111798:T:C
chr17:72195173:G:T
chr17:72292315:G:C
chr17:72478172:C:T
chr17:72529704:T:A
chr17:72581237:G:C
chr17:72686604:C:T
chr17:73314426:A:T
chr17:73379092:G:A
chr17:73987886:G:T
chr17:74192562:A:G
chr17:74306548:T:C
chr17:74599046:C:T
chr17:74832640:G:A
chr17:75193921:T:C
chr17:75314929:A:G
chr17:75762169:T:C
chr17:75765160:T:C
chr17:75991997:G:C
chr17:76463348:G:A
chr17:76575812:C:T
chr17:76662336:T:G
chr17:76718576:T:C
chr17:76911094:C:T
chr17:76973597:A:C
chr17:76973947:A:G
chr17:77283729:C:T
chr17:77312694:T:C
chr17:77426110:G:C
chr17:77427282:A:T
chr17:78189848:A:G
chr17:78287004:G:C
chr17:78309029:C:T
chr17:78317755:C:G
chr17:78745573:A:G
chr17:78807623:A:G
chr17:78827559:T:C
chr17:78828983:C:T
chr17:78829580:T:C
chr17:78947539:C:A
chr17:78947716:G:A
chr17:78953468:G:A
chr17:79041273:T:A
chr17:79252312:C:G
chr17:79253053:C:T
chr17:79540738:C:T
chr17:79595771:C:A
chr17:80731643:G:T
chr17:80816038:G:A
chr17:80999854:G:A
chr17:81077893:T:C
chr17:81174014:C:T
chr17:81518144:G:A
chr17:81620168:A:T
chr17:81718425:C:A
chr17:82433611:G:A
chr17:82571499:G:T
chr17:82571504:A:T
chr17:82759836:A:G
chr17:83566297:G:A
chr17:83566364:T:C
chr17:83660398:G:T
chr17:83825546:G:A
chr17:84015221:T:C
chr17:84343712:G:T
chr17:84514431:C:G
chr17:84518667:A:G
chr17:84704017:G:C
chr17:84863884:A:G
chr17:84927811:A:G
chr17:84928672:T:C
chr17:85183868:A:G
chr17:85230929:G:A
chr17:85376706:A:G
chr17:85416386:G:C
chr17:85467909:G:T
chr17:85507699:T:G
chr17:85510341:T:G
chr17:85532350:T:C
chr17:85537128:A:C
chr17:85546751:C:T
chr17:85551692:T:C
chr17:85573108:T:A
chr17:85583126:C:T
chr17:85583571:C:T
chr17:85615512:T:C
chr17:85635276:C:A
chr17:85638012:A:C
chr17:85640516:G:C
chr17:85641553:G:A
chr17:85643211:A:T
chr17:85672955:A:G
chr17:85707159:C:G
chr17:85708429:G:T
chr17:85709442:T:G
chr17:85722578:T:C
chr17:85726023:T:C
chr17:85762360:T:A
chr17:85773302:C:A
chr17:85805165:G:A
chr17:85807224:G:T
chr17:85950505:T:C
chr17:86034202:C:G
chr17:86058143:A:C
chr18:2100:A:G
chr18:42609:A:T
chr18:47354:A:T
chr18:145770:G:C
chr18:387593:T:C
chr18:942453:A:G
chr18:1066522:C:T
chr18:1932633:A:G
chr18:2540588:G:C
chr18:2695523:C:A
chr18:2738072:C:T
chr18:2794146:G:C
chr18:2794271:C:T
chr18:2794477:G:A
chr18:2852553:A:T
chr18:2853995:A:T
chr18:2854763:T:C
chr18:2960059:G:A
chr18:3479936:T:C
chr18:3490126:T:A
chr18:4238488:C:G
chr18:4240503:C:T
chr18:4579147:C:G
chr18:5145000:C:T
chr18:5178116:G:A
chr18:5213731:C:T
chr18:5512930:T:C
chr18:5543232:C:A
chr18:5544104:G:C
chr18:5562381:C:G
chr18:5563405:G:C
chr18:5563654:C:T
chr18:5604840:A:G
chr18:5855651:C:T
chr18:6172999:A:G
chr18:6220629:T:C
chr18:6330134:G:A
chr18:6354381:T:C
chr18:6448617:A:G
chr18:6567570:C:T
chr18:6610517:T:A
chr18:6951921:T:C
chr18:7882251:T:G
chr18:8009925:C:T
chr18:8062398:C:G
chr18:8889037:C:G
chr18:9239279:C:T
chr18:9337480:G:A
chr18:9337780:A:T
chr18:9399628:A:T
chr18:9689416:A:G
chr18:10325933:A:G
chr18:10329921:G:T
chr18:10420212:C:G
chr18:10443713:C:G
chr18:10444580:A:T
chr18:10444696:A:G
chr18:10446070:T:G
chr18:10447485:C:G
chr18:10529058:A:T
chr18:10560748:T:A
chr18:10563487:T:G
chr18:10574692:G:A
chr18:10578778:C:T
chr18:10580264:G:T
chr18:10635396:G:A
chr18:10639136:A:T
chr18:10693299:G:A
chr18:10693765:A:T
chr18:10703403:C:T
chr18:10741846:C:T
chr18:10754203:A:G
chr18:10791495:T:A
chr18:11280338:T:A
chr18:11281046:T:G
chr18:11306448:T:A
chr18:11312442:C:T
chr18:11312527:C:T
chr18:11425595:G:A
chr18:11496732:G:A
chr18:11610039:T:C
chr18:11620634:C:T
chr18:11632061:C:T
chr18:11633545:T:C
chr18:11916702:C:T
chr18:12037693:G:T
chr18:12191955:T:G
chr18:12195123:C:G
chr18:12363628:C:T
chr18:12391061:G:A
chr18:12489469:G:T
chr18:12570358:T:C
chr18:12578220:T:C
chr18:12588269:G:A
chr18:12607824:C:G
chr18:12648098:G:A
chr18:12724757:G:A
chr18:13813846:T:G
chr18:13850076:T:C
chr18:13998750:A:T
chr18:14072738:C:T
chr18:14072744:A:G
chr18:14245233:G:A
chr18:14245424:C:G
chr18:14246194:A:G
chr18:14357215:C:G
chr18:14402991:C:G
chr18:14508489:A:C
chr18:14557996:T:A
chr18:14592902:G:A
chr18:14750814:C:T
chr18:14929162:G:A
chr18:15118948:T:C
chr18:15206279:G:C
chr18:15414462:A:C
chr18:15684208:G:T
chr18:16131624:T:G
chr18:16585180:A:G
chr18:16953997:C:T
chr18:16954565:G:C
chr18:17066763:A:C
chr18:17394164:T:G
chr18:17570920:T:G
chr18:18054061:T:C
chr18:18125335:T:C
chr18:18157126:A:G
chr18:18737344:A:T
chr18:18861436:T:G
chr18:18861526:G:T
chr18:18910196:C:T
chr18:19068179:G:A
chr18:19176191:C:T
chr18:19176289:C:G
chr18:19178804:A:C
chr18:19238118:A:G
chr18:19249781:A:C
chr18:19353801:T:C
chr18:19355933:T:C
chr18:19522076:T:G
chr18:19522760:A:G
chr18:19928790:G:A
chr18:19948019:T:C
chr18:20044938:T:A
chr18:20728005:T:G
chr18:20782931:T:A
chr18:21245977:A:G
chr18:21296588:C:T
chr18:21323884:G:A
chr18:21435578:T:C
chr18:21436246:T:G
chr18:21626592:T:G
chr18:21675941:G:C
chr18:21676550:G:C
chr18:22070139:G:C
chr18:23292419:G:A
chr18:23471302:T:A
chr18:23476296:C:T
chr18:23627876:G:A
chr18:23628135:T:A
chr18:23781048:G:A
chr18:23913184:C:T
chr18:23913293:T:A
chr18:23915215:G:A
chr18:23925919:T:C
chr18:24019530:T:A
chr18:24038583:G:A
chr18:24113527:A:C
chr18:24133539:A:G
chr18:24133665:C:T
chr18:24133727:T:C
chr18:24139498:T:C
chr18:24175355:T:G
chr18:24236939:G:T
chr18:24264318:T:G
chr18:24264375:A:G
chr18:24448983:C:A
chr18:24543043:G:T
chr18:25008953:A:G
chr18:25416597:A:T
chr18:25821977:G:T
chr18:27491757:G:A
chr18:27533695:G:C
chr18:27987611:C:A
chr18:28610564:C:T
chr18:28983887:C:A
chr18:29292445:T:C
chr18:29415884:A:G
chr18:29416302:G:C
chr18:29416858:G:C
chr18:29427183:A:G
chr18:29537131:C:T
chr18:30650546:C:A
chr18:30780836:C:A
chr18:30802736:G:A
chr18:31463448:A:G
chr18:31463593:C:A
chr18:31468456:G:A
chr18:31560433:C:T
chr18:31622192:C:T
chr18:31622339:G:A
chr18:31625526:G:C
chr18:31630593:T:C
chr18:31678177:G:A
chr18:31712482:A:G
chr18:31957620:A:G
chr18:32497031:T:A
chr18:33356148:A:C
chr18:33392485:A:T
chr18:33399020:G:A
chr18:33435120:A:C
chr18:33492052:G:A
chr18:33530088:G:A
chr18:33609486:T:C
chr18:33667427:G:A
chr18:33668156:T:C
chr18:33675801:T:C
chr18:33736693:T:C
chr18:33810878:A:G
chr18:33812559:G:C
chr18:33898410:C:A
chr18:34174035:C:T
chr18:34174055:C:T
chr18:35069602:G:A
chr18:36161162:T:G
chr18:36786770:A:G
chr18:37763385:A:G
chr18:38455775:C:T
chr18:39103256:T:G
chr18:40026269:G:A
chr18:40747723:C:T
chr18:40765418:C:A
chr18:41009998:A:G
chr18:42067191:C:T
chr18:42640073:A:C
chr18:42916457:C:T
chr18:44817426:G:A
chr18:44859993:A:C
chr18:45395831:A:G
chr18:45402763:C:T
chr18:45503303:C:T
chr18:45837461:A:G
chr18:46117475:T:C
chr18:46120442:G:A
chr18:46277117:C:G
chr18:46649814:C:T
chr18:47009145:C:T
chr18:47511152:T:C
chr18:47801701:G:A
chr18:47857202:C:T
chr18:47861911:T:C
chr18:47940703:A:G
chr18:48058641:A:G
chr18:48215025:G:A
chr18:48271999:C:T
chr18:48274476:G:A
chr18:48399857:C:T
chr18:48421371:G:A
chr18:48644001:G:A
chr18:48736337:T:C
chr18:48827111:G:T
chr18:48939326:T:C
chr18:48959577:T:C
chr18:49084021:T:G
chr18:49100801:C:T
chr18:49250665:A:T
chr18:49271149:C:A
chr18:49330556:T:C
chr18:49409124:A:G
chr18:49501039:A:C
chr18:49501694:C:G
chr18:49502598:G:T
chr18:49775863:C:T
chr18:49829039:C:T
chr18:49843197:T:C
chr18:49869054:A:G
chr18:49926029:A:T
chr18:50184685:G:C
chr18:50229816:G:A
chr18:50242053:A:G
chr18:50690236:T:C
chr18:50817000:A:G
chr18:50818109:C:T
chr18:50983230:A:G
chr18:51023413:C:T
chr18:51173455:T:C
chr18:51439180:G:T
chr18:52152076:G:C
chr18:52267614:G:A
chr18:52388001:A:G
chr18:52521792:A:T
chr18:52721702:C:T
chr18:52722522:T:C
chr18:52794561:A:G
chr18:52794650:C:A
chr18:52843398:T:C
chr18:52942897:G:A
chr18:52989019:A:G
chr18:53136289:T:G
chr18:53246715:T:A
chr18:53545133:C:G
chr18:53548145:G:A
chr18:53566127:G:A
chr18:53567434:T:G
chr18:53567843:C:G
chr18:53575892:T:C
chr18:53576756:A:G
chr18:53576857:G:A
chr18:53636485:T:A
chr18:53636518:A:G
chr18:53750343:A:G
chr18:53759331:G:T
chr18:53763054:C:A
chr18:53795051:T:C
chr18:53798573:A:G
chr18:53812117:G:T
chr18:53812118:G:C
chr18:53847633:T:C
chr18:53848271:G:A
chr18:53850518:A:C
chr18:53966363:G:A
chr18:54040116:A:T
chr18:54320573:C:G
chr18:54635711:C:T
chr18:54868439:A:G
chr18:54946390:G:C
chr18:55134855:C:T
chr18:55134861:C:A
chr18:55231762:T:C
chr18:55328537:A:G
chr18:55474631:C:T
chr18:55523475:A:G
chr18:55646792:T:C
chr18:55703747:G:T
chr18:55884735:C:T
chr18:55917347:G:A
chr18:55934039:A:G
chr18:56084100:T:A
chr18:56084315:A:G
chr18:56086304:C:A
chr18:56088426:T:C
chr18:56124146:T:C
chr18:56125935:C:A
chr18:56126543:A:T
chr18:56228598:C:T
chr18:56280054:C:T
chr18:56355788:T:C
chr18:56564961:C:T
chr18:57120172:T:C
chr18:57191680:T:G
chr18:57203075:G:A
chr18:57205537:G:C
chr18:57273825:T:A
chr18:57274707:T:C
chr18:57515661:G:A
chr18:57697676:C:T
chr18:57703432:T:C
chr18:57955955:G:A
chr18:58134933:T:G
chr18:58206772:A:T
chr18:58328531:T:C
chr18:58416606:T:C
chr18:58455058:C:T
chr18:58619819:G:A
chr18:58623979:A:G
chr18:58721679:C:T
chr18:58793616:G:C
chr18:58803703:A:G
chr18:58881890:G:A
chr18:59142898:G:A
chr18:59276946:G:A
chr18:59807650:A:G
chr18:59852615:G:T
chr18:60041526:A:G
chr18:60758879:G:A
chr18:60791473:C:A
chr18:60791571:A:G
chr18:60792858:T:C
chr18:60795776:A:G
chr18:60796763:C:T
chr18:60906755:G:C
chr18:61362401:T:A
chr18:61362629:G:T
chr18:61722403:T:C
chr18:61971857:A:G
chr18:61991757:T:C
chr18:62075086:G:A
chr18:62146307:G:T
chr18:62146346:T:A
chr18:62150275:T:C
chr18:62161687:A:G
chr18:62384633:T:A
chr18:63356393:G:A
chr18:63490637:G:A
chr18:63509232:T:A
chr18:63893898:C:G
chr18:63975214:T:C
chr18:64014641:G:A
chr18:64208864:A:T
chr18:64262728:A:G
chr18:64365232:A:G
chr18:64380472:C:T
chr18:64940058:T:A
chr18:65075368:T:C
chr18:65193664:C:T
chr18:65268440:T:C
chr18:65459094:T:C
chr18:65460313:C:T
chr18:65510460:T:G
chr18:65706656:A:G
chr18:65749835:C:A
chr18:65752352:A:T
chr18:66061669:C:T
chr18:66204261:C:T
chr18:66204303:G:A
chr18:66209914:T:C
chr18:66212564:C:A
chr18:66216528:C:T
chr18:66216616:C:T
chr18:66217937:A:T
chr18:66228048:A:T
chr18:66297221:A:G
chr18:66436204:C:G
chr18:66528678:A:G
chr18:66665459:C:A
chr18:66780693:A:C
chr18:66841541:G:A
chr18:66850944:C:G
chr18:66861306:C:A
chr18:67289199:A:G
chr18:67575224:G:A
chr18:67700322:A:C
chr18:67701316:G:A
chr18:67701326:G:T
chr18:67833314:T:A
chr18:67860817:C:T
chr18:67864346:T:A
chr18:67948544:G:T
chr18:67950813:C:T
chr18:67960445:T:C
chr18:67970854:G:A
chr18:68138910:C:T
chr18:68274971:G:A
chr18:68333628:G:A
chr18:68338007:G:A
chr18:68485682:C:T
chr18:68665511:T:A
chr18:68794813:A:C
chr18:68899883:G:A
chr18:68914903:T:G
chr18:68932648:C:G
chr18:69153711:A:G
chr18:69255664:T:C
chr18:69852174:A:G
chr18:70570045:T:C
chr18:70915392:T:G
chr18:70966590:C:T
chr18:70986820:T:G
chr18:71053149:G:C
chr18:71206777:A:T
chr18:71237048:T:C
chr18:71409310:C:T
chr18:71642163:T:C
chr18:71642407:C:T
chr18:71643526:G:A
chr18:71685508:G:A
chr18:71760747:A:G
chr18:71761052:G:C
chr18:71761094:T:C
chr18:71840135:T:C
chr18:71891232:G:C
chr18:71891254:C:G
chr18:72246768:A:C
chr18:72502509:G:A
chr18:72578376:T:C
chr18:72629815:T:C
chr18:72630161:A:G
chr18:73007687:G:T
chr18:73116354:A:T
chr18:73338191:G:A
chr18:73414845:T:G
chr18:73522615:C:T
chr18:73656493:C:T
chr18:74105901:T:C
chr18:74293943:A:C
chr18:74296266:A:T
chr18:74548615:T:A
chr18:74753927:C:T
chr18:74937009:T:G
chr18:75056884:C:T
chr18:75465691:A:C
chr18:75534669:A:G
chr18:75661101:G:A
chr18:76519764:G:A
chr18:77447746:C:G
chr18:77937082:T:C
chr18:78197272:T:C
chr18:78306957:C:T
chr18:78324760:G:A
chr18:78944423:C:T
chr18:79717126:T:C
chr18:79872801:A:G
chr18:81342308:A:C
chr18:81343570:C:T
chr18:81347845:A:C
chr18:81520898:A:C
chr18:81612103:A:C
chr18:81969546:A:C
chr18:82083865:T:C
chr18:82087425:G:A
chr18:82503368:A:C
chr18:82507271:T:C
chr18:82553517:A:G
chr18:82555097:T:C
chr18:82599166:G:T
chr18:82773916:G:T
chr18:82774410:A:G
chr18:82774477:G:A
chr18:82778611:C:T
chr18:82858877:C:T
chr18:82882230:A:G
chr18:83288617:A:G
chr18:83519689:C:A
chr18:83546757:G:A
chr18:83561349:T:G
chr19:110004:C:T
chr19:163508:G:A
chr19:163611:G:T
chr19:163929:C:T
chr19:252863:T:C
chr19:265047:A:C
chr19:309811:T:G
chr19:339460:C:T
chr19:348710:G:A
chr19:399068:C:G
chr19:1347947:G:A
chr19:1411032:T:C
chr19:1784902:A:G
chr19:1837448:T:A
chr19:1954711:G:A
chr19:1983187:C:T
chr19:2364890:C:T
chr19:2463159:C:G
chr19:2468424:G:T
chr19:2587084:C:T
chr19:2596494:T:A
chr19:2596783:G:A
chr19:2670469:G:C
chr19:2674860:G:T
chr19:4154200:T:G
chr19:4185009:C:T
chr19:4217493:T:C
chr19:4381420:A:G
chr19:4579025:T:C
chr19:4579105:A:G
chr19:4639640:T:C
chr19:4740929:T:C
chr19:4791462:A:T
chr19:4826157:A:G
chr19:4827016:G:A
chr19:4890027:A:G
chr19:4995490:T:C
chr19:5007586:A:G
chr19:5304330:C:A
chr19:5307942:G:C
chr19:5467616:T:A
chr19:5471376:G:C
chr19:5701755:A:G
chr19:6451886:G:T
chr19:6466529:A:C
chr19:6713510:G:A
chr19:6713934:C:T
chr19:6851453:T:C
chr19:6851526:C:T
chr19:6851575:A:G
chr19:6894606:G:C
chr19:6919453:A:G
chr19:6966556:G:T
chr19:6998848:C:G
chr19:7089512:A:C
chr19:7756621:T:C
chr19:7827798:A:C
chr19:8054598:A:G
chr19:8137367:C:G
chr19:8670568:A:G
chr19:8992952:T:A
chr19:9061380:T:C
chr19:9183056:C:T
chr19:9319179:G:C
chr19:9395711:G:A
chr19:10163831:T:G
chr19:10272828:G:A
chr19:10485313:T:C
chr19:10880330:A:G
chr19:10906037:G:A
chr19:11102286:T:G
chr19:11119582:T:C
chr19:12180861:A:G
chr19:12266213:C:G
chr19:12300644:G:T
chr19:12604143:C:G
chr19:12723377:C:G
chr19:13048959:A:G
chr19:13050140:A:T
chr19:13153600:A:C
chr19:13321208:T:C
chr19:13336650:G:A
chr19:13516459:A:C
chr19:13551313:T:C
chr19:13622731:T:A
chr19:13657229:G:A
chr19:13715890:G:A
chr19:13811215:A:G
chr19:13851160:A:G
chr19:13861044:C:T
chr19:13904537:T:G
chr19:14025108:C:T
chr19:14071884:G:C
chr19:14254973:T:G
chr19:14275404:C:T
chr19:14301109:T:G
chr19:14380048:C:A
chr19:14744477:T:C
chr19:14900513:T:C
chr19:14929600:A:G
chr19:15042277:A:G
chr19:15042326:A:C
chr19:15051518:C:T
chr19:15106253:C:T
chr19:15386710:C:G
chr19:15612623:C:T
chr19:16342254:G:A
chr19:16494639:C:G
chr19:16565063:C:G
chr19:16608198:C:T
chr19:16684251:A:C
chr19:16741658:C:G
chr19:16783270:T:C
chr19:16826471:A:G
chr19:16826483:A:G
chr19:16884534:A:G
chr19:16897872:A:G
chr19:16904587:G:A
chr19:17418431:C:T
chr19:17670362:C:T
chr19:17709098:C:T
chr19:18270929:T:A
chr19:18280474:G:T
chr19:19242680:A:C
chr19:19686070:T:G
chr19:19793247:T:C
chr19:19850418:G:A
chr19:20003682:T:A
chr19:20186844:T:C
chr19:20189297:G:A
chr19:20936862:G:A
chr19:21021467:G:C
chr19:21125823:G:C
chr19:21125872:T:C
chr19:21135726:T:G
chr19:21744569:G:C
chr19:21802306:A:T
chr19:21803344:G:C
chr19:21807922:A:G
chr19:21856474:G:C
chr19:21884596:T:G
chr19:21947773:G:A
chr19:21951314:G:A
chr19:21952821:C:T
chr19:21953608:G:T
chr19:21954465:A:T
chr19:21960211:C:T
chr19:21961259:A:G
chr19:21985286:G:C
chr19:21987488:A:C
chr19:21987670:T:C
chr19:22036700:A:G
chr19:22041537:C:T
chr19:22048157:A:T
chr19:22050113:C:A
chr19:22054134:A:G
chr19:22141307:C:T
chr19:22153509:A:C
chr19:22154630:G:A
chr19:22174390:G:C
chr19:22177776:A:T
chr19:22215163:T:A
chr19:22215901:C:A
chr19:22220963:T:C
chr19:22232139:G:A
chr19:22251580:T:C
chr19:22257012:T:G
chr19:22258032:A:T
chr19:22272334:G:T
chr19:22272396:A:G
chr19:22274299:G:A
chr19:22274319:C:A
chr19:22283399:T:G
chr19:22331790:C:G
chr19:22331942:T:C
chr19:22335065:C:A
chr19:22407786:G:T
chr19:22423156:A:G
chr19:22423161:C:T
chr19:22447315:T:G
chr19:22499724:A:G
chr19:22518107:G:T
chr19:22518189:C:T
chr19:22551600:A:G
chr19:22552871:A:C
chr19:22616575:C:T
chr19:22617221:G:T
chr19:22627318:G:A
chr19:22729370:T:C
chr19:22729998:A:G
chr19:22749376:G:A
chr19:22841967:C:T
chr19:22844570:G:A
chr19:22854403:A:T
chr19:22857292:T:C
chr19:22867601:G:A
chr19:22872879:T:C
chr19:22875051:A:T
chr19:22879365:G:A
chr19:22879854:T:C
chr19:22916338:T:A
chr19:22921736:A:C
chr19:23011003:T:G
chr19:23378882:C:T
chr19:23502244:T:A
chr19:23926091:A:C
chr19:24132566:T:A
chr19:24133396:G:C
chr19:24271582:A:G
chr19:24686915:T:C
chr19:24755887:A:T
chr19:25114255:A:T
chr19:25616070:G:A
chr19:25757000:G:A
chr19:26016439:C:A
chr19:26087570:A:C
chr19:26142742:G:A
chr19:26195081:C:A
chr19:26880121:A:G
chr19:26958441:G:A
chr19:26959080:C:A
chr19:27737497:A:T
chr19:27770719:C:G
chr19:27827953:C:A
chr19:27831028:G:C
chr19:27831889:A:G
chr19:27879518:C:G
chr19:27905930:G:A
chr19:27906556:T:C
chr19:28017659:T:C
chr19:28017660:C:T
chr19:28319951:A:G
chr19:28408495:C:T
chr19:28642776:T:G
chr19:28915198:G:A
chr19:28998021:T:C
chr19:29026520:T:C
chr19:29035868:G:A
chr19:29110683:A:G
chr19:29123070:G:A
chr19:29279119:A:T
chr19:29510192:C:T
chr19:29512216:T:C
chr19:30141374:A:G
chr19:30261584:T:A
chr19:30688187:C:T
chr19:30727073:T:C
chr19:30797002:T:A
chr19:30921428:C:A
chr19:30965530:A:T
chr19:30967974:G:T
chr19:30995328:T:A
chr19:31132945:T:C
chr19:31163395:C:T
chr19:31265576:A:G
chr19:31900849:A:G
chr19:32022770:G:A
chr19:32063201:T:A
chr19:32065420:G:T
chr19:32103065:C:T
chr19:32327433:C:A
chr19:32327541:A:C
chr19:32327606:T:G
chr19:32332019:T:C
chr19:32344220:C:G
chr19:32344702:G:C
chr19:32344823:C:G
chr19:32460856:G:A
chr19:32468495:A:C
chr19:32468558:A:G
chr19:32473088:T:C
chr19:32517973:A:G
chr19:32518140:A:G
chr19:32519934:A:C
chr19:32535046:C:G
chr19:32535131:T:C
chr19:32535427:A:G
chr19:32536492:C:G
chr19:32571535:T:C
chr19:32608709:A:C
chr19:32612196:A:T
chr19:32619453:T:A
chr19:32641859:G:C
chr19:32685679:A:T
chr19:32687543:G:A
chr19:32711443:A:T
chr19:32737723:C:G
chr19:32739360:C:T
chr19:32750776:A:G
chr19:32808653:T:A
chr19:32858492:C:T
chr19:32858767:A:G
chr19:32880635:A:G
chr19:32880918:G:A
chr19:32892681:A:T
chr19:32903511:G:A
chr19:32939773:C:T
chr19:32962350:A:C
chr19:33723295:A:G
chr19:34862852:C:T
chr19:35735240:C:T
chr19:35754377:C:G
chr19:35760192:T:A
chr19:35846912:T:G
chr19:35971300:T:A
chr19:35990106:A:G
chr19:36105916:T:C
chr19:36270023:T:C
chr19:36444135:C:G
chr19:36461076:T:G
chr19:36553527:G:A
chr19:36675704:C:A
chr19:36695271:A:C
chr19:36842493:C:T
chr19:37003941:T:C
chr19:37187254:A:G
chr19:37553316:A:T
chr19:37722312:G:A
chr19:37913498:C:T
chr19:37961193:G:A
chr19:37971765:C:T
chr19:38111328:T:C
chr19:38166569:T:C
chr19:38169188:G:A
chr19:38202311:G:A
chr19:38240325:C:T
chr19:38499782:C:T
chr19:38549064:G:T
chr19:38567892:T:C
chr19:38779333:G:T
chr19:39115096:G:A
chr19:39118579:T:G
chr19:39253623:C:T
chr19:39401336:C:T
chr19:39402735:C:T
chr19:39405727:T:C
chr19:39407809:C:T
chr19:39471498:A:T
chr19:39548554:G:T
chr19:39633982:T:A
chr19:40106646:A:C
chr19:40369566:C:T
chr19:40624985:G:A
chr19:40845783:C:T
chr19:40889577:C:G
chr19:41029406:A:G
chr19:41044763:A:G
chr19:41202309:G:A
chr19:41204368:T:C
chr19:41301300:C:T
chr19:41332378:C:T
chr19:41487783:C:T
chr19:41667725:A:T
chr19:41668264:A:C
chr19:41669988:T:G
chr19:41750099:A:G
chr19:41794154:G:T
chr19:41828590:G:T
chr19:41967084:A:G
chr19:42088124:T:C
chr19:42219845:T:C
chr19:42285559:T:C
chr19:42503456:A:T
chr19:42505320:G:C
chr19:42609874:C:G
chr19:42621906:C:T
chr19:42685325:T:C
chr19:43147404:T:C
chr19:43501848:A:G
chr19:43813655:C:T
chr19:43886778:G:A
chr19:43917139:T:C
chr19:44068567:A:G
chr19:44099190:C:G
chr19:44228536:C:A
chr19:44306483:C:T
chr19:44381940:A:T
chr19:44651407:C:T
chr19:44830923:G:A
chr19:44876513:C:A
chr19:44908435:A:G
chr19:45258617:G:A
chr19:45280487:G:A
chr19:45533152:C:T
chr19:45631460:G:A
chr19:45884909:C:A
chr19:46138412:A:C
chr19:46279044:G:A
chr19:46279173:A:G
chr19:46281635:A:T
chr19:46352051:G:T
chr19:46708581:G:A
chr19:46708951:T:G
chr19:46810994:C:T
chr19:46924138:G:A
chr19:46924935:C:T
chr19:47176551:G:A
chr19:47275449:A:C
chr19:47544471:G:T
chr19:47644694:G:A
chr19:47741002:G:A
chr19:47803718:G:A
chr19:48079594:C:A
chr19:48381848:G:T
chr19:48448898:G:A
chr19:49038980:G:A
chr19:49056269:C:G
chr19:49066591:C:T
chr19:49540800:A:T
chr19:50767235:G:A
chr19:51089779:T:C
chr19:51222659:C:G
chr19:51226001:T:G
chr19:51352372:T:C
chr19:51586945:C:G
chr19:51675135:C:T
chr19:52587871:T:G
chr19:52787505:C:T
chr19:52941251:C:T
chr19:52941453:T:A
chr19:53148576:C:A
chr19:53149198:G:A
chr19:53894789:A:G
chr19:54009398:C:T
chr19:54109797:C:G
chr19:54232359:G:A
chr19:54326241:C:T
chr19:54467382:C:A
chr19:55778000:T:C
chr19:55885146:C:T
chr19:55886689:G:A
chr19:56052272:G:C
chr19:56883027:C:T
chr19:57020854:C:T
chr20:56486:T:G
chr20:264575:T:A
chr20:266087:G:C
chr20:301304:C:T
chr20:308823:T:A
chr20:309209:C:T
chr20:335179:A:G
chr20:342586:C:T
chr20:354916:C:T
chr20:374067:A:T
chr20:375765:T:C
chr20:376628:A:G
chr20:440465:C:T
chr20:446621:T:G
chr20:455640:T:G
chr20:578031:C:T
chr20:606785:A:T
chr20:609670:T:C
chr20:849134:G:A
chr20:850162:C:G
chr20:854369:G:A
chr20:855571:A:G
chr20:871794:C:A
chr20:872142:G:A
chr20:874592:A:C
chr20:874719:T:C
chr20:943637:G:A
chr20:1062860:T:A
chr20:1062883:T:C
chr20:1063144:A:C
chr20:1091780:G:T
chr20:1092312:T:G
chr20:1104676:A:G
chr20:1140076:C:A
chr20:1141437:G:C
chr20:1313184:C:T
chr20:1334604:A:T
chr20:1334644:C:A
chr20:1351531:T:C
chr20:1351939:G:A
chr20:1491847:G:A
chr20:1574905:G:C
chr20:1575495:A:T
chr20:1802676:G:C
chr20:2111239:A:C
chr20:2150648:C:A
chr20:2224391:T:C
chr20:2390448:G:T
chr20:2537137:C:T
chr20:2580835:G:C
chr20:2609252:G:C
chr20:2635759:A:G
chr20:2635769:C:T
chr20:2657599:C:T
chr20:2684983:C:A
chr20:2715933:G:C
chr20:2722046:T:C
chr20:3015325:C:T
chr20:3253456:G:A
chr20:3256665:A:T
chr20:3275237:A:G
chr20:3285947:A:G
chr20:3286290:A:G
chr20:3318725:C:G
chr20:3322977:C:T
chr20:3328137:T:C
chr20:3486826:G:C
chr20:3494490:C:T
chr20:3498887:A:G
chr20:3512785:C:T
chr20:3513007:A:G
chr20:3515514:T:G
chr20:3522492:G:A
chr20:3522666:A:G
chr20:3524480:G:A
chr20:3525948:A:T
chr20:3528639:C:T
chr20:3548774:T:C
chr20:3554262:A:G
chr20:3557497:G:A
chr20:3689193:G:A
chr20:3720337:T:G
chr20:3744706:A:T
chr20:3823547:C:T
chr20:3839368:A:C
chr20:3856341:G:C
chr20:3872416:T:G
chr20:4177453:G:A
chr20:4177459:A:G
chr20:4245058:T:C
chr20:4278718:T:C
chr20:4279113:G:C
chr20:4287979:G:C
chr20:4289913:G:T
chr20:4290497:G:A
chr20:4298996:T:A
chr20:4299235:C:T
chr20:4299827:T:G
chr20:4300180:C:G
chr20:4305079:T:G
chr20:4307967:T:C
chr20:4309146:C:G
chr20:4310375:G:C
chr20:4320414:A:G
chr20:4321534:A:C
chr20:4321975:C:T
chr20:4322137:A:G
chr20:4322268:T:C
chr20:4323428:A:C
chr20:4323737:G:C
chr20:4332797:T:G
chr20:4333655:T:C
chr20:4334846:T:A
chr20:4335669:C:T
chr20:4338425:A:G
chr20:4344564:C:T
chr20:4345180:T:G
chr20:4382422:C:T
chr20:4396678:A:C
chr20:4399841:G:A
chr20:4485733:C:G
chr20:4486511:A:G
chr20:4505139:G:A
chr20:4594628:A:T
chr20:4595223:G:A
chr20:4642530:C:T
chr20:4643249:T:C
chr20:4643296:C:A
chr20:4698307:C:G
chr20:4771021:C:T
chr20:4771122:C:T
chr20:4777926:A:G
chr20:4885973:C:G
chr20:4886717:G:A
chr20:4886893:C:G
chr20:5164919:T:A
chr20:5539600:G:A
chr20:5761515:G:C
chr20:5877064:A:G
chr20:5892370:C:G
chr20:5914418:A:G
chr20:6131653:C:T
chr20:6352198:G:A
chr20:6596574:A:G
chr20:6598613:G:A
chr20:6736462:A:G
chr20:6817488:A:G
chr20:7122233:C:T
chr20:7218799:T:C
chr20:7246521:C:T
chr20:7579354:G:A
chr20:7829795:A:G
chr20:7861832:A:G
chr20:7948791:G:A
chr20:8246138:A:G
chr20:8811038:G:A
chr20:9067822:G:A
chr20:9439401:G:A
chr20:9723583:G:T
chr20:9724388:A:G
chr20:9735398:G:A
chr20:9778793:A:G
chr20:9857602:C:A
chr20:9996406:C:T
chr20:10054634:A:T
chr20:10086428:A:C
chr20:10400090:G:C
chr20:10972407:A:G
chr20:11209629:A:C
chr20:11285408:C:A
chr20:11431988:A:C
chr20:11432012:A:C
chr20:11761509:A:G
chr20:12025434:G:T
chr20:12053415:C:T
chr20:12094756:T:A
chr20:12380221:T:C
chr20:12500374:T:G
chr20:12776744:A:G
chr20:12841510:G:A
chr20:12898644:C:G
chr20:13139135:T:C
chr20:13176451:T:C
chr20:13286917:C:T
chr20:13492307:C:T
chr20:13574428:G:T
chr20:13825077:C:T
chr20:13838916:T:C
chr20:13838933:C:T
chr20:13840175:A:G
chr20:13928325:C:T
chr20:14199989:C:T
chr20:14307258:G:A
chr20:14335482:A:G
chr20:14472471:T:C
chr20:14473783:C:T
chr20:14616053:A:T
chr20:14618168:C:T
chr20:14619507:G:A
chr20:14620798:T:A
chr20:14725251:G:T
chr20:14778946:G:A
chr20:14834117:C:A
chr20:14879820:C:T
chr20:14908992:T:C
chr20:15030091:C:T
chr20:15102222:T:C
chr20:15362698:T:C
chr20:15398460:C:T
chr20:15556472:A:C
chr20:15570960:G:A
chr20:15571790:A:T
chr20:15572297:C:G
chr20:15575287:A:C
chr20:15642893:A:G
chr20:15657695:A:C
chr20:15657883:C:G
chr20:15662013:T:C
chr20:15800878:C:G
chr20:15801232:T:C
chr20:15801731:A:G
chr20:15919085:A:G
chr20:16148404:G:T
chr20:16149468:T:C
chr20:16161825:G:T
chr20:16209602:A:C
chr20:16209885:T:G
chr20:16210529:G:C
chr20:16222420:C:T
chr20:16298669:T:C
chr20:16375421:T:C
chr20:16391057:A:G
chr20:16723825:A:G
chr20:16800251:C:G
chr20:16816064:A:G
chr20:16834542:G:A
chr20:16836599:G:C
chr20:16839522:T:G
chr20:16844652:T:C
chr20:16964530:G:A
chr20:16989051:G:A
chr20:16998606:G:A
chr20:17012028:T:G
chr20:17012131:A:T
chr20:17035987:T:C
chr20:17061505:T:G
chr20:17108485:G:A
chr20:17141858:C:T
chr20:17497672:T:C
chr20:17747058:C:T
chr20:17811687:C:T
chr20:18140586:A:G
chr20:18625559:T:A
chr20:18735844:A:T
chr20:18906790:G:C
chr20:19308354:G:T
chr20:19334286:G:T
chr20:20120274:T:A
chr20:20309445:C:T
chr20:20327103:C:A
chr20:20380846:T:C
chr20:20415337:T:A
chr20:20578164:C:T
chr20:21558498:G:A
chr20:21694650:C:T
chr20:21697581:G:A
chr20:21704221:T:C
chr20:21767365:T:C
chr20:21769059:A:G
chr20:21810793:C:T
chr20:21886061:A:G
chr20:21890934:G:A
chr20:21914898:T:C
chr20:21976744:T:A
chr20:22015730:G:A
chr20:22017245:G:A
chr20:22182435:C:T
chr20:22185805:C:T
chr20:22187517:A:G
chr20:22198090:A:T
chr20:22200712:G:C
chr20:22229927:A:C
chr20:22280573:G:C
chr20:22280621:A:G
chr20:22287936:A:G
chr20:22403764:C:T
chr20:22404928:T:C
chr20:22408258:T:C
chr20:22481013:C:A
chr20:22481137:T:C
chr20:22584807:A:C
chr20:22586197:A:T
chr20:22586808:A:T
chr20:22651600:T:C
chr20:22740388:A:T
chr20:22743623:A:G
chr20:22748405:A:C
chr20:23044926:G:A
chr20:23046343:T:G
chr20:23499436:G:A
chr20:23560422:A:C
chr20:23560449:G:C
chr20:23786605:T:A
chr20:23955854:C:G
chr20:23956180:A:T
chr20:24540957:A:C
chr20:25012906:T:C
chr20:25076293:G:C
chr20:25082615:T:G
chr20:25176344:C:A
chr20:25219932:C:G
chr20:26675751:A:G
chr20:26678637:T:C
chr20:26679492:T:A
chr20:26696029:C:T
chr20:26782099:C:G
chr20:27790432:A:G
chr20:27988811:C:T
chr20:29228773:T:A
chr20:29598270:A:T
chr20:29903184:G:C
chr20:30094042:T:A
chr20:30584886:C:T
chr20:30637034:A:C
chr20:30676886:A:T
chr20:30743454:T:C
chr20:30748028:A:G
chr20:30749394:G:A
chr20:30762174:C:T
chr20:30880872:G:T
chr20:31008533:C:A
chr20:31008699:G:T
chr20:31145435:G:T
chr20:31193078:T:A
chr20:31193114:A:G
chr20:31209708:A:C
chr20:31260358:G:A
chr20:31263434:G:T
chr20:31320831:T:C
chr20:31320869:G:A
chr20:31321143:G:T
chr20:31347426:T:C
chr20:31378705:A:C
chr20:31379113:A:G
chr20:31480463:G:C
chr20:31567655:T:C
chr20:31579197:A:T
chr20:31597568:T:G
chr20:32090258:C:T
chr20:32218177:G:C
chr20:32472173:T:C
chr20:32776841:C:G
chr20:32776849:C:G
chr20:32776934:A:C
chr20:32785395:A:G
chr20:32947749:T:C
chr20:33305853:G:A
chr20:33550421:T:C
chr20:33631722:C:T
chr20:33788610:T:C
chr20:34022354:A:G
chr20:34035697:A:C
chr20:34035778:A:G
chr20:34036095:A:G
chr20:34044861:T:C
chr20:34126837:G:T
chr20:34127473:T:C
chr20:34154163:A:T
chr20:34457490:A:G
chr20:34677854:C:G
chr20:34775808:T:C
chr20:34942757:A:C
chr20:34977523:C:G
chr20:35127331:G:T
chr20:35334807:T:C
chr20:35534703:T:C
chr20:35538035:G:C
chr20:35694246:A:G
chr20:35863462:C:T
chr20:36268361:T:C
chr20:36370911:T:C
chr20:37082311:A:G
chr20:37185462:C:G
chr20:37207976:T:G
chr20:37215201:C:T
chr20:37249167:G:T
chr20:37255782:G:C
chr20:37257605:C:A
chr20:37260199:C:T
chr20:37265431:T:G
chr20:37265479:A:G
chr20:37270392:C:G
chr20:37270510:C:T
chr20:37272057:T:G
chr20:37273355:C:A
chr20:37293556:A:C
chr20:37313494:C:T
chr20:37324789:G:A
chr20:37336235:A:C
chr20:37353827:T:A
chr20:37395064:G:T
chr20:37396038:C:A
chr20:37396432:G:A
chr20:37414738:A:T
chr20:37418365:C:T
chr20:37420523:A:G
chr20:37425526:G:T
chr20:37425584:C:G
chr20:37426536:G:T
chr20:37443455:G:A
chr20:37456214:C:G
chr20:37465199:A:T
chr20:37542667:T:G
chr20:37550058:G:A
chr20:37551885:G:A
chr20:37551942:C:T
chr20:37552026:T:C
chr20:37553100:T:A
chr20:37554922:A:C
chr20:37555215:G:A
chr20:37558050:A:G
chr20:37573070:G:T
chr20:37573134:C:T
chr20:37597815:A:T
chr20:37655416:G:A
chr20:37694877:A:G
chr20:37695003:C:T
chr20:37695325:G:T
chr20:37695558:C:T
chr20:37702396:T:C
chr20:37702609:G:T
chr20:37702726:T:G
chr20:37703515:T:C
chr20:37703594:C:A
chr20:37703731:G:T
chr20:37703940:G:C
chr20:37711168:G:A
chr20:37714278:G:C
chr20:37714388:T:A
chr20:37716594:T:G
chr20:37721534:T:A
chr20:37725698:G:A
chr20:37770509:C:T
chr20:37770621:C:A
chr20:37774373:A:C
chr20:37774832:C:T
chr20:37795574:C:T
chr20:37826378:C:G
chr20:37826991:C:T
chr20:37831186:T:C
chr20:37831253:T:A
chr20:37841089:T:A
chr20:37844188:C:T
chr20:37844787:C:A
chr20:37846428:G:T
chr20:37846430:A:G
chr20:37851365:C:T
chr20:37851805:C:G
chr20:37852212:T:C
chr20:37862060:T:C
chr20:37864260:T:C
chr20:37873976:C:G
chr20:37889719:T:C
chr20:37889776:T:C
chr20:37955523:C:T
chr20:38245973:T:A
chr20:38358107:G:A
chr20:38441112:T:C
chr20:38490202:A:G
chr20:38490303:G:C
chr20:38625498:C:T
chr20:39189741:C:T
chr20:39220700:G:C
chr20:39220710:C:T
chr20:39562659:C:A
chr20:39599160:C:G
chr20:39671383:C:T
chr20:39711681:C:T
chr20:39740975:G:A
chr20:39771298:A:C
chr20:39781734:A:G
chr20:39785137:C:A
chr20:39827737:T:C
chr20:39828514:C:T
chr20:39914767:G:A
chr20:39958682:C:A
chr20:39967448:A:T
chr20:40174102:T:G
chr20:40430256:T:C
chr20:40430730:A:T
chr20:40577505:G:A
chr20:40620859:C:A
chr20:40654809:T:A
chr20:40826254:G:A
chr20:40927956:C:T
chr20:40980404:A:C
chr20:40981084:C:T
chr20:40981312:T:G
chr20:40982318:T:G
chr20:40983144:T:G
chr20:40989567:G:A
chr20:41025722:A:T
chr20:41069435:T:C
chr20:41170044:G:A
chr20:41170536:G:A
chr20:41223801:A:T
chr20:41226399:G:C
chr20:41275624:T:C
chr20:41310619:T:G
chr20:41450284:A:G
chr20:41523196:T:G
chr20:41523416:C:T
chr20:41564559:T:G
chr20:41763285:C:T
chr20:42196427:G:A
chr20:42202075:G:A
chr20:42430541:C:G
chr20:42708812:A:T
chr20:42858366:C:G
chr20:42858559:A:G
chr20:43141096:C:T
chr20:43169227:G:A
chr20:43530453:T:C
chr20:43700547:G:A
chr20:44131372:C:T
chr20:44134843:C:A
chr20:44299494:C:T
chr20:44471590:T:C
chr20:45150276:A:G
chr20:45556890:G:A
chr20:46164018:A:G
chr20:46704531:T:A
chr20:46793296:C:T
chr20:47034508:G:A
chr20:47362200:G:A
chr20:47449722:A:G
chr20:47451232:G:A
chr20:47649345:G:A
chr20:47664517:A:G
chr20:47673987:G:A
chr20:47732993:A:G
chr20:47801929:C:A
chr20:48127067:T:C
chr20:48530824:T:C
chr20:48546628:G:A
chr20:48546765:C:T
chr20:48563667:T:C
chr20:48702734:G:A
chr20:48702995:G:A
chr20:48762795:A:G
chr20:48763208:G:A
chr20:48990836:C:A
chr20:49013991:A:C
chr20:49016544:A:G
chr20:49018642:G:A
chr20:49053004:T:C
chr20:49067210:G:A
chr20:49363609:C:T
chr20:49422179:A:C
chr20:49422220:T:C
chr20:49474622:C:T
chr20:49530046:G:C
chr20:49575645:T:C
chr20:49602892:T:C
chr20:49602897:G:C
chr20:49611996:A:G
chr20:49844505:G:T
chr20:49844605:C:T
chr20:49923285:C:G
chr20:50253065:T:C
chr20:50541253:A:G
chr20:50714252:C:G
chr20:50716083:T:C
chr20:50762979:G:T
chr20:50806184:A:G
chr20:50826942:A:G
chr20:51126178:C:T
chr20:51283145:G:A
chr20:51352231:C:A
chr20:51497653:A:G
chr20:51516165:C:G
chr20:51516815:C:T
chr20:51591842:T:G
chr20:51636440:C:A
chr20:51636984:C:A
chr20:51666450:G:A
chr20:51805219:A:T
chr20:51814310:G:A
chr20:51988779:C:T
chr20:51994348:T:G
chr20:52019526:C:T
chr20:52081959:T:A
chr20:52092110:T:C
chr20:52105410:T:C
chr20:52112112:A:G
chr20:52238481:A:G
chr20:52239922:C:T
chr20:52348248:C:T
chr20:52349610:G:A
chr20:52358012:G:A
chr20:52400554:C:G
chr20:52400618:T:G
chr20:52554504:C:G
chr20:52554924:A:G
chr20:53098165:C:G
chr20:53100560:G:C
chr20:53159291:G:T
chr20:53238258:G:A
chr20:53291794:C:T
chr20:53980361:G:A
chr20:54029533:A:G
chr20:54032636:G:A
chr20:54032739:G:C
chr20:54114767:C:T
chr20:54117962:C:T
chr20:54154153:G:A
chr20:54159821:T:A
chr20:54233356:A:G
chr20:54233974:C:T
chr20:54280443:G:C
chr20:54286178:A:T
chr20:54287642:G:C
