gene_id	gene_symbol	gene_membership_change	primary_1kb_rank	sensitivity_rank	rank_change	primary_1kb_n_putative_loops	sensitivity_n_putative_loops	difference_n_putative_loops	primary_1kb_n_5kb_putative_loops	sensitivity_n_5kb_putative_loops	difference_n_5kb_putative_loops	primary_1kb_n_10kb_putative_loops	sensitivity_n_10kb_putative_loops	difference_n_10kb_putative_loops	primary_1kb_n_25kb_putative_loops	sensitivity_n_25kb_putative_loops	difference_n_25kb_putative_loops
ENSRNOG00000013515	Ptpru	unchanged_loop_count	1	1	0	17	17	0	4	4	0	5	5	0	8	8	0
ENSRNOG00000047891	Foxg1	unchanged_loop_count	2	2	0	15	15	0	1	1	0	7	7	0	7	7	0
ENSRNOG00000062864	Mir9-2hg	increased_loop_count	25	2	23	10	15	5	3	4	1	6	10	4	1	1	0
ENSRNOG00000001030	Tsc22d1	unchanged_loop_count	3	4	-1	14	14	0	3	3	0	5	5	0	6	6	0
ENSRNOG00000064216	ENSRNOG00000064216	unchanged_loop_count	4	5	-1	13	13	0	2	2	0	6	6	0	5	5	0
ENSRNOG00000050108	LOC100911319	unchanged_loop_count	4	5	-1	13	13	0	2	2	0	6	6	0	5	5	0
ENSRNOG00000015750	Wnt7b	unchanged_loop_count	4	5	-1	13	13	0	5	5	0	3	3	0	5	5	0
ENSRNOG00000005067	Zfp36l2	unchanged_loop_count	4	5	-1	13	13	0	2	2	0	6	6	0	5	5	0
ENSRNOG00000001607	Adamts1	unchanged_loop_count	8	9	-1	12	12	0	1	1	0	6	6	0	5	5	0
ENSRNOG00000001843	Bcl6	unchanged_loop_count	8	9	-1	12	12	0	4	4	0	5	5	0	3	3	0
ENSRNOG00000000596	Fyn	unchanged_loop_count	8	9	-1	12	12	0	2	2	0	6	6	0	4	4	0
ENSRNOG00000049560	Glul	unchanged_loop_count	8	9	-1	12	12	0	5	5	0	4	4	0	3	3	0
ENSRNOG00000069169	Gm37419	unchanged_loop_count	8	9	-1	12	12	0	4	4	0	5	5	0	3	3	0
ENSRNOG00000002244	Pdgfra	unchanged_loop_count	8	9	-1	12	12	0	0	0	0	4	4	0	8	8	0
ENSRNOG00000024501	Rgs3	increased_loop_count	42	9	33	9	12	3	4	5	1	2	4	2	3	3	0
ENSRNOG00000002977	Ttc19	unchanged_loop_count	8	9	-1	12	12	0	5	5	0	3	3	0	4	4	0
ENSRNOG00000002970	Zswim7	unchanged_loop_count	8	9	-1	12	12	0	5	5	0	3	3	0	4	4	0
ENSRNOG00000007946	Bcl2l1	unchanged_loop_count	17	18	-1	11	11	0	6	6	0	4	4	0	1	1	0
ENSRNOG00000007989	Chst1	unchanged_loop_count	17	18	-1	11	11	0	1	1	0	6	6	0	4	4	0
ENSRNOG00000015076	Cyp26b1	increased_loop_count	42	18	24	9	11	2	0	1	1	4	5	1	5	5	0
ENSRNOG00000068158	ENSRNOG00000068158	unchanged_loop_count	17	18	-1	11	11	0	4	4	0	5	5	0	2	2	0
ENSRNOG00000068358	ENSRNOG00000068358	unchanged_loop_count	17	18	-1	11	11	0	6	6	0	4	4	0	1	1	0
ENSRNOG00000011448	Eri1	unchanged_loop_count	17	18	-1	11	11	0	0	0	0	2	2	0	9	9	0
ENSRNOG00000001728	Fam43a	unchanged_loop_count	17	18	-1	11	11	0	3	3	0	4	4	0	4	4	0
ENSRNOG00000013397	Foxo1	unchanged_loop_count	17	18	-1	11	11	0	0	0	0	1	1	0	10	10	0
ENSRNOG00000001720	Hes1	increased_loop_count	127	18	109	7	11	4	2	4	2	3	5	2	2	2	0
ENSRNOG00000011015	Hivep2	unchanged_loop_count	17	18	-1	11	11	0	1	1	0	3	3	0	7	7	0
ENSRNOG00000014187	Igf1r	increased_loop_count	25	18	7	10	11	1	2	2	0	3	3	0	5	6	1
ENSRNOG00000016879	Ldlrad4	increased_loop_count	127	18	109	7	11	4	1	3	2	4	5	1	2	3	1
ENSRNOG00000002154	Mepe	decreased_loop_count	8	18	-10	12	11	-1	6	5	-1	2	2	0	4	4	0
ENSRNOG00000048978	Nphp3	increased_loop_count	447	18	429	5	11	6	0	2	2	0	4	4	5	5	0
ENSRNOG00000004978	Prkacb	increased_loop_count	80	18	62	8	11	3	0	0	0	4	5	1	4	6	2
ENSRNOG00000010971	Snx18	increased_loop_count	42	18	24	9	11	2	3	3	0	4	6	2	2	2	0
ENSRNOG00000012405	Tcf4	increased_loop_count	42	18	24	9	11	2	1	2	1	6	7	1	2	2	0
ENSRNOG00000012148	Trio	increased_loop_count	25	18	7	10	11	1	1	1	0	3	3	0	6	7	1
ENSRNOG00000033748	AABR07060610.1	increased_loop_count	447	36	411	5	10	5	1	2	1	2	3	1	2	5	3
ENSRNOG00000069663	Arl4c	unchanged_loop_count	25	36	-11	10	10	0	4	4	0	4	4	0	2	2	0
ENSRNOG00000018286	Chrna1	unchanged_loop_count	25	36	-11	10	10	0	1	1	0	5	5	0	4	4	0
ENSRNOG00000001377	Ddx54	unchanged_loop_count	25	36	-11	10	10	0	0	0	0	7	7	0	3	3	0
ENSRNOG00000069269	ENSRNOG00000069269	unchanged_loop_count	25	36	-11	10	10	0	5	5	0	3	3	0	2	2	0
ENSRNOG00000005347	Fjx1	increased_loop_count	42	36	6	9	10	1	2	2	0	3	3	0	4	5	1
ENSRNOG00000011882	Gab2	unchanged_loop_count	25	36	-11	10	10	0	3	3	0	3	3	0	4	4	0
ENSRNOG00000036603	Ifit1bl	unchanged_loop_count	25	36	-11	10	10	0	2	2	0	4	4	0	4	4	0
ENSRNOG00000005206	Kcnq3	unchanged_loop_count	25	36	-11	10	10	0	0	0	0	5	5	0	5	5	0
ENSRNOG00000015822	Klf13	increased_loop_count	831	36	795	4	10	6	0	3	3	2	4	2	2	3	1
ENSRNOG00000053627	LOC120097977	increased_loop_count	42	36	6	9	10	1	2	3	1	0	0	0	7	7	0
ENSRNOG00000052892	LOC120101284	increased_loop_count	127	36	91	7	10	3	0	3	3	3	3	0	4	4	0
ENSRNOG00000023643	Mmp17	unchanged_loop_count	25	36	-11	10	10	0	2	2	0	3	3	0	5	5	0
ENSRNOG00000051372	Mycn	increased_loop_count	42	36	6	9	10	1	4	4	0	4	4	0	1	2	1
ENSRNOG00000010392	Nrg1	unchanged_loop_count	25	36	-11	10	10	0	1	1	0	4	4	0	5	5	0
ENSRNOG00000009862	Olfm1	increased_loop_count	42	36	6	9	10	1	4	5	1	3	3	0	2	2	0
ENSRNOG00000000274	Phyhipl	unchanged_loop_count	25	36	-11	10	10	0	2	2	0	3	3	0	5	5	0
ENSRNOG00000011951	Plk2	unchanged_loop_count	25	36	-11	10	10	0	4	4	0	4	4	0	2	2	0
ENSRNOG00000010058	Spry2	increased_loop_count	831	36	795	4	10	6	0	0	0	2	3	1	2	7	5
ENSRNOG00000010911	Tmem108	unchanged_loop_count	25	36	-11	10	10	0	1	1	0	5	5	0	4	4	0
ENSRNOG00000004110	Trib2	unchanged_loop_count	25	36	-11	10	10	0	1	1	0	5	5	0	4	4	0
ENSRNOG00000018381	AABR07027567	increased_loop_count	127	57	70	7	9	2	1	1	0	2	2	0	4	6	2
ENSRNOG00000002789	AABR07039648.1	unchanged_loop_count	42	57	-15	9	9	0	2	2	0	3	3	0	4	4	0
ENSRNOG00000031034	AABR07053734	increased_loop_count	127	57	70	7	9	2	1	1	0	4	6	2	2	2	0
ENSRNOG00000019549	Akap12	unchanged_loop_count	42	57	-15	9	9	0	2	2	0	4	4	0	3	3	0
ENSRNOG00000019697	Ankrd28	unchanged_loop_count	42	57	-15	9	9	0	2	2	0	3	3	0	4	4	0
ENSRNOG00000006997	App	unchanged_loop_count	42	57	-15	9	9	0	1	1	0	3	3	0	5	5	0
ENSRNOG00000059765	Asic1	increased_loop_count	1472	57	1415	3	9	6	2	2	0	0	4	4	1	3	2
ENSRNOG00000067693	Bcl2	increased_loop_count	80	57	23	8	9	1	0	1	1	5	5	0	3	3	0
ENSRNOG00000002141	Cd200	unchanged_loop_count	42	57	-15	9	9	0	3	3	0	3	3	0	3	3	0
ENSRNOG00000012442	Cemip	unchanged_loop_count	42	57	-15	9	9	0	2	2	0	4	4	0	3	3	0
ENSRNOG00000063415	ENSRNOG00000063415	unchanged_loop_count	42	57	-15	9	9	0	1	1	0	2	2	0	6	6	0
ENSRNOG00000065455	ENSRNOG00000065455	increased_loop_count	243	57	186	6	9	3	2	4	2	2	3	1	2	2	0
ENSRNOG00000065835	ENSRNOG00000065835	unchanged_loop_count	42	57	-15	9	9	0	5	5	0	2	2	0	2	2	0
ENSRNOG00000069517	ENSRNOG00000069517	unchanged_loop_count	42	57	-15	9	9	0	2	2	0	5	5	0	2	2	0
ENSRNOG00000000640	Egr2	unchanged_loop_count	42	57	-15	9	9	0	1	1	0	4	4	0	4	4	0
ENSRNOG00000005228	Gnptab	unchanged_loop_count	42	57	-15	9	9	0	4	4	0	3	3	0	2	2	0
ENSRNOG00000063552	Hist1h4b	increased_loop_count	831	57	774	4	9	5	1	2	1	2	3	1	1	4	3
ENSRNOG00000059005	Kcnj1	increased_loop_count	127	57	70	7	9	2	0	1	1	2	2	0	5	6	1
ENSRNOG00000066973	Kctd12	unchanged_loop_count	42	57	-15	9	9	0	0	0	0	2	2	0	7	7	0
ENSRNOG00000048297	LOC108348175	increased_loop_count	243	57	186	6	9	3	0	0	0	1	4	3	5	5	0
ENSRNOG00000048143	Mir3573	unchanged_loop_count	42	57	-15	9	9	0	3	3	0	4	4	0	2	2	0
ENSRNOG00000013408	Npas2	unchanged_loop_count	42	57	-15	9	9	0	0	0	0	5	5	0	4	4	0
ENSRNOG00000008943	Penk	unchanged_loop_count	42	57	-15	9	9	0	0	0	0	6	6	0	3	3	0
ENSRNOG00000018903	Pik3r1	unchanged_loop_count	42	57	-15	9	9	0	0	0	0	3	3	0	6	6	0
ENSRNOG00000004810	Plcb1	unchanged_loop_count	42	57	-15	9	9	0	1	1	0	5	5	0	3	3	0
ENSRNOG00000032659	Plcl1	increased_loop_count	447	57	390	5	9	4	0	0	0	4	6	2	1	3	2
ENSRNOG00000013072	Plxna4	increased_loop_count	80	57	23	8	9	1	0	0	0	2	2	0	6	7	1
ENSRNOG00000016980	Qprt	increased_loop_count	447	57	390	5	9	4	0	1	1	1	3	2	4	5	1
ENSRNOG00000004736	Ralgps2	unchanged_loop_count	42	57	-15	9	9	0	1	1	0	3	3	0	5	5	0
ENSRNOG00000019046	Reg4	increased_loop_count	80	57	23	8	9	1	4	5	1	2	2	0	2	2	0
ENSRNOG00000010131	Rin2	increased_loop_count	127	57	70	7	9	2	3	3	0	3	3	0	1	3	2
ENSRNOG00000033913	Rps12l3	increased_loop_count	447	57	390	5	9	4	0	1	1	3	6	3	2	2	0
ENSRNOG00000011815	Sgk1	unchanged_loop_count	42	57	-15	9	9	0	1	1	0	3	3	0	5	5	0
ENSRNOG00000060687	Slc24a3	increased_loop_count	447	57	390	5	9	4	0	2	2	3	4	1	2	3	1
ENSRNOG00000014079	Stat1	increased_loop_count	243	57	186	6	9	3	2	4	2	1	2	1	3	3	0
ENSRNOG00000002418	Tgfb2	decreased_loop_count	25	57	-32	10	9	-1	1	0	-1	3	3	0	6	6	0
ENSRNOG00000016973	Tmem242	unchanged_loop_count	42	57	-15	9	9	0	1	1	0	4	4	0	4	4	0
ENSRNOG00000005447	Ypel2	increased_loop_count	447	57	390	5	9	4	0	3	3	3	4	1	2	2	0
ENSRNOG00000056214	AABR07022098.1	unchanged_loop_count	80	95	-15	8	8	0	0	0	0	4	4	0	4	4	0
ENSRNOG00000017585	Abt1	unchanged_loop_count	80	95	-15	8	8	0	0	0	0	1	1	0	7	7	0
ENSRNOG00000019622	Ackr3	unchanged_loop_count	80	95	-15	8	8	0	1	1	0	3	3	0	4	4	0
ENSRNOG00000032150	Adcy2	unchanged_loop_count	80	95	-15	8	8	0	0	0	0	2	2	0	6	6	0
ENSRNOG00000019476	Agap1	unchanged_loop_count	80	95	-15	8	8	0	2	2	0	5	5	0	1	1	0
ENSRNOG00000042855	Ahdc1	increased_loop_count	127	95	32	7	8	1	3	4	1	2	2	0	2	2	0
ENSRNOG00000053181	Aqp6	increased_loop_count	2598	95	2503	2	8	6	1	1	0	0	4	4	1	3	2
ENSRNOG00000000635	Arid5b	increased_loop_count	127	95	32	7	8	1	1	1	0	2	2	0	4	5	1
ENSRNOG00000002462	B9d1	increased_loop_count	127	95	32	7	8	1	3	4	1	2	2	0	2	2	0
ENSRNOG00000016066	Bambi	unchanged_loop_count	80	95	-15	8	8	0	1	1	0	2	2	0	5	5	0
ENSRNOG00000002863	Cacna1e	unchanged_loop_count	80	95	-15	8	8	0	2	2	0	3	3	0	3	3	0
ENSRNOG00000013481	Cdh11	increased_loop_count	831	95	736	4	8	4	0	0	0	1	3	2	3	5	2
ENSRNOG00000012698	Chsy1	increased_loop_count	127	95	32	7	8	1	2	3	1	3	3	0	2	2	0
ENSRNOG00000058470	Col12a1	unchanged_loop_count	80	95	-15	8	8	0	3	3	0	4	4	0	1	1	0
ENSRNOG00000012826	Creb3l2	increased_loop_count	4632	95	4537	1	8	7	1	3	2	0	0	0	0	5	5
ENSRNOG00000061845	Cttnbp2	unchanged_loop_count	80	95	-15	8	8	0	0	0	0	4	4	0	4	4	0
ENSRNOG00000015736	Dhrs3	unchanged_loop_count	80	95	-15	8	8	0	1	1	0	3	3	0	4	4	0
ENSRNOG00000003116	Dph1	unchanged_loop_count	80	95	-15	8	8	0	3	3	0	2	2	0	3	3	0
ENSRNOG00000023688	Drd1	unchanged_loop_count	80	95	-15	8	8	0	2	2	0	4	4	0	2	2	0
ENSRNOG00000066901	ENSRNOG00000066901	decreased_loop_count	42	95	-53	9	8	-1	0	0	0	2	1	-1	7	7	0
ENSRNOG00000069561	ENSRNOG00000069561	unchanged_loop_count	80	95	-15	8	8	0	2	2	0	2	2	0	4	4	0
ENSRNOG00000070250	ENSRNOG00000070250	increased_loop_count	447	95	352	5	8	3	0	0	0	1	4	3	4	4	0
ENSRNOG00000070466	ENSRNOG00000070466	unchanged_loop_count	80	95	-15	8	8	0	1	1	0	5	5	0	2	2	0
ENSRNOG00000007408	Ebf4	increased_loop_count	127	95	32	7	8	1	2	1	-1	3	5	2	2	2	0
ENSRNOG00000006877	Efnb1	unchanged_loop_count	80	95	-15	8	8	0	3	3	0	3	3	0	2	2	0
ENSRNOG00000016541	Enc1	unchanged_loop_count	80	95	-15	8	8	0	2	2	0	1	1	0	5	5	0
ENSRNOG00000013213	Epha4	increased_loop_count	447	95	352	5	8	3	0	0	0	2	4	2	3	4	1
ENSRNOG00000020899	Fgf19	increased_loop_count	127	95	32	7	8	1	2	3	1	2	2	0	3	3	0
ENSRNOG00000059799	Ficd	unchanged_loop_count	80	95	-15	8	8	0	4	4	0	3	3	0	1	1	0
ENSRNOG00000007759	Foxd2	unchanged_loop_count	80	95	-15	8	8	0	0	0	0	6	6	0	2	2	0
ENSRNOG00000000007	Gad1	unchanged_loop_count	80	95	-15	8	8	0	1	1	0	4	4	0	3	3	0
ENSRNOG00000037655	Gatb	unchanged_loop_count	80	95	-15	8	8	0	1	1	0	3	3	0	4	4	0
ENSRNOG00000029038	Gemin8	increased_loop_count	447	95	352	5	8	3	0	0	0	2	5	3	3	3	0
ENSRNOG00000011808	Ghrhr	unchanged_loop_count	80	95	-15	8	8	0	1	1	0	5	5	0	2	2	0
ENSRNOG00000000805	Gja1	unchanged_loop_count	80	95	-15	8	8	0	1	1	0	3	3	0	4	4	0
ENSRNOG00000066420	H2ac12	decreased_loop_count	42	95	-53	9	8	-1	0	0	0	2	1	-1	7	7	0
ENSRNOG00000054017	H4c14	decreased_loop_count	42	95	-53	9	8	-1	0	0	0	2	1	-1	7	7	0
ENSRNOG00000070462	Hist1h2anl1	increased_loop_count	127	95	32	7	8	1	0	0	0	0	1	1	7	7	0
ENSRNOG00000058187	Hist1h2bh	increased_loop_count	127	95	32	7	8	1	0	0	0	0	1	1	7	7	0
ENSRNOG00000055512	Hist1h2bk	decreased_loop_count	42	95	-53	9	8	-1	0	0	0	2	1	-1	7	7	0
ENSRNOG00000068537	Hs3st1	increased_loop_count	243	95	148	6	8	2	2	2	0	1	3	2	3	3	0
ENSRNOG00000017206	Igfbp5	unchanged_loop_count	80	95	-15	8	8	0	2	2	0	3	3	0	3	3	0
ENSRNOG00000004535	Kcng3	increased_loop_count	4632	95	4537	1	8	7	0	0	0	0	4	4	1	4	3
ENSRNOG00000001658	Kcnj6	unchanged_loop_count	80	95	-15	8	8	0	1	1	0	3	3	0	4	4	0
ENSRNOG00000016885	Klf6	increased_loop_count	127	95	32	7	8	1	1	1	0	2	2	0	4	5	1
ENSRNOG00000014215	Klf9	unchanged_loop_count	80	95	-15	8	8	0	1	1	0	4	4	0	3	3	0
ENSRNOG00000065468	LOC102554278	unchanged_loop_count	80	95	-15	8	8	0	2	2	0	3	3	0	3	3	0
ENSRNOG00000064370	LOC103690545	increased_loop_count	4632	95	4537	1	8	7	0	1	1	1	1	0	0	6	6
ENSRNOG00000062901	LOC120099884	increased_loop_count	127	95	32	7	8	1	2	2	0	3	3	0	2	3	1
ENSRNOG00000060411	LOC120101210	unchanged_loop_count	80	95	-15	8	8	0	2	2	0	3	3	0	3	3	0
ENSRNOG00000056411	LOC684773	increased_loop_count	127	95	32	7	8	1	0	0	0	0	1	1	7	7	0
ENSRNOG00000014153	Lhfpl6	increased_loop_count	447	95	352	5	8	3	0	1	1	2	2	0	3	5	2
ENSRNOG00000027002	Mast4	unchanged_loop_count	80	95	-15	8	8	0	1	1	0	1	1	0	6	6	0
ENSRNOG00000010363	Mrps23	unchanged_loop_count	80	95	-15	8	8	0	1	1	0	4	4	0	3	3	0
ENSRNOG00000017765	Net1	unchanged_loop_count	80	95	-15	8	8	0	3	3	0	2	2	0	3	3	0
ENSRNOG00000011668	Nfil3	decreased_loop_count	42	95	-53	9	8	-1	1	1	0	4	3	-1	4	4	0
ENSRNOG00000004616	Npm1	increased_loop_count	1472	95	1377	3	8	5	0	0	0	0	2	2	3	6	3
ENSRNOG00000020644	Nsg2	increased_loop_count	831	95	736	4	8	4	1	1	0	1	5	4	2	2	0
ENSRNOG00000005905	Pde4b	increased_loop_count	127	95	32	7	8	1	1	1	0	4	5	1	2	2	0
ENSRNOG00000016292	Pdzd9	unchanged_loop_count	80	95	-15	8	8	0	4	4	0	3	3	0	1	1	0
ENSRNOG00000000121	Pigv	unchanged_loop_count	80	95	-15	8	8	0	4	4	0	3	3	0	1	1	0
ENSRNOG00000069160	Pitpnc1	unchanged_loop_count	80	95	-15	8	8	0	1	1	0	5	5	0	2	2	0
ENSRNOG00000008116	Plpp3	unchanged_loop_count	80	95	-15	8	8	0	1	1	0	4	4	0	3	3	0
ENSRNOG00000015603	Prkce	unchanged_loop_count	80	95	-15	8	8	0	2	2	0	2	2	0	4	4	0
ENSRNOG00000025551	Rgs22	increased_loop_count	447	95	352	5	8	3	0	0	0	0	3	3	5	5	0
ENSRNOG00000003121	Rtn4rl1	increased_loop_count	243	95	148	6	8	2	2	4	2	1	1	0	3	3	0
ENSRNOG00000004888	Spred2	increased_loop_count	127	95	32	7	8	1	0	0	0	5	5	0	2	3	1
ENSRNOG00000024685	Tas2r7l	unchanged_loop_count	80	95	-15	8	8	0	0	0	0	4	4	0	4	4	0
ENSRNOG00000011238	Tiparp	unchanged_loop_count	80	95	-15	8	8	0	2	2	0	3	3	0	3	3	0
ENSRNOG00000017922	Tpbgl	increased_loop_count	2598	95	2503	2	8	6	0	4	4	2	2	0	0	2	2
ENSRNOG00000004100	Trib1	unchanged_loop_count	80	95	-15	8	8	0	2	2	0	4	4	0	2	2	0
ENSRNOG00000033625	AABR07027015	increased_loop_count	1472	166	1306	3	7	4	0	2	2	1	3	2	2	2	0
ENSRNOG00000049681	AABR07031491.2	increased_loop_count	831	166	665	4	7	3	0	0	0	0	1	1	4	6	2
ENSRNOG00000054061	AABR07052327.1	unchanged_loop_count	127	166	-39	7	7	0	0	0	0	3	3	0	4	4	0
ENSRNOG00000029450	AABR07058422.1	increased_loop_count	447	166	281	5	7	2	2	2	0	2	3	1	1	2	1
ENSRNOG00000046746	AC130391.1	increased_loop_count	2598	166	2432	2	7	5	0	0	0	1	1	0	1	6	5
ENSRNOG00000039300	Ahcyl2	increased_loop_count	1472	166	1306	3	7	4	1	1	0	0	3	3	2	3	1
ENSRNOG00000000576	Anapc16	increased_loop_count	831	166	665	4	7	3	1	2	1	2	4	2	1	1	0
ENSRNOG00000021384	Ankrd44	unchanged_loop_count	127	166	-39	7	7	0	0	0	0	3	3	0	4	4	0
ENSRNOG00000060949	Anxa8	increased_loop_count	1472	166	1306	3	7	4	0	0	0	1	1	0	2	6	4
ENSRNOG00000004282	Arl4a	unchanged_loop_count	127	166	-39	7	7	0	1	1	0	3	3	0	3	3	0
ENSRNOG00000069300	Arl4a	unchanged_loop_count	127	166	-39	7	7	0	1	1	0	3	3	0	3	3	0
ENSRNOG00000042691	Armc7	increased_loop_count	447	166	281	5	7	2	1	1	0	4	4	0	0	2	2
ENSRNOG00000028062	Arpc5	unchanged_loop_count	127	166	-39	7	7	0	1	1	0	2	2	0	4	4	0
ENSRNOG00000058733	Asap1	unchanged_loop_count	127	166	-39	7	7	0	1	1	0	4	4	0	2	2	0
ENSRNOG00000056647	Ascc1	increased_loop_count	831	166	665	4	7	3	1	2	1	2	4	2	1	1	0
ENSRNOG00000014875	Ash2l	unchanged_loop_count	127	166	-39	7	7	0	0	0	0	2	2	0	5	5	0
ENSRNOG00000002934	Atp1b1	increased_loop_count	243	166	77	6	7	1	0	0	0	1	1	0	5	6	1
ENSRNOG00000070574	Atp5mpl	increased_loop_count	1472	166	1306	3	7	4	0	4	4	2	2	0	1	1	0
ENSRNOG00000055010	Axin2	increased_loop_count	243	166	77	6	7	1	1	1	0	2	2	0	3	4	1
ENSRNOG00000006170	Bach2	increased_loop_count	831	166	665	4	7	3	1	1	0	1	4	3	2	2	0
ENSRNOG00000014419	Brd7	unchanged_loop_count	127	166	-39	7	7	0	1	1	0	3	3	0	3	3	0
ENSRNOG00000005592	Brinp2	increased_loop_count	831	166	665	4	7	3	1	2	1	0	2	2	3	3	0
ENSRNOG00000008338	Bsdc1	unchanged_loop_count	127	166	-39	7	7	0	0	0	0	3	3	0	4	4	0
ENSRNOG00000001173	Cabp1	increased_loop_count	1472	166	1306	3	7	4	1	2	1	0	3	3	2	2	0
ENSRNOG00000016576	Carmil1	unchanged_loop_count	127	166	-39	7	7	0	2	2	0	3	3	0	2	2	0
ENSRNOG00000020918	Ccnd1	increased_loop_count	243	166	77	6	7	1	2	2	0	2	3	1	2	2	0
ENSRNOG00000004148	Cdk17	unchanged_loop_count	127	166	-39	7	7	0	1	1	0	2	2	0	4	4	0
ENSRNOG00000002862	Clcn5	unchanged_loop_count	127	166	-39	7	7	0	1	1	0	3	3	0	3	3	0
ENSRNOG00000026577	Cpne4	unchanged_loop_count	127	166	-39	7	7	0	1	1	0	1	1	0	5	5	0
ENSRNOG00000014479	Cttnbp2nl	unchanged_loop_count	127	166	-39	7	7	0	2	2	0	1	1	0	4	4	0
ENSRNOG00000013589	Cxcl12	increased_loop_count	243	166	77	6	7	1	2	3	1	2	2	0	2	2	0
ENSRNOG00000055226	Dab2ip	increased_loop_count	243	166	77	6	7	1	0	0	0	1	2	1	5	5	0
ENSRNOG00000018198	Dapk1	unchanged_loop_count	127	166	-39	7	7	0	1	1	0	3	3	0	3	3	0
ENSRNOG00000056106	Dip2b	unchanged_loop_count	127	166	-39	7	7	0	3	3	0	2	2	0	2	2	0
ENSRNOG00000012207	Dst	unchanged_loop_count	127	166	-39	7	7	0	2	2	0	2	2	0	3	3	0
ENSRNOG00000004195	Dtl	decreased_loop_count	80	166	-86	8	7	-1	0	0	0	5	4	-1	3	3	0
ENSRNOG00000062722	ENSRNOG00000062722	increased_loop_count	831	166	665	4	7	3	1	2	1	1	1	0	2	4	2
ENSRNOG00000064726	ENSRNOG00000064726	unchanged_loop_count	127	166	-39	7	7	0	2	2	0	3	3	0	2	2	0
ENSRNOG00000065807	ENSRNOG00000065807	increased_loop_count	447	166	281	5	7	2	0	2	2	3	3	0	2	2	0
ENSRNOG00000068205	ENSRNOG00000068205	unchanged_loop_count	127	166	-39	7	7	0	0	0	0	3	3	0	4	4	0
ENSRNOG00000068227	ENSRNOG00000068227	increased_loop_count	243	166	77	6	7	1	2	2	0	2	3	1	2	2	0
ENSRNOG00000068738	ENSRNOG00000068738	increased_loop_count	831	166	665	4	7	3	0	1	1	2	2	0	2	4	2
ENSRNOG00000069092	ENSRNOG00000069092	unchanged_loop_count	127	166	-39	7	7	0	1	1	0	5	5	0	1	1	0
ENSRNOG00000070309	ENSRNOG00000070309	unchanged_loop_count	127	166	-39	7	7	0	1	1	0	0	0	0	6	6	0
ENSRNOG00000070346	ENSRNOG00000070346	decreased_loop_count	42	166	-124	9	7	-2	1	0	-1	3	2	-1	5	5	0
ENSRNOG00000070929	ENSRNOG00000070929	unchanged_loop_count	127	166	-39	7	7	0	0	0	0	1	1	0	6	6	0
ENSRNOG00000070963	ENSRNOG00000070963	increased_loop_count	4632	166	4466	1	7	6	0	2	2	1	3	2	0	2	2
ENSRNOG00000071044	ENSRNOG00000071044	unchanged_loop_count	127	166	-39	7	7	0	0	0	0	2	2	0	5	5	0
ENSRNOG00000071215	ENSRNOG00000071215	unchanged_loop_count	127	166	-39	7	7	0	2	2	0	3	3	0	2	2	0
ENSRNOG00000028845	Ebf1	unchanged_loop_count	127	166	-39	7	7	0	1	1	0	3	3	0	3	3	0
ENSRNOG00000056580	En1	increased_loop_count	4632	166	4466	1	7	6	0	1	1	1	4	3	0	2	2
ENSRNOG00000028335	Fat4	unchanged_loop_count	127	166	-39	7	7	0	0	0	0	4	4	0	3	3	0
ENSRNOG00000027230	Fhod3	unchanged_loop_count	127	166	-39	7	7	0	0	0	0	3	3	0	4	4	0
ENSRNOG00000017800	Foxc1	unchanged_loop_count	127	166	-39	7	7	0	0	0	0	2	2	0	5	5	0
ENSRNOG00000070919	Foxc1	unchanged_loop_count	127	166	-39	7	7	0	0	0	0	2	2	0	5	5	0
ENSRNOG00000047446	Foxc2	unchanged_loop_count	127	166	-39	7	7	0	3	3	0	2	2	0	2	2	0
ENSRNOG00000008451	Fut8	unchanged_loop_count	127	166	-39	7	7	0	1	1	0	2	2	0	4	4	0
ENSRNOG00000013090	Gadd45g	increased_loop_count	1472	166	1306	3	7	4	2	4	2	1	3	2	0	0	0
ENSRNOG00000015210	Ggt6	increased_loop_count	2598	166	2432	2	7	5	0	2	2	1	3	2	1	2	1
ENSRNOG00000007782	Ghrh	increased_loop_count	4632	166	4466	1	7	6	1	4	3	0	3	3	0	0	0
ENSRNOG00000047374	Gnas	unchanged_loop_count	127	166	-39	7	7	0	0	0	0	1	1	0	6	6	0
ENSRNOG00000070010	H2ac4	decreased_loop_count	42	166	-124	9	7	-2	1	0	-1	3	2	-1	5	5	0
ENSRNOG00000064755	H3c1	decreased_loop_count	42	166	-124	9	7	-2	1	0	-1	3	2	-1	5	5	0
ENSRNOG00000052594	Hist1h2ak	decreased_loop_count	42	166	-124	9	7	-2	1	0	-1	3	2	-1	5	5	0
ENSRNOG00000056281	Hist1h3b	decreased_loop_count	42	166	-124	9	7	-2	1	0	-1	3	2	-1	5	5	0
ENSRNOG00000016598	Hoxc5	unchanged_loop_count	127	166	-39	7	7	0	5	5	0	2	2	0	0	0	0
ENSRNOG00000005861	Hsd11b1	increased_loop_count	831	166	665	4	7	3	0	0	0	2	5	3	2	2	0
ENSRNOG00000014320	Inhba	increased_loop_count	243	166	77	6	7	1	0	0	0	1	2	1	5	5	0
ENSRNOG00000004263	Ints7	decreased_loop_count	80	166	-86	8	7	-1	0	0	0	5	4	-1	3	3	0
ENSRNOG00000070206	Irf2bp2	increased_loop_count	243	166	77	6	7	1	2	3	1	2	2	0	2	2	0
ENSRNOG00000023509	Irs2	unchanged_loop_count	127	166	-39	7	7	0	0	0	0	3	3	0	4	4	0
ENSRNOG00000016538	Itga8	increased_loop_count	831	166	665	4	7	3	0	0	0	2	3	1	2	4	2
ENSRNOG00000001795	Itgb5	unchanged_loop_count	127	166	-39	7	7	0	5	5	0	2	2	0	0	0	0
ENSRNOG00000056697	Kcnab1	unchanged_loop_count	127	166	-39	7	7	0	1	1	0	2	2	0	4	4	0
ENSRNOG00000003841	Kcnh1	unchanged_loop_count	127	166	-39	7	7	0	1	1	0	3	3	0	3	3	0
ENSRNOG00000012735	Kif24	increased_loop_count	2598	166	2432	2	7	5	1	3	2	0	3	3	1	1	0
ENSRNOG00000028624	Kif26b	unchanged_loop_count	127	166	-39	7	7	0	1	1	0	2	2	0	4	4	0
ENSRNOG00000002163	Klf3	unchanged_loop_count	127	166	-39	7	7	0	1	1	0	4	4	0	2	2	0
ENSRNOG00000070066	LOC102550505	unchanged_loop_count	127	166	-39	7	7	0	2	2	0	4	4	0	1	1	0
ENSRNOG00000067306	LOC102550600	increased_loop_count	447	166	281	5	7	2	1	3	2	1	1	0	3	3	0
ENSRNOG00000067530	LOC103691527	unchanged_loop_count	127	166	-39	7	7	0	1	1	0	3	3	0	3	3	0
ENSRNOG00000064029	LOC120096801	unchanged_loop_count	127	166	-39	7	7	0	0	0	0	3	3	0	4	4	0
ENSRNOG00000070235	LOC120098034	unchanged_loop_count	127	166	-39	7	7	0	0	0	0	0	0	0	7	7	0
ENSRNOG00000063651	LOC120098901	unchanged_loop_count	127	166	-39	7	7	0	2	2	0	2	2	0	3	3	0
ENSRNOG00000057140	LOC120100172	increased_loop_count	447	166	281	5	7	2	0	1	1	0	1	1	5	5	0
ENSRNOG00000012611	Lpxn	unchanged_loop_count	127	166	-39	7	7	0	0	0	0	3	3	0	4	4	0
ENSRNOG00000045961	Lyrm7	increased_loop_count	243	166	77	6	7	1	2	3	1	2	2	0	2	2	0
ENSRNOG00000021174	Macrod1	increased_loop_count	447	166	281	5	7	2	2	4	2	1	1	0	2	2	0
ENSRNOG00000010737	Mbnl2	unchanged_loop_count	127	166	-39	7	7	0	2	2	0	2	2	0	3	3	0
ENSRNOG00000035598	Mir129-1	unchanged_loop_count	127	166	-39	7	7	0	2	2	0	3	3	0	2	2	0
ENSRNOG00000035628	Mir3597-2	unchanged_loop_count	127	166	-39	7	7	0	2	2	0	4	4	0	1	1	0
ENSRNOG00000036514	Mir615	increased_loop_count	2598	166	2432	2	7	5	2	5	3	0	2	2	0	0	0
ENSRNOG00000021579	Mpp6	increased_loop_count	447	166	281	5	7	2	0	1	1	3	3	0	2	3	1
ENSRNOG00000064777	Msantd1	increased_loop_count	243	166	77	6	7	1	1	1	0	3	4	1	2	2	0
ENSRNOG00000010748	Mtus1	increased_loop_count	243	166	77	6	7	1	1	2	1	2	2	0	3	3	0
ENSRNOG00000017610	Nedd4l	increased_loop_count	243	166	77	6	7	1	1	1	0	2	2	0	3	4	1
ENSRNOG00000026286	Nhlrc1	unchanged_loop_count	127	166	-39	7	7	0	1	1	0	3	3	0	3	3	0
ENSRNOG00000010282	Ninj2	increased_loop_count	1472	166	1306	3	7	4	0	1	1	1	3	2	2	3	1
ENSRNOG00000004067	Nrcam	unchanged_loop_count	127	166	-39	7	7	0	1	1	0	4	4	0	2	2	0
ENSRNOG00000008752	Nrf1	unchanged_loop_count	127	166	-39	7	7	0	1	1	0	3	3	0	3	3	0
ENSRNOG00000019716	Ntf3	unchanged_loop_count	127	166	-39	7	7	0	0	0	0	2	2	0	5	5	0
ENSRNOG00000013110	Nudt2	increased_loop_count	2598	166	2432	2	7	5	1	3	2	0	3	3	1	1	0
ENSRNOG00000005185	Nxph3	increased_loop_count	1472	166	1306	3	7	4	1	1	0	2	4	2	0	2	2
ENSRNOG00000005424	Odc1	unchanged_loop_count	127	166	-39	7	7	0	1	1	0	3	3	0	3	3	0
ENSRNOG00000060410	Pcdh1	unchanged_loop_count	127	166	-39	7	7	0	2	2	0	4	4	0	1	1	0
ENSRNOG00000038068	Pcdh9	unchanged_loop_count	127	166	-39	7	7	0	0	0	0	1	1	0	6	6	0
ENSRNOG00000042536	Pde4d	increased_loop_count	447	166	281	5	7	2	1	1	0	2	2	0	2	4	2
ENSRNOG00000001312	Pdgfa	increased_loop_count	243	166	77	6	7	1	2	2	0	3	3	0	1	2	1
ENSRNOG00000057556	Pdzrn3	unchanged_loop_count	127	166	-39	7	7	0	0	0	0	3	3	0	4	4	0
ENSRNOG00000029735	Pid1	increased_loop_count	243	166	77	6	7	1	0	1	1	3	3	0	3	3	0
ENSRNOG00000012693	Pmpcb	unchanged_loop_count	127	166	-39	7	7	0	2	2	0	2	2	0	3	3	0
ENSRNOG00000013884	Psd3	increased_loop_count	447	166	281	5	7	2	0	2	2	2	2	0	3	3	0
ENSRNOG00000020723	Pten	unchanged_loop_count	127	166	-39	7	7	0	0	0	0	3	3	0	4	4	0
ENSRNOG00000010325	Ptger3	increased_loop_count	243	166	77	6	7	1	0	1	1	3	3	0	3	3	0
ENSRNOG00000027839	Ptk2b	increased_loop_count	243	166	77	6	7	1	2	3	1	2	2	0	2	2	0
ENSRNOG00000067468	RGD1562811	increased_loop_count	243	166	77	6	7	1	0	1	1	1	1	0	5	5	0
ENSRNOG00000010224	Rab30	unchanged_loop_count	127	166	-39	7	7	0	0	0	0	4	4	0	3	3	0
ENSRNOG00000002773	Rgs4	increased_loop_count	447	166	281	5	7	2	1	1	0	4	6	2	0	0	0
ENSRNOG00000037720	Rita1	unchanged_loop_count	127	166	-39	7	7	0	0	0	0	4	4	0	3	3	0
ENSRNOG00000054286	Rrm2	unchanged_loop_count	127	166	-39	7	7	0	0	0	0	3	3	0	4	4	0
ENSRNOG00000001704	Runx1	unchanged_loop_count	127	166	-39	7	7	0	0	0	0	3	3	0	4	4	0
ENSRNOG00000000897	Rxfp2	unchanged_loop_count	127	166	-39	7	7	0	1	1	0	2	2	0	4	4	0
ENSRNOG00000010489	Samd4a	unchanged_loop_count	127	166	-39	7	7	0	1	1	0	4	4	0	2	2	0
ENSRNOG00000001189	Sik1	unchanged_loop_count	127	166	-39	7	7	0	2	2	0	3	3	0	2	2	0
ENSRNOG00000057072	Slc12a3	unchanged_loop_count	127	166	-39	7	7	0	2	2	0	3	3	0	2	2	0
ENSRNOG00000018824	Slc7a5	increased_loop_count	447	166	281	5	7	2	1	3	2	1	1	0	3	3	0
ENSRNOG00000009594	Snai1	increased_loop_count	243	166	77	6	7	1	3	3	0	3	4	1	0	0	0
ENSRNOG00000055217	Snora80b	unchanged_loop_count	127	166	-39	7	7	0	1	1	0	3	3	0	3	3	0
ENSRNOG00000067587	Snrpe	unchanged_loop_count	127	166	-39	7	7	0	1	1	0	3	3	0	3	3	0
ENSRNOG00000031814	Sort1	unchanged_loop_count	127	166	-39	7	7	0	4	4	0	1	1	0	2	2	0
ENSRNOG00000020514	Sox6	unchanged_loop_count	127	166	-39	7	7	0	1	1	0	4	4	0	2	2	0
ENSRNOG00000008209	St3gal1	unchanged_loop_count	127	166	-39	7	7	0	1	1	0	3	3	0	3	3	0
ENSRNOG00000006052	Sulf2	unchanged_loop_count	127	166	-39	7	7	0	0	0	0	4	4	0	3	3	0
ENSRNOG00000005049	Tbr1	increased_loop_count	243	166	77	6	7	1	0	0	0	2	3	1	4	4	0
ENSRNOG00000003517	Tbx2	unchanged_loop_count	127	166	-39	7	7	0	0	0	0	2	2	0	5	5	0
ENSRNOG00000047635	Tmem178b	unchanged_loop_count	127	166	-39	7	7	0	2	2	0	2	2	0	3	3	0
ENSRNOG00000047931	Tmsb4x	unchanged_loop_count	127	166	-39	7	7	0	1	1	0	3	3	0	3	3	0
ENSRNOG00000003398	Tomm40l	increased_loop_count	831	166	665	4	7	3	1	1	0	2	5	3	1	1	0
ENSRNOG00000008738	Tp53i11	unchanged_loop_count	127	166	-39	7	7	0	2	2	0	3	3	0	2	2	0
ENSRNOG00000055917	Trim27	unchanged_loop_count	127	166	-39	7	7	0	0	0	0	0	0	0	7	7	0
ENSRNOG00000011025	Trmt10a	unchanged_loop_count	127	166	-39	7	7	0	2	2	0	3	3	0	2	2	0
ENSRNOG00000015829	Trpm1	increased_loop_count	2598	166	2432	2	7	5	0	2	2	1	2	1	1	3	2
ENSRNOG00000018012	Tulp4	unchanged_loop_count	127	166	-39	7	7	0	1	1	0	0	0	0	6	6	0
ENSRNOG00000017983	Ubac1	increased_loop_count	2598	166	2432	2	7	5	1	2	1	0	1	1	1	4	3
ENSRNOG00000005122	Uvssa	increased_loop_count	447	166	281	5	7	2	3	3	0	1	1	0	1	3	2
ENSRNOG00000007822	Vgll4	unchanged_loop_count	127	166	-39	7	7	0	4	4	0	2	2	0	1	1	0
ENSRNOG00000008195	Ywhaz	increased_loop_count	447	166	281	5	7	2	0	0	0	2	4	2	3	3	0
ENSRNOG00000025937	Zfp26	increased_loop_count	2598	166	2432	2	7	5	0	2	2	0	3	3	2	2	0
ENSRNOG00000049057	Znrf2	unchanged_loop_count	127	166	-39	7	7	0	1	1	0	2	2	0	4	4	0
ENSRNOG00000050257	AABR07003273.1	increased_loop_count	4632	315	4317	1	6	5	0	3	3	0	2	2	1	1	0
ENSRNOG00000056298	AABR07044959.1	unchanged_loop_count	243	315	-72	6	6	0	0	0	0	3	3	0	3	3	0
ENSRNOG00000029837	AABR07056636	increased_loop_count	4632	315	4317	1	6	5	1	1	0	0	1	1	0	4	4
ENSRNOG00000031317	AABR07064224	unchanged_loop_count	243	315	-72	6	6	0	0	0	0	0	0	0	6	6	0
ENSRNOG00000039200	AABR07070046	increased_loop_count	447	315	132	5	6	1	1	1	0	3	4	1	1	1	0
ENSRNOG00000020618	AC099450	unchanged_loop_count	243	315	-72	6	6	0	3	3	0	2	2	0	1	1	0
ENSRNOG00000004305	Abl2	unchanged_loop_count	243	315	-72	6	6	0	1	1	0	0	0	0	5	5	0
ENSRNOG00000056837	Abr	increased_loop_count	831	315	516	4	6	2	1	2	1	1	1	0	2	3	1
ENSRNOG00000012045	Adgrb3	unchanged_loop_count	243	315	-72	6	6	0	0	0	0	3	3	0	3	3	0
ENSRNOG00000050205	Afmid	unchanged_loop_count	243	315	-72	6	6	0	0	0	0	2	2	0	4	4	0
ENSRNOG00000004342	Ahr	increased_loop_count	831	315	516	4	6	2	1	2	1	1	2	1	2	2	0
ENSRNOG00000004591	Alg12	unchanged_loop_count	243	315	-72	6	6	0	0	0	0	2	2	0	4	4	0
ENSRNOG00000000246	Amz2	unchanged_loop_count	243	315	-72	6	6	0	1	1	0	1	1	0	4	4	0
ENSRNOG00000010960	Ankh	increased_loop_count	447	315	132	5	6	1	1	1	0	3	4	1	1	1	0
ENSRNOG00000063717	Apbb2	unchanged_loop_count	243	315	-72	6	6	0	1	1	0	2	2	0	3	3	0
ENSRNOG00000063448	Aqp6	increased_loop_count	4632	315	4317	1	6	5	1	1	0	0	3	3	0	2	2
ENSRNOG00000070951	Arf6	unchanged_loop_count	243	315	-72	6	6	0	1	1	0	3	3	0	2	2	0
ENSRNOG00000012785	Armc10	unchanged_loop_count	243	315	-72	6	6	0	0	0	0	2	2	0	4	4	0
ENSRNOG00000045649	Arrdc3	unchanged_loop_count	243	315	-72	6	6	0	0	0	0	2	2	0	4	4	0
ENSRNOG00000060105	Astn2	unchanged_loop_count	243	315	-72	6	6	0	0	0	0	2	2	0	4	4	0
ENSRNOG00000010344	B4galnt3	unchanged_loop_count	243	315	-72	6	6	0	1	1	0	1	1	0	4	4	0
ENSRNOG00000046313	Basp1	increased_loop_count	447	315	132	5	6	1	0	1	1	2	2	0	3	3	0
ENSRNOG00000066065	Basp1	unchanged_loop_count	243	315	-72	6	6	0	1	1	0	2	2	0	3	3	0
ENSRNOG00000016551	Bcl2l11	unchanged_loop_count	243	315	-72	6	6	0	1	2	1	3	2	-1	2	2	0
ENSRNOG00000021745	Bhlhe22	increased_loop_count	447	315	132	5	6	1	1	2	1	3	3	0	1	1	0
ENSRNOG00000007152	Bhlhe40	increased_loop_count	831	315	516	4	6	2	1	2	1	1	2	1	2	2	0
ENSRNOG00000002191	C14h4orf19	increased_loop_count	831	315	516	4	6	2	0	0	0	1	3	2	3	3	0
ENSRNOG00000060245	C14h4orf36	unchanged_loop_count	243	315	-72	6	6	0	1	1	0	3	3	0	2	2	0
ENSRNOG00000018486	C3h9orf50	unchanged_loop_count	243	315	-72	6	6	0	0	0	0	2	2	0	4	4	0
ENSRNOG00000051420	Cables2	unchanged_loop_count	243	315	-72	6	6	0	0	0	0	3	3	0	3	3	0
ENSRNOG00000012362	Cacng3	increased_loop_count	2598	315	2283	2	6	4	0	1	1	1	3	2	1	2	1
ENSRNOG00000054695	Calcrl	unchanged_loop_count	243	315	-72	6	6	0	1	1	0	2	2	0	3	3	0
ENSRNOG00000067661	Camk2n1	unchanged_loop_count	243	315	-72	6	6	0	1	1	0	2	2	0	3	3	0
ENSRNOG00000045697	Ccdc110	unchanged_loop_count	243	315	-72	6	6	0	1	1	0	3	3	0	2	2	0
ENSRNOG00000026056	Ccnb1ip1	increased_loop_count	1472	315	1157	3	6	3	0	1	1	0	2	2	3	3	0
ENSRNOG00000014371	Cdh13	unchanged_loop_count	243	315	-72	6	6	0	0	0	0	1	1	0	5	5	0
ENSRNOG00000033087	Cdh23	unchanged_loop_count	243	315	-72	6	6	0	2	2	0	2	2	0	2	2	0
ENSRNOG00000017991	Cdk20	unchanged_loop_count	243	315	-72	6	6	0	2	2	0	3	3	0	1	1	0
ENSRNOG00000050869	Cebpd	unchanged_loop_count	243	315	-72	6	6	0	0	0	0	3	3	0	3	3	0
ENSRNOG00000008410	Cep63	unchanged_loop_count	243	315	-72	6	6	0	1	1	0	4	4	0	1	1	0
ENSRNOG00000024494	Cfap54	increased_loop_count	4632	315	4317	1	6	5	1	1	0	0	1	1	0	4	4
ENSRNOG00000028805	Cfap77	increased_loop_count	1472	315	1157	3	6	3	1	2	1	0	2	2	2	2	0
ENSRNOG00000042867	Cfap97d2	increased_loop_count	2598	315	2283	2	6	4	0	3	3	1	2	1	1	1	0
ENSRNOG00000049302	Chd9	unchanged_loop_count	243	315	-72	6	6	0	2	2	0	3	3	0	1	1	0
ENSRNOG00000056940	Cited2	unchanged_loop_count	243	315	-72	6	6	0	0	0	0	0	0	0	6	6	0
ENSRNOG00000003714	Clk4	unchanged_loop_count	243	315	-72	6	6	0	1	1	0	1	1	0	4	4	0
ENSRNOG00000043044	Cnn2	decreased_loop_count	127	315	-188	7	6	-1	2	1	-1	4	4	0	1	1	0
ENSRNOG00000003897	Col1a1	unchanged_loop_count	243	315	-72	6	6	0	1	1	0	3	3	0	2	2	0
ENSRNOG00000009281	Commd1	decreased_loop_count	127	315	-188	7	6	-1	1	1	0	2	2	0	4	3	-1
ENSRNOG00000004659	Creld2	unchanged_loop_count	243	315	-72	6	6	0	0	0	0	2	2	0	4	4	0
ENSRNOG00000017106	Csnk1a1	decreased_loop_count	80	315	-235	8	6	-2	2	1	-1	4	3	-1	2	2	0
ENSRNOG00000063313	Csnk1a1	decreased_loop_count	80	315	-235	8	6	-2	2	1	-1	4	3	-1	2	2	0
ENSRNOG00000012089	Cstf3	decreased_loop_count	127	315	-188	7	6	-1	0	0	0	3	2	-1	4	4	0
ENSRNOG00000046257	Ctdspl	unchanged_loop_count	243	315	-72	6	6	0	1	1	0	2	2	0	3	3	0
ENSRNOG00000022521	Ddias	unchanged_loop_count	243	315	-72	6	6	0	2	2	0	2	2	0	2	2	0
ENSRNOG00000062731	Diras2	unchanged_loop_count	243	315	-72	6	6	0	2	2	0	2	2	0	2	2	0
ENSRNOG00000026447	Disp3	unchanged_loop_count	243	315	-72	6	6	0	0	0	0	4	4	0	2	2	0
ENSRNOG00000003988	Dnajc27	unchanged_loop_count	243	315	-72	6	6	0	2	2	0	2	2	0	2	2	0
ENSRNOG00000060401	Dusp13b	unchanged_loop_count	243	315	-72	6	6	0	2	2	0	2	2	0	2	2	0
ENSRNOG00000023100	Dynlt5	decreased_loop_count	127	315	-188	7	6	-1	1	1	0	2	1	-1	4	4	0
ENSRNOG00000029418	ENSRNOG00000029418	new_gene_in_sensitivity	NA	315	NA	0	6	6	0	0	0	0	3	3	0	3	3
ENSRNOG00000062837	ENSRNOG00000062837	increased_loop_count	447	315	132	5	6	1	1	1	0	2	2	0	2	3	1
ENSRNOG00000062863	ENSRNOG00000062863	increased_loop_count	447	315	132	5	6	1	2	2	0	3	4	1	0	0	0
ENSRNOG00000063106	ENSRNOG00000063106	unchanged_loop_count	243	315	-72	6	6	0	1	1	0	3	3	0	2	2	0
ENSRNOG00000063393	ENSRNOG00000063393	unchanged_loop_count	243	315	-72	6	6	0	0	0	0	1	1	0	5	5	0
ENSRNOG00000064152	ENSRNOG00000064152	unchanged_loop_count	243	315	-72	6	6	0	2	2	0	2	2	0	2	2	0
ENSRNOG00000064217	ENSRNOG00000064217	increased_loop_count	831	315	516	4	6	2	2	3	1	1	1	0	1	2	1
ENSRNOG00000064410	ENSRNOG00000064410	unchanged_loop_count	243	315	-72	6	6	0	0	1	1	4	4	0	2	1	-1
ENSRNOG00000064894	ENSRNOG00000064894	unchanged_loop_count	243	315	-72	6	6	0	0	0	0	5	5	0	1	1	0
ENSRNOG00000065712	ENSRNOG00000065712	unchanged_loop_count	243	315	-72	6	6	0	3	3	0	3	3	0	0	0	0
ENSRNOG00000065844	ENSRNOG00000065844	unchanged_loop_count	243	315	-72	6	6	0	4	4	0	2	2	0	0	0	0
ENSRNOG00000065993	ENSRNOG00000065993	unchanged_loop_count	243	315	-72	6	6	0	2	2	0	3	3	0	1	1	0
ENSRNOG00000066163	ENSRNOG00000066163	unchanged_loop_count	243	315	-72	6	6	0	0	0	0	2	2	0	4	4	0
ENSRNOG00000066249	ENSRNOG00000066249	unchanged_loop_count	243	315	-72	6	6	0	3	3	0	3	3	0	0	0	0
ENSRNOG00000066255	ENSRNOG00000066255	unchanged_loop_count	243	315	-72	6	6	0	2	2	0	3	3	0	1	1	0
ENSRNOG00000066864	ENSRNOG00000066864	increased_loop_count	447	315	132	5	6	1	0	1	1	3	3	0	2	2	0
ENSRNOG00000066906	ENSRNOG00000066906	increased_loop_count	447	315	132	5	6	1	0	0	0	2	2	0	3	4	1
ENSRNOG00000066908	ENSRNOG00000066908	unchanged_loop_count	243	315	-72	6	6	0	0	0	0	2	2	0	4	4	0
ENSRNOG00000068748	ENSRNOG00000068748	unchanged_loop_count	243	315	-72	6	6	0	0	0	0	1	1	0	5	5	0
ENSRNOG00000068762	ENSRNOG00000068762	unchanged_loop_count	243	315	-72	6	6	0	0	0	0	3	3	0	3	3	0
ENSRNOG00000069426	ENSRNOG00000069426	unchanged_loop_count	243	315	-72	6	6	0	0	0	0	3	3	0	3	3	0
ENSRNOG00000069771	ENSRNOG00000069771	increased_loop_count	447	315	132	5	6	1	0	0	0	2	3	1	3	3	0
ENSRNOG00000070726	ENSRNOG00000070726	unchanged_loop_count	243	315	-72	6	6	0	0	0	0	1	1	0	5	5	0
ENSRNOG00000029447	Epc2	unchanged_loop_count	243	315	-72	6	6	0	1	1	0	3	3	0	2	2	0
ENSRNOG00000031801	Ephb3	decreased_loop_count	127	315	-188	7	6	-1	2	2	0	3	3	0	2	1	-1
ENSRNOG00000017839	Ercc1	increased_loop_count	447	315	132	5	6	1	2	3	1	2	2	0	1	1	0
ENSRNOG00000001589	Evx2	increased_loop_count	447	315	132	5	6	1	0	0	0	1	2	1	4	4	0
ENSRNOG00000047035	Fadd	decreased_loop_count	127	315	-188	7	6	-1	3	2	-1	3	3	0	1	1	0
ENSRNOG00000005159	Fam135b	unchanged_loop_count	243	315	-72	6	6	0	0	0	0	2	2	0	4	4	0
ENSRNOG00000016135	Fars2	unchanged_loop_count	243	315	-72	6	6	0	0	0	0	2	2	0	4	4	0
ENSRNOG00000043035	Fbxl13	unchanged_loop_count	243	315	-72	6	6	0	0	0	0	2	2	0	4	4	0
ENSRNOG00000011683	Fes	unchanged_loop_count	243	315	-72	6	6	0	1	1	0	2	2	0	3	3	0
ENSRNOG00000028064	Fhad1	unchanged_loop_count	243	315	-72	6	6	0	0	0	0	4	4	0	2	2	0
ENSRNOG00000050780	Fpgs	increased_loop_count	831	315	516	4	6	2	2	2	0	2	2	0	0	2	2
ENSRNOG00000018500	Frmd4a	unchanged_loop_count	243	315	-72	6	6	0	0	0	0	2	2	0	4	4	0
ENSRNOG00000071205	Gapdh-ps1	unchanged_loop_count	243	315	-72	6	6	0	0	0	0	3	3	0	3	3	0
ENSRNOG00000012975	Ggcx	unchanged_loop_count	243	315	-72	6	6	0	1	1	0	4	4	0	1	1	0
ENSRNOG00000027900	Glt6d1	increased_loop_count	831	315	516	4	6	2	0	2	2	1	1	0	3	3	0
ENSRNOG00000019838	Gmfg	decreased_loop_count	127	315	-188	7	6	-1	3	2	-1	2	2	0	2	2	0
ENSRNOG00000019482	Gnao1	unchanged_loop_count	243	315	-72	6	6	0	0	0	0	2	2	0	4	4	0
ENSRNOG00000002936	Golt1a	increased_loop_count	2598	315	2283	2	6	4	0	1	1	1	2	1	1	3	2
ENSRNOG00000046981	Gp1bb	increased_loop_count	2598	315	2283	2	6	4	0	2	2	1	3	2	1	1	0
ENSRNOG00000049437	Gpc1	increased_loop_count	831	315	516	4	6	2	2	2	0	1	1	0	1	3	2
ENSRNOG00000009540	Gpr3	unchanged_loop_count	243	315	-72	6	6	0	4	4	0	2	2	0	0	0	0
ENSRNOG00000053577	Gramd1b	increased_loop_count	447	315	132	5	6	1	0	0	0	3	3	0	2	3	1
ENSRNOG00000016968	Gramd4	unchanged_loop_count	243	315	-72	6	6	0	3	3	0	2	2	0	1	1	0
ENSRNOG00000024651	Greb1	unchanged_loop_count	243	315	-72	6	6	0	2	2	0	2	2	0	2	2	0
ENSRNOG00000009726	Grip2	unchanged_loop_count	243	315	-72	6	6	0	0	0	0	4	4	0	2	2	0
ENSRNOG00000006593	Grpel1	increased_loop_count	1472	315	1157	3	6	3	0	1	1	1	3	2	2	2	0
ENSRNOG00000065054	H3c13	unchanged_loop_count	243	315	-72	6	6	0	0	0	0	1	1	0	5	5	0
ENSRNOG00000004601	Hao1	unchanged_loop_count	243	315	-72	6	6	0	1	1	0	3	3	0	2	2	0
ENSRNOG00000022321	Hapln3	unchanged_loop_count	243	315	-72	6	6	0	0	0	0	3	3	0	3	3	0
ENSRNOG00000011593	Hey1	unchanged_loop_count	243	315	-72	6	6	0	1	1	0	3	3	0	2	2	0
ENSRNOG00000062882	Hey1	unchanged_loop_count	243	315	-72	6	6	0	1	1	0	3	3	0	2	2	0
ENSRNOG00000022146	Hist1h2af	decreased_loop_count	127	315	-188	7	6	-1	0	0	0	2	1	-1	5	5	0
ENSRNOG00000007585	Hoxb8	increased_loop_count	2598	315	2283	2	6	4	0	0	0	1	1	0	1	5	4
ENSRNOG00000001588	Hoxd13	unchanged_loop_count	243	315	-72	6	6	0	1	1	0	1	1	0	4	4	0
ENSRNOG00000001580	Hoxd9	unchanged_loop_count	243	315	-72	6	6	0	0	0	0	1	1	0	5	5	0
ENSRNOG00000010598	Hs3st1	unchanged_loop_count	243	315	-72	6	6	0	2	2	0	1	1	0	3	3	0
ENSRNOG00000022189	Htatip2	increased_loop_count	447	315	132	5	6	1	1	1	0	2	2	0	2	3	1
ENSRNOG00000015020	Idh1	unchanged_loop_count	243	315	-72	6	6	0	3	3	0	3	3	0	0	0	0
ENSRNOG00000061910	Igfbp3	unchanged_loop_count	243	315	-72	6	6	0	2	2	0	2	2	0	2	2	0
ENSRNOG00000049959	Igsf21	unchanged_loop_count	243	315	-72	6	6	0	0	0	0	1	1	0	5	5	0
ENSRNOG00000014322	Kazn	unchanged_loop_count	243	315	-72	6	6	0	3	3	0	2	2	0	1	1	0
ENSRNOG00000047363	Kcnk13	unchanged_loop_count	243	315	-72	6	6	0	2	2	0	3	3	0	1	1	0
ENSRNOG00000013781	Kcnq5	unchanged_loop_count	243	315	-72	6	6	0	1	1	0	2	2	0	3	3	0
ENSRNOG00000009145	Klf12	unchanged_loop_count	243	315	-72	6	6	0	0	0	0	0	0	0	6	6	0
ENSRNOG00000046242	Klf7	unchanged_loop_count	243	315	-72	6	6	0	0	1	1	4	4	0	2	1	-1
ENSRNOG00000011720	L3mbtl3	unchanged_loop_count	243	315	-72	6	6	0	0	0	0	1	1	0	5	5	0
ENSRNOG00000024616	LOC100362783	increased_loop_count	2598	315	2283	2	6	4	1	1	0	1	3	2	0	2	2
ENSRNOG00000017427	LOC100909840	unchanged_loop_count	243	315	-72	6	6	0	1	1	0	1	1	0	4	4	0
ENSRNOG00000058444	LOC100912489	decreased_loop_count	127	315	-188	7	6	-1	2	2	0	1	1	0	4	3	-1
ENSRNOG00000059949	LOC102549061	decreased_loop_count	127	315	-188	7	6	-1	0	0	0	2	1	-1	5	5	0
ENSRNOG00000068433	LOC102555338	unchanged_loop_count	243	315	-72	6	6	0	1	1	0	2	2	0	3	3	0
ENSRNOG00000062523	LOC120093241	unchanged_loop_count	243	315	-72	6	6	0	0	0	0	0	0	0	6	6	0
ENSRNOG00000065117	LOC120094051	decreased_loop_count	127	315	-188	7	6	-1	2	1	-1	4	4	0	1	1	0
ENSRNOG00000064093	LOC120096432	unchanged_loop_count	243	315	-72	6	6	0	0	0	0	0	0	0	6	6	0
ENSRNOG00000034790	LOC120097579	unchanged_loop_count	243	315	-72	6	6	0	3	3	0	2	2	0	1	1	0
ENSRNOG00000062432	LOC120098019	increased_loop_count	831	315	516	4	6	2	0	2	2	2	2	0	2	2	0
ENSRNOG00000051896	LOC120098051	increased_loop_count	447	315	132	5	6	1	1	1	0	3	3	0	1	2	1
ENSRNOG00000052457	LOC120098053	increased_loop_count	1472	315	1157	3	6	3	0	1	1	0	2	2	3	3	0
ENSRNOG00000066118	LOC120098751	unchanged_loop_count	243	315	-72	6	6	0	1	1	0	2	2	0	3	3	0
ENSRNOG00000054921	LOC120100438	unchanged_loop_count	243	315	-72	6	6	0	2	2	0	2	2	0	2	2	0
ENSRNOG00000022555	LOC497899	unchanged_loop_count	243	315	-72	6	6	0	1	1	0	1	1	0	4	4	0
ENSRNOG00000027821	Lcn9	increased_loop_count	447	315	132	5	6	1	1	2	1	1	1	0	3	3	0
ENSRNOG00000016636	Lpin3	unchanged_loop_count	243	315	-72	6	6	0	0	0	0	2	2	0	4	4	0
ENSRNOG00000037204	Lyrm9	decreased_loop_count	127	315	-188	7	6	-1	1	1	0	2	1	-1	4	4	0
ENSRNOG00000067338	Maml3	unchanged_loop_count	243	315	-72	6	6	0	1	1	0	4	4	0	1	1	0
ENSRNOG00000021184	Mark2	unchanged_loop_count	243	315	-72	6	6	0	2	2	0	3	3	0	1	1	0
ENSRNOG00000015059	Mcfd2	unchanged_loop_count	243	315	-72	6	6	0	0	0	0	0	0	0	6	6	0
ENSRNOG00000028047	Mecr	unchanged_loop_count	243	315	-72	6	6	0	0	0	0	5	5	0	1	1	0
ENSRNOG00000007003	Mei1	unchanged_loop_count	243	315	-72	6	6	0	2	2	0	2	2	0	2	2	0
ENSRNOG00000004730	Meis2	unchanged_loop_count	243	315	-72	6	6	0	2	2	0	1	1	0	3	3	0
ENSRNOG00000060497	Metazoa_SRP	increased_loop_count	447	315	132	5	6	1	0	0	0	3	3	0	2	3	1
ENSRNOG00000011431	Mfhas1	unchanged_loop_count	243	315	-72	6	6	0	2	2	0	4	4	0	0	0	0
ENSRNOG00000024954	Mgat5b	unchanged_loop_count	243	315	-72	6	6	0	0	0	0	3	3	0	3	3	0
ENSRNOG00000064399	Mir100hgl	unchanged_loop_count	243	315	-72	6	6	0	1	1	0	4	4	0	1	1	0
ENSRNOG00000035593	Mir124-3	unchanged_loop_count	243	315	-72	6	6	0	2	2	0	3	3	0	1	1	0
ENSRNOG00000035516	Mir132	increased_loop_count	1472	315	1157	3	6	3	1	1	0	1	1	0	1	4	3
ENSRNOG00000041787	Mir1903	unchanged_loop_count	243	315	-72	6	6	0	0	0	0	1	1	0	5	5	0
ENSRNOG00000035476	Mir212	increased_loop_count	1472	315	1157	3	6	3	1	1	0	1	1	0	1	4	3
ENSRNOG00000036265	Mir488	increased_loop_count	831	315	516	4	6	2	0	1	1	1	1	0	3	4	1
ENSRNOG00000007850	Mok	unchanged_loop_count	243	315	-72	6	6	0	0	0	0	2	2	0	4	4	0
ENSRNOG00000025338	Msi2	unchanged_loop_count	243	315	-72	6	6	0	0	0	0	0	0	0	6	6	0
ENSRNOG00000046443	Mthfsd	increased_loop_count	2598	315	2283	2	6	4	0	2	2	0	2	2	2	2	0
ENSRNOG00000004500	Myc	unchanged_loop_count	243	315	-72	6	6	0	1	1	0	2	2	0	3	3	0
ENSRNOG00000003890	Nap1l1	unchanged_loop_count	243	315	-72	6	6	0	2	2	0	2	2	0	2	2	0
ENSRNOG00000017852	Nars	unchanged_loop_count	243	315	-72	6	6	0	0	0	0	0	0	0	6	6	0
ENSRNOG00000008425	Nav1	increased_loop_count	447	315	132	5	6	1	0	0	0	1	1	0	4	5	1
ENSRNOG00000031890	Ncam1	increased_loop_count	831	315	516	4	6	2	1	2	1	2	2	0	1	2	1
ENSRNOG00000010696	Neil2	unchanged_loop_count	243	315	-72	6	6	0	1	1	0	2	2	0	3	3	0
ENSRNOG00000010972	Neurog2	unchanged_loop_count	243	315	-72	6	6	0	0	0	0	2	2	0	4	4	0
ENSRNOG00000006966	Nfia	unchanged_loop_count	243	315	-72	6	6	0	2	2	0	1	1	0	3	3	0
ENSRNOG00000018069	Ngdn	unchanged_loop_count	243	315	-72	6	6	0	3	3	0	2	2	0	1	1	0
ENSRNOG00000014795	Nr2f1	unchanged_loop_count	243	315	-72	6	6	0	0	0	0	0	0	0	6	6	0
ENSRNOG00000010744	Nrp1	unchanged_loop_count	243	315	-72	6	6	0	0	0	0	1	1	0	5	5	0
ENSRNOG00000008178	Nxn	increased_loop_count	1472	315	1157	3	6	3	1	2	1	2	4	2	0	0	0
ENSRNOG00000008095	Onecut1	unchanged_loop_count	243	315	-72	6	6	0	0	0	0	2	2	0	4	4	0
ENSRNOG00000003915	Pacc1	unchanged_loop_count	243	315	-72	6	6	0	0	0	0	4	4	0	2	2	0
ENSRNOG00000019883	Pak4	unchanged_loop_count	243	315	-72	6	6	0	2	2	0	3	3	0	1	1	0
ENSRNOG00000033527	Pappa	increased_loop_count	1472	315	1157	3	6	3	0	0	0	1	2	1	2	4	2
ENSRNOG00000008892	Parp2	unchanged_loop_count	243	315	-72	6	6	0	1	1	0	2	2	0	3	3	0
ENSRNOG00000065348	Pax9	unchanged_loop_count	243	315	-72	6	6	0	0	0	0	2	2	0	4	4	0
ENSRNOG00000063070	Pcdhgc3	unchanged_loop_count	243	315	-72	6	6	0	0	0	0	5	5	0	1	1	0
ENSRNOG00000005438	Pcsk2	unchanged_loop_count	243	315	-72	6	6	0	1	1	0	2	2	0	3	3	0
ENSRNOG00000013140	Pdzd2	unchanged_loop_count	243	315	-72	6	6	0	1	1	0	4	4	0	1	1	0
ENSRNOG00000015406	Pgm5	unchanged_loop_count	243	315	-72	6	6	0	0	0	0	2	2	0	4	4	0
ENSRNOG00000057996	Phactr3	unchanged_loop_count	243	315	-72	6	6	0	1	1	0	4	4	0	1	1	0
ENSRNOG00000010681	Pitx2	unchanged_loop_count	243	315	-72	6	6	0	1	1	0	2	2	0	3	3	0
ENSRNOG00000003338	Pmp22	unchanged_loop_count	243	315	-72	6	6	0	1	1	0	3	3	0	2	2	0
ENSRNOG00000001199	Pop5	increased_loop_count	831	315	516	4	6	2	0	1	1	2	3	1	2	2	0
ENSRNOG00000011500	Pou2af1	unchanged_loop_count	243	315	-72	6	6	0	0	0	0	1	1	0	5	5	0
ENSRNOG00000000068	Ppp2r5a	unchanged_loop_count	243	315	-72	6	6	0	2	2	0	3	3	0	1	1	0
ENSRNOG00000010630	Prcp	unchanged_loop_count	243	315	-72	6	6	0	2	2	0	2	2	0	2	2	0
ENSRNOG00000058329	Prrx2	unchanged_loop_count	243	315	-72	6	6	0	0	0	0	1	1	0	5	5	0
ENSRNOG00000017093	Pxdc1	decreased_loop_count	80	315	-235	8	6	-2	0	0	0	2	1	-1	6	5	-1
ENSRNOG00000036713	RGD1563217	unchanged_loop_count	243	315	-72	6	6	0	1	1	0	3	3	0	2	2	0
ENSRNOG00000053859	Ranbp6	increased_loop_count	447	315	132	5	6	1	0	0	0	1	1	0	4	5	1
ENSRNOG00000014316	Rapgef1	increased_loop_count	447	315	132	5	6	1	1	1	0	1	2	1	3	3	0
ENSRNOG00000002097	Rasl11b	unchanged_loop_count	243	315	-72	6	6	0	1	1	0	4	4	0	1	1	0
ENSRNOG00000018767	Rbm17	unchanged_loop_count	243	315	-72	6	6	0	1	1	0	2	2	0	3	3	0
ENSRNOG00000057183	Rnu6-212	increased_loop_count	1472	315	1157	3	6	3	0	1	1	2	3	1	1	2	1
ENSRNOG00000016896	Rpl3	increased_loop_count	1472	315	1157	3	6	3	1	3	2	1	1	0	1	2	1
ENSRNOG00000054493	Rpph1	unchanged_loop_count	243	315	-72	6	6	0	1	1	0	2	2	0	3	3	0
ENSRNOG00000049442	Rps28-ps1	unchanged_loop_count	243	315	-72	6	6	0	0	0	0	0	0	0	6	6	0
ENSRNOG00000011927	Sdc3	increased_loop_count	447	315	132	5	6	1	2	2	0	2	2	0	1	2	1
ENSRNOG00000016254	Sema4c	increased_loop_count	4632	315	4317	1	6	5	1	2	1	0	2	2	0	2	2
ENSRNOG00000006806	Setmar	unchanged_loop_count	243	315	-72	6	6	0	0	0	0	1	1	0	5	5	0
ENSRNOG00000010358	Sh3rf1	increased_loop_count	2598	315	2283	2	6	4	0	0	0	0	0	0	2	6	4
ENSRNOG00000046791	Sh3rf3	unchanged_loop_count	243	315	-72	6	6	0	0	0	0	3	3	0	3	3	0
ENSRNOG00000031266	Siae	increased_loop_count	447	315	132	5	6	1	1	2	1	3	4	1	1	0	-1
ENSRNOG00000016753	Slc14a1	unchanged_loop_count	243	315	-72	6	6	0	2	2	0	2	2	0	2	2	0
ENSRNOG00000004510	Slc35b1	increased_loop_count	831	315	516	4	6	2	3	4	1	1	2	1	0	0	0
ENSRNOG00000067988	Slc5a3	unchanged_loop_count	243	315	-72	6	6	0	2	2	0	3	3	0	1	1	0
ENSRNOG00000007377	Slit3	increased_loop_count	831	315	516	4	6	2	0	1	1	2	2	0	2	3	1
ENSRNOG00000065643	Sox4	unchanged_loop_count	243	315	-72	6	6	0	1	1	0	3	3	0	2	2	0
ENSRNOG00000028187	Sp9	unchanged_loop_count	243	315	-72	6	6	0	0	0	0	1	1	0	5	5	0
ENSRNOG00000050805	Spacdr	increased_loop_count	1472	315	1157	3	6	3	1	1	0	2	3	1	0	2	2
ENSRNOG00000010078	Spag1	increased_loop_count	831	315	516	4	6	2	0	1	1	2	3	1	2	2	0
ENSRNOG00000003273	Spata20	unchanged_loop_count	243	315	-72	6	6	0	1	1	0	3	3	0	2	2	0
ENSRNOG00000028235	Spr-ps1	unchanged_loop_count	243	315	-72	6	6	0	2	2	0	3	3	0	1	1	0
ENSRNOG00000005209	Spred1	increased_loop_count	831	315	516	4	6	2	1	2	1	2	2	0	1	2	1
ENSRNOG00000070996	Spred1	increased_loop_count	831	315	516	4	6	2	1	2	1	2	2	0	1	2	1
ENSRNOG00000016213	Ssbp2	increased_loop_count	831	315	516	4	6	2	2	3	1	1	2	1	1	1	0
ENSRNOG00000015389	Stag1	unchanged_loop_count	243	315	-72	6	6	0	1	1	0	2	2	0	3	3	0
ENSRNOG00000027066	Stk32a	unchanged_loop_count	243	315	-72	6	6	0	2	2	0	3	3	0	1	1	0
ENSRNOG00000016145	Strn4	increased_loop_count	1472	315	1157	3	6	3	1	3	2	1	2	1	1	1	0
ENSRNOG00000026096	Taar9	unchanged_loop_count	243	315	-72	6	6	0	1	1	0	2	2	0	3	3	0
ENSRNOG00000061876	Tas1r2	increased_loop_count	447	315	132	5	6	1	0	0	0	2	3	1	3	3	0
ENSRNOG00000028523	Tctn1	unchanged_loop_count	243	315	-72	6	6	0	2	2	0	3	3	0	1	1	0
ENSRNOG00000015488	Tead1	unchanged_loop_count	243	315	-72	6	6	0	0	0	0	3	3	0	3	3	0
ENSRNOG00000015522	Tfap2a	unchanged_loop_count	243	315	-72	6	6	0	0	0	0	0	0	0	6	6	0
ENSRNOG00000004687	Thbd	unchanged_loop_count	243	315	-72	6	6	0	1	1	0	1	1	0	4	4	0
ENSRNOG00000010941	Tifa	decreased_loop_count	127	315	-188	7	6	-1	2	2	0	2	1	-1	3	3	0
ENSRNOG00000047314	Tk1	unchanged_loop_count	243	315	-72	6	6	0	0	0	0	2	2	0	4	4	0
ENSRNOG00000013013	Tle3	unchanged_loop_count	243	315	-72	6	6	0	0	0	0	2	2	0	4	4	0
ENSRNOG00000007713	Tmcc3	increased_loop_count	831	315	516	4	6	2	0	0	0	1	2	1	3	4	1
ENSRNOG00000042501	Tmem250	unchanged_loop_count	243	315	-72	6	6	0	2	2	0	2	2	0	2	2	0
ENSRNOG00000012808	Tmem259	decreased_loop_count	127	315	-188	7	6	-1	2	1	-1	4	4	0	1	1	0
ENSRNOG00000010777	Tox	unchanged_loop_count	243	315	-72	6	6	0	0	0	0	1	1	0	5	5	0
ENSRNOG00000047957	Traf5	decreased_loop_count	127	315	-188	7	6	-1	1	1	0	4	3	-1	2	2	0
ENSRNOG00000056135	Tsc22d3	increased_loop_count	447	315	132	5	6	1	1	1	0	2	2	0	2	3	1
ENSRNOG00000013938	Tshz3	unchanged_loop_count	243	315	-72	6	6	0	0	0	0	2	2	0	4	4	0
ENSRNOG00000010813	Tspan14	increased_loop_count	831	315	516	4	6	2	1	3	2	2	2	0	1	1	0
ENSRNOG00000051620	Tspan9	unchanged_loop_count	243	315	-72	6	6	0	1	1	0	4	4	0	1	1	0
ENSRNOG00000054969	U1	unchanged_loop_count	243	315	-72	6	6	0	1	1	0	3	3	0	2	2	0
ENSRNOG00000000567	Unc5b	unchanged_loop_count	243	315	-72	6	6	0	2	2	0	3	3	0	1	1	0
ENSRNOG00000007422	Vav2	unchanged_loop_count	243	315	-72	6	6	0	4	4	0	2	2	0	0	0	0
ENSRNOG00000003039	Wnt3a	increased_loop_count	831	315	516	4	6	2	0	1	1	1	2	1	3	3	0
ENSRNOG00000007869	Wscd1	unchanged_loop_count	243	315	-72	6	6	0	0	0	0	3	3	0	3	3	0
ENSRNOG00000014564	Yipf5	unchanged_loop_count	243	315	-72	6	6	0	0	0	0	0	0	0	6	6	0
ENSRNOG00000023197	Zfp608	unchanged_loop_count	243	315	-72	6	6	0	0	0	0	3	3	0	3	3	0
ENSRNOG00000063038	4930596D02Rikl2	increased_loop_count	4632	567	4065	1	5	4	0	0	0	0	0	0	1	5	4
ENSRNOG00000017273	A630001G21Rikl	unchanged_loop_count	447	567	-120	5	5	0	3	3	0	1	1	0	1	1	0
ENSRNOG00000030563	AABR07013798	unchanged_loop_count	447	567	-120	5	5	0	1	1	0	1	1	0	3	3	0
ENSRNOG00000058011	AABR07018244.2	increased_loop_count	2598	567	2031	2	5	3	0	1	1	0	2	2	2	2	0
ENSRNOG00000051261	AABR07021536.1	new_gene_in_sensitivity	NA	567	NA	0	5	5	0	0	0	0	2	2	0	3	3
ENSRNOG00000030638	AABR07028748.1	unchanged_loop_count	447	567	-120	5	5	0	0	0	0	3	3	0	2	2	0
ENSRNOG00000053112	AABR07031767.1	unchanged_loop_count	447	567	-120	5	5	0	0	0	0	1	1	0	4	4	0
ENSRNOG00000029926	AABR07056668	unchanged_loop_count	447	567	-120	5	5	0	0	0	0	4	3	-1	1	2	1
ENSRNOG00000056565	AABR07059002.1	unchanged_loop_count	447	567	-120	5	5	0	1	1	0	1	1	0	3	3	0
ENSRNOG00000048371	AABR07059232.1	unchanged_loop_count	447	567	-120	5	5	0	0	0	0	2	2	0	3	3	0
ENSRNOG00000034052	AABR07071482	unchanged_loop_count	447	567	-120	5	5	0	0	0	0	2	2	0	3	3	0
ENSRNOG00000031483	AABR07071482.1	unchanged_loop_count	447	567	-120	5	5	0	0	0	0	2	2	0	3	3	0
ENSRNOG00000005758	Abtb3	unchanged_loop_count	447	567	-120	5	5	0	0	0	0	1	1	0	4	4	0
ENSRNOG00000042533	Accsl	unchanged_loop_count	447	567	-120	5	5	0	1	1	0	3	3	0	1	1	0
ENSRNOG00000006744	Acyp1	unchanged_loop_count	447	567	-120	5	5	0	1	1	0	2	2	0	2	2	0
ENSRNOG00000054257	Adam10	unchanged_loop_count	447	567	-120	5	5	0	0	0	0	2	2	0	3	3	0
ENSRNOG00000016812	Adamts16	unchanged_loop_count	447	567	-120	5	5	0	2	2	0	2	2	0	1	1	0
ENSRNOG00000037080	Adamts17	unchanged_loop_count	447	567	-120	5	5	0	0	0	0	2	2	0	3	3	0
ENSRNOG00000012655	Adamts6	increased_loop_count	2598	567	2031	2	5	3	0	0	0	0	3	3	2	2	0
ENSRNOG00000005574	Adamts8	unchanged_loop_count	447	567	-120	5	5	0	1	1	0	3	3	0	1	1	0
ENSRNOG00000021256	Adra1d	unchanged_loop_count	447	567	-120	5	5	0	2	2	0	2	2	0	1	1	0
ENSRNOG00000008533	Ago2	unchanged_loop_count	447	567	-120	5	5	0	0	0	0	0	0	0	5	5	0
ENSRNOG00000025065	Airim	increased_loop_count	4632	567	4065	1	5	4	0	1	1	1	3	2	0	1	1
ENSRNOG00000050040	Akr1c13	unchanged_loop_count	447	567	-120	5	5	0	0	0	0	2	2	0	3	3	0
ENSRNOG00000062679	Akr1c13	unchanged_loop_count	447	567	-120	5	5	0	0	0	0	2	2	0	3	3	0
ENSRNOG00000017165	Akr1e2	unchanged_loop_count	447	567	-120	5	5	0	0	0	0	2	2	0	3	3	0
ENSRNOG00000055049	Aldh1a2	unchanged_loop_count	447	567	-120	5	5	0	1	1	0	3	3	0	1	1	0
ENSRNOG00000008683	Alk	unchanged_loop_count	447	567	-120	5	5	0	2	2	0	2	2	0	1	1	0
ENSRNOG00000027906	Ankrd11	increased_loop_count	1472	567	905	3	5	2	0	0	0	2	3	1	1	2	1
ENSRNOG00000008786	Ap1b1	increased_loop_count	1472	567	905	3	5	2	0	2	2	2	2	0	1	1	0
ENSRNOG00000003088	Arhgap31	unchanged_loop_count	447	567	-120	5	5	0	1	1	0	2	2	0	2	2	0
ENSRNOG00000015852	Arhgap35	increased_loop_count	831	567	264	4	5	1	1	1	0	2	3	1	1	1	0
ENSRNOG00000008924	Arhgef12	unchanged_loop_count	447	567	-120	5	5	0	2	2	0	2	2	0	1	1	0
ENSRNOG00000005763	Arl1	unchanged_loop_count	447	567	-120	5	5	0	2	2	0	2	2	0	1	1	0
ENSRNOG00000000508	Armc12	unchanged_loop_count	447	567	-120	5	5	0	0	0	0	2	2	0	3	3	0
ENSRNOG00000058308	Asic2	decreased_loop_count	243	567	-324	6	5	-1	0	0	0	2	2	0	4	3	-1
ENSRNOG00000030862	Atp6v1h	unchanged_loop_count	447	567	-120	5	5	0	2	2	0	2	2	0	1	1	0
ENSRNOG00000003719	Atpaf2	unchanged_loop_count	447	567	-120	5	5	0	0	0	0	2	2	0	3	3	0
ENSRNOG00000003114	B4galt4	unchanged_loop_count	447	567	-120	5	5	0	1	1	0	3	3	0	1	1	0
ENSRNOG00000043102	Bahcc1	unchanged_loop_count	447	567	-120	5	5	0	3	3	0	2	2	0	0	0	0
ENSRNOG00000026913	Bbs10	unchanged_loop_count	447	567	-120	5	5	0	1	1	0	1	1	0	3	3	0
ENSRNOG00000058430	Bcdin3d	unchanged_loop_count	447	567	-120	5	5	0	2	2	0	2	2	0	1	1	0
ENSRNOG00000024437	Blcap	decreased_loop_count	243	567	-324	6	5	-1	0	0	0	5	4	-1	1	1	0
ENSRNOG00000006505	Borcs5	increased_loop_count	4632	567	4065	1	5	4	0	0	0	1	1	0	0	4	4
ENSRNOG00000000524	C20h6orf89	unchanged_loop_count	447	567	-120	5	5	0	1	1	0	2	2	0	2	2	0
ENSRNOG00000014857	C2h1orf52	unchanged_loop_count	447	567	-120	5	5	0	1	1	0	1	1	0	3	3	0
ENSRNOG00000060407	Cacna1i	unchanged_loop_count	447	567	-120	5	5	0	1	1	0	2	2	0	2	2	0
ENSRNOG00000004060	Calm1	unchanged_loop_count	447	567	-120	5	5	0	0	0	0	1	1	0	4	4	0
ENSRNOG00000067086	Calm1	unchanged_loop_count	447	567	-120	5	5	0	0	0	0	1	1	0	4	4	0
ENSRNOG00000038202	Calml4	increased_loop_count	1472	567	905	3	5	2	0	0	0	1	1	0	2	4	2
ENSRNOG00000012932	Ccdc146	unchanged_loop_count	447	567	-120	5	5	0	0	0	0	2	2	0	3	3	0
ENSRNOG00000002052	Ccdc80	decreased_loop_count	243	567	-324	6	5	-1	0	0	0	3	2	-1	3	3	0
ENSRNOG00000021851	Ccl1	increased_loop_count	1472	567	905	3	5	2	0	1	1	0	1	1	3	3	0
ENSRNOG00000060825	Ccm2	increased_loop_count	831	567	264	4	5	1	1	1	0	2	3	1	1	1	0
ENSRNOG00000062959	Ccnd2	unchanged_loop_count	447	567	-120	5	5	0	2	2	0	1	1	0	2	2	0
ENSRNOG00000028415	Cdc20	unchanged_loop_count	447	567	-120	5	5	0	0	0	0	3	3	0	2	2	0
ENSRNOG00000031431	Cdca8	increased_loop_count	4632	567	4065	1	5	4	0	1	1	1	3	2	0	1	1
ENSRNOG00000023262	Cenpm	unchanged_loop_count	447	567	-120	5	5	0	0	0	0	3	3	0	2	2	0
ENSRNOG00000067409	Cfap299	unchanged_loop_count	447	567	-120	5	5	0	0	0	0	3	3	0	2	2	0
ENSRNOG00000036585	Cfap43	unchanged_loop_count	447	567	-120	5	5	0	0	0	0	0	0	0	5	5	0
ENSRNOG00000047406	Cfap90	unchanged_loop_count	447	567	-120	5	5	0	0	0	0	2	2	0	3	3	0
ENSRNOG00000045771	Chl1	unchanged_loop_count	447	567	-120	5	5	0	0	0	0	4	4	0	1	1	0
ENSRNOG00000009411	Chn2	increased_loop_count	831	567	264	4	5	1	0	0	0	2	2	0	2	3	1
ENSRNOG00000013829	Chrna3	unchanged_loop_count	447	567	-120	5	5	0	1	1	0	3	3	0	1	1	0
ENSRNOG00000021714	Cibar2	unchanged_loop_count	447	567	-120	5	5	0	0	0	0	2	2	0	3	3	0
ENSRNOG00000030914	Cimap2	increased_loop_count	4632	567	4065	1	5	4	0	2	2	0	1	1	1	2	1
ENSRNOG00000016460	Clu	unchanged_loop_count	447	567	-120	5	5	0	1	1	0	2	2	0	2	2	0
ENSRNOG00000020113	Cnnm2	unchanged_loop_count	447	567	-120	5	5	0	1	1	0	2	2	0	2	2	0
ENSRNOG00000004438	Cntn1	unchanged_loop_count	447	567	-120	5	5	0	1	1	0	2	2	0	2	2	0
ENSRNOG00000026415	Col14a1	unchanged_loop_count	447	567	-120	5	5	0	2	2	0	2	2	0	1	1	0
ENSRNOG00000033618	Col28a1	increased_loop_count	2598	567	2031	2	5	3	0	0	0	2	2	0	0	3	3
ENSRNOG00000010474	Copg1	unchanged_loop_count	447	567	-120	5	5	0	0	0	0	2	2	0	3	3	0
ENSRNOG00000002302	Corin	increased_loop_count	831	567	264	4	5	1	1	1	0	2	3	1	1	1	0
ENSRNOG00000014656	Cox8b	new_gene_in_sensitivity	NA	567	NA	0	5	5	0	0	0	0	3	3	0	2	2
ENSRNOG00000006534	Crbn	unchanged_loop_count	447	567	-120	5	5	0	2	2	0	2	2	0	1	1	0
ENSRNOG00000015220	Crtac1	unchanged_loop_count	447	567	-120	5	5	0	2	2	0	1	1	0	2	2	0
ENSRNOG00000010649	Ctnnd2	unchanged_loop_count	447	567	-120	5	5	0	0	0	0	0	0	0	5	5	0
ENSRNOG00000011541	Cygb	unchanged_loop_count	447	567	-120	5	5	0	0	0	0	1	1	0	4	4	0
ENSRNOG00000011132	D430041D05Rikl	unchanged_loop_count	447	567	-120	5	5	0	1	1	0	1	1	0	3	3	0
ENSRNOG00000057078	Ddit4	unchanged_loop_count	447	567	-120	5	5	0	3	3	0	2	2	0	0	0	0
ENSRNOG00000005551	Derl1	increased_loop_count	831	567	264	4	5	1	1	0	-1	2	2	0	1	3	2
ENSRNOG00000004549	Dhx40	increased_loop_count	831	567	264	4	5	1	0	0	0	3	4	1	1	1	0
ENSRNOG00000062383	Dio2	unchanged_loop_count	447	567	-120	5	5	0	1	1	0	1	1	0	3	3	0
ENSRNOG00000006364	Dld	unchanged_loop_count	447	567	-120	5	5	0	0	0	0	0	0	0	5	5	0
ENSRNOG00000030408	Dnajb12	increased_loop_count	1472	567	905	3	5	2	0	0	0	0	2	2	3	3	0
ENSRNOG00000015894	Dock8	unchanged_loop_count	447	567	-120	5	5	0	0	0	0	2	3	1	3	2	-1
ENSRNOG00000045585	Dpy19l2	unchanged_loop_count	447	567	-120	5	5	0	1	1	0	2	2	0	2	2	0
ENSRNOG00000018992	Dpysl3	unchanged_loop_count	447	567	-120	5	5	0	1	1	0	2	2	0	2	2	0
ENSRNOG00000023400	Dtx3l	unchanged_loop_count	447	567	-120	5	5	0	2	2	0	2	2	0	1	1	0
ENSRNOG00000013112	Dusp13	unchanged_loop_count	447	567	-120	5	5	0	2	2	0	1	1	0	2	2	0
ENSRNOG00000009700	Dync1i1	increased_loop_count	2598	567	2031	2	5	3	0	0	0	1	2	1	1	3	2
ENSRNOG00000029273	E2f3	increased_loop_count	831	567	264	4	5	1	0	0	0	2	3	1	2	2	0
ENSRNOG00000032693	ENSRNOG00000032693	increased_loop_count	831	567	264	4	5	1	0	1	1	2	2	0	2	2	0
ENSRNOG00000062377	ENSRNOG00000062377	increased_loop_count	831	567	264	4	5	1	0	1	1	1	1	0	3	3	0
ENSRNOG00000062519	ENSRNOG00000062519	unchanged_loop_count	447	567	-120	5	5	0	0	0	0	2	2	0	3	3	0
ENSRNOG00000062562	ENSRNOG00000062562	new_gene_in_sensitivity	NA	567	NA	0	5	5	0	0	0	0	4	4	0	1	1
ENSRNOG00000062829	ENSRNOG00000062829	unchanged_loop_count	447	567	-120	5	5	0	1	1	0	1	1	0	3	3	0
ENSRNOG00000062956	ENSRNOG00000062956	unchanged_loop_count	447	567	-120	5	5	0	0	0	0	4	4	0	1	1	0
ENSRNOG00000063045	ENSRNOG00000063045	unchanged_loop_count	447	567	-120	5	5	0	2	2	0	2	2	0	1	1	0
ENSRNOG00000063439	ENSRNOG00000063439	unchanged_loop_count	447	567	-120	5	5	0	0	0	0	0	0	0	5	5	0
ENSRNOG00000063934	ENSRNOG00000063934	unchanged_loop_count	447	567	-120	5	5	0	0	0	0	3	3	0	2	2	0
ENSRNOG00000064014	ENSRNOG00000064014	unchanged_loop_count	447	567	-120	5	5	0	0	0	0	3	3	0	2	2	0
ENSRNOG00000064200	ENSRNOG00000064200	unchanged_loop_count	447	567	-120	5	5	0	1	1	0	2	2	0	2	2	0
ENSRNOG00000064218	ENSRNOG00000064218	unchanged_loop_count	447	567	-120	5	5	0	0	0	0	3	3	0	2	2	0
ENSRNOG00000064247	ENSRNOG00000064247	increased_loop_count	2598	567	2031	2	5	3	0	0	0	0	3	3	2	2	0
ENSRNOG00000065152	ENSRNOG00000065152	unchanged_loop_count	447	567	-120	5	5	0	1	1	0	3	3	0	1	1	0
ENSRNOG00000065376	ENSRNOG00000065376	unchanged_loop_count	447	567	-120	5	5	0	3	3	0	1	1	0	1	1	0
ENSRNOG00000065775	ENSRNOG00000065775	unchanged_loop_count	447	567	-120	5	5	0	0	0	0	2	2	0	3	3	0
ENSRNOG00000065782	ENSRNOG00000065782	unchanged_loop_count	447	567	-120	5	5	0	0	0	0	0	0	0	5	5	0
ENSRNOG00000066030	ENSRNOG00000066030	unchanged_loop_count	447	567	-120	5	5	0	0	0	0	1	1	0	4	4	0
ENSRNOG00000066083	ENSRNOG00000066083	decreased_loop_count	243	567	-324	6	5	-1	1	1	0	5	4	-1	0	0	0
ENSRNOG00000066184	ENSRNOG00000066184	unchanged_loop_count	447	567	-120	5	5	0	0	0	0	0	0	0	5	5	0
ENSRNOG00000067041	ENSRNOG00000067041	unchanged_loop_count	447	567	-120	5	5	0	0	0	0	2	2	0	3	3	0
ENSRNOG00000067269	ENSRNOG00000067269	unchanged_loop_count	447	567	-120	5	5	0	0	0	0	3	3	0	2	2	0
ENSRNOG00000067332	ENSRNOG00000067332	unchanged_loop_count	447	567	-120	5	5	0	0	0	0	1	1	0	4	4	0
ENSRNOG00000067341	ENSRNOG00000067341	increased_loop_count	831	567	264	4	5	1	0	0	0	2	2	0	2	3	1
ENSRNOG00000067430	ENSRNOG00000067430	unchanged_loop_count	447	567	-120	5	5	0	2	2	0	1	1	0	2	2	0
ENSRNOG00000067491	ENSRNOG00000067491	increased_loop_count	1472	567	905	3	5	2	0	2	2	1	1	0	2	2	0
ENSRNOG00000067920	ENSRNOG00000067920	unchanged_loop_count	447	567	-120	5	5	0	1	1	0	2	2	0	2	2	0
ENSRNOG00000068335	ENSRNOG00000068335	increased_loop_count	1472	567	905	3	5	2	0	1	1	1	2	1	2	2	0
ENSRNOG00000068442	ENSRNOG00000068442	increased_loop_count	4632	567	4065	1	5	4	0	1	1	0	3	3	1	1	0
ENSRNOG00000068851	ENSRNOG00000068851	unchanged_loop_count	447	567	-120	5	5	0	0	0	0	1	1	0	4	4	0
ENSRNOG00000068951	ENSRNOG00000068951	increased_loop_count	831	567	264	4	5	1	0	1	1	0	1	1	4	3	-1
ENSRNOG00000069217	ENSRNOG00000069217	increased_loop_count	831	567	264	4	5	1	1	2	1	3	3	0	0	0	0
ENSRNOG00000069233	ENSRNOG00000069233	decreased_loop_count	243	567	-324	6	5	-1	1	1	0	1	1	0	4	3	-1
ENSRNOG00000069760	ENSRNOG00000069760	unchanged_loop_count	447	567	-120	5	5	0	1	1	0	2	2	0	2	2	0
ENSRNOG00000069809	ENSRNOG00000069809	unchanged_loop_count	447	567	-120	5	5	0	2	2	0	1	1	0	2	2	0
ENSRNOG00000069814	ENSRNOG00000069814	unchanged_loop_count	447	567	-120	5	5	0	0	0	0	0	0	0	5	5	0
ENSRNOG00000070152	ENSRNOG00000070152	unchanged_loop_count	447	567	-120	5	5	0	2	2	0	2	2	0	1	1	0
ENSRNOG00000070295	ENSRNOG00000070295	unchanged_loop_count	447	567	-120	5	5	0	0	0	0	1	1	0	4	4	0
ENSRNOG00000070388	ENSRNOG00000070388	unchanged_loop_count	447	567	-120	5	5	0	0	0	0	1	1	0	4	4	0
ENSRNOG00000070419	ENSRNOG00000070419	new_gene_in_sensitivity	NA	567	NA	0	5	5	0	0	0	0	0	0	0	5	5
ENSRNOG00000071081	ENSRNOG00000071081	unchanged_loop_count	447	567	-120	5	5	0	1	1	0	2	2	0	2	2	0
ENSRNOG00000071123	ENSRNOG00000071123	unchanged_loop_count	447	567	-120	5	5	0	0	0	0	3	3	0	2	2	0
ENSRNOG00000023576	Ecrg4	increased_loop_count	831	567	264	4	5	1	0	0	0	2	2	0	2	3	1
ENSRNOG00000009482	Emx2	increased_loop_count	2598	567	2031	2	5	3	0	1	1	2	2	0	0	2	2
ENSRNOG00000052894	Epg5	unchanged_loop_count	447	567	-120	5	5	0	2	2	0	2	2	0	1	1	0
ENSRNOG00000007865	Ephb1	unchanged_loop_count	447	567	-120	5	5	0	0	0	0	2	2	0	3	3	0
ENSRNOG00000009968	Ercc8	unchanged_loop_count	447	567	-120	5	5	0	0	0	0	1	1	0	4	4	0
ENSRNOG00000056209	Exo1	unchanged_loop_count	447	567	-120	5	5	0	0	0	0	3	3	0	2	2	0
ENSRNOG00000038825	Fabp12	unchanged_loop_count	447	567	-120	5	5	0	0	0	0	2	2	0	3	3	0
ENSRNOG00000024605	Fam220a	unchanged_loop_count	447	567	-120	5	5	0	0	0	0	3	3	0	2	2	0
ENSRNOG00000004395	Fbxw11	increased_loop_count	1472	567	905	3	5	2	0	0	0	2	3	1	1	2	1
ENSRNOG00000048389	Fgf18	increased_loop_count	1472	567	905	3	5	2	0	0	0	1	1	0	2	4	2
ENSRNOG00000017524	Fgf8	unchanged_loop_count	447	567	-120	5	5	0	0	0	0	3	3	0	2	2	0
ENSRNOG00000031760	Fmn1	unchanged_loop_count	447	567	-120	5	5	0	1	1	0	2	2	0	2	2	0
ENSRNOG00000001104	Foxk1	unchanged_loop_count	447	567	-120	5	5	0	4	4	0	1	1	0	0	0	0
ENSRNOG00000047125	Foxl1	unchanged_loop_count	447	567	-120	5	5	0	1	1	0	2	2	0	2	2	0
ENSRNOG00000062645	Foxo1l	unchanged_loop_count	447	567	-120	5	5	0	0	0	0	2	2	0	3	3	0
ENSRNOG00000000299	Foxo3	decreased_loop_count	243	567	-324	6	5	-1	1	1	0	1	1	0	4	3	-1
ENSRNOG00000002746	Fstl1	unchanged_loop_count	447	567	-120	5	5	0	2	2	0	1	1	0	2	2	0
ENSRNOG00000014862	Gabrg3	unchanged_loop_count	447	567	-120	5	5	0	0	0	0	2	2	0	3	3	0
ENSRNOG00000005615	Gadd45a	unchanged_loop_count	447	567	-120	5	5	0	1	1	0	3	3	0	1	1	0
ENSRNOG00000062552	Garem1	unchanged_loop_count	447	567	-120	5	5	0	1	1	0	2	2	0	2	2	0
ENSRNOG00000006046	Gdf7	unchanged_loop_count	447	567	-120	5	5	0	1	1	0	2	2	0	2	2	0
ENSRNOG00000069998	Gid4	increased_loop_count	1472	567	905	3	5	2	0	0	0	0	2	2	3	3	0
ENSRNOG00000020169	Gimap8	unchanged_loop_count	447	567	-120	5	5	0	1	1	0	3	3	0	1	1	0
ENSRNOG00000008855	Gjb2	unchanged_loop_count	447	567	-120	5	5	0	1	1	0	2	2	0	2	2	0
ENSRNOG00000019465	Gnai3	decreased_loop_count	243	567	-324	6	5	-1	1	1	0	5	4	-1	0	0	0
ENSRNOG00000006237	Gpr37l1	decreased_loop_count	243	567	-324	6	5	-1	2	1	-1	1	1	0	3	3	0
ENSRNOG00000036834	Gpr84	increased_loop_count	2598	567	2031	2	5	3	0	1	1	1	2	1	1	2	1
ENSRNOG00000016013	Gprc5b	unchanged_loop_count	447	567	-120	5	5	0	0	0	0	1	1	0	4	4	0
ENSRNOG00000003990	Grb2	unchanged_loop_count	447	567	-120	5	5	0	1	1	0	2	2	0	2	2	0
ENSRNOG00000054204	Gria2	unchanged_loop_count	447	567	-120	5	5	0	0	0	0	1	1	0	4	4	0
ENSRNOG00000017489	Gse1	unchanged_loop_count	447	567	-120	5	5	0	0	0	0	2	2	0	3	3	0
ENSRNOG00000065255	Gsg1l	unchanged_loop_count	447	567	-120	5	5	0	0	0	0	1	1	0	4	4	0
ENSRNOG00000028746	Gsto1	unchanged_loop_count	447	567	-120	5	5	0	0	0	0	0	0	0	5	5	0
ENSRNOG00000016148	Gtse1	unchanged_loop_count	447	567	-120	5	5	0	0	0	0	3	3	0	2	2	0
ENSRNOG00000009440	Gucy1b2	increased_loop_count	4632	567	4065	1	5	4	0	0	0	0	0	0	1	5	4
ENSRNOG00000003242	Gulp1	unchanged_loop_count	447	567	-120	5	5	0	0	0	0	0	0	0	5	5	0
ENSRNOG00000067441	H1f2	unchanged_loop_count	447	567	-120	5	5	0	0	0	0	0	0	0	5	5	0
ENSRNOG00000023969	Herc6	increased_loop_count	1472	567	905	3	5	2	0	0	0	2	3	1	1	2	1
ENSRNOG00000057619	Hic1	unchanged_loop_count	447	567	-120	5	5	0	1	1	0	3	3	0	1	1	0
ENSRNOG00000000622	Hint1	unchanged_loop_count	447	567	-120	5	5	0	1	1	0	2	2	0	2	2	0
ENSRNOG00000014190	Hint3	unchanged_loop_count	447	567	-120	5	5	0	0	0	0	1	1	0	4	4	0
ENSRNOG00000007034	Hipk2	unchanged_loop_count	447	567	-120	5	5	0	1	1	0	1	1	0	3	3	0
ENSRNOG00000054978	Hist1h1c	unchanged_loop_count	447	567	-120	5	5	0	0	0	0	0	0	0	5	5	0
ENSRNOG00000049649	Hist1h2ah	decreased_loop_count	243	567	-324	6	5	-1	0	0	0	1	0	-1	5	5	0
ENSRNOG00000053845	Hist1h2bl	decreased_loop_count	243	567	-324	6	5	-1	1	1	0	1	1	0	4	3	-1
ENSRNOG00000014460	Hivep1	unchanged_loop_count	447	567	-120	5	5	0	1	1	0	1	1	0	3	3	0
ENSRNOG00000016905	Hmg20a	unchanged_loop_count	447	567	-120	5	5	0	1	1	0	2	2	0	2	2	0
ENSRNOG00000057061	Hoxa13	increased_loop_count	831	567	264	4	5	1	0	0	0	0	1	1	4	4	0
ENSRNOG00000042480	Hoxd8	unchanged_loop_count	447	567	-120	5	5	0	0	0	0	1	1	0	4	4	0
ENSRNOG00000071108	Hoxd8	unchanged_loop_count	447	567	-120	5	5	0	0	0	0	1	1	0	4	4	0
ENSRNOG00000061160	Htra4	increased_loop_count	4632	567	4065	1	5	4	0	0	0	1	4	3	0	1	1
ENSRNOG00000007237	Id2	unchanged_loop_count	447	567	-120	5	5	0	0	0	0	1	1	0	4	4	0
ENSRNOG00000006227	Ifih1	unchanged_loop_count	447	567	-120	5	5	0	0	0	0	0	0	0	5	5	0
ENSRNOG00000006440	Ift27	unchanged_loop_count	447	567	-120	5	5	0	1	1	0	2	2	0	2	2	0
ENSRNOG00000010194	Ift43	unchanged_loop_count	447	567	-120	5	5	0	1	1	0	2	2	0	2	2	0
ENSRNOG00000024630	Igsf23	unchanged_loop_count	447	567	-120	5	5	0	3	3	0	1	1	0	1	1	0
ENSRNOG00000007604	Igsf8	unchanged_loop_count	447	567	-120	5	5	0	1	1	0	1	1	0	3	3	0
ENSRNOG00000009253	Igsf9b	unchanged_loop_count	447	567	-120	5	5	0	1	1	0	2	2	0	2	2	0
ENSRNOG00000032929	Incenp	unchanged_loop_count	447	567	-120	5	5	0	0	0	0	2	2	0	3	3	0
ENSRNOG00000007601	Inhbe	unchanged_loop_count	447	567	-120	5	5	0	0	0	0	3	3	0	2	2	0
ENSRNOG00000069187	Inip	unchanged_loop_count	447	567	-120	5	5	0	1	1	0	2	2	0	2	2	0
ENSRNOG00000011026	Irf2bpl	unchanged_loop_count	447	567	-120	5	5	0	2	2	0	3	3	0	0	0	0
ENSRNOG00000033609	Irx1	unchanged_loop_count	447	567	-120	5	5	0	0	0	0	2	2	0	3	3	0
ENSRNOG00000011533	Irx3	increased_loop_count	831	567	264	4	5	1	0	0	0	1	2	1	3	3	0
ENSRNOG00000054561	Isg20	unchanged_loop_count	447	567	-120	5	5	0	1	1	0	1	1	0	3	3	0
ENSRNOG00000059968	Jak2	unchanged_loop_count	447	567	-120	5	5	0	1	1	0	2	2	0	2	2	0
ENSRNOG00000004751	Jkamp	increased_loop_count	4632	567	4065	1	5	4	0	0	0	0	0	0	1	5	4
ENSRNOG00000024310	Kcnf1	unchanged_loop_count	447	567	-120	5	5	0	0	0	0	3	3	0	2	2	0
ENSRNOG00000005985	Kcnma1	unchanged_loop_count	447	567	-120	5	5	0	2	2	0	3	3	0	0	0	0
ENSRNOG00000014741	Kcnu1	unchanged_loop_count	447	567	-120	5	5	0	0	0	0	0	0	0	5	5	0
ENSRNOG00000069221	Kctd16	unchanged_loop_count	447	567	-120	5	5	0	0	0	0	1	1	0	4	4	0
ENSRNOG00000052424	Kiaa1671	new_gene_in_sensitivity	NA	567	NA	0	5	5	0	2	2	0	3	3	0	0	0
ENSRNOG00000001455	Kif13a	unchanged_loop_count	447	567	-120	5	5	0	0	0	0	3	3	0	2	2	0
ENSRNOG00000016408	Kirrel1	unchanged_loop_count	447	567	-120	5	5	0	2	2	0	2	2	0	1	1	0
ENSRNOG00000006118	Klf10	increased_loop_count	1472	567	905	3	5	2	1	2	1	2	2	0	0	1	1
ENSRNOG00000016299	Klf4	unchanged_loop_count	447	567	-120	5	5	0	1	1	0	1	1	0	3	3	0
ENSRNOG00000007124	Krcc1	increased_loop_count	1472	567	905	3	5	2	0	1	1	0	1	1	3	3	0
ENSRNOG00000068519	LOC100910620	unchanged_loop_count	447	567	-120	5	5	0	1	1	0	1	1	0	3	3	0
ENSRNOG00000069640	LOC102551114	unchanged_loop_count	447	567	-120	5	5	0	1	1	0	0	0	0	4	4	0
ENSRNOG00000053557	LOC102553386	new_gene_in_sensitivity	NA	567	NA	0	5	5	0	0	0	0	2	2	0	3	3
ENSRNOG00000060492	LOC103690190	decreased_loop_count	243	567	-324	6	5	-1	1	1	0	1	1	0	4	3	-1
ENSRNOG00000070815	LOC103691814	unchanged_loop_count	447	567	-120	5	5	0	0	0	0	3	3	0	2	2	0
ENSRNOG00000066582	LOC108352541	unchanged_loop_count	447	567	-120	5	5	0	0	0	0	1	1	0	4	4	0
ENSRNOG00000059370	LOC120093474	unchanged_loop_count	447	567	-120	5	5	0	1	1	0	1	1	0	3	3	0
ENSRNOG00000065976	LOC120094021	unchanged_loop_count	447	567	-120	5	5	0	2	2	0	1	1	0	2	2	0
ENSRNOG00000060736	LOC120094416	unchanged_loop_count	447	567	-120	5	5	0	0	0	0	3	3	0	2	2	0
ENSRNOG00000060932	LOC120094473	unchanged_loop_count	447	567	-120	5	5	0	0	0	0	3	3	0	2	2	0
ENSRNOG00000067349	LOC120094551	unchanged_loop_count	447	567	-120	5	5	0	0	0	0	1	1	0	4	4	0
ENSRNOG00000059399	LOC120095444	unchanged_loop_count	447	567	-120	5	5	0	0	0	0	0	0	0	5	5	0
ENSRNOG00000057969	LOC120095454	unchanged_loop_count	447	567	-120	5	5	0	0	0	0	0	0	0	5	5	0
ENSRNOG00000059646	LOC120096809	unchanged_loop_count	447	567	-120	5	5	0	1	1	0	1	1	0	3	3	0
ENSRNOG00000060757	LOC120096813	unchanged_loop_count	447	567	-120	5	5	0	0	0	0	2	2	0	3	3	0
ENSRNOG00000035975	LOC120097639	increased_loop_count	2598	567	2031	2	5	3	0	1	1	0	2	2	2	2	0
ENSRNOG00000066256	LOC120098017	increased_loop_count	2598	567	2031	2	5	3	0	1	1	0	2	2	2	2	0
ENSRNOG00000059165	LOC120098043	increased_loop_count	831	567	264	4	5	1	0	0	0	3	3	0	1	2	1
ENSRNOG00000055927	LOC120098378	decreased_loop_count	243	567	-324	6	5	-1	1	1	0	3	3	0	2	1	-1
ENSRNOG00000070475	LOC120101171	unchanged_loop_count	447	567	-120	5	5	0	0	0	0	2	2	0	3	3	0
ENSRNOG00000066196	LOC120101636	new_gene_in_sensitivity	NA	567	NA	0	5	5	0	0	0	0	1	1	0	4	4
ENSRNOG00000061517	LOC120102051	unchanged_loop_count	447	567	-120	5	5	0	0	0	0	1	1	0	4	4	0
ENSRNOG00000065344	LOC120102099	unchanged_loop_count	447	567	-120	5	5	0	0	0	0	0	0	0	5	5	0
ENSRNOG00000069671	LOC120102122	increased_loop_count	1472	567	905	3	5	2	0	0	0	2	2	0	1	3	2
ENSRNOG00000057142	LOC120102688	increased_loop_count	831	567	264	4	5	1	0	1	1	2	2	0	2	2	0
ENSRNOG00000060772	LOC120102711	unchanged_loop_count	447	567	-120	5	5	0	2	2	0	2	2	0	1	1	0
ENSRNOG00000063604	LOC134479892	unchanged_loop_count	447	567	-120	5	5	0	0	0	0	0	0	0	5	5	0
ENSRNOG00000045646	LOC684762	decreased_loop_count	243	567	-324	6	5	-1	0	0	0	1	0	-1	5	5	0
ENSRNOG00000046109	LOC689574	unchanged_loop_count	447	567	-120	5	5	0	0	0	0	1	1	0	4	4	0
ENSRNOG00000013742	Large1	increased_loop_count	4632	567	4065	1	5	4	0	0	0	1	2	1	0	3	3
ENSRNOG00000051192	Lhfpl7	increased_loop_count	831	567	264	4	5	1	1	1	0	3	3	0	0	1	1
ENSRNOG00000013774	Lmnb1	unchanged_loop_count	447	567	-120	5	5	0	0	0	0	3	3	0	2	2	0
ENSRNOG00000017410	Loxhd1	unchanged_loop_count	447	567	-120	5	5	0	1	1	0	2	2	0	2	2	0
ENSRNOG00000008098	Lrrc4	unchanged_loop_count	447	567	-120	5	5	0	1	1	0	3	3	0	1	1	0
ENSRNOG00000026585	Lrrc66	increased_loop_count	1472	567	905	3	5	2	0	1	1	2	3	1	1	1	0
ENSRNOG00000005409	Lrrc9	increased_loop_count	4632	567	4065	1	5	4	0	1	1	0	3	3	1	1	0
ENSRNOG00000012730	Lrrk1	unchanged_loop_count	447	567	-120	5	5	0	0	0	0	2	2	0	3	3	0
ENSRNOG00000006368	Lrrn3	unchanged_loop_count	447	567	-120	5	5	0	0	0	0	2	2	0	3	3	0
ENSRNOG00000020903	Lto1	unchanged_loop_count	447	567	-120	5	5	0	0	0	0	0	0	0	5	5	0
ENSRNOG00000014201	Manf	increased_loop_count	2598	567	2031	2	5	3	0	0	0	1	2	1	1	3	2
ENSRNOG00000028526	Mansc1	unchanged_loop_count	447	567	-120	5	5	0	0	0	0	1	1	0	4	4	0
ENSRNOG00000017428	Map1b	unchanged_loop_count	447	567	-120	5	5	0	0	0	0	2	2	0	3	3	0
ENSRNOG00000014832	Mapkapk3	unchanged_loop_count	447	567	-120	5	5	0	2	2	0	1	1	0	2	2	0
ENSRNOG00000008961	Mapre3	increased_loop_count	1472	567	905	3	5	2	0	0	0	1	3	2	2	2	0
ENSRNOG00000014021	Matn4	unchanged_loop_count	447	567	-120	5	5	0	1	1	0	3	3	0	1	1	0
ENSRNOG00000015024	Mcoln3	unchanged_loop_count	447	567	-120	5	5	0	2	2	0	1	1	0	2	2	0
ENSRNOG00000016224	Meak7	increased_loop_count	1472	567	905	3	5	2	1	2	1	1	2	1	1	1	0
ENSRNOG00000003614	Mgat5	increased_loop_count	2598	567	2031	2	5	3	0	0	0	1	1	0	1	4	3
ENSRNOG00000061337	Mindy2	increased_loop_count	1472	567	905	3	5	2	0	0	0	0	2	2	3	3	0
ENSRNOG00000035499	Mir124-2	increased_loop_count	831	567	264	4	5	1	0	0	0	1	1	0	3	4	1
ENSRNOG00000035550	Mir125b1	unchanged_loop_count	447	567	-120	5	5	0	1	1	0	3	3	0	1	1	0
ENSRNOG00000035526	Mir3588	unchanged_loop_count	447	567	-120	5	5	0	1	1	0	1	1	0	3	3	0
ENSRNOG00000035636	Mirlet7b	increased_loop_count	831	567	264	4	5	1	3	3	0	1	1	0	0	1	1
ENSRNOG00000035461	Mirlet7c2	increased_loop_count	1472	567	905	3	5	2	2	3	1	1	1	0	0	1	1
ENSRNOG00000011280	Mllt3	unchanged_loop_count	447	567	-120	5	5	0	0	0	0	1	1	0	4	4	0
ENSRNOG00000027489	Mn1	unchanged_loop_count	447	567	-120	5	5	0	1	1	0	1	1	0	3	3	0
ENSRNOG00000062406	Mosmo	unchanged_loop_count	447	567	-120	5	5	0	1	1	0	3	3	0	1	1	0
ENSRNOG00000027901	Mrm1	unchanged_loop_count	447	567	-120	5	5	0	0	0	0	2	2	0	3	3	0
ENSRNOG00000024426	Mro	unchanged_loop_count	447	567	-120	5	5	0	0	0	0	2	2	0	3	3	0
ENSRNOG00000004401	Mrpl13	increased_loop_count	1472	567	905	3	5	2	0	1	1	2	2	0	1	2	1
ENSRNOG00000019497	Mrpl17	unchanged_loop_count	447	567	-120	5	5	0	1	1	0	2	2	0	2	2	0
ENSRNOG00000006968	Mrpl19	unchanged_loop_count	447	567	-120	5	5	0	0	0	0	0	0	0	5	5	0
ENSRNOG00000059381	Mrps6	increased_loop_count	831	567	264	4	5	1	2	2	0	2	2	0	0	1	1
ENSRNOG00000021294	Mstn	increased_loop_count	1472	567	905	3	5	2	0	0	0	1	3	2	2	2	0
ENSRNOG00000004412	Mtbp	increased_loop_count	1472	567	905	3	5	2	0	1	1	2	2	0	1	2	1
ENSRNOG00000009001	Mtss1	unchanged_loop_count	447	567	-120	5	5	0	1	1	0	2	2	0	2	2	0
ENSRNOG00000016010	Mul1	unchanged_loop_count	447	567	-120	5	5	0	2	2	0	0	0	0	3	3	0
ENSRNOG00000034078	Mxi1	unchanged_loop_count	447	567	-120	5	5	0	2	2	0	3	3	0	0	0	0
ENSRNOG00000014259	Mycl	unchanged_loop_count	447	567	-120	5	5	0	1	1	0	2	2	0	2	2	0
ENSRNOG00000018914	Napg	unchanged_loop_count	447	567	-120	5	5	0	1	1	0	2	2	0	2	2	0
ENSRNOG00000008580	Nbn	unchanged_loop_count	447	567	-120	5	5	0	1	1	0	2	2	0	2	2	0
ENSRNOG00000055079	Ndufaf2	unchanged_loop_count	447	567	-120	5	5	0	0	0	0	1	1	0	4	4	0
ENSRNOG00000004487	Nek2	unchanged_loop_count	447	567	-120	5	5	0	0	0	0	2	2	0	3	3	0
ENSRNOG00000012924	Nemp2	unchanged_loop_count	447	567	-120	5	5	0	0	0	0	3	3	0	2	2	0
ENSRNOG00000022975	Nfam1	unchanged_loop_count	447	567	-120	5	5	0	1	1	0	1	1	0	3	3	0
ENSRNOG00000007390	Nfkbia	increased_loop_count	831	567	264	4	5	1	1	2	1	3	3	0	0	0	0
ENSRNOG00000056907	Nipbl	unchanged_loop_count	447	567	-120	5	5	0	1	1	0	3	3	0	1	1	0
ENSRNOG00000002149	Nkx6-1	unchanged_loop_count	447	567	-120	5	5	0	1	1	0	2	2	0	2	2	0
ENSRNOG00000017622	Npm3	unchanged_loop_count	447	567	-120	5	5	0	1	1	0	2	2	0	2	2	0
ENSRNOG00000018854	Nppc	unchanged_loop_count	447	567	-120	5	5	0	1	1	0	2	2	0	2	2	0
ENSRNOG00000066437	Ntm	unchanged_loop_count	447	567	-120	5	5	0	0	0	0	2	2	0	3	3	0
ENSRNOG00000002711	Nuf2	unchanged_loop_count	447	567	-120	5	5	0	1	1	0	3	3	0	1	1	0
ENSRNOG00000009653	Numb	unchanged_loop_count	447	567	-120	5	5	0	0	0	0	2	2	0	3	3	0
ENSRNOG00000023809	Opcml	unchanged_loop_count	447	567	-120	5	5	0	1	1	0	1	1	0	3	3	0
ENSRNOG00000012109	Otulinl	unchanged_loop_count	447	567	-120	5	5	0	0	0	0	2	2	0	3	3	0
ENSRNOG00000056487	Oxr1	unchanged_loop_count	447	567	-120	5	5	0	0	0	0	1	1	0	4	4	0
ENSRNOG00000061328	Pag1	unchanged_loop_count	447	567	-120	5	5	0	0	0	0	2	2	0	3	3	0
ENSRNOG00000067120	Paqr8	unchanged_loop_count	447	567	-120	5	5	0	0	0	0	1	1	0	4	4	0
ENSRNOG00000023463	Parp9	unchanged_loop_count	447	567	-120	5	5	0	2	2	0	2	2	0	1	1	0
ENSRNOG00000019265	Pcdh12	unchanged_loop_count	447	567	-120	5	5	0	1	1	0	2	2	0	2	2	0
ENSRNOG00000001628	Pcp4	unchanged_loop_count	447	567	-120	5	5	0	1	1	0	2	2	0	2	2	0
ENSRNOG00000011310	Pde10a	unchanged_loop_count	447	567	-120	5	5	0	1	1	0	3	3	0	1	1	0
ENSRNOG00000042519	Peak1	unchanged_loop_count	447	567	-120	5	5	0	1	1	0	2	2	0	2	2	0
ENSRNOG00000051929	Phox2b	unchanged_loop_count	447	567	-120	5	5	0	2	2	0	2	2	0	1	1	0
ENSRNOG00000015232	Pip5k1b	unchanged_loop_count	447	567	-120	5	5	0	1	1	0	3	3	0	1	1	0
ENSRNOG00000003997	Pld5	unchanged_loop_count	447	567	-120	5	5	0	0	0	0	1	1	0	4	4	0
ENSRNOG00000002907	Plekha6	unchanged_loop_count	447	567	-120	5	5	0	1	1	0	1	1	0	3	3	0
ENSRNOG00000015932	Plgrkt	increased_loop_count	831	567	264	4	5	1	0	0	0	1	2	1	3	3	0
ENSRNOG00000007324	Plxna2	unchanged_loop_count	447	567	-120	5	5	0	0	0	0	2	2	0	3	3	0
ENSRNOG00000012022	Pou2af2	new_gene_in_sensitivity	NA	567	NA	0	5	5	0	0	0	0	2	2	0	3	3
ENSRNOG00000027408	Ppid	unchanged_loop_count	447	567	-120	5	5	0	1	1	0	4	4	0	0	0	0
ENSRNOG00000000523	Ppil1	unchanged_loop_count	447	567	-120	5	5	0	1	1	0	2	2	0	2	2	0
ENSRNOG00000000780	Ppp1r11	increased_loop_count	2598	567	2031	2	5	3	0	0	0	1	3	2	1	2	1
ENSRNOG00000015614	Ppp1r16b	unchanged_loop_count	447	567	-120	5	5	0	2	2	0	2	2	0	1	1	0
ENSRNOG00000011158	Ppp2r2a	unchanged_loop_count	447	567	-120	5	5	0	1	1	0	3	3	0	1	1	0
ENSRNOG00000016940	Ppp2r2d	unchanged_loop_count	447	567	-120	5	5	0	2	2	0	2	2	0	1	1	0
ENSRNOG00000003951	Psmc1	unchanged_loop_count	447	567	-120	5	5	0	1	1	0	1	1	0	3	3	0
ENSRNOG00000037580	Psmd8	unchanged_loop_count	447	567	-120	5	5	0	1	1	0	3	3	0	1	1	0
ENSRNOG00000039265	Psmg4	increased_loop_count	1472	567	905	3	5	2	0	0	0	1	4	3	2	1	-1
ENSRNOG00000030712	RT1-A2	unchanged_loop_count	447	567	-120	5	5	0	1	1	0	3	3	0	1	1	0
ENSRNOG00000031090	RT1-CE7	unchanged_loop_count	447	567	-120	5	5	0	1	1	0	2	2	0	2	2	0
ENSRNOG00000014135	Rab11fip4	unchanged_loop_count	447	567	-120	5	5	0	0	0	0	1	1	0	4	4	0
ENSRNOG00000042086	Rab26	increased_loop_count	831	567	264	4	5	1	0	0	0	3	4	1	1	1	0
ENSRNOG00000002736	Rabgap1l	unchanged_loop_count	447	567	-120	5	5	0	0	0	0	1	1	0	4	4	0
ENSRNOG00000002347	Ralgdsl1	unchanged_loop_count	447	567	-120	5	5	0	1	1	0	1	1	0	3	3	0
ENSRNOG00000053766	Ramp3	unchanged_loop_count	447	567	-120	5	5	0	1	1	0	2	2	0	2	2	0
ENSRNOG00000004917	Rasal2	increased_loop_count	831	567	264	4	5	1	0	0	0	1	2	1	3	3	0
ENSRNOG00000002345	Rasgef1b	unchanged_loop_count	447	567	-120	5	5	0	0	0	0	0	0	0	5	5	0
ENSRNOG00000014161	Rbm15b	unchanged_loop_count	447	567	-120	5	5	0	0	0	0	2	2	0	3	3	0
ENSRNOG00000025823	Rbm46	unchanged_loop_count	447	567	-120	5	5	0	1	1	0	2	2	0	2	2	0
ENSRNOG00000026295	Rbpjl	unchanged_loop_count	447	567	-120	5	5	0	1	1	0	3	3	0	1	1	0
ENSRNOG00000019468	Rce1	unchanged_loop_count	447	567	-120	5	5	0	0	0	0	2	2	0	3	3	0
ENSRNOG00000027592	Rerg	unchanged_loop_count	447	567	-120	5	5	0	1	1	0	1	1	0	3	3	0
ENSRNOG00000017916	Rexo1	unchanged_loop_count	447	567	-120	5	5	0	3	3	0	1	1	0	1	1	0
ENSRNOG00000030568	Rgs12	increased_loop_count	1472	567	905	3	5	2	2	2	0	1	2	1	0	1	1
ENSRNOG00000018070	Rnf182	unchanged_loop_count	447	567	-120	5	5	0	0	0	0	4	4	0	1	1	0
ENSRNOG00000006087	Rnf20	increased_loop_count	2598	567	2031	2	5	3	0	1	1	2	2	0	0	2	2
ENSRNOG00000016416	Rnh1	unchanged_loop_count	447	567	-120	5	5	0	2	2	0	1	1	0	2	2	0
ENSRNOG00000052749	Rnu5e-5	unchanged_loop_count	447	567	-120	5	5	0	1	1	0	1	1	0	3	3	0
ENSRNOG00000014214	Rpl27a	unchanged_loop_count	447	567	-120	5	5	0	0	0	0	3	3	0	2	2	0
ENSRNOG00000062739	Rpl37l3	unchanged_loop_count	447	567	-120	5	5	0	0	0	0	1	1	0	4	4	0
ENSRNOG00000066047	Rpl38	increased_loop_count	1472	567	905	3	5	2	0	0	0	3	3	0	0	2	2
ENSRNOG00000043412	Rps12l4	unchanged_loop_count	447	567	-120	5	5	0	2	2	0	2	2	0	1	1	0
ENSRNOG00000005958	Rrbp1	unchanged_loop_count	447	567	-120	5	5	0	0	0	0	0	0	0	5	5	0
ENSRNOG00000029893	Rwdd3	increased_loop_count	831	567	264	4	5	1	0	0	0	1	1	0	3	4	1
ENSRNOG00000023549	Samd5	increased_loop_count	831	567	264	4	5	1	0	0	0	2	2	0	2	3	1
ENSRNOG00000010188	Satb2	unchanged_loop_count	447	567	-120	5	5	0	0	0	0	2	2	0	3	3	0
ENSRNOG00000061622	Scarna16	increased_loop_count	2598	567	2031	2	5	3	1	2	1	1	1	0	0	2	2
ENSRNOG00000015049	Scn5a	increased_loop_count	2598	567	2031	2	5	3	0	2	2	1	2	1	1	1	0
ENSRNOG00000007687	Sema7a	increased_loop_count	831	567	264	4	5	1	1	2	1	2	2	0	1	1	0
ENSRNOG00000006545	Sept7	unchanged_loop_count	447	567	-120	5	5	0	1	1	0	3	3	0	1	1	0
ENSRNOG00000006120	Shh	unchanged_loop_count	447	567	-120	5	5	0	1	1	0	1	1	0	3	3	0
ENSRNOG00000016337	Slc22a1	increased_loop_count	831	567	264	4	5	1	0	0	0	0	0	0	4	5	1
ENSRNOG00000012356	Slc36a1	unchanged_loop_count	447	567	-120	5	5	0	2	2	0	2	2	0	1	1	0
ENSRNOG00000003134	Slc4a4	increased_loop_count	831	567	264	4	5	1	0	1	1	1	1	0	3	3	0
ENSRNOG00000026065	Slit1	increased_loop_count	1472	567	905	3	5	2	1	2	1	0	1	1	2	2	0
ENSRNOG00000027962	Smg7	unchanged_loop_count	447	567	-120	5	5	0	1	1	0	0	0	0	4	4	0
ENSRNOG00000019451	Smtn	unchanged_loop_count	447	567	-120	5	5	0	0	0	0	2	2	0	3	3	0
ENSRNOG00000006776	Smyd1	increased_loop_count	831	567	264	4	5	1	0	1	1	1	1	0	3	3	0
ENSRNOG00000055001	Snora3A	unchanged_loop_count	447	567	-120	5	5	0	0	0	0	3	3	0	2	2	0
ENSRNOG00000053089	Snora3B	unchanged_loop_count	447	567	-120	5	5	0	0	0	0	3	3	0	2	2	0
ENSRNOG00000011944	Snx10	increased_loop_count	1472	567	905	3	5	2	0	0	0	0	2	2	3	3	0
ENSRNOG00000059008	Socs7	increased_loop_count	4632	567	4065	1	5	4	1	4	3	0	1	1	0	0	0
ENSRNOG00000007033	Sorcs2	unchanged_loop_count	447	567	-120	5	5	0	2	2	0	2	2	0	1	1	0
ENSRNOG00000012199	Sox2	unchanged_loop_count	447	567	-120	5	5	0	0	0	0	2	2	0	3	3	0
ENSRNOG00000010934	Spa17	increased_loop_count	2598	567	2031	2	5	3	1	2	1	1	3	2	0	0	0
ENSRNOG00000017540	Spata3	unchanged_loop_count	447	567	-120	5	5	0	1	1	0	3	3	0	1	1	0
ENSRNOG00000016388	Sphkap	unchanged_loop_count	447	567	-120	5	5	0	0	0	0	1	1	0	4	4	0
ENSRNOG00000058003	Spon1	unchanged_loop_count	447	567	-120	5	5	0	1	1	0	2	2	0	2	2	0
ENSRNOG00000014720	Srbd1	unchanged_loop_count	447	567	-120	5	5	0	0	0	0	0	0	0	5	5	0
ENSRNOG00000004641	Sstr4	unchanged_loop_count	447	567	-120	5	5	0	0	0	0	1	1	0	4	4	0
ENSRNOG00000020425	Stim1	increased_loop_count	831	567	264	4	5	1	1	2	1	3	3	0	0	0	0
ENSRNOG00000004198	Stxbp6	unchanged_loop_count	447	567	-120	5	5	0	1	1	0	2	2	0	2	2	0
ENSRNOG00000050563	Sub1	unchanged_loop_count	447	567	-120	5	5	0	0	0	0	0	0	0	5	5	0
ENSRNOG00000001139	Suds3	unchanged_loop_count	447	567	-120	5	5	0	1	1	0	3	3	0	1	1	0
ENSRNOG00000021046	Sult2b1	unchanged_loop_count	447	567	-120	5	5	0	2	2	0	2	2	0	1	1	0
ENSRNOG00000050547	Syngr2	unchanged_loop_count	447	567	-120	5	5	0	0	0	0	1	1	0	4	4	0
ENSRNOG00000017114	Synj2	increased_loop_count	831	567	264	4	5	1	1	1	0	0	1	1	3	3	0
ENSRNOG00000014867	Synpo2	increased_loop_count	1472	567	905	3	5	2	1	1	0	1	3	2	1	1	0
ENSRNOG00000007874	Tamm41	unchanged_loop_count	447	567	-120	5	5	0	0	0	0	0	0	0	5	5	0
ENSRNOG00000006103	Tbc1d31	increased_loop_count	831	567	264	4	5	1	1	0	-1	2	2	0	1	3	2
ENSRNOG00000017282	Tesk2	unchanged_loop_count	447	567	-120	5	5	0	3	3	0	2	2	0	0	0	0
ENSRNOG00000001159	Tff3	increased_loop_count	1472	567	905	3	5	2	0	0	0	2	2	0	1	3	2
ENSRNOG00000006104	Tg	increased_loop_count	4632	567	4065	1	5	4	0	2	2	0	2	2	1	1	0
ENSRNOG00000009867	Tgfb3	unchanged_loop_count	447	567	-120	5	5	0	1	1	0	2	2	0	2	2	0
ENSRNOG00000045829	Thbs1	increased_loop_count	1472	567	905	3	5	2	0	0	0	1	1	0	2	4	2
ENSRNOG00000004303	Timp3	unchanged_loop_count	447	567	-120	5	5	0	1	1	0	2	2	0	2	2	0
ENSRNOG00000019914	Tlcd3b	unchanged_loop_count	447	567	-120	5	5	0	1	1	0	2	2	0	2	2	0
ENSRNOG00000003769	Tmem163	increased_loop_count	831	567	264	4	5	1	1	1	0	1	2	1	2	2	0
ENSRNOG00000065684	Tmem217b	unchanged_loop_count	447	567	-120	5	5	0	0	0	0	2	2	0	3	3	0
ENSRNOG00000046926	Tmem247	new_gene_in_sensitivity	NA	567	NA	0	5	5	0	0	0	0	0	0	0	5	5
ENSRNOG00000015347	Trim45	unchanged_loop_count	447	567	-120	5	5	0	1	1	0	2	2	0	2	2	0
ENSRNOG00000008978	Trmt12	unchanged_loop_count	447	567	-120	5	5	0	2	2	0	1	1	0	2	2	0
ENSRNOG00000020484	Trpm5	unchanged_loop_count	447	567	-120	5	5	0	1	1	0	3	3	0	1	1	0
ENSRNOG00000013877	Ttc23	increased_loop_count	1472	567	905	3	5	2	0	0	0	1	1	0	2	4	2
ENSRNOG00000065202	Uba52l1	unchanged_loop_count	447	567	-120	5	5	0	1	1	0	3	3	0	1	1	0
ENSRNOG00000017907	Ube2i	new_gene_in_sensitivity	NA	567	NA	0	5	5	0	0	0	0	2	2	0	3	3
ENSRNOG00000004137	Ubtd2	increased_loop_count	2598	567	2031	2	5	3	0	1	1	0	1	1	2	3	1
ENSRNOG00000043324	Upk2	decreased_loop_count	243	567	-324	6	5	-1	2	1	-1	2	2	0	2	2	0
ENSRNOG00000011058	Utrn	unchanged_loop_count	447	567	-120	5	5	0	1	1	0	2	2	0	2	2	0
ENSRNOG00000053017	Vamp9	unchanged_loop_count	447	567	-120	5	5	0	1	1	0	2	2	0	2	2	0
ENSRNOG00000065305	Vcpkmt	increased_loop_count	831	567	264	4	5	1	1	1	0	0	1	1	3	3	0
ENSRNOG00000019598	Vegfa	unchanged_loop_count	447	567	-120	5	5	0	3	3	0	2	2	0	0	0	0
ENSRNOG00000003827	Wipi1	unchanged_loop_count	447	567	-120	5	5	0	0	0	0	2	2	0	3	3	0
ENSRNOG00000003066	Wnt9a	unchanged_loop_count	447	567	-120	5	5	0	1	1	0	1	1	0	3	3	0
ENSRNOG00000008065	Wwc1	unchanged_loop_count	447	567	-120	5	5	0	0	0	0	1	1	0	4	4	0
ENSRNOG00000001729	Xxylt1	increased_loop_count	831	567	264	4	5	1	0	0	0	2	3	1	2	2	0
ENSRNOG00000012386	Zbtb38	unchanged_loop_count	447	567	-120	5	5	0	1	1	0	3	3	0	1	1	0
ENSRNOG00000027115	Zc2hc1c	unchanged_loop_count	447	567	-120	5	5	0	1	1	0	2	2	0	2	2	0
ENSRNOG00000022686	Zdhhc2	increased_loop_count	1472	567	905	3	5	2	0	0	0	0	2	2	3	3	0
ENSRNOG00000025140	Zfat	unchanged_loop_count	447	567	-120	5	5	0	0	0	0	2	2	0	3	3	0
ENSRNOG00000008765	Zfhx4	increased_loop_count	831	567	264	4	5	1	0	0	0	2	3	1	2	2	0
ENSRNOG00000011544	Zfp219	increased_loop_count	1472	567	905	3	5	2	1	2	1	1	2	1	1	1	0
ENSRNOG00000003215	Zfp287	unchanged_loop_count	447	567	-120	5	5	0	0	0	0	2	2	0	3	3	0
ENSRNOG00000047761	Zfp326	unchanged_loop_count	447	567	-120	5	5	0	0	0	0	3	3	0	2	2	0
ENSRNOG00000019065	Zfp385b	unchanged_loop_count	447	567	-120	5	5	0	0	0	0	1	1	0	4	4	0
ENSRNOG00000051756	Zfp62	unchanged_loop_count	447	567	-120	5	5	0	2	2	0	1	1	0	2	2	0
ENSRNOG00000031661	Zfp839	unchanged_loop_count	447	567	-120	5	5	0	0	0	0	1	1	0	4	4	0
ENSRNOG00000012524	Zfp91	unchanged_loop_count	447	567	-120	5	5	0	0	0	0	1	1	0	4	4	0
ENSRNOG00000000778	Znrd1as1	unchanged_loop_count	447	567	-120	5	5	0	0	0	0	3	3	0	2	2	0
ENSRNOG00000009639	Zrsr1	decreased_loop_count	243	567	-324	6	5	-1	1	1	0	1	1	0	4	3	-1
ENSRNOG00000017412	AABR07001512	unchanged_loop_count	831	989	-158	4	4	0	0	0	0	4	4	0	0	0	0
ENSRNOG00000018045	AABR07007730.1	increased_loop_count	1472	989	483	3	4	1	0	1	1	2	2	0	1	1	0
ENSRNOG00000056222	AABR07021636.1	increased_loop_count	4632	989	3643	1	4	3	0	0	0	0	3	3	1	1	0
ENSRNOG00000023091	AABR07022046	unchanged_loop_count	831	989	-158	4	4	0	0	0	0	2	2	0	2	2	0
ENSRNOG00000060417	AABR07028668	unchanged_loop_count	831	989	-158	4	4	0	1	1	0	0	0	0	3	3	0
ENSRNOG00000038610	AABR07034445	unchanged_loop_count	831	989	-158	4	4	0	0	0	0	1	1	0	3	3	0
ENSRNOG00000053144	AABR07052559.1	unchanged_loop_count	831	989	-158	4	4	0	0	0	0	0	0	0	4	4	0
ENSRNOG00000055829	AABR07053830.1	unchanged_loop_count	831	989	-158	4	4	0	0	0	0	1	1	0	3	3	0
ENSRNOG00000031486	AABR07059215.1	unchanged_loop_count	831	989	-158	4	4	0	0	0	0	1	1	0	3	3	0
ENSRNOG00000039626	AABR07059877.1	unchanged_loop_count	831	989	-158	4	4	0	0	0	0	0	0	0	4	4	0
ENSRNOG00000052878	AABR07067042.3	increased_loop_count	1472	989	483	3	4	1	0	0	0	0	1	1	3	3	0
ENSRNOG00000028330	AABR07067600.1	unchanged_loop_count	831	989	-158	4	4	0	2	2	0	0	0	0	2	2	0
ENSRNOG00000056825	AABR07072539.4	increased_loop_count	4632	989	3643	1	4	3	0	2	2	0	1	1	1	1	0
ENSRNOG00000046836	AC133403.1	increased_loop_count	4632	989	3643	1	4	3	0	2	2	1	2	1	0	0	0
ENSRNOG00000056767	AC136588	unchanged_loop_count	831	989	-158	4	4	0	1	1	0	1	1	0	2	2	0
ENSRNOG00000015666	Abcc12	unchanged_loop_count	831	989	-158	4	4	0	1	1	0	1	1	0	2	2	0
ENSRNOG00000007882	Ablim2	unchanged_loop_count	831	989	-158	4	4	0	1	1	0	1	1	0	2	2	0
ENSRNOG00000023989	Actr5	unchanged_loop_count	831	989	-158	4	4	0	0	0	0	1	1	0	3	3	0
ENSRNOG00000018384	Adam12	decreased_loop_count	447	989	-542	5	4	-1	0	0	0	1	1	0	4	3	-1
ENSRNOG00000002229	Adcy5	unchanged_loop_count	831	989	-158	4	4	0	1	1	0	2	2	0	1	1	0
ENSRNOG00000012820	Add3	increased_loop_count	1472	989	483	3	4	1	3	3	0	0	1	1	0	0	0
ENSRNOG00000003442	Adora1	unchanged_loop_count	831	989	-158	4	4	0	2	2	0	1	1	0	1	1	0
ENSRNOG00000026178	Adpgk	unchanged_loop_count	831	989	-158	4	4	0	0	0	0	2	2	0	2	2	0
ENSRNOG00000009522	Adra1a	unchanged_loop_count	831	989	-158	4	4	0	0	0	0	1	1	0	3	3	0
ENSRNOG00000047545	Adra2a	decreased_loop_count	447	989	-542	5	4	-1	1	1	0	3	3	0	1	0	-1
ENSRNOG00000013887	Adra2b	unchanged_loop_count	831	989	-158	4	4	0	1	1	0	3	3	0	0	0	0
ENSRNOG00000060665	Afap1	unchanged_loop_count	831	989	-158	4	4	0	2	2	0	1	1	0	1	1	0
ENSRNOG00000057569	Ahnak	unchanged_loop_count	831	989	-158	4	4	0	1	1	0	1	1	0	2	2	0
ENSRNOG00000000853	Aif1	increased_loop_count	1472	989	483	3	4	1	1	2	1	2	2	0	0	0	0
ENSRNOG00000050137	Ajap1	unchanged_loop_count	831	989	-158	4	4	0	0	0	0	3	3	0	1	1	0
ENSRNOG00000010964	Akap13	unchanged_loop_count	831	989	-158	4	4	0	1	1	0	1	1	0	2	2	0
ENSRNOG00000028211	Akap17a	unchanged_loop_count	831	989	-158	4	4	0	2	2	0	1	1	0	1	1	0
ENSRNOG00000001989	Alcam	unchanged_loop_count	831	989	-158	4	4	0	1	1	0	1	1	0	2	2	0
ENSRNOG00000005154	Alkal2	unchanged_loop_count	831	989	-158	4	4	0	1	1	0	2	2	0	1	1	0
ENSRNOG00000024917	Als2cr12	unchanged_loop_count	831	989	-158	4	4	0	0	0	0	3	3	0	1	1	0
ENSRNOG00000023995	Ankrd39	unchanged_loop_count	831	989	-158	4	4	0	0	0	0	2	2	0	2	2	0
ENSRNOG00000064008	Ankrd39	unchanged_loop_count	831	989	-158	4	4	0	0	0	0	2	2	0	2	2	0
ENSRNOG00000025504	Ankrd46	unchanged_loop_count	831	989	-158	4	4	0	0	0	0	2	2	0	2	2	0
ENSRNOG00000070627	Ankrd60	increased_loop_count	1472	989	483	3	4	1	0	0	0	0	1	1	3	3	0
ENSRNOG00000018650	Ap3m2	unchanged_loop_count	831	989	-158	4	4	0	2	2	0	1	1	0	1	1	0
ENSRNOG00000001353	Ap4m1	unchanged_loop_count	831	989	-158	4	4	0	0	0	0	1	1	0	3	3	0
ENSRNOG00000006795	Apmap	unchanged_loop_count	831	989	-158	4	4	0	2	2	0	2	2	0	0	0	0
ENSRNOG00000003500	Apoa2	unchanged_loop_count	831	989	-158	4	4	0	1	1	0	2	2	0	1	1	0
ENSRNOG00000024142	Arglu1	unchanged_loop_count	831	989	-158	4	4	0	0	0	0	1	1	0	3	3	0
ENSRNOG00000008659	Arhgap21	unchanged_loop_count	831	989	-158	4	4	0	0	0	0	3	3	0	1	1	0
ENSRNOG00000024728	Arhgap22	increased_loop_count	2598	989	1609	2	4	2	0	0	0	2	3	1	0	1	1
ENSRNOG00000022771	Arhgap23	increased_loop_count	1472	989	483	3	4	1	2	3	1	1	1	0	0	0	0
ENSRNOG00000004696	Arhgap5	unchanged_loop_count	831	989	-158	4	4	0	0	0	0	4	4	0	0	0	0
ENSRNOG00000007061	Arhgef33	unchanged_loop_count	831	989	-158	4	4	0	0	0	0	0	0	0	4	4	0
ENSRNOG00000014448	Arntl	unchanged_loop_count	831	989	-158	4	4	0	1	1	0	1	1	0	2	2	0
ENSRNOG00000019842	Artn	unchanged_loop_count	831	989	-158	4	4	0	1	1	0	2	2	0	1	1	0
ENSRNOG00000061519	Asap2	unchanged_loop_count	831	989	-158	4	4	0	0	0	0	2	2	0	2	2	0
ENSRNOG00000013591	Ascl3	unchanged_loop_count	831	989	-158	4	4	0	0	0	0	2	2	0	2	2	0
ENSRNOG00000028166	Asmtl	unchanged_loop_count	831	989	-158	4	4	0	2	2	0	1	1	0	1	1	0
ENSRNOG00000010861	Atad1	unchanged_loop_count	831	989	-158	4	4	0	0	0	0	3	3	0	1	1	0
ENSRNOG00000000322	Atg5	unchanged_loop_count	831	989	-158	4	4	0	0	0	0	0	0	0	4	4	0
ENSRNOG00000005063	Atl1	unchanged_loop_count	831	989	-158	4	4	0	0	0	0	3	3	0	1	1	0
ENSRNOG00000007290	Atp1a2	unchanged_loop_count	831	989	-158	4	4	0	0	0	0	1	1	0	3	3	0
ENSRNOG00000010027	Atr	increased_loop_count	2598	989	1609	2	4	2	0	0	0	2	2	0	0	2	2
ENSRNOG00000016998	Atxn1	unchanged_loop_count	831	989	-158	4	4	0	0	0	0	0	0	0	4	4	0
ENSRNOG00000010415	Atxn7l1	unchanged_loop_count	831	989	-158	4	4	0	0	0	0	2	2	0	2	2	0
ENSRNOG00000006419	Aven	increased_loop_count	4632	989	3643	1	4	3	0	0	0	0	2	2	1	2	1
ENSRNOG00000051405	Axdnd1	unchanged_loop_count	831	989	-158	4	4	0	1	1	0	2	2	0	1	1	0
ENSRNOG00000012420	Bcl9l	decreased_loop_count	447	989	-542	5	4	-1	3	3	0	1	1	0	1	0	-1
ENSRNOG00000001304	Bcr	unchanged_loop_count	831	989	-158	4	4	0	1	1	0	3	3	0	0	0	0
ENSRNOG00000014490	Bdh2	unchanged_loop_count	831	989	-158	4	4	0	0	0	0	1	1	0	3	3	0
ENSRNOG00000017463	Bloc1s3	decreased_loop_count	447	989	-542	5	4	-1	1	0	-1	3	3	0	1	1	0
ENSRNOG00000021276	Bmp2	unchanged_loop_count	831	989	-158	4	4	0	0	0	0	2	2	0	2	2	0
ENSRNOG00000071010	Bmp2	unchanged_loop_count	831	989	-158	4	4	0	0	0	0	2	2	0	2	2	0
ENSRNOG00000013717	Bmp6	unchanged_loop_count	831	989	-158	4	4	0	1	1	0	2	2	0	1	1	0
ENSRNOG00000020717	Bod1	unchanged_loop_count	831	989	-158	4	4	0	1	1	0	1	1	0	2	2	0
ENSRNOG00000014341	Btbd10	unchanged_loop_count	831	989	-158	4	4	0	0	0	0	3	3	0	1	1	0
ENSRNOG00000004284	Btg1	unchanged_loop_count	831	989	-158	4	4	0	0	0	0	1	1	0	3	3	0
ENSRNOG00000027633	C15h3orf49	decreased_loop_count	447	989	-542	5	4	-1	1	1	0	2	1	-1	2	2	0
ENSRNOG00000015546	C18h18orf21	unchanged_loop_count	831	989	-158	4	4	0	1	1	0	2	2	0	1	1	0
ENSRNOG00000027542	C1h10orf90	unchanged_loop_count	831	989	-158	4	4	0	0	0	0	1	1	0	3	3	0
ENSRNOG00000013713	C1h11orf16	unchanged_loop_count	831	989	-158	4	4	0	0	0	0	2	2	0	2	2	0
ENSRNOG00000016978	C1h16orf54	unchanged_loop_count	831	989	-158	4	4	0	0	0	0	0	0	0	4	4	0
ENSRNOG00000012807	C1qa	unchanged_loop_count	831	989	-158	4	4	0	1	1	0	1	1	0	2	2	0
ENSRNOG00000018378	Cacnb2	unchanged_loop_count	831	989	-158	4	4	0	0	0	0	0	0	0	4	4	0
ENSRNOG00000018712	Camk2a	unchanged_loop_count	831	989	-158	4	4	0	1	1	0	2	2	0	1	1	0
ENSRNOG00000018602	Camta1	unchanged_loop_count	831	989	-158	4	4	0	0	0	0	0	0	0	4	4	0
ENSRNOG00000008609	Capn3	increased_loop_count	1472	989	483	3	4	1	0	0	0	2	2	0	1	2	1
ENSRNOG00000002610	Carhsp1	unchanged_loop_count	831	989	-158	4	4	0	0	0	0	2	2	0	2	2	0
ENSRNOG00000056216	Casp7	unchanged_loop_count	831	989	-158	4	4	0	0	0	0	2	2	0	2	2	0
ENSRNOG00000056537	Catspere	unchanged_loop_count	831	989	-158	4	4	0	0	0	0	1	1	0	3	3	0
ENSRNOG00000014723	Cbfa2t3	increased_loop_count	1472	989	483	3	4	1	0	0	0	0	0	0	3	4	1
ENSRNOG00000015516	Cbwd1	unchanged_loop_count	831	989	-158	4	4	0	0	0	0	2	2	0	2	2	0
ENSRNOG00000004482	Ccdc88c	unchanged_loop_count	831	989	-158	4	4	0	2	2	0	2	2	0	0	0	0
ENSRNOG00000050258	Ccnd3	unchanged_loop_count	831	989	-158	4	4	0	2	2	0	2	2	0	0	0	0
ENSRNOG00000017113	Ccnt2	new_gene_in_sensitivity	NA	989	NA	0	4	4	0	1	1	0	1	1	0	2	2
ENSRNOG00000029321	Ccser1	unchanged_loop_count	831	989	-158	4	4	0	0	0	0	0	0	0	4	4	0
ENSRNOG00000016112	Cd274	unchanged_loop_count	831	989	-158	4	4	0	0	0	0	1	1	0	3	3	0
ENSRNOG00000007650	Cd63	unchanged_loop_count	831	989	-158	4	4	0	1	1	0	2	2	0	1	1	0
ENSRNOG00000009771	Cdh10	increased_loop_count	1472	989	483	3	4	1	0	0	0	0	1	1	3	3	0
ENSRNOG00000013503	Cdh24	increased_loop_count	1472	989	483	3	4	1	1	2	1	1	1	0	1	1	0
ENSRNOG00000013324	Cdh5	unchanged_loop_count	831	989	-158	4	4	0	1	1	0	2	2	0	1	1	0
ENSRNOG00000070977	Cdhr18	decreased_loop_count	447	989	-542	5	4	-1	1	1	0	2	1	-1	2	2	0
ENSRNOG00000007151	Cdk14	unchanged_loop_count	831	989	-158	4	4	0	0	0	0	1	1	0	3	3	0
ENSRNOG00000009258	Cdk6	unchanged_loop_count	831	989	-158	4	4	0	0	0	0	2	2	0	2	2	0
ENSRNOG00000059500	Cdkn1c	increased_loop_count	4632	989	3643	1	4	3	0	1	1	0	2	2	1	1	0
ENSRNOG00000003388	Cenpf	unchanged_loop_count	831	989	-158	4	4	0	0	0	0	1	1	0	3	3	0
ENSRNOG00000062220	Cenpp	unchanged_loop_count	831	989	-158	4	4	0	1	1	0	1	1	0	2	2	0
ENSRNOG00000022261	Cenpu	increased_loop_count	4632	989	3643	1	4	3	0	2	2	0	1	1	1	1	0
ENSRNOG00000016377	Cep55	unchanged_loop_count	831	989	-158	4	4	0	0	0	0	0	0	0	4	4	0
ENSRNOG00000039725	Ces1a	unchanged_loop_count	831	989	-158	4	4	0	2	2	0	2	2	0	0	0	0
ENSRNOG00000053400	Cfi	unchanged_loop_count	831	989	-158	4	4	0	2	2	0	1	1	0	1	1	0
ENSRNOG00000012716	Chd2	unchanged_loop_count	831	989	-158	4	4	0	0	0	0	3	3	0	1	1	0
ENSRNOG00000037509	Chek2	unchanged_loop_count	831	989	-158	4	4	0	0	0	0	1	1	0	3	3	0
ENSRNOG00000001750	Chrd	unchanged_loop_count	831	989	-158	4	4	0	0	0	0	1	1	0	3	3	0
ENSRNOG00000025930	Chst13	increased_loop_count	1472	989	483	3	4	1	1	1	0	1	2	1	1	1	0
ENSRNOG00000047246	Chtf8	unchanged_loop_count	831	989	-158	4	4	0	1	1	0	1	1	0	2	2	0
ENSRNOG00000012858	Cimap1a	increased_loop_count	2598	989	1609	2	4	2	0	1	1	2	2	0	0	1	1
ENSRNOG00000027109	Cimap1c	increased_loop_count	1472	989	483	3	4	1	0	0	0	1	2	1	2	2	0
ENSRNOG00000029543	Cish	unchanged_loop_count	831	989	-158	4	4	0	1	1	0	1	1	0	2	2	0
ENSRNOG00000024650	Ckap2	unchanged_loop_count	831	989	-158	4	4	0	0	0	0	1	1	0	3	3	0
ENSRNOG00000001742	Clcn2	unchanged_loop_count	831	989	-158	4	4	0	0	0	0	1	1	0	3	3	0
ENSRNOG00000010263	Cldn11	increased_loop_count	1472	989	483	3	4	1	1	1	0	1	2	1	1	1	0
ENSRNOG00000005406	Clint1	unchanged_loop_count	831	989	-158	4	4	0	1	1	0	2	2	0	1	1	0
ENSRNOG00000015591	Cndp2	unchanged_loop_count	831	989	-158	4	4	0	1	1	0	1	1	0	2	2	0
ENSRNOG00000007657	Col27a1	unchanged_loop_count	831	989	-158	4	4	0	2	2	0	2	2	0	0	0	0
ENSRNOG00000008749	Col5a1	unchanged_loop_count	831	989	-158	4	4	0	0	0	0	2	2	0	2	2	0
ENSRNOG00000016257	Cotl1	unchanged_loop_count	831	989	-158	4	4	0	2	2	0	2	2	0	0	0	0
ENSRNOG00000005043	Cpeb2	unchanged_loop_count	831	989	-158	4	4	0	0	0	0	1	1	0	3	3	0
ENSRNOG00000023346	Cplane2	unchanged_loop_count	831	989	-158	4	4	0	2	2	0	1	1	0	1	1	0
ENSRNOG00000000105	Cplx2	increased_loop_count	1472	989	483	3	4	1	1	1	0	1	2	1	1	1	0
ENSRNOG00000056582	Cpsf4l	increased_loop_count	4632	989	3643	1	4	3	1	2	1	0	1	1	0	1	1
ENSRNOG00000025217	Cpsf4l2	unchanged_loop_count	831	989	-158	4	4	0	2	2	0	1	1	0	1	1	0
ENSRNOG00000025498	Crb2	increased_loop_count	1472	989	483	3	4	1	0	0	0	0	0	0	3	4	1
ENSRNOG00000015215	Cript	unchanged_loop_count	831	989	-158	4	4	0	0	0	0	2	2	0	2	2	0
ENSRNOG00000026805	Csf2	unchanged_loop_count	831	989	-158	4	4	0	0	0	0	2	2	0	2	2	0
ENSRNOG00000005359	Csrnp3	unchanged_loop_count	831	989	-158	4	4	0	1	1	0	0	0	0	3	3	0
ENSRNOG00000017195	Ctr9	unchanged_loop_count	831	989	-158	4	4	0	0	0	0	1	1	0	3	3	0
ENSRNOG00000032878	Cxxc5	unchanged_loop_count	831	989	-158	4	4	0	2	2	0	1	1	0	1	1	0
ENSRNOG00000067464	Cysltr2	unchanged_loop_count	831	989	-158	4	4	0	0	0	0	1	1	0	3	3	0
ENSRNOG00000008445	Dact1	unchanged_loop_count	831	989	-158	4	4	0	2	2	0	1	1	0	1	1	0
ENSRNOG00000009090	Dad1	unchanged_loop_count	831	989	-158	4	4	0	0	0	0	0	0	0	4	4	0
ENSRNOG00000014480	Dbndd2	unchanged_loop_count	831	989	-158	4	4	0	2	2	0	2	2	0	0	0	0
ENSRNOG00000021027	Dbp	unchanged_loop_count	831	989	-158	4	4	0	0	0	0	1	1	0	3	3	0
ENSRNOG00000026204	Dclre1a	unchanged_loop_count	831	989	-158	4	4	0	1	1	0	2	2	0	1	1	0
ENSRNOG00000002612	Ddx52	unchanged_loop_count	831	989	-158	4	4	0	0	0	0	1	1	0	3	3	0
ENSRNOG00000032152	Decr2	unchanged_loop_count	831	989	-158	4	4	0	0	0	0	3	3	0	1	1	0
ENSRNOG00000049378	Dennd5b	unchanged_loop_count	831	989	-158	4	4	0	1	1	0	3	3	0	0	0	0
ENSRNOG00000001106	Denr	increased_loop_count	1472	989	483	3	4	1	2	3	1	1	1	0	0	0	0
ENSRNOG00000004328	Deptor	unchanged_loop_count	831	989	-158	4	4	0	0	0	0	2	2	0	2	2	0
ENSRNOG00000002635	Dexi	increased_loop_count	2598	989	1609	2	4	2	0	0	0	0	1	1	2	3	1
ENSRNOG00000029194	Dhx30	decreased_loop_count	447	989	-542	5	4	-1	0	0	0	3	2	-1	2	2	0
ENSRNOG00000054272	Dhx57	unchanged_loop_count	831	989	-158	4	4	0	0	0	0	0	0	0	4	4	0
ENSRNOG00000008519	Dipk2a	unchanged_loop_count	831	989	-158	4	4	0	0	0	0	1	1	0	3	3	0
ENSRNOG00000004278	Dlx3	unchanged_loop_count	831	989	-158	4	4	0	1	1	0	2	2	0	1	1	0
ENSRNOG00000019407	Dmap1	increased_loop_count	2598	989	1609	2	4	2	0	0	0	0	1	1	2	3	1
ENSRNOG00000021237	Dnaaf9	unchanged_loop_count	831	989	-158	4	4	0	0	0	0	1	1	0	3	3	0
ENSRNOG00000015581	Dnah6	unchanged_loop_count	831	989	-158	4	4	0	0	0	0	1	1	0	3	3	0
ENSRNOG00000004823	Dock4	unchanged_loop_count	831	989	-158	4	4	0	0	0	0	2	2	0	2	2	0
ENSRNOG00000011969	Dock9	increased_loop_count	1472	989	483	3	4	1	0	0	0	0	1	1	3	3	0
ENSRNOG00000030547	Dpp6	unchanged_loop_count	831	989	-158	4	4	0	0	0	0	0	0	0	4	4	0
ENSRNOG00000009625	Dpysl2	unchanged_loop_count	831	989	-158	4	4	0	2	2	0	2	2	0	0	0	0
ENSRNOG00000023896	Dusp6	unchanged_loop_count	831	989	-158	4	4	0	0	0	0	3	3	0	1	1	0
ENSRNOG00000006178	Dync1h1	unchanged_loop_count	831	989	-158	4	4	0	0	0	0	3	3	0	1	1	0
ENSRNOG00000007821	Dyrk2	unchanged_loop_count	831	989	-158	4	4	0	0	0	0	2	2	0	2	2	0
ENSRNOG00000062500	ENSRNOG00000062500	unchanged_loop_count	831	989	-158	4	4	0	0	0	0	1	1	0	3	3	0
ENSRNOG00000062559	ENSRNOG00000062559	unchanged_loop_count	831	989	-158	4	4	0	0	0	0	4	4	0	0	0	0
ENSRNOG00000062626	ENSRNOG00000062626	new_gene_in_sensitivity	NA	989	NA	0	4	4	0	1	1	0	2	2	0	1	1
ENSRNOG00000062933	ENSRNOG00000062933	unchanged_loop_count	831	989	-158	4	4	0	0	0	0	0	0	0	4	4	0
ENSRNOG00000063037	ENSRNOG00000063037	unchanged_loop_count	831	989	-158	4	4	0	1	1	0	2	2	0	1	1	0
ENSRNOG00000063152	ENSRNOG00000063152	increased_loop_count	4632	989	3643	1	4	3	0	1	1	0	2	2	1	1	0
ENSRNOG00000063556	ENSRNOG00000063556	unchanged_loop_count	831	989	-158	4	4	0	0	0	0	1	1	0	3	3	0
ENSRNOG00000063662	ENSRNOG00000063662	unchanged_loop_count	831	989	-158	4	4	0	1	1	0	2	2	0	1	1	0
ENSRNOG00000063702	ENSRNOG00000063702	unchanged_loop_count	831	989	-158	4	4	0	0	0	0	1	1	0	3	3	0
ENSRNOG00000063799	ENSRNOG00000063799	unchanged_loop_count	831	989	-158	4	4	0	2	2	0	2	2	0	0	0	0
ENSRNOG00000064022	ENSRNOG00000064022	unchanged_loop_count	831	989	-158	4	4	0	1	1	0	3	2	-1	0	1	1
ENSRNOG00000064118	ENSRNOG00000064118	increased_loop_count	1472	989	483	3	4	1	0	0	0	1	1	0	2	3	1
ENSRNOG00000064180	ENSRNOG00000064180	unchanged_loop_count	831	989	-158	4	4	0	2	2	0	1	1	0	1	1	0
ENSRNOG00000064212	ENSRNOG00000064212	unchanged_loop_count	831	989	-158	4	4	0	0	0	0	1	1	0	3	3	0
ENSRNOG00000064223	ENSRNOG00000064223	unchanged_loop_count	831	989	-158	4	4	0	1	1	0	2	2	0	1	1	0
ENSRNOG00000064334	ENSRNOG00000064334	unchanged_loop_count	831	989	-158	4	4	0	0	0	0	2	2	0	2	2	0
ENSRNOG00000064499	ENSRNOG00000064499	unchanged_loop_count	831	989	-158	4	4	0	0	0	0	2	2	0	2	2	0
ENSRNOG00000064526	ENSRNOG00000064526	unchanged_loop_count	831	989	-158	4	4	0	0	0	0	0	0	0	4	4	0
ENSRNOG00000064576	ENSRNOG00000064576	unchanged_loop_count	831	989	-158	4	4	0	1	1	0	1	1	0	2	2	0
ENSRNOG00000064780	ENSRNOG00000064780	increased_loop_count	2598	989	1609	2	4	2	0	0	0	0	2	2	2	2	0
ENSRNOG00000064828	ENSRNOG00000064828	unchanged_loop_count	831	989	-158	4	4	0	0	0	0	3	3	0	1	1	0
ENSRNOG00000064985	ENSRNOG00000064985	unchanged_loop_count	831	989	-158	4	4	0	2	2	0	1	1	0	1	1	0
ENSRNOG00000065478	ENSRNOG00000065478	unchanged_loop_count	831	989	-158	4	4	0	2	2	0	1	1	0	1	1	0
ENSRNOG00000065488	ENSRNOG00000065488	unchanged_loop_count	831	989	-158	4	4	0	1	1	0	1	1	0	2	2	0
ENSRNOG00000065586	ENSRNOG00000065586	unchanged_loop_count	831	989	-158	4	4	0	0	0	0	2	2	0	2	2	0
ENSRNOG00000065722	ENSRNOG00000065722	unchanged_loop_count	831	989	-158	4	4	0	0	0	0	2	2	0	2	2	0
ENSRNOG00000065728	ENSRNOG00000065728	unchanged_loop_count	831	989	-158	4	4	0	1	1	0	2	2	0	1	1	0
ENSRNOG00000065826	ENSRNOG00000065826	unchanged_loop_count	831	989	-158	4	4	0	1	1	0	2	2	0	1	1	0
ENSRNOG00000065897	ENSRNOG00000065897	increased_loop_count	1472	989	483	3	4	1	0	0	0	1	1	0	2	3	1
ENSRNOG00000066029	ENSRNOG00000066029	increased_loop_count	2598	989	1609	2	4	2	0	0	0	2	2	0	0	2	2
ENSRNOG00000066104	ENSRNOG00000066104	decreased_loop_count	447	989	-542	5	4	-1	0	0	0	2	2	0	3	2	-1
ENSRNOG00000066379	ENSRNOG00000066379	increased_loop_count	2598	989	1609	2	4	2	0	2	2	2	2	0	0	0	0
ENSRNOG00000066623	ENSRNOG00000066623	unchanged_loop_count	831	989	-158	4	4	0	2	2	0	2	2	0	0	0	0
ENSRNOG00000066678	ENSRNOG00000066678	unchanged_loop_count	831	989	-158	4	4	0	1	1	0	1	1	0	2	2	0
ENSRNOG00000066817	ENSRNOG00000066817	unchanged_loop_count	831	989	-158	4	4	0	0	0	0	0	0	0	4	4	0
ENSRNOG00000066939	ENSRNOG00000066939	increased_loop_count	1472	989	483	3	4	1	0	0	0	0	1	1	3	3	0
ENSRNOG00000066968	ENSRNOG00000066968	unchanged_loop_count	831	989	-158	4	4	0	0	0	0	2	2	0	2	2	0
ENSRNOG00000066989	ENSRNOG00000066989	increased_loop_count	2598	989	1609	2	4	2	1	2	1	0	1	1	1	1	0
ENSRNOG00000067063	ENSRNOG00000067063	unchanged_loop_count	831	989	-158	4	4	0	0	0	0	0	0	0	4	4	0
ENSRNOG00000067125	ENSRNOG00000067125	unchanged_loop_count	831	989	-158	4	4	0	0	0	0	0	0	0	4	4	0
ENSRNOG00000067245	ENSRNOG00000067245	increased_loop_count	1472	989	483	3	4	1	0	0	0	1	1	0	2	3	1
ENSRNOG00000067310	ENSRNOG00000067310	decreased_loop_count	447	989	-542	5	4	-1	2	1	-1	1	1	0	2	2	0
ENSRNOG00000067501	ENSRNOG00000067501	unchanged_loop_count	831	989	-158	4	4	0	0	0	0	1	1	0	3	3	0
ENSRNOG00000067525	ENSRNOG00000067525	unchanged_loop_count	831	989	-158	4	4	0	0	0	0	2	2	0	2	2	0
ENSRNOG00000067565	ENSRNOG00000067565	unchanged_loop_count	831	989	-158	4	4	0	0	0	0	1	1	0	3	3	0
ENSRNOG00000067595	ENSRNOG00000067595	unchanged_loop_count	831	989	-158	4	4	0	1	1	0	1	1	0	2	2	0
ENSRNOG00000067624	ENSRNOG00000067624	unchanged_loop_count	831	989	-158	4	4	0	0	0	0	0	0	0	4	4	0
ENSRNOG00000067929	ENSRNOG00000067929	unchanged_loop_count	831	989	-158	4	4	0	0	0	0	2	2	0	2	2	0
ENSRNOG00000067953	ENSRNOG00000067953	unchanged_loop_count	831	989	-158	4	4	0	0	0	0	0	0	0	4	4	0
ENSRNOG00000068081	ENSRNOG00000068081	unchanged_loop_count	831	989	-158	4	4	0	0	0	0	2	2	0	2	2	0
ENSRNOG00000068238	ENSRNOG00000068238	unchanged_loop_count	831	989	-158	4	4	0	0	0	0	0	0	0	4	4	0
ENSRNOG00000068254	ENSRNOG00000068254	increased_loop_count	1472	989	483	3	4	1	1	1	0	0	1	1	2	2	0
ENSRNOG00000068292	ENSRNOG00000068292	unchanged_loop_count	831	989	-158	4	4	0	1	1	0	1	1	0	2	2	0
ENSRNOG00000068406	ENSRNOG00000068406	increased_loop_count	2598	989	1609	2	4	2	0	2	2	1	1	0	1	1	0
ENSRNOG00000068611	ENSRNOG00000068611	unchanged_loop_count	831	989	-158	4	4	0	0	0	0	0	0	0	4	4	0
ENSRNOG00000068617	ENSRNOG00000068617	unchanged_loop_count	831	989	-158	4	4	0	1	1	0	1	1	0	2	2	0
ENSRNOG00000068750	ENSRNOG00000068750	increased_loop_count	1472	989	483	3	4	1	0	1	1	1	1	0	2	2	0
ENSRNOG00000068781	ENSRNOG00000068781	increased_loop_count	1472	989	483	3	4	1	0	1	1	1	1	0	2	2	0
ENSRNOG00000068968	ENSRNOG00000068968	unchanged_loop_count	831	989	-158	4	4	0	0	0	0	0	0	0	4	4	0
ENSRNOG00000069237	ENSRNOG00000069237	unchanged_loop_count	831	989	-158	4	4	0	0	0	0	3	3	0	1	1	0
ENSRNOG00000069364	ENSRNOG00000069364	unchanged_loop_count	831	989	-158	4	4	0	1	1	0	1	1	0	2	2	0
ENSRNOG00000069406	ENSRNOG00000069406	unchanged_loop_count	831	989	-158	4	4	0	2	2	0	2	2	0	0	0	0
ENSRNOG00000069485	ENSRNOG00000069485	unchanged_loop_count	831	989	-158	4	4	0	0	0	0	1	1	0	3	3	0
ENSRNOG00000069488	ENSRNOG00000069488	unchanged_loop_count	831	989	-158	4	4	0	0	0	0	1	1	0	3	3	0
ENSRNOG00000069593	ENSRNOG00000069593	increased_loop_count	1472	989	483	3	4	1	0	0	0	2	3	1	1	1	0
ENSRNOG00000069628	ENSRNOG00000069628	decreased_loop_count	447	989	-542	5	4	-1	0	0	0	2	2	0	3	2	-1
ENSRNOG00000069733	ENSRNOG00000069733	unchanged_loop_count	831	989	-158	4	4	0	0	0	0	2	2	0	2	2	0
ENSRNOG00000069787	ENSRNOG00000069787	unchanged_loop_count	831	989	-158	4	4	0	0	0	0	1	1	0	3	3	0
ENSRNOG00000069843	ENSRNOG00000069843	unchanged_loop_count	831	989	-158	4	4	0	0	0	0	1	1	0	3	3	0
ENSRNOG00000069850	ENSRNOG00000069850	increased_loop_count	2598	989	1609	2	4	2	0	1	1	1	2	1	1	1	0
ENSRNOG00000069861	ENSRNOG00000069861	increased_loop_count	4632	989	3643	1	4	3	0	0	0	1	1	0	0	3	3
ENSRNOG00000070246	ENSRNOG00000070246	unchanged_loop_count	831	989	-158	4	4	0	0	0	0	3	3	0	1	1	0
ENSRNOG00000070316	ENSRNOG00000070316	increased_loop_count	1472	989	483	3	4	1	0	0	0	1	1	0	2	3	1
ENSRNOG00000070694	ENSRNOG00000070694	unchanged_loop_count	831	989	-158	4	4	0	1	1	0	2	2	0	1	1	0
ENSRNOG00000070851	ENSRNOG00000070851	increased_loop_count	2598	989	1609	2	4	2	1	2	1	1	2	1	0	0	0
ENSRNOG00000004220	Ebag9	unchanged_loop_count	831	989	-158	4	4	0	0	0	0	2	2	0	2	2	0
ENSRNOG00000055142	Ect2l	decreased_loop_count	447	989	-542	5	4	-1	0	0	0	3	2	-1	2	2	0
ENSRNOG00000021681	Eea1	unchanged_loop_count	831	989	-158	4	4	0	2	2	0	1	1	0	1	1	0
ENSRNOG00000028176	Elmod2	increased_loop_count	1472	989	483	3	4	1	0	1	1	2	2	0	1	1	0
ENSRNOG00000001469	Eln	unchanged_loop_count	831	989	-158	4	4	0	0	0	0	2	2	0	2	2	0
ENSRNOG00000019532	Emc10	increased_loop_count	1472	989	483	3	4	1	0	0	0	1	2	1	2	2	0
ENSRNOG00000047817	Enox1	unchanged_loop_count	831	989	-158	4	4	0	0	0	0	0	0	0	4	4	0
ENSRNOG00000009533	Erich3	unchanged_loop_count	831	989	-158	4	4	0	0	0	0	0	0	0	4	4	0
ENSRNOG00000058186	Errfi1	unchanged_loop_count	831	989	-158	4	4	0	0	0	0	1	1	0	3	3	0
ENSRNOG00000008666	Etl4	unchanged_loop_count	831	989	-158	4	4	0	0	0	0	1	1	0	3	3	0
ENSRNOG00000006867	Etv1	unchanged_loop_count	831	989	-158	4	4	0	1	1	0	2	2	0	1	1	0
ENSRNOG00000001785	Etv5	increased_loop_count	1472	989	483	3	4	1	1	1	0	1	2	1	1	1	0
ENSRNOG00000024886	Ext1	unchanged_loop_count	831	989	-158	4	4	0	0	0	0	1	1	0	3	3	0
ENSRNOG00000019426	Fam103a1	unchanged_loop_count	831	989	-158	4	4	0	0	0	0	0	0	0	4	4	0
ENSRNOG00000014886	Fam107b	increased_loop_count	1472	989	483	3	4	1	0	0	0	1	2	1	2	2	0
ENSRNOG00000016534	Fam171a1	unchanged_loop_count	831	989	-158	4	4	0	1	1	0	2	2	0	1	1	0
ENSRNOG00000010763	Fam181b	increased_loop_count	4632	989	3643	1	4	3	0	0	0	0	3	3	1	1	0
ENSRNOG00000031739	Fam71e1	unchanged_loop_count	831	989	-158	4	4	0	0	0	0	2	2	0	2	2	0
ENSRNOG00000008271	Fam91a1	unchanged_loop_count	831	989	-158	4	4	0	1	1	0	2	2	0	1	1	0
ENSRNOG00000042728	Fbrs	unchanged_loop_count	831	989	-158	4	4	0	0	0	0	2	2	0	2	2	0
ENSRNOG00000012634	Fbxo10	unchanged_loop_count	831	989	-158	4	4	0	3	3	0	1	1	0	0	0	0
ENSRNOG00000024159	Fcer1g	increased_loop_count	4632	989	3643	1	4	3	0	0	0	0	2	2	1	2	1
ENSRNOG00000021199	Fcgr1a	unchanged_loop_count	831	989	-158	4	4	0	0	0	0	2	2	0	2	2	0
ENSRNOG00000020531	Fen1	decreased_loop_count	447	989	-542	5	4	-1	0	0	0	2	2	0	3	2	-1
ENSRNOG00000009288	Fgf14	unchanged_loop_count	831	989	-158	4	4	0	0	0	0	1	1	0	3	3	0
ENSRNOG00000000109	Fgf20	unchanged_loop_count	831	989	-158	4	4	0	0	0	0	3	3	0	1	1	0
ENSRNOG00000024594	Fhdc1	unchanged_loop_count	831	989	-158	4	4	0	2	2	0	2	2	0	0	0	0
ENSRNOG00000063796	Foxf2	unchanged_loop_count	831	989	-158	4	4	0	0	0	0	2	2	0	2	2	0
ENSRNOG00000005888	Fsip1	unchanged_loop_count	831	989	-158	4	4	0	0	0	0	0	0	0	4	4	0
ENSRNOG00000011631	Fst	unchanged_loop_count	831	989	-158	4	4	0	0	0	0	1	1	0	3	3	0
ENSRNOG00000003512	Gabra1	decreased_loop_count	447	989	-542	5	4	-1	1	0	-1	0	0	0	4	4	0
ENSRNOG00000017021	Galnt18	unchanged_loop_count	831	989	-158	4	4	0	0	0	0	2	2	0	2	2	0
ENSRNOG00000016717	Gas2	unchanged_loop_count	831	989	-158	4	4	0	0	0	0	1	1	0	3	3	0
ENSRNOG00000009040	Gas2l1	increased_loop_count	2598	989	1609	2	4	2	1	2	1	1	2	1	0	0	0
ENSRNOG00000050123	Gdf5	unchanged_loop_count	831	989	-158	4	4	0	1	1	0	2	3	1	1	0	-1
ENSRNOG00000036859	Gdpd5	unchanged_loop_count	831	989	-158	4	4	0	2	2	0	2	2	0	0	0	0
ENSRNOG00000014010	Gfra2	unchanged_loop_count	831	989	-158	4	4	0	0	0	0	1	1	0	3	3	0
ENSRNOG00000034084	Ggct	unchanged_loop_count	831	989	-158	4	4	0	0	0	0	1	1	0	3	3	0
ENSRNOG00000008524	Glcci1	unchanged_loop_count	831	989	-158	4	4	0	0	0	0	0	0	0	4	4	0
ENSRNOG00000000138	Glis1	unchanged_loop_count	831	989	-158	4	4	0	0	0	0	1	1	0	3	3	0
ENSRNOG00000065567	Gm17606	unchanged_loop_count	831	989	-158	4	4	0	2	2	0	1	1	0	1	1	0
ENSRNOG00000065138	Gm6569	increased_loop_count	2598	989	1609	2	4	2	0	0	0	0	1	1	2	3	1
ENSRNOG00000014365	Gne	unchanged_loop_count	831	989	-158	4	4	0	3	3	0	1	1	0	0	0	0
ENSRNOG00000015124	Gpam	unchanged_loop_count	831	989	-158	4	4	0	0	0	0	2	2	0	2	2	0
ENSRNOG00000010731	Gpm6a	unchanged_loop_count	831	989	-158	4	4	0	0	0	0	2	2	0	2	2	0
ENSRNOG00000019738	Gpr61	unchanged_loop_count	831	989	-158	4	4	0	0	1	1	4	3	-1	0	0	0
ENSRNOG00000030318	Gpr83	increased_loop_count	1472	989	483	3	4	1	0	1	1	2	2	0	1	1	0
ENSRNOG00000000368	Grik2	unchanged_loop_count	831	989	-158	4	4	0	0	0	0	2	2	0	2	2	0
ENSRNOG00000008992	Grik3	unchanged_loop_count	831	989	-158	4	4	0	0	0	0	1	1	0	3	3	0
ENSRNOG00000008766	Grin2b	unchanged_loop_count	831	989	-158	4	4	0	0	0	0	1	1	0	3	3	0
ENSRNOG00000033402	Gsta6	unchanged_loop_count	831	989	-158	4	4	0	0	0	0	1	1	0	3	3	0
ENSRNOG00000016217	Gtpbp4	unchanged_loop_count	831	989	-158	4	4	0	1	1	0	1	1	0	2	2	0
ENSRNOG00000062678	H19	increased_loop_count	2598	989	1609	2	4	2	0	1	1	1	1	0	1	2	1
ENSRNOG00000069578	H2bcl1	decreased_loop_count	447	989	-542	5	4	-1	2	1	-1	1	1	0	2	2	0
ENSRNOG00000004502	Hal	increased_loop_count	2598	989	1609	2	4	2	0	1	1	1	1	0	1	2	1
ENSRNOG00000004854	Has2	unchanged_loop_count	831	989	-158	4	4	0	0	0	0	1	1	0	3	3	0
ENSRNOG00000018363	Hectd3	decreased_loop_count	447	989	-542	5	4	-1	2	1	-1	2	2	0	1	1	0
ENSRNOG00000009572	Hgfac	increased_loop_count	1472	989	483	3	4	1	0	0	0	1	2	1	2	2	0
ENSRNOG00000017198	Hif3a	unchanged_loop_count	831	989	-158	4	4	0	0	0	0	4	4	0	0	0	0
ENSRNOG00000070055	Hist1h2anl2	unchanged_loop_count	831	989	-158	4	4	0	1	1	0	2	2	0	1	1	0
ENSRNOG00000064025	Hist1h2ao	unchanged_loop_count	831	989	-158	4	4	0	0	0	0	1	1	0	3	3	0
ENSRNOG00000069373	Hist1h2bc	unchanged_loop_count	831	989	-158	4	4	0	1	1	0	2	2	0	1	1	0
ENSRNOG00000007738	Hm13	unchanged_loop_count	831	989	-158	4	4	0	0	0	0	3	3	0	1	1	0
ENSRNOG00000020638	Hmx2	unchanged_loop_count	831	989	-158	4	4	0	0	0	0	2	2	0	2	2	0
ENSRNOG00000020637	Hmx3	unchanged_loop_count	831	989	-158	4	4	0	0	0	0	2	2	0	2	2	0
ENSRNOG00000048917	Hoxa6	increased_loop_count	1472	989	483	3	4	1	0	0	0	1	2	1	2	2	0
ENSRNOG00000064322	Hoxa9	increased_loop_count	2598	989	1609	2	4	2	0	0	0	1	1	0	1	3	2
ENSRNOG00000008010	Hoxb5	increased_loop_count	1472	989	483	3	4	1	0	0	0	1	1	0	2	3	1
ENSRNOG00000007823	Hoxb6	increased_loop_count	1472	989	483	3	4	1	0	0	0	1	1	0	2	3	1
ENSRNOG00000001578	Hoxd4	unchanged_loop_count	831	989	-158	4	4	0	0	0	0	0	0	0	4	4	0
ENSRNOG00000037508	Hscb	unchanged_loop_count	831	989	-158	4	4	0	0	0	0	1	1	0	3	3	0
ENSRNOG00000001193	Hsf2bp	new_gene_in_sensitivity	NA	989	NA	0	4	4	0	0	0	0	4	4	0	0	0
ENSRNOG00000013042	Htr1b	increased_loop_count	1472	989	483	3	4	1	0	0	0	1	1	0	2	3	1
ENSRNOG00000049761	Htr6	unchanged_loop_count	831	989	-158	4	4	0	2	2	0	1	1	0	1	1	0
ENSRNOG00000023053	Ice1	decreased_loop_count	447	989	-542	5	4	-1	3	2	-1	2	2	0	0	0	0
ENSRNOG00000016099	Id4	unchanged_loop_count	831	989	-158	4	4	0	0	0	0	0	0	0	4	4	0
ENSRNOG00000007316	Idh3b	unchanged_loop_count	831	989	-158	4	4	0	1	1	0	1	1	0	2	2	0
ENSRNOG00000019519	Idnk	unchanged_loop_count	831	989	-158	4	4	0	0	0	0	1	1	0	3	3	0
ENSRNOG00000034190	Ighm	unchanged_loop_count	831	989	-158	4	4	0	0	0	0	2	2	0	2	2	0
ENSRNOG00000017047	Inip	unchanged_loop_count	831	989	-158	4	4	0	1	1	0	1	1	0	2	2	0
ENSRNOG00000011250	Inmt	increased_loop_count	2598	989	1609	2	4	2	0	0	0	0	0	0	2	4	2
ENSRNOG00000020388	Inpp5f	unchanged_loop_count	831	989	-158	4	4	0	1	1	0	2	2	0	1	1	0
ENSRNOG00000013459	Ints9	unchanged_loop_count	831	989	-158	4	4	0	0	0	0	1	1	0	3	3	0
ENSRNOG00000014597	Irs1	unchanged_loop_count	831	989	-158	4	4	0	1	1	0	1	1	0	2	2	0
ENSRNOG00000004861	Itga4	unchanged_loop_count	831	989	-158	4	4	0	0	0	0	1	1	0	3	3	0
ENSRNOG00000008170	Jph2	increased_loop_count	4632	989	3643	1	4	3	0	1	1	1	3	2	0	0	0
ENSRNOG00000029811	Kcne2	unchanged_loop_count	831	989	-158	4	4	0	2	2	0	2	2	0	0	0	0
ENSRNOG00000064933	Kcnj2	unchanged_loop_count	831	989	-158	4	4	0	0	0	0	2	2	0	2	2	0
ENSRNOG00000009265	Kcnk9	increased_loop_count	1472	989	483	3	4	1	0	0	0	1	1	0	2	3	1
ENSRNOG00000016467	Kctd1	unchanged_loop_count	831	989	-158	4	4	0	1	1	0	0	0	0	3	3	0
ENSRNOG00000002627	Kctd3	new_gene_in_sensitivity	NA	989	NA	0	4	4	0	0	0	0	0	0	0	4	4
ENSRNOG00000028595	Khdc1	unchanged_loop_count	831	989	-158	4	4	0	0	0	0	1	1	0	3	3	0
ENSRNOG00000000040	Kiaa1614	unchanged_loop_count	831	989	-158	4	4	0	0	0	0	1	1	0	3	3	0
ENSRNOG00000014087	Kifc3	increased_loop_count	1472	989	483	3	4	1	0	0	0	1	2	1	2	2	0
ENSRNOG00000004474	Klhdc2	unchanged_loop_count	831	989	-158	4	4	0	1	1	0	1	1	0	2	2	0
ENSRNOG00000018801	Klhdc4	unchanged_loop_count	831	989	-158	4	4	0	1	1	0	1	1	0	2	2	0
ENSRNOG00000046599	Klhdc4	increased_loop_count	1472	989	483	3	4	1	0	1	1	1	1	0	2	2	0
ENSRNOG00000004022	Klhdc9	unchanged_loop_count	831	989	-158	4	4	0	1	2	1	2	1	-1	1	1	0
ENSRNOG00000019533	Klhl3	unchanged_loop_count	831	989	-158	4	4	0	0	0	0	2	2	0	2	2	0
ENSRNOG00000043426	Kyat3	increased_loop_count	4632	989	3643	1	4	3	0	2	2	1	2	1	0	0	0
ENSRNOG00000055911	LOC100361259	decreased_loop_count	447	989	-542	5	4	-1	0	0	0	3	2	-1	2	2	0
ENSRNOG00000030150	LOC100362109	increased_loop_count	2598	989	1609	2	4	2	0	0	0	0	2	2	2	2	0
ENSRNOG00000059382	LOC100365043	unchanged_loop_count	831	989	-158	4	4	0	1	1	0	2	2	0	1	1	0
ENSRNOG00000021198	LOC100910200	decreased_loop_count	447	989	-542	5	4	-1	2	1	-1	1	1	0	2	2	0
ENSRNOG00000051758	LOC100910554	unchanged_loop_count	831	989	-158	4	4	0	1	1	0	2	2	0	1	1	0
ENSRNOG00000050933	LOC100912489	unchanged_loop_count	831	989	-158	4	4	0	0	0	0	1	1	0	3	3	0
ENSRNOG00000058055	LOC102550081	new_gene_in_sensitivity	NA	989	NA	0	4	4	0	1	1	0	1	1	0	2	2
ENSRNOG00000066884	LOC102550999	unchanged_loop_count	831	989	-158	4	4	0	0	0	0	2	2	0	2	2	0
ENSRNOG00000066754	LOC102553350	unchanged_loop_count	831	989	-158	4	4	0	0	0	0	2	2	0	2	2	0
ENSRNOG00000069349	LOC102554533	unchanged_loop_count	831	989	-158	4	4	0	0	0	0	1	1	0	3	3	0
ENSRNOG00000067389	LOC102554815	increased_loop_count	1472	989	483	3	4	1	0	0	0	0	0	0	3	4	1
ENSRNOG00000068867	LOC102556915	unchanged_loop_count	831	989	-158	4	4	0	0	0	0	2	2	0	2	2	0
ENSRNOG00000051419	LOC103692048	increased_loop_count	4632	989	3643	1	4	3	0	0	0	0	1	1	1	3	2
ENSRNOG00000048146	LOC103692128	increased_loop_count	2598	989	1609	2	4	2	0	0	0	1	1	0	1	3	2
ENSRNOG00000048428	LOC108348179	unchanged_loop_count	831	989	-158	4	4	0	0	0	0	2	2	0	2	2	0
ENSRNOG00000051923	LOC120093413	unchanged_loop_count	831	989	-158	4	4	0	0	0	0	0	0	0	4	4	0
ENSRNOG00000054705	LOC120093446	unchanged_loop_count	831	989	-158	4	4	0	0	0	0	0	0	0	4	4	0
ENSRNOG00000066677	LOC120093490	increased_loop_count	4632	989	3643	1	4	3	0	0	0	0	2	2	1	2	1
ENSRNOG00000052214	LOC120093902	increased_loop_count	1472	989	483	3	4	1	0	0	0	0	1	1	3	3	0
ENSRNOG00000059077	LOC120093945	unchanged_loop_count	831	989	-158	4	4	0	0	0	0	0	0	0	4	4	0
ENSRNOG00000056217	LOC120093965	unchanged_loop_count	831	989	-158	4	4	0	0	0	0	2	2	0	2	2	0
ENSRNOG00000053921	LOC120093990	unchanged_loop_count	831	989	-158	4	4	0	2	2	0	1	1	0	1	1	0
ENSRNOG00000057805	LOC120094492	unchanged_loop_count	831	989	-158	4	4	0	1	1	0	2	2	0	1	1	0
ENSRNOG00000057331	LOC120094884	increased_loop_count	1472	989	483	3	4	1	1	1	0	1	1	0	1	2	1
ENSRNOG00000052875	LOC120094932	increased_loop_count	2598	989	1609	2	4	2	0	0	0	1	1	0	1	3	2
ENSRNOG00000064496	LOC120095206	unchanged_loop_count	831	989	-158	4	4	0	0	0	0	2	2	0	2	2	0
ENSRNOG00000068523	LOC120095254	unchanged_loop_count	831	989	-158	4	4	0	0	0	0	1	1	0	3	3	0
ENSRNOG00000066434	LOC120095354	unchanged_loop_count	831	989	-158	4	4	0	0	0	0	0	0	0	4	4	0
ENSRNOG00000052660	LOC120095394	unchanged_loop_count	831	989	-158	4	4	0	1	1	0	2	2	0	1	1	0
ENSRNOG00000060247	LOC120095403	unchanged_loop_count	831	989	-158	4	4	0	0	0	0	1	1	0	3	3	0
ENSRNOG00000054015	LOC120095502	unchanged_loop_count	831	989	-158	4	4	0	0	0	0	1	1	0	3	3	0
ENSRNOG00000035103	LOC120096019	unchanged_loop_count	831	989	-158	4	4	0	1	1	0	1	1	0	2	2	0
ENSRNOG00000062593	LOC120096744	unchanged_loop_count	831	989	-158	4	4	0	0	0	0	2	2	0	2	2	0
ENSRNOG00000069435	LOC120096861	unchanged_loop_count	831	989	-158	4	4	0	0	0	0	3	3	0	1	1	0
ENSRNOG00000057503	LOC120097603	increased_loop_count	2598	989	1609	2	4	2	0	0	0	1	3	2	1	1	0
ENSRNOG00000064578	LOC120098580	unchanged_loop_count	831	989	-158	4	4	0	2	2	0	2	2	0	0	0	0
ENSRNOG00000068016	LOC120098582	increased_loop_count	1472	989	483	3	4	1	2	3	1	0	0	0	1	1	0
ENSRNOG00000061360	LOC120099037	increased_loop_count	2598	989	1609	2	4	2	1	2	1	1	2	1	0	0	0
ENSRNOG00000069465	LOC120099076	unchanged_loop_count	831	989	-158	4	4	0	0	0	0	2	2	0	2	2	0
ENSRNOG00000063786	LOC120099535	unchanged_loop_count	831	989	-158	4	4	0	1	1	0	1	1	0	2	2	0
ENSRNOG00000068454	LOC120100121	unchanged_loop_count	831	989	-158	4	4	0	1	1	0	1	1	0	2	2	0
ENSRNOG00000057697	LOC120100190	unchanged_loop_count	831	989	-158	4	4	0	1	1	0	1	1	0	2	2	0
ENSRNOG00000055560	LOC120100339	increased_loop_count	1472	989	483	3	4	1	1	2	1	1	1	0	1	1	0
ENSRNOG00000060311	LOC120100340	unchanged_loop_count	831	989	-158	4	4	0	2	2	0	1	1	0	1	1	0
ENSRNOG00000063442	LOC120100378	increased_loop_count	1472	989	483	3	4	1	0	0	0	2	2	0	1	2	1
ENSRNOG00000069951	LOC120101268	unchanged_loop_count	831	989	-158	4	4	0	1	1	0	1	1	0	2	2	0
ENSRNOG00000057217	LOC120101933	new_gene_in_sensitivity	NA	989	NA	0	4	4	0	0	0	0	0	0	0	4	4
ENSRNOG00000061392	LOC120101945	new_gene_in_sensitivity	NA	989	NA	0	4	4	0	0	0	0	0	0	0	4	4
ENSRNOG00000062585	LOC120101991	increased_loop_count	1472	989	483	3	4	1	1	1	0	1	1	0	1	2	1
ENSRNOG00000054789	LOC120102022	increased_loop_count	2598	989	1609	2	4	2	0	2	2	2	2	0	0	0	0
ENSRNOG00000057606	LOC120102619	unchanged_loop_count	831	989	-158	4	4	0	0	0	0	1	1	0	3	3	0
ENSRNOG00000053237	LOC120102672	increased_loop_count	4632	989	3643	1	4	3	0	0	0	1	2	1	0	2	2
ENSRNOG00000057838	LOC120103202	unchanged_loop_count	831	989	-158	4	4	0	0	0	0	0	0	0	4	4	0
ENSRNOG00000058657	LOC120103256	increased_loop_count	4632	989	3643	1	4	3	0	0	0	1	1	0	0	3	3
ENSRNOG00000069586	LOC120103322	unchanged_loop_count	831	989	-158	4	4	0	0	0	0	0	0	0	4	4	0
ENSRNOG00000067185	LOC120103364	increased_loop_count	2598	989	1609	2	4	2	0	1	1	0	1	1	2	2	0
ENSRNOG00000018885	LOC134478825	unchanged_loop_count	831	989	-158	4	4	0	2	2	0	2	2	0	0	0	0
ENSRNOG00000065157	Lactbl1	unchanged_loop_count	831	989	-158	4	4	0	0	0	0	3	3	0	1	1	0
ENSRNOG00000048989	Larp7	unchanged_loop_count	831	989	-158	4	4	0	0	0	0	1	1	0	3	3	0
ENSRNOG00000010319	Lcp1	unchanged_loop_count	831	989	-158	4	4	0	0	0	0	0	0	0	4	4	0
ENSRNOG00000048250	Ldaf1	decreased_loop_count	447	989	-542	5	4	-1	2	2	0	1	1	0	2	1	-1
ENSRNOG00000062741	Ldhal6b	unchanged_loop_count	831	989	-158	4	4	0	0	0	0	0	0	0	4	4	0
ENSRNOG00000019036	Ldhd	unchanged_loop_count	831	989	-158	4	4	0	2	2	0	1	1	0	1	1	0
ENSRNOG00000012189	Lect2	unchanged_loop_count	831	989	-158	4	4	0	0	0	0	0	0	0	4	4	0
ENSRNOG00000020380	Lgals7	unchanged_loop_count	831	989	-158	4	4	0	3	3	0	1	1	0	0	0	0
ENSRNOG00000005093	Lgr6	increased_loop_count	1472	989	483	3	4	1	0	1	1	2	2	0	1	1	0
ENSRNOG00000019957	Lrig2	unchanged_loop_count	831	989	-158	4	4	0	1	1	0	2	2	0	1	1	0
ENSRNOG00000030180	Lrrc10b	increased_loop_count	1472	989	483	3	4	1	0	0	0	1	1	0	2	3	1
ENSRNOG00000001727	Lsg1	unchanged_loop_count	831	989	-158	4	4	0	0	0	0	0	0	0	4	4	0
ENSRNOG00000000846	Ly6g5c	increased_loop_count	2598	989	1609	2	4	2	0	0	0	0	2	2	2	2	0
ENSRNOG00000014013	Map4k4	increased_loop_count	1472	989	483	3	4	1	0	0	0	2	2	0	1	2	1
ENSRNOG00000004923	Map4k5	unchanged_loop_count	831	989	-158	4	4	0	0	0	0	3	3	0	1	1	0
ENSRNOG00000016935	Mapk1ip1	unchanged_loop_count	831	989	-158	4	4	0	1	1	0	2	2	0	1	1	0
ENSRNOG00000047907	Mapk7	unchanged_loop_count	831	989	-158	4	4	0	1	1	0	1	1	0	2	2	0
ENSRNOG00000050002	Mars2	unchanged_loop_count	831	989	-158	4	4	0	0	0	0	2	2	0	2	2	0
ENSRNOG00000065339	Mars2	unchanged_loop_count	831	989	-158	4	4	0	0	0	0	2	2	0	2	2	0
ENSRNOG00000001349	Mcm7	unchanged_loop_count	831	989	-158	4	4	0	0	0	0	1	1	0	3	3	0
ENSRNOG00000001120	Med13l	unchanged_loop_count	831	989	-158	4	4	0	0	0	0	1	1	0	3	3	0
ENSRNOG00000028477	Med8	increased_loop_count	2598	989	1609	2	4	2	0	0	0	1	1	0	1	3	2
ENSRNOG00000047756	Mef2a	decreased_loop_count	447	989	-542	5	4	-1	0	0	0	2	2	0	3	2	-1
ENSRNOG00000013674	Megf10	unchanged_loop_count	831	989	-158	4	4	0	1	1	0	2	2	0	1	1	0
ENSRNOG00000052687	Megf8	unchanged_loop_count	831	989	-158	4	4	0	2	2	0	1	1	0	1	1	0
ENSRNOG00000014951	Mesp1	unchanged_loop_count	831	989	-158	4	4	0	1	1	0	2	2	0	1	1	0
ENSRNOG00000048088	Mest	unchanged_loop_count	831	989	-158	4	4	0	0	0	0	2	2	0	2	2	0
ENSRNOG00000067948	Metazoa_SRP	unchanged_loop_count	831	989	-158	4	4	0	1	1	0	2	2	0	1	1	0
ENSRNOG00000014212	Mettl21a	unchanged_loop_count	831	989	-158	4	4	0	1	1	0	1	1	0	2	2	0
ENSRNOG00000052391	Mettl6	unchanged_loop_count	831	989	-158	4	4	0	2	2	0	2	2	0	0	0	0
ENSRNOG00000015505	Mfap5	unchanged_loop_count	831	989	-158	4	4	0	1	1	0	2	2	0	1	1	0
ENSRNOG00000017510	Mfge8	unchanged_loop_count	831	989	-158	4	4	0	0	0	0	3	3	0	1	1	0
ENSRNOG00000012663	Mfsd6	unchanged_loop_count	831	989	-158	4	4	0	1	1	0	1	1	0	2	2	0
ENSRNOG00000063187	Micos10	unchanged_loop_count	831	989	-158	4	4	0	1	1	0	0	0	0	3	3	0
ENSRNOG00000035542	Mir129-2	unchanged_loop_count	831	989	-158	4	4	0	0	0	0	2	2	0	2	2	0
ENSRNOG00000035658	Mir193a	unchanged_loop_count	831	989	-158	4	4	0	0	0	0	1	1	0	3	3	0
ENSRNOG00000060161	Mir7654	unchanged_loop_count	831	989	-158	4	4	0	0	0	0	1	1	0	3	3	0
ENSRNOG00000004740	Mmadhc	increased_loop_count	1472	989	483	3	4	1	0	0	0	0	0	0	3	4	1
ENSRNOG00000012622	Mmp15	unchanged_loop_count	831	989	-158	4	4	0	2	2	0	1	1	0	1	1	0
ENSRNOG00000030319	Morn2	unchanged_loop_count	831	989	-158	4	4	0	0	0	0	0	0	0	4	4	0
ENSRNOG00000043267	Mrm2	increased_loop_count	1472	989	483	3	4	1	0	0	0	2	2	0	1	2	1
ENSRNOG00000032827	Mroh5	increased_loop_count	2598	989	1609	2	4	2	0	0	0	0	1	1	2	3	1
ENSRNOG00000015231	Mrpl44	unchanged_loop_count	831	989	-158	4	4	0	0	0	0	0	0	0	4	4	0
ENSRNOG00000061597	Ms4a19	unchanged_loop_count	831	989	-158	4	4	0	1	1	0	2	2	0	1	1	0
ENSRNOG00000025527	Mtcl1	unchanged_loop_count	831	989	-158	4	4	0	0	0	0	1	1	0	3	3	0
ENSRNOG00000016578	Mtpap	unchanged_loop_count	831	989	-158	4	4	0	0	0	0	2	2	0	2	2	0
ENSRNOG00000017720	Mxd1	unchanged_loop_count	831	989	-158	4	4	0	1	1	0	2	2	0	1	1	0
ENSRNOG00000021669	Mybl1	unchanged_loop_count	831	989	-158	4	4	0	2	2	0	1	1	0	1	1	0
ENSRNOG00000010479	Mycbp2	unchanged_loop_count	831	989	-158	4	4	0	0	0	0	1	1	0	3	3	0
ENSRNOG00000008235	Mylk2	unchanged_loop_count	831	989	-158	4	4	0	0	0	0	2	2	0	2	2	0
ENSRNOG00000014104	Myo5b	unchanged_loop_count	831	989	-158	4	4	0	0	0	0	1	1	0	3	3	0
ENSRNOG00000040122	Myoz1	unchanged_loop_count	831	989	-158	4	4	0	1	1	0	1	1	0	2	2	0
ENSRNOG00000009823	Naa38	increased_loop_count	1472	989	483	3	4	1	0	0	0	3	4	1	0	0	0
ENSRNOG00000021179	Naa40	unchanged_loop_count	831	989	-158	4	4	0	1	1	0	2	2	0	1	1	0
ENSRNOG00000066120	Nalf1	unchanged_loop_count	831	989	-158	4	4	0	0	0	0	2	2	0	2	2	0
ENSRNOG00000049402	Nbl1	unchanged_loop_count	831	989	-158	4	4	0	0	0	0	1	1	0	3	3	0
ENSRNOG00000017155	Nck2	unchanged_loop_count	831	989	-158	4	4	0	0	0	0	1	1	0	3	3	0
ENSRNOG00000005698	Ndufa5	unchanged_loop_count	831	989	-158	4	4	0	1	1	0	1	1	0	2	2	0
ENSRNOG00000071062	Ndufa5	unchanged_loop_count	831	989	-158	4	4	0	1	1	0	1	1	0	2	2	0
ENSRNOG00000024539	Ndufb6	unchanged_loop_count	831	989	-158	4	4	0	0	0	0	2	2	0	2	2	0
ENSRNOG00000049452	Nebl	unchanged_loop_count	831	989	-158	4	4	0	0	0	0	3	3	0	1	1	0
ENSRNOG00000046492	Nemp1	unchanged_loop_count	831	989	-158	4	4	0	2	2	0	2	2	0	0	0	0
ENSRNOG00000003833	Nenf	unchanged_loop_count	831	989	-158	4	4	0	0	0	0	2	2	0	2	2	0
ENSRNOG00000000410	Nepn	unchanged_loop_count	831	989	-158	4	4	0	0	0	0	1	1	0	3	3	0
ENSRNOG00000016245	Neto2	decreased_loop_count	447	989	-542	5	4	-1	1	0	-1	1	1	0	3	3	0
ENSRNOG00000020339	Neurl1	unchanged_loop_count	831	989	-158	4	4	0	1	1	0	2	2	0	1	1	0
ENSRNOG00000018162	Nhej1	unchanged_loop_count	831	989	-158	4	4	0	1	1	0	1	1	0	2	2	0
ENSRNOG00000016948	Nhlrc2	unchanged_loop_count	831	989	-158	4	4	0	1	1	0	2	2	0	1	1	0
ENSRNOG00000060782	Nkx3-2	unchanged_loop_count	831	989	-158	4	4	0	0	0	0	2	2	0	2	2	0
ENSRNOG00000046968	Nol8	increased_loop_count	1472	989	483	3	4	1	0	1	1	1	1	0	2	2	0
ENSRNOG00000007640	Npbwr1	unchanged_loop_count	831	989	-158	4	4	0	0	0	0	2	2	0	2	2	0
ENSRNOG00000012016	Npc1	unchanged_loop_count	831	989	-158	4	4	0	1	1	0	1	1	0	2	2	0
ENSRNOG00000003260	Nr1i3	increased_loop_count	2598	989	1609	2	4	2	0	0	0	1	3	2	1	1	0
ENSRNOG00000014096	Nr3c1	unchanged_loop_count	831	989	-158	4	4	0	0	0	0	1	1	0	3	3	0
ENSRNOG00000029535	Nrbp2	decreased_loop_count	447	989	-542	5	4	-1	3	3	0	2	1	-1	0	0	0
ENSRNOG00000050767	Nrn1	unchanged_loop_count	831	989	-158	4	4	0	0	0	0	1	1	0	3	3	0
ENSRNOG00000031232	Nrp2	unchanged_loop_count	831	989	-158	4	4	0	0	0	0	1	1	0	3	3	0
ENSRNOG00000050220	Nrxn1	unchanged_loop_count	831	989	-158	4	4	0	0	0	0	0	0	0	4	4	0
ENSRNOG00000042286	Nsl1	unchanged_loop_count	831	989	-158	4	4	0	0	0	0	2	2	0	2	2	0
ENSRNOG00000020179	Nt5c2	unchanged_loop_count	831	989	-158	4	4	0	0	0	0	0	0	0	4	4	0
ENSRNOG00000024809	Ntmt1	unchanged_loop_count	831	989	-158	4	4	0	0	0	0	0	0	0	4	4	0
ENSRNOG00000018839	Ntrk2	unchanged_loop_count	831	989	-158	4	4	0	0	0	0	1	1	0	3	3	0
ENSRNOG00000008061	Nuak1	unchanged_loop_count	831	989	-158	4	4	0	1	1	0	2	2	0	1	1	0
ENSRNOG00000014059	Odf2l	unchanged_loop_count	831	989	-158	4	4	0	0	0	0	1	1	0	3	3	0
ENSRNOG00000020519	Olfm2	unchanged_loop_count	831	989	-158	4	4	0	0	0	0	3	3	0	1	1	0
ENSRNOG00000019211	Olfml3	unchanged_loop_count	831	989	-158	4	4	0	1	1	0	2	2	0	1	1	0
ENSRNOG00000003059	Optc	unchanged_loop_count	831	989	-158	4	4	0	1	1	0	1	1	0	2	2	0
ENSRNOG00000066545	Or13j1	new_gene_in_sensitivity	NA	989	NA	0	4	4	0	2	2	0	1	1	0	1	1
ENSRNOG00000062525	Or2b2	unchanged_loop_count	831	989	-158	4	4	0	0	0	0	0	0	0	4	4	0
ENSRNOG00000015444	Or51s1	increased_loop_count	1472	989	483	3	4	1	0	0	0	1	1	0	2	3	1
ENSRNOG00000064010	Or6b3	unchanged_loop_count	831	989	-158	4	4	0	1	1	0	1	1	0	2	2	0
ENSRNOG00000004210	Osr1	unchanged_loop_count	831	989	-158	4	4	0	0	0	0	1	1	0	3	3	0
ENSRNOG00000021052	Patl1	unchanged_loop_count	831	989	-158	4	4	0	1	1	0	1	1	0	2	2	0
ENSRNOG00000017708	Pcbp1	increased_loop_count	4632	989	3643	1	4	3	0	0	0	0	2	2	1	2	1
ENSRNOG00000013306	Pcdh20	unchanged_loop_count	831	989	-158	4	4	0	0	0	0	1	1	0	3	3	0
ENSRNOG00000022807	Pced1b	increased_loop_count	1472	989	483	3	4	1	0	0	0	0	1	1	3	3	0
ENSRNOG00000009891	Pcf11	unchanged_loop_count	831	989	-158	4	4	0	0	0	0	2	2	0	2	2	0
ENSRNOG00000010155	Pcm1	unchanged_loop_count	831	989	-158	4	4	0	0	0	0	1	1	0	3	3	0
ENSRNOG00000014779	Pdcd4	increased_loop_count	1472	989	483	3	4	1	1	1	0	0	1	1	2	2	0
ENSRNOG00000025383	Pdha1	unchanged_loop_count	831	989	-158	4	4	0	0	0	0	0	0	0	4	4	0
ENSRNOG00000013653	Pdlim7	unchanged_loop_count	831	989	-158	4	4	0	2	2	0	1	1	0	1	1	0
ENSRNOG00000024012	Pex10	unchanged_loop_count	831	989	-158	4	4	0	1	1	0	2	2	0	1	1	0
ENSRNOG00000049982	Pex26	unchanged_loop_count	831	989	-158	4	4	0	0	0	0	3	3	0	1	1	0
ENSRNOG00000050932	Pfdn4	increased_loop_count	1472	989	483	3	4	1	1	1	0	1	2	1	1	1	0
ENSRNOG00000018911	Pfkfb3	decreased_loop_count	447	989	-542	5	4	-1	2	2	0	2	1	-1	1	1	0
ENSRNOG00000046922	Phactr4	decreased_loop_count	447	989	-542	5	4	-1	0	0	0	3	2	-1	2	2	0
ENSRNOG00000004019	Phlda1	unchanged_loop_count	831	989	-158	4	4	0	1	1	0	2	2	0	1	1	0
ENSRNOG00000015325	Pigf	unchanged_loop_count	831	989	-158	4	4	0	0	0	0	2	2	0	2	2	0
ENSRNOG00000000529	Pim1	unchanged_loop_count	831	989	-158	4	4	0	1	1	0	3	3	0	0	0	0
ENSRNOG00000028156	Pld1	unchanged_loop_count	831	989	-158	4	4	0	1	1	0	1	1	0	2	2	0
ENSRNOG00000017003	Plxna1	unchanged_loop_count	831	989	-158	4	4	0	1	1	0	1	1	0	2	2	0
ENSRNOG00000010408	Polr2k	unchanged_loop_count	831	989	-158	4	4	0	1	1	0	1	1	0	2	2	0
ENSRNOG00000016960	Polr3e	increased_loop_count	1472	989	483	3	4	1	1	2	1	1	1	0	1	1	0
ENSRNOG00000061510	Pom121l2	increased_loop_count	4632	989	3643	1	4	3	0	3	3	1	1	0	0	0	0
ENSRNOG00000009118	Pou2f3	unchanged_loop_count	831	989	-158	4	4	0	0	0	0	3	3	0	1	1	0
ENSRNOG00000038909	Pou3f3	unchanged_loop_count	831	989	-158	4	4	0	0	0	0	1	1	0	3	3	0
ENSRNOG00000000557	Ppa1	unchanged_loop_count	831	989	-158	4	4	0	0	0	0	0	0	0	4	4	0
ENSRNOG00000063854	Ppa1	unchanged_loop_count	831	989	-158	4	4	0	2	2	0	0	0	0	2	2	0
ENSRNOG00000000503	Ppard	unchanged_loop_count	831	989	-158	4	4	0	2	2	0	1	1	0	1	1	0
ENSRNOG00000010922	Ppp2r1b	unchanged_loop_count	831	989	-158	4	4	0	0	0	0	2	2	0	2	2	0
ENSRNOG00000043210	Ppp3r1	unchanged_loop_count	831	989	-158	4	4	0	0	0	0	0	0	0	4	4	0
ENSRNOG00000026425	Ppp6r2	unchanged_loop_count	831	989	-158	4	4	0	0	0	0	2	2	0	2	2	0
ENSRNOG00000018446	Prap1	increased_loop_count	1472	989	483	3	4	1	2	3	1	1	1	0	0	0	0
ENSRNOG00000053728	Prkg1	unchanged_loop_count	831	989	-158	4	4	0	0	0	0	0	0	0	4	4	0
ENSRNOG00000016705	Prpf4b	decreased_loop_count	447	989	-542	5	4	-1	0	0	0	2	1	-1	3	3	0
ENSRNOG00000025184	Prss35	unchanged_loop_count	831	989	-158	4	4	0	1	1	0	2	2	0	1	1	0
ENSRNOG00000029865	Prss56	new_gene_in_sensitivity	NA	989	NA	0	4	4	0	1	1	0	1	1	0	2	2
ENSRNOG00000015088	Prune2	decreased_loop_count	447	989	-542	5	4	-1	1	1	0	3	2	-1	1	1	0
ENSRNOG00000008245	Ptgis	increased_loop_count	4632	989	3643	1	4	3	1	1	0	0	3	3	0	0	0
ENSRNOG00000011700	Ptprm	unchanged_loop_count	831	989	-158	4	4	0	0	0	0	2	2	0	2	2	0
ENSRNOG00000019232	Qng1	unchanged_loop_count	831	989	-158	4	4	0	0	0	0	2	2	0	2	2	0
ENSRNOG00000025254	Qrich2	increased_loop_count	1472	989	483	3	4	1	0	0	0	2	2	0	1	2	1
ENSRNOG00000017467	Rab4a	unchanged_loop_count	831	989	-158	4	4	0	0	0	0	0	0	0	4	4	0
ENSRNOG00000052620	Rack1	unchanged_loop_count	831	989	-158	4	4	0	1	1	0	2	2	0	1	1	0
ENSRNOG00000024456	Radil	unchanged_loop_count	831	989	-158	4	4	0	1	1	0	2	2	0	1	1	0
ENSRNOG00000004630	Rag1	increased_loop_count	1472	989	483	3	4	1	0	0	0	1	2	1	2	2	0
ENSRNOG00000013461	Ralbp1	unchanged_loop_count	831	989	-158	4	4	0	0	0	0	1	1	0	3	3	0
ENSRNOG00000013027	Ralgdsl3	unchanged_loop_count	831	989	-158	4	4	0	0	0	0	1	1	0	3	3	0
ENSRNOG00000003348	Rasd1	increased_loop_count	1472	989	483	3	4	1	1	2	1	2	2	0	0	0	0
ENSRNOG00000005404	Rasgrp1	unchanged_loop_count	831	989	-158	4	4	0	1	1	0	2	2	0	1	1	0
ENSRNOG00000010595	Rbm45	unchanged_loop_count	831	989	-158	4	4	0	0	0	0	1	1	0	3	3	0
ENSRNOG00000061795	Rbm4b	unchanged_loop_count	831	989	-158	4	4	0	0	0	0	2	2	0	2	2	0
ENSRNOG00000003283	Rcsd1	increased_loop_count	1472	989	483	3	4	1	1	2	1	2	2	0	0	0	0
ENSRNOG00000000645	Reep3	unchanged_loop_count	831	989	-158	4	4	0	0	0	0	3	3	0	1	1	0
ENSRNOG00000012810	Rfesd	unchanged_loop_count	831	989	-158	4	4	0	0	0	0	2	2	0	2	2	0
ENSRNOG00000042960	Rgcc	unchanged_loop_count	831	989	-158	4	4	0	0	0	0	2	2	0	2	2	0
ENSRNOG00000003687	Rgs2	unchanged_loop_count	831	989	-158	4	4	0	1	1	0	1	1	0	2	2	0
ENSRNOG00000022893	Rimbp2	unchanged_loop_count	831	989	-158	4	4	0	0	0	0	0	0	0	4	4	0
ENSRNOG00000003479	Rnf150	increased_loop_count	1472	989	483	3	4	1	1	2	1	1	1	0	1	1	0
ENSRNOG00000056619	Rnu12-2l	unchanged_loop_count	831	989	-158	4	4	0	0	0	0	1	1	0	3	3	0
ENSRNOG00000061288	Rnu6-630	unchanged_loop_count	831	989	-158	4	4	0	0	1	1	2	2	0	2	1	-1
ENSRNOG00000029598	Robo2	unchanged_loop_count	831	989	-158	4	4	0	0	0	0	1	1	0	3	3	0
ENSRNOG00000069806	Rpl10-ps13	unchanged_loop_count	831	989	-158	4	4	0	0	0	0	0	0	0	4	4	0
ENSRNOG00000030441	Rps10-ps22	increased_loop_count	1472	989	483	3	4	1	0	0	0	1	1	0	2	3	1
ENSRNOG00000019106	Rps17l2	unchanged_loop_count	831	989	-158	4	4	0	1	1	0	2	2	0	1	1	0
ENSRNOG00000017847	Rps19bp1	unchanged_loop_count	831	989	-158	4	4	0	1	1	0	1	1	0	2	2	0
ENSRNOG00000019671	Rsbn1	unchanged_loop_count	831	989	-158	4	4	0	0	0	0	1	1	0	3	3	0
ENSRNOG00000049853	Rtl9	unchanged_loop_count	831	989	-158	4	4	0	1	1	0	1	1	0	2	2	0
ENSRNOG00000022500	Rwdd4	decreased_loop_count	447	989	-542	5	4	-1	1	0	-1	2	2	0	2	2	0
ENSRNOG00000013683	S1pr1	unchanged_loop_count	831	989	-158	4	4	0	2	2	0	1	1	0	1	1	0
ENSRNOG00000050035	Sall4	unchanged_loop_count	831	989	-158	4	4	0	0	0	0	0	0	0	4	4	0
ENSRNOG00000048197	Saxo1	unchanged_loop_count	831	989	-158	4	4	0	0	0	0	0	0	0	4	4	0
ENSRNOG00000006341	Saysd1	unchanged_loop_count	831	989	-158	4	4	0	1	1	0	0	0	0	3	3	0
ENSRNOG00000020196	Scgb1a1	increased_loop_count	4632	989	3643	1	4	3	1	1	0	0	1	1	0	2	2
ENSRNOG00000012847	Scgb1c1	unchanged_loop_count	831	989	-158	4	4	0	1	1	0	2	2	0	1	1	0
ENSRNOG00000005018	Scn2a	unchanged_loop_count	831	989	-158	4	4	0	2	2	0	2	2	0	0	0	0
ENSRNOG00000005007	Scn3a	unchanged_loop_count	831	989	-158	4	4	0	0	0	0	2	2	0	2	2	0
ENSRNOG00000017842	Scnn1g	unchanged_loop_count	831	989	-158	4	4	0	2	2	0	1	1	0	1	1	0
ENSRNOG00000023668	Scyl1	unchanged_loop_count	831	989	-158	4	4	0	1	1	0	3	3	0	0	0	0
ENSRNOG00000053086	Selenop	increased_loop_count	2598	989	1609	2	4	2	1	1	0	1	3	2	0	0	0
ENSRNOG00000002238	Sema5b	unchanged_loop_count	831	989	-158	4	4	0	2	2	0	1	1	0	1	1	0
ENSRNOG00000019776	Sh3gl3	increased_loop_count	2598	989	1609	2	4	2	1	2	1	0	1	1	1	1	0
ENSRNOG00000063400	Shisa9	unchanged_loop_count	831	989	-158	4	4	0	0	0	0	0	0	0	4	4	0
ENSRNOG00000019791	Sipa1l2	unchanged_loop_count	831	989	-158	4	4	0	1	1	0	1	1	0	2	2	0
ENSRNOG00000020703	Sipa1l3	unchanged_loop_count	831	989	-158	4	4	0	1	1	0	1	1	0	2	2	0
ENSRNOG00000057031	Six3	increased_loop_count	1472	989	483	3	4	1	0	0	0	0	0	0	3	4	1
ENSRNOG00000012803	Skic8	unchanged_loop_count	831	989	-158	4	4	0	1	1	0	2	2	0	1	1	0
ENSRNOG00000016147	Slc17a6	unchanged_loop_count	831	989	-158	4	4	0	1	1	0	1	1	0	2	2	0
ENSRNOG00000017210	Slc22a23	unchanged_loop_count	831	989	-158	4	4	0	0	0	0	2	2	0	2	2	0
ENSRNOG00000029465	Slc26a10	unchanged_loop_count	831	989	-158	4	4	0	1	1	0	3	3	0	0	0	0
ENSRNOG00000018082	Slc26a2	unchanged_loop_count	831	989	-158	4	4	0	1	1	0	1	1	0	2	2	0
ENSRNOG00000005302	Slc2a9	unchanged_loop_count	831	989	-158	4	4	0	1	1	0	0	0	0	3	3	0
ENSRNOG00000055089	Slc44a1	increased_loop_count	1472	989	483	3	4	1	0	0	0	2	3	1	1	1	0
ENSRNOG00000011723	Slc44a3	unchanged_loop_count	831	989	-158	4	4	0	2	2	0	2	2	0	0	0	0
ENSRNOG00000057404	Slc47a1	unchanged_loop_count	831	989	-158	4	4	0	0	0	0	0	0	0	4	4	0
ENSRNOG00000053196	Slc48a1	unchanged_loop_count	831	989	-158	4	4	0	1	1	0	2	2	0	1	1	0
ENSRNOG00000001383	Slc8b1	unchanged_loop_count	831	989	-158	4	4	0	0	0	0	3	3	0	1	1	0
ENSRNOG00000017976	Slco2b1	unchanged_loop_count	831	989	-158	4	4	0	2	2	0	1	1	0	1	1	0
ENSRNOG00000032798	Slco3a1	unchanged_loop_count	831	989	-158	4	4	0	0	0	0	2	2	0	2	2	0
ENSRNOG00000032183	Slfnl1	unchanged_loop_count	831	989	-158	4	4	0	2	2	0	2	2	0	0	0	0
ENSRNOG00000009649	Slitrk5	unchanged_loop_count	831	989	-158	4	4	0	1	1	0	1	1	0	2	2	0
ENSRNOG00000054374	Smim29	unchanged_loop_count	831	989	-158	4	4	0	1	1	0	2	2	0	1	1	0
ENSRNOG00000000257	Smpd3	unchanged_loop_count	831	989	-158	4	4	0	1	1	0	1	1	0	2	2	0
ENSRNOG00000053764	Snord33	unchanged_loop_count	831	989	-158	4	4	0	2	2	0	1	1	0	1	1	0
ENSRNOG00000060031	Snord35a	unchanged_loop_count	831	989	-158	4	4	0	2	2	0	1	1	0	1	1	0
ENSRNOG00000057905	Snord60	unchanged_loop_count	831	989	-158	4	4	0	0	0	0	3	3	0	1	1	0
ENSRNOG00000058269	Snord83b	unchanged_loop_count	831	989	-158	4	4	0	2	2	0	1	1	0	1	1	0
ENSRNOG00000057012	Snord95	increased_loop_count	2598	989	1609	2	4	2	0	1	1	1	2	1	1	1	0
ENSRNOG00000060502	Snord96a	increased_loop_count	2598	989	1609	2	4	2	0	1	1	1	2	1	1	1	0
ENSRNOG00000011313	Sorcs1	unchanged_loop_count	831	989	-158	4	4	0	0	0	0	0	0	0	4	4	0
ENSRNOG00000030034	Sox11	unchanged_loop_count	831	989	-158	4	4	0	0	0	0	1	1	0	3	3	0
ENSRNOG00000018841	Sox8	unchanged_loop_count	831	989	-158	4	4	0	0	0	0	3	3	0	1	1	0
ENSRNOG00000002607	Sox9	unchanged_loop_count	831	989	-158	4	4	0	0	0	0	2	2	0	2	2	0
ENSRNOG00000050806	Spty2d1	unchanged_loop_count	831	989	-158	4	4	0	1	1	0	2	2	0	1	1	0
ENSRNOG00000070392	Spty2d1	unchanged_loop_count	831	989	-158	4	4	0	1	1	0	2	2	0	1	1	0
ENSRNOG00000004603	Srgap1	unchanged_loop_count	831	989	-158	4	4	0	0	0	0	1	1	0	3	3	0
ENSRNOG00000014285	Ssh2	unchanged_loop_count	831	989	-158	4	4	0	2	2	0	1	1	0	1	1	0
ENSRNOG00000002793	Sstr2	unchanged_loop_count	831	989	-158	4	4	0	1	1	0	0	0	0	3	3	0
ENSRNOG00000010284	St3gal5	unchanged_loop_count	831	989	-158	4	4	0	1	1	0	2	2	0	1	1	0
ENSRNOG00000000017	Steap1	unchanged_loop_count	831	989	-158	4	4	0	0	0	0	2	2	0	2	2	0
ENSRNOG00000002956	Stim2	unchanged_loop_count	831	989	-158	4	4	0	0	0	0	2	2	0	2	2	0
ENSRNOG00000024808	Stk39	unchanged_loop_count	831	989	-158	4	4	0	1	1	0	3	3	0	0	0	0
ENSRNOG00000011006	Stoml3	increased_loop_count	2598	989	1609	2	4	2	1	1	0	1	1	0	0	2	2
ENSRNOG00000012594	Sugt1	unchanged_loop_count	831	989	-158	4	4	0	0	0	0	0	0	0	4	4	0
ENSRNOG00000045941	Susd6	unchanged_loop_count	831	989	-158	4	4	0	1	1	0	3	3	0	0	0	0
ENSRNOG00000014030	Synm	unchanged_loop_count	831	989	-158	4	4	0	2	2	0	1	1	0	1	1	0
ENSRNOG00000017136	Syt17	unchanged_loop_count	831	989	-158	4	4	0	1	1	0	2	2	0	1	1	0
ENSRNOG00000020245	Syt8	unchanged_loop_count	831	989	-158	4	4	0	1	1	0	1	1	0	2	2	0
ENSRNOG00000004404	Tac4	increased_loop_count	4632	989	3643	1	4	3	1	1	0	0	2	2	0	1	1
ENSRNOG00000030253	Tafa3	unchanged_loop_count	831	989	-158	4	4	0	1	1	0	1	1	0	2	2	0
ENSRNOG00000052840	Tanc2	increased_loop_count	1472	989	483	3	4	1	1	2	1	1	1	0	1	1	0
ENSRNOG00000046460	Tatdn3	unchanged_loop_count	831	989	-158	4	4	0	0	0	0	2	2	0	2	2	0
ENSRNOG00000011216	Tbl1xr1	new_gene_in_sensitivity	NA	989	NA	0	4	4	0	0	0	0	1	1	0	3	3
ENSRNOG00000014753	Tcf7l1	unchanged_loop_count	831	989	-158	4	4	0	0	0	0	3	3	0	1	1	0
ENSRNOG00000049232	Tcf7l2	unchanged_loop_count	831	989	-158	4	4	0	0	0	0	0	0	0	4	4	0
ENSRNOG00000026108	Tcof1	unchanged_loop_count	831	989	-158	4	4	0	0	0	0	3	3	0	1	1	0
ENSRNOG00000011823	Tfap2b	unchanged_loop_count	831	989	-158	4	4	0	0	0	0	1	1	0	3	3	0
ENSRNOG00000001766	Tfrc	unchanged_loop_count	831	989	-158	4	4	0	2	2	0	1	1	0	1	1	0
ENSRNOG00000015906	Tgif1	increased_loop_count	1472	989	483	3	4	1	0	1	1	2	2	0	1	1	0
ENSRNOG00000046850	Thpo	unchanged_loop_count	831	989	-158	4	4	0	0	0	0	1	1	0	3	3	0
ENSRNOG00000011077	Tjp1	unchanged_loop_count	831	989	-158	4	4	0	0	0	0	1	1	0	3	3	0
ENSRNOG00000012349	Tlnrd1	increased_loop_count	1472	989	483	3	4	1	1	2	1	1	1	0	1	1	0
ENSRNOG00000011614	Tmcc1	increased_loop_count	4632	989	3643	1	4	3	0	0	0	1	1	0	0	3	3
ENSRNOG00000053269	Tmem106c	unchanged_loop_count	831	989	-158	4	4	0	0	0	0	1	1	0	3	3	0
ENSRNOG00000063089	Tmem139	increased_loop_count	1472	989	483	3	4	1	2	3	1	1	1	0	0	0	0
ENSRNOG00000004757	Tmem158	unchanged_loop_count	831	989	-158	4	4	0	0	0	0	2	2	0	2	2	0
ENSRNOG00000030199	Tmem192	unchanged_loop_count	831	989	-158	4	4	0	0	0	0	2	2	0	2	2	0
ENSRNOG00000049880	Tmem200c	unchanged_loop_count	831	989	-158	4	4	0	0	0	0	1	1	0	3	3	0
ENSRNOG00000048672	Tmem207	unchanged_loop_count	831	989	-158	4	4	0	0	0	0	2	2	0	2	2	0
ENSRNOG00000064931	Tmem207	unchanged_loop_count	831	989	-158	4	4	0	0	0	0	2	2	0	2	2	0
ENSRNOG00000021263	Tmem230	unchanged_loop_count	831	989	-158	4	4	0	0	0	0	1	1	0	3	3	0
ENSRNOG00000065411	Tmem230	unchanged_loop_count	831	989	-158	4	4	0	0	0	0	1	1	0	3	3	0
ENSRNOG00000037982	Tmem236	unchanged_loop_count	831	989	-158	4	4	0	0	0	0	2	2	0	2	2	0
ENSRNOG00000009870	Tmem88	unchanged_loop_count	831	989	-158	4	4	0	0	0	0	4	4	0	0	0	0
ENSRNOG00000011517	Tnfrsf21	unchanged_loop_count	831	989	-158	4	4	0	1	1	0	2	2	0	1	1	0
ENSRNOG00000012422	Tnik	unchanged_loop_count	831	989	-158	4	4	0	1	1	0	1	1	0	2	2	0
ENSRNOG00000062108	Tomm5	unchanged_loop_count	831	989	-158	4	4	0	3	3	0	1	1	0	0	0	0
ENSRNOG00000003131	Traf7	unchanged_loop_count	831	989	-158	4	4	0	0	0	0	3	3	0	1	1	0
ENSRNOG00000022482	Trappc11	decreased_loop_count	447	989	-542	5	4	-1	1	0	-1	2	2	0	2	2	0
ENSRNOG00000017468	Trappc6a	decreased_loop_count	447	989	-542	5	4	-1	1	0	-1	3	3	0	1	1	0
ENSRNOG00000010303	Trim32	decreased_loop_count	447	989	-542	5	4	-1	0	0	0	2	2	0	3	2	-1
ENSRNOG00000011133	Trpc4	unchanged_loop_count	831	989	-158	4	4	0	1	1	0	1	1	0	2	2	0
ENSRNOG00000023320	Tspan1	unchanged_loop_count	831	989	-158	4	4	0	1	1	0	2	2	0	1	1	0
ENSRNOG00000046204	Tspan15	unchanged_loop_count	831	989	-158	4	4	0	2	2	0	1	1	0	1	1	0
ENSRNOG00000008758	Tspan18	unchanged_loop_count	831	989	-158	4	4	0	0	0	0	3	3	0	1	1	0
ENSRNOG00000050521	Tspo2	unchanged_loop_count	831	989	-158	4	4	0	0	0	0	0	0	0	4	4	0
ENSRNOG00000008595	Ttc12	unchanged_loop_count	831	989	-158	4	4	0	0	0	0	2	2	0	2	2	0
ENSRNOG00000015916	Ttc38	unchanged_loop_count	831	989	-158	4	4	0	0	0	0	1	1	0	3	3	0
ENSRNOG00000024578	Ttyh2	unchanged_loop_count	831	989	-158	4	4	0	0	0	0	4	4	0	0	0	0
ENSRNOG00000017558	Tubb2a	unchanged_loop_count	831	989	-158	4	4	0	1	1	0	2	2	0	1	1	0
ENSRNOG00000060170	U1	increased_loop_count	1472	989	483	3	4	1	0	0	0	1	2	1	2	2	0
ENSRNOG00000069384	Ubb-ps1	unchanged_loop_count	831	989	-158	4	4	0	0	0	0	0	0	0	4	4	0
ENSRNOG00000019271	Ulk4	unchanged_loop_count	831	989	-158	4	4	0	2	2	0	2	2	0	0	0	0
ENSRNOG00000046601	Unc5cl	unchanged_loop_count	831	989	-158	4	4	0	0	0	0	0	0	0	4	4	0
ENSRNOG00000032204	Uqcrb	unchanged_loop_count	831	989	-158	4	4	0	0	0	0	2	2	0	2	2	0
ENSRNOG00000050360	Urad	unchanged_loop_count	831	989	-158	4	4	0	0	0	0	1	1	0	3	3	0
ENSRNOG00000018211	Urod	decreased_loop_count	447	989	-542	5	4	-1	2	1	-1	2	2	0	1	1	0
ENSRNOG00000013216	Usb1	unchanged_loop_count	831	989	-158	4	4	0	3	3	0	0	0	0	1	1	0
ENSRNOG00000007174	Utp11	unchanged_loop_count	831	989	-158	4	4	0	0	0	0	2	2	0	2	2	0
ENSRNOG00000012654	Vps36	unchanged_loop_count	831	989	-158	4	4	0	0	0	0	1	1	0	3	3	0
ENSRNOG00000012940	Vps41	unchanged_loop_count	831	989	-158	4	4	0	0	0	0	0	0	0	4	4	0
ENSRNOG00000021173	Vps45	unchanged_loop_count	831	989	-158	4	4	0	0	0	0	2	2	0	2	2	0
ENSRNOG00000011540	Vta1	unchanged_loop_count	831	989	-158	4	4	0	1	1	0	2	2	0	1	1	0
ENSRNOG00000010664	Wdr73	increased_loop_count	1472	989	483	3	4	1	0	0	0	1	2	1	2	2	0
ENSRNOG00000001700	Whrn	unchanged_loop_count	831	989	-158	4	4	0	1	1	0	1	1	0	2	2	0
ENSRNOG00000015982	Wnt11	unchanged_loop_count	831	989	-158	4	4	0	2	2	0	1	1	0	1	1	0
ENSRNOG00000048782	Wnt7a	increased_loop_count	2598	989	1609	2	4	2	1	1	0	0	2	2	1	1	0
ENSRNOG00000009935	Xpo1	unchanged_loop_count	831	989	-158	4	4	0	0	0	0	1	1	0	3	3	0
ENSRNOG00000016105	Xrcc5	unchanged_loop_count	831	989	-158	4	4	0	0	0	0	0	0	0	4	4	0
ENSRNOG00000056311	Y_RNA	unchanged_loop_count	831	989	-158	4	4	0	0	0	0	0	0	0	4	4	0
ENSRNOG00000051650	Ywhaq	unchanged_loop_count	831	989	-158	4	4	0	1	1	0	1	1	0	2	2	0
ENSRNOG00000029980	Zbtb16	unchanged_loop_count	831	989	-158	4	4	0	1	1	0	2	2	0	1	1	0
ENSRNOG00000004423	Zbtb18	unchanged_loop_count	831	989	-158	4	4	0	0	0	0	2	2	0	2	2	0
ENSRNOG00000026898	Zbtb8b	unchanged_loop_count	831	989	-158	4	4	0	1	1	0	0	0	0	3	3	0
ENSRNOG00000003981	Zfp18	increased_loop_count	4632	989	3643	1	4	3	0	0	0	0	0	0	1	4	3
ENSRNOG00000061612	Zfp184	unchanged_loop_count	831	989	-158	4	4	0	2	2	0	1	1	0	1	1	0
ENSRNOG00000045854	Zfp277	unchanged_loop_count	831	989	-158	4	4	0	0	0	0	2	2	0	2	2	0
ENSRNOG00000013460	Zfp319	unchanged_loop_count	831	989	-158	4	4	0	3	3	0	0	0	0	1	1	0
ENSRNOG00000062825	Zfp319	unchanged_loop_count	831	989	-158	4	4	0	3	3	0	0	0	0	1	1	0
ENSRNOG00000049137	Zfp35	unchanged_loop_count	831	989	-158	4	4	0	0	0	0	1	1	0	3	3	0
ENSRNOG00000003634	Zfp354a	increased_loop_count	1472	989	483	3	4	1	0	1	1	2	2	0	1	1	0
ENSRNOG00000014191	Zfp395	increased_loop_count	1472	989	483	3	4	1	1	2	1	2	2	0	0	0	0
ENSRNOG00000014163	Zfp536	unchanged_loop_count	831	989	-158	4	4	0	1	1	0	1	1	0	2	2	0
ENSRNOG00000016274	Zfp580	unchanged_loop_count	831	989	-158	4	4	0	1	1	0	1	1	0	2	2	0
ENSRNOG00000020087	Zfp90	unchanged_loop_count	831	989	-158	4	4	0	0	0	0	0	0	0	4	4	0
ENSRNOG00000036980	Zgrf1	unchanged_loop_count	831	989	-158	4	4	0	0	0	0	1	1	0	3	3	0
ENSRNOG00000027988	Zhx3	unchanged_loop_count	831	989	-158	4	4	0	0	0	0	0	0	0	4	4	0
ENSRNOG00000008194	Znfx1	unchanged_loop_count	831	989	-158	4	4	0	0	0	0	1	1	0	3	3	0
ENSRNOG00000027818	Znhit3	decreased_loop_count	447	989	-542	5	4	-1	1	1	0	1	1	0	3	2	-1
ENSRNOG00000027857	Znhit3	decreased_loop_count	447	989	-542	5	4	-1	1	1	0	1	1	0	3	2	-1
ENSRNOG00000063476	Znhit3	decreased_loop_count	447	989	-542	5	4	-1	1	1	0	1	1	0	3	2	-1
ENSRNOG00000030131	Zscan30	unchanged_loop_count	831	989	-158	4	4	0	0	0	0	1	1	0	3	3	0
ENSRNOG00000068719	rno-mir-335	unchanged_loop_count	831	989	-158	4	4	0	0	0	0	2	2	0	2	2	0
ENSRNOG00000049874	1700042G07Rik	increased_loop_count	2598	1684	914	2	3	1	0	1	1	2	2	0	0	0	0
ENSRNOG00000018518	AABR07005779	unchanged_loop_count	1472	1684	-212	3	3	0	0	0	0	1	1	0	2	2	0
ENSRNOG00000053536	AABR07006871.1	increased_loop_count	2598	1684	914	2	3	1	1	1	0	1	2	1	0	0	0
ENSRNOG00000048753	AABR07008350	unchanged_loop_count	1472	1684	-212	3	3	0	0	0	0	0	0	0	3	3	0
ENSRNOG00000049530	AABR07012054.1	unchanged_loop_count	1472	1684	-212	3	3	0	0	0	0	0	0	0	3	3	0
ENSRNOG00000034289	AABR07014298.1	unchanged_loop_count	1472	1684	-212	3	3	0	0	0	0	1	1	0	2	2	0
ENSRNOG00000033207	AABR07014676.1	new_gene_in_sensitivity	NA	1684	NA	0	3	3	0	0	0	0	0	0	0	3	3
ENSRNOG00000059225	AABR07020987.1	unchanged_loop_count	1472	1684	-212	3	3	0	1	1	0	2	2	0	0	0	0
ENSRNOG00000053155	AABR07027811	decreased_loop_count	831	1684	-853	4	3	-1	0	0	0	0	0	0	4	3	-1
ENSRNOG00000047261	AABR07031445	unchanged_loop_count	1472	1684	-212	3	3	0	0	0	0	0	0	0	3	3	0
ENSRNOG00000028381	AABR07032255.1	unchanged_loop_count	1472	1684	-212	3	3	0	2	2	0	1	1	0	0	0	0
ENSRNOG00000031591	AABR07032255.2	unchanged_loop_count	1472	1684	-212	3	3	0	2	2	0	1	1	0	0	0	0
ENSRNOG00000057598	AABR07032520.4	unchanged_loop_count	1472	1684	-212	3	3	0	0	0	0	2	2	0	1	1	0
ENSRNOG00000055793	AABR07033287.1	unchanged_loop_count	1472	1684	-212	3	3	0	0	0	0	1	1	0	2	2	0
ENSRNOG00000033226	AABR07043557.1	increased_loop_count	4632	1684	2948	1	3	2	0	2	2	1	1	0	0	0	0
ENSRNOG00000059770	AABR07044383.1	unchanged_loop_count	1472	1684	-212	3	3	0	0	0	0	1	1	0	2	2	0
ENSRNOG00000059973	AABR07046763.1	unchanged_loop_count	1472	1684	-212	3	3	0	0	0	0	1	1	0	2	2	0
ENSRNOG00000006971	AABR07047593	unchanged_loop_count	1472	1684	-212	3	3	0	0	0	0	1	1	0	2	2	0
ENSRNOG00000047278	AABR07049043.1	unchanged_loop_count	1472	1684	-212	3	3	0	0	0	0	0	0	0	3	3	0
ENSRNOG00000052948	AABR07049134.4	unchanged_loop_count	1472	1684	-212	3	3	0	1	1	0	1	1	0	1	1	0
ENSRNOG00000052827	AABR07052085.2	unchanged_loop_count	1472	1684	-212	3	3	0	0	0	0	0	0	0	3	3	0
ENSRNOG00000011028	AABR07054096.1	unchanged_loop_count	1472	1684	-212	3	3	0	0	0	0	0	0	0	3	3	0
ENSRNOG00000031167	AABR07054319	unchanged_loop_count	1472	1684	-212	3	3	0	1	1	0	1	1	0	1	1	0
ENSRNOG00000053624	AABR07058017.2	unchanged_loop_count	1472	1684	-212	3	3	0	0	0	0	0	0	0	3	3	0
ENSRNOG00000059955	AABR07058406	increased_loop_count	2598	1684	914	2	3	1	0	1	1	2	2	0	0	0	0
ENSRNOG00000053476	AABR07062350.1	unchanged_loop_count	1472	1684	-212	3	3	0	1	1	0	2	2	0	0	0	0
ENSRNOG00000049801	AABR07065291.1	unchanged_loop_count	1472	1684	-212	3	3	0	0	0	0	0	0	0	3	3	0
ENSRNOG00000053429	AABR07065589.1	unchanged_loop_count	1472	1684	-212	3	3	0	2	2	0	0	0	0	1	1	0
ENSRNOG00000061240	AABR07070609.1	unchanged_loop_count	1472	1684	-212	3	3	0	0	0	0	0	0	0	3	3	0
ENSRNOG00000061579	AABR07070810	unchanged_loop_count	1472	1684	-212	3	3	0	0	0	0	0	0	0	3	3	0
ENSRNOG00000031523	AABR07071287.1	unchanged_loop_count	1472	1684	-212	3	3	0	0	0	0	1	1	0	2	2	0
ENSRNOG00000037673	AABR07071891	increased_loop_count	2598	1684	914	2	3	1	1	2	1	1	1	0	0	0	0
ENSRNOG00000042579	AABR07072078.2	new_gene_in_sensitivity	NA	1684	NA	0	3	3	0	0	0	0	2	2	0	1	1
ENSRNOG00000059084	AABR07073400	unchanged_loop_count	1472	1684	-212	3	3	0	1	1	0	1	1	0	1	1	0
ENSRNOG00000058506	AC095078.1	increased_loop_count	2598	1684	914	2	3	1	0	1	1	1	1	0	1	1	0
ENSRNOG00000033109	AC097037.1	decreased_loop_count	831	1684	-853	4	3	-1	2	2	0	2	1	-1	0	0	0
ENSRNOG00000038087	AC110846.1	unchanged_loop_count	1472	1684	-212	3	3	0	1	1	0	1	1	0	1	1	0
ENSRNOG00000057691	AC112557.1	unchanged_loop_count	1472	1684	-212	3	3	0	0	0	0	1	1	0	2	2	0
ENSRNOG00000047447	AC115420	unchanged_loop_count	1472	1684	-212	3	3	0	1	1	0	1	1	0	1	1	0
ENSRNOG00000058154	AC118094.1	increased_loop_count	2598	1684	914	2	3	1	0	0	0	0	0	0	2	3	1
ENSRNOG00000058142	AC128917.1	unchanged_loop_count	1472	1684	-212	3	3	0	0	0	0	0	0	0	3	3	0
ENSRNOG00000053025	AC130391.3	unchanged_loop_count	1472	1684	-212	3	3	0	1	1	0	0	0	0	2	2	0
ENSRNOG00000042032	AC134160.1	unchanged_loop_count	1472	1684	-212	3	3	0	0	0	0	0	0	0	3	3	0
ENSRNOG00000027505	Abca15	unchanged_loop_count	1472	1684	-212	3	3	0	0	0	0	2	2	0	1	1	0
ENSRNOG00000039656	Abca17	unchanged_loop_count	1472	1684	-212	3	3	0	0	0	0	0	0	0	3	3	0
ENSRNOG00000050057	Abca3	unchanged_loop_count	1472	1684	-212	3	3	0	0	0	0	0	0	0	3	3	0
ENSRNOG00000021130	Abcc8	unchanged_loop_count	1472	1684	-212	3	3	0	0	0	0	2	2	0	1	1	0
ENSRNOG00000008510	Abtb2	unchanged_loop_count	1472	1684	-212	3	3	0	2	2	0	1	1	0	0	0	0
ENSRNOG00000047368	Acer1	unchanged_loop_count	1472	1684	-212	3	3	0	0	0	0	0	0	0	3	3	0
ENSRNOG00000005849	Aco1	decreased_loop_count	831	1684	-853	4	3	-1	0	0	0	1	0	-1	3	3	0
ENSRNOG00000021659	Acp4	increased_loop_count	2598	1684	914	2	3	1	0	0	0	1	2	1	1	1	0
ENSRNOG00000026745	Acsl6	unchanged_loop_count	1472	1684	-212	3	3	0	1	1	0	1	1	0	1	1	0
ENSRNOG00000017786	Acta1	increased_loop_count	2598	1684	914	2	3	1	0	1	1	1	1	0	1	1	0
ENSRNOG00000062691	Actg1-ps9	unchanged_loop_count	1472	1684	-212	3	3	0	1	1	0	2	2	0	0	0	0
ENSRNOG00000020433	Actn4	unchanged_loop_count	1472	1684	-212	3	3	0	0	0	0	3	3	0	0	0	0
ENSRNOG00000019725	Actr1a	unchanged_loop_count	1472	1684	-212	3	3	0	1	1	0	2	2	0	0	0	0
ENSRNOG00000005033	Acvr1	increased_loop_count	2598	1684	914	2	3	1	1	1	0	1	1	0	0	1	1
ENSRNOG00000001227	Adarb1	unchanged_loop_count	1472	1684	-212	3	3	0	1	1	0	1	1	0	1	1	0
ENSRNOG00000019434	Adat1	increased_loop_count	2598	1684	914	2	3	1	1	2	1	1	1	0	0	0	0
ENSRNOG00000004890	Adcy8	unchanged_loop_count	1472	1684	-212	3	3	0	0	0	0	1	1	0	2	2	0
ENSRNOG00000049882	Adcyap1	unchanged_loop_count	1472	1684	-212	3	3	0	0	0	0	1	1	0	2	2	0
ENSRNOG00000062544	Adgrf1	unchanged_loop_count	1472	1684	-212	3	3	0	0	0	0	1	1	0	2	2	0
ENSRNOG00000027030	Adm	unchanged_loop_count	1472	1684	-212	3	3	0	1	1	0	1	1	0	1	1	0
ENSRNOG00000015788	Adora3	unchanged_loop_count	1472	1684	-212	3	3	0	0	0	0	2	2	0	1	1	0
ENSRNOG00000010849	Adprhl2	unchanged_loop_count	1472	1684	-212	3	3	0	0	0	0	1	1	0	2	2	0
ENSRNOG00000004481	Adss	unchanged_loop_count	1472	1684	-212	3	3	0	0	0	0	0	0	0	3	3	0
ENSRNOG00000017164	Afap1l2	unchanged_loop_count	1472	1684	-212	3	3	0	1	1	0	1	1	0	1	1	0
ENSRNOG00000002232	Aff1	unchanged_loop_count	1472	1684	-212	3	3	0	1	1	0	1	1	0	1	1	0
ENSRNOG00000000169	Afg2b	decreased_loop_count	831	1684	-853	4	3	-1	0	0	0	3	3	0	1	0	-1
ENSRNOG00000017731	Agpat4	unchanged_loop_count	1472	1684	-212	3	3	0	0	0	0	2	2	0	1	1	0
ENSRNOG00000018569	Ahcyl1	increased_loop_count	2598	1684	914	2	3	1	1	2	1	1	1	0	0	0	0
ENSRNOG00000011504	Akap2	unchanged_loop_count	1472	1684	-212	3	3	0	0	0	0	2	2	0	1	1	0
ENSRNOG00000006355	Akap8l	unchanged_loop_count	1472	1684	-212	3	3	0	0	0	0	1	1	0	2	2	0
ENSRNOG00000052070	Aldh1a3	unchanged_loop_count	1472	1684	-212	3	3	0	0	0	0	1	1	0	2	2	0
ENSRNOG00000021678	Alkbh3	increased_loop_count	4632	1684	2948	1	3	2	0	1	1	0	1	1	1	1	0
ENSRNOG00000008299	Allc	unchanged_loop_count	1472	1684	-212	3	3	0	0	0	0	0	0	0	3	3	0
ENSRNOG00000007454	Aloxe3	new_gene_in_sensitivity	NA	1684	NA	0	3	3	0	2	2	0	1	1	0	0	0
ENSRNOG00000022636	Alpk1	unchanged_loop_count	1472	1684	-212	3	3	0	0	0	0	0	0	0	3	3	0
ENSRNOG00000019377	Amh	unchanged_loop_count	1472	1684	-212	3	3	0	0	0	0	3	3	0	0	0	0
ENSRNOG00000064183	Amigo3	unchanged_loop_count	1472	1684	-212	3	3	0	0	0	0	2	2	0	1	1	0
ENSRNOG00000008487	Amotl2	unchanged_loop_count	1472	1684	-212	3	3	0	1	1	0	2	2	0	0	0	0
ENSRNOG00000019240	Ampd2	unchanged_loop_count	1472	1684	-212	3	3	0	0	0	0	3	3	0	0	0	0
ENSRNOG00000043331	Ankrd65	unchanged_loop_count	1472	1684	-212	3	3	0	0	0	0	1	1	0	2	2	0
ENSRNOG00000015354	Aox1	unchanged_loop_count	1472	1684	-212	3	3	0	0	0	0	1	1	0	2	2	0
ENSRNOG00000022938	Ap4e1	unchanged_loop_count	1472	1684	-212	3	3	0	0	0	0	1	1	0	2	2	0
ENSRNOG00000014928	Apba1	unchanged_loop_count	1472	1684	-212	3	3	0	0	0	0	0	0	0	3	3	0
ENSRNOG00000017849	Apbb3	unchanged_loop_count	1472	1684	-212	3	3	0	1	1	0	2	2	0	0	0	0
ENSRNOG00000029572	Apeh	unchanged_loop_count	1472	1684	-212	3	3	0	0	0	0	1	1	0	2	2	0
ENSRNOG00000007446	Apip	increased_loop_count	4632	1684	2948	1	3	2	0	0	0	0	2	2	1	1	0
ENSRNOG00000055909	Apoa4	unchanged_loop_count	1472	1684	-212	3	3	0	1	1	0	1	1	0	1	1	0
ENSRNOG00000003566	Apoh	unchanged_loop_count	1472	1684	-212	3	3	0	0	0	0	0	0	0	3	3	0
ENSRNOG00000013358	Aqp11	unchanged_loop_count	1472	1684	-212	3	3	0	0	0	0	0	0	0	3	3	0
ENSRNOG00000014652	Aqp8	unchanged_loop_count	1472	1684	-212	3	3	0	0	0	0	3	3	0	0	0	0
ENSRNOG00000010533	Arfip1	increased_loop_count	2598	1684	914	2	3	1	0	0	0	0	1	1	2	2	0
ENSRNOG00000018440	Arfip2	unchanged_loop_count	1472	1684	-212	3	3	0	0	0	0	2	2	0	1	1	0
ENSRNOG00000026821	Arhgap42	unchanged_loop_count	1472	1684	-212	3	3	0	0	0	0	2	2	0	1	1	0
ENSRNOG00000014363	Arhgef3	unchanged_loop_count	1472	1684	-212	3	3	0	1	1	0	1	1	0	1	1	0
ENSRNOG00000025502	Arhgef37	unchanged_loop_count	1472	1684	-212	3	3	0	0	0	0	1	1	0	2	2	0
ENSRNOG00000026435	Arid3a	decreased_loop_count	831	1684	-853	4	3	-1	3	2	-1	1	1	0	0	0	0
ENSRNOG00000017215	Ark2n	unchanged_loop_count	1472	1684	-212	3	3	0	0	0	0	2	2	0	1	1	0
ENSRNOG00000014653	Arl11	unchanged_loop_count	1472	1684	-212	3	3	0	0	0	0	1	1	0	2	2	0
ENSRNOG00000049827	Arl14	increased_loop_count	2598	1684	914	2	3	1	0	0	0	0	1	1	2	2	0
ENSRNOG00000026937	Arsk	unchanged_loop_count	1472	1684	-212	3	3	0	0	0	0	1	1	0	2	2	0
ENSRNOG00000005670	Art4	unchanged_loop_count	1472	1684	-212	3	3	0	1	1	0	2	2	0	0	0	0
ENSRNOG00000033391	Ascl5	unchanged_loop_count	1472	1684	-212	3	3	0	1	1	0	1	1	0	1	1	0
ENSRNOG00000001324	Asmt	unchanged_loop_count	1472	1684	-212	3	3	0	1	1	0	1	1	0	1	1	0
ENSRNOG00000007445	Asph	unchanged_loop_count	1472	1684	-212	3	3	0	1	1	0	1	1	0	1	1	0
ENSRNOG00000005667	Astn1	unchanged_loop_count	1472	1684	-212	3	3	0	0	0	0	0	0	0	3	3	0
ENSRNOG00000008870	Atf7ip	unchanged_loop_count	1472	1684	-212	3	3	0	1	1	0	2	2	0	0	0	0
ENSRNOG00000000384	Atoh7	new_gene_in_sensitivity	NA	1684	NA	0	3	3	0	1	1	0	2	2	0	0	0
ENSRNOG00000010716	Atoh8	unchanged_loop_count	1472	1684	-212	3	3	0	2	2	0	1	1	0	0	0	0
ENSRNOG00000030019	Atp1a1	increased_loop_count	2598	1684	914	2	3	1	1	1	0	0	0	0	1	2	1
ENSRNOG00000013305	Atp2c1	unchanged_loop_count	1472	1684	-212	3	3	0	0	0	0	1	1	0	2	2	0
ENSRNOG00000015320	Atp5mc2	unchanged_loop_count	1472	1684	-212	3	3	0	0	0	0	1	1	0	2	2	0
ENSRNOG00000006542	Atp6v0c	increased_loop_count	2598	1684	914	2	3	1	0	0	0	0	0	0	2	3	1
ENSRNOG00000003269	Atp6v0e1	unchanged_loop_count	1472	1684	-212	3	3	0	0	0	0	1	1	0	2	2	0
ENSRNOG00000005333	Azin1	increased_loop_count	2598	1684	914	2	3	1	0	0	0	1	2	1	1	1	0
ENSRNOG00000051507	Azin2	unchanged_loop_count	1472	1684	-212	3	3	0	0	0	0	2	2	0	1	1	0
ENSRNOG00000009267	B3gnt2	unchanged_loop_count	1472	1684	-212	3	3	0	1	1	0	0	0	0	2	2	0
ENSRNOG00000006032	Banf2	unchanged_loop_count	1472	1684	-212	3	3	0	0	0	0	0	0	0	3	3	0
ENSRNOG00000002117	Barhl2	increased_loop_count	2598	1684	914	2	3	1	0	0	0	0	0	0	2	3	1
ENSRNOG00000016915	Barx1	unchanged_loop_count	1472	1684	-212	3	3	0	0	0	0	1	1	0	2	2	0
ENSRNOG00000020876	Bax	unchanged_loop_count	1472	1684	-212	3	3	0	0	0	0	1	1	0	2	2	0
ENSRNOG00000053881	Baz2a	unchanged_loop_count	1472	1684	-212	3	3	0	1	1	0	1	1	0	1	1	0
ENSRNOG00000012906	Bcas1	increased_loop_count	2598	1684	914	2	3	1	0	1	1	2	2	0	0	0	0
ENSRNOG00000048961	Bhlhe41	unchanged_loop_count	1472	1684	-212	3	3	0	0	0	0	1	1	0	2	2	0
ENSRNOG00000011262	Bicra	unchanged_loop_count	1472	1684	-212	3	3	0	2	2	0	1	1	0	0	0	0
ENSRNOG00000018023	Bin3	unchanged_loop_count	1472	1684	-212	3	3	0	0	0	0	2	2	0	1	1	0
ENSRNOG00000054224	Bloc1s4	increased_loop_count	2598	1684	914	2	3	1	0	1	1	1	1	0	1	1	0
ENSRNOG00000015357	Bmper	unchanged_loop_count	1472	1684	-212	3	3	0	0	0	0	0	0	0	3	3	0
ENSRNOG00000056024	Bnip2	unchanged_loop_count	1472	1684	-212	3	3	0	1	1	0	1	1	0	1	1	0
ENSRNOG00000017577	Bphl	increased_loop_count	4632	1684	2948	1	3	2	0	0	0	1	1	0	0	2	2
ENSRNOG00000008249	Brms1l	unchanged_loop_count	1472	1684	-212	3	3	0	0	0	0	2	2	0	1	1	0
ENSRNOG00000052393	Bscl2	unchanged_loop_count	1472	1684	-212	3	3	0	0	0	0	0	0	0	3	3	0
ENSRNOG00000030714	Bsn	unchanged_loop_count	1472	1684	-212	3	3	0	0	0	0	2	2	0	1	1	0
ENSRNOG00000036675	Btbd16	unchanged_loop_count	1472	1684	-212	3	3	0	0	0	0	2	2	0	1	1	0
ENSRNOG00000043106	Btbd18	unchanged_loop_count	1472	1684	-212	3	3	0	1	1	0	1	1	0	1	1	0
ENSRNOG00000046377	Btnl9	unchanged_loop_count	1472	1684	-212	3	3	0	0	0	0	1	1	0	2	2	0
ENSRNOG00000001289	C12h7orf50	decreased_loop_count	831	1684	-853	4	3	-1	1	1	0	1	1	0	2	1	-1
ENSRNOG00000028236	C13h1orf21	unchanged_loop_count	1472	1684	-212	3	3	0	0	0	0	0	0	0	3	3	0
ENSRNOG00000070558	C15h13orf42	increased_loop_count	2598	1684	914	2	3	1	0	0	0	0	0	0	2	3	1
ENSRNOG00000012804	C1qc	unchanged_loop_count	1472	1684	-212	3	3	0	0	0	0	1	1	0	2	2	0
ENSRNOG00000060020	C1ql4	unchanged_loop_count	1472	1684	-212	3	3	0	0	0	0	1	1	0	2	2	0
ENSRNOG00000069579	C1qtnf4	increased_loop_count	2598	1684	914	2	3	1	0	0	0	0	1	1	2	2	0
ENSRNOG00000007613	C1qtnf5	increased_loop_count	2598	1684	914	2	3	1	0	0	0	0	0	0	2	3	1
ENSRNOG00000007300	C1qtnf6	unchanged_loop_count	1472	1684	-212	3	3	0	1	1	0	1	1	0	1	1	0
ENSRNOG00000030729	C4b	unchanged_loop_count	1472	1684	-212	3	3	0	0	0	0	1	1	0	2	2	0
ENSRNOG00000070397	C4b	unchanged_loop_count	1472	1684	-212	3	3	0	0	0	0	1	1	0	2	2	0
ENSRNOG00000047310	C5h8orf89	unchanged_loop_count	1472	1684	-212	3	3	0	0	0	0	0	0	0	3	3	0
ENSRNOG00000012068	C5h9orf152	unchanged_loop_count	1472	1684	-212	3	3	0	0	0	0	0	0	0	3	3	0
ENSRNOG00000011603	Cab39l	unchanged_loop_count	1472	1684	-212	3	3	0	0	0	0	2	2	0	1	1	0
ENSRNOG00000046231	Cacna1s	unchanged_loop_count	1472	1684	-212	3	3	0	1	1	0	1	1	0	1	1	0
ENSRNOG00000031287	Cacna2d3	unchanged_loop_count	1472	1684	-212	3	3	0	0	0	0	2	2	0	1	1	0
ENSRNOG00000006470	Camk1g	increased_loop_count	2598	1684	914	2	3	1	0	0	0	1	1	0	1	2	1
ENSRNOG00000034015	Capn2	unchanged_loop_count	1472	1684	-212	3	3	0	0	0	0	0	0	0	3	3	0
ENSRNOG00000021017	Car11	unchanged_loop_count	1472	1684	-212	3	3	0	0	0	0	1	1	0	2	2	0
ENSRNOG00000009629	Car2	unchanged_loop_count	1472	1684	-212	3	3	0	1	1	0	0	0	0	2	2	0
ENSRNOG00000016560	Card19	unchanged_loop_count	1472	1684	-212	3	3	0	0	0	0	2	2	0	1	1	0
ENSRNOG00000020651	Cars	unchanged_loop_count	1472	1684	-212	3	3	0	0	0	0	2	2	0	1	1	0
ENSRNOG00000016707	Casp2	unchanged_loop_count	1472	1684	-212	3	3	0	2	2	0	1	1	0	0	0	0
ENSRNOG00000008444	Cbl	unchanged_loop_count	1472	1684	-212	3	3	0	0	0	0	1	1	0	2	2	0
ENSRNOG00000001982	Cblb	unchanged_loop_count	1472	1684	-212	3	3	0	0	0	0	1	1	0	2	2	0
ENSRNOG00000007253	Cbll1	unchanged_loop_count	1472	1684	-212	3	3	0	0	0	0	0	0	0	3	3	0
ENSRNOG00000024411	Cbr4	unchanged_loop_count	1472	1684	-212	3	3	0	0	0	0	1	1	0	2	2	0
ENSRNOG00000063043	Cbx4	increased_loop_count	2598	1684	914	2	3	1	0	1	1	2	2	0	0	0	0
ENSRNOG00000016875	Cbx7	unchanged_loop_count	1472	1684	-212	3	3	0	0	0	0	0	0	0	3	3	0
ENSRNOG00000048113	Cbx8	unchanged_loop_count	1472	1684	-212	3	3	0	1	1	0	1	1	0	1	1	0
ENSRNOG00000017253	Ccdc107	unchanged_loop_count	1472	1684	-212	3	3	0	0	0	0	3	3	0	0	0	0
ENSRNOG00000013318	Ccdc150	unchanged_loop_count	1472	1684	-212	3	3	0	0	0	0	0	0	0	3	3	0
ENSRNOG00000042711	Ccdc188	unchanged_loop_count	1472	1684	-212	3	3	0	0	0	0	2	2	0	1	1	0
ENSRNOG00000053347	Ccdc28a	increased_loop_count	4632	1684	2948	1	3	2	0	0	0	0	0	0	1	3	2
ENSRNOG00000022660	Ccdc73	unchanged_loop_count	1472	1684	-212	3	3	0	0	0	0	1	1	0	2	2	0
ENSRNOG00000027936	Ccdc8	unchanged_loop_count	1472	1684	-212	3	3	0	1	1	0	2	2	0	0	0	0
ENSRNOG00000005713	Ccdc82	unchanged_loop_count	1472	1684	-212	3	3	0	0	0	0	2	2	0	1	1	0
ENSRNOG00000052220	Ccdc83	unchanged_loop_count	1472	1684	-212	3	3	0	0	0	0	1	1	0	2	2	0
ENSRNOG00000048848	Ccdc9	unchanged_loop_count	1472	1684	-212	3	3	0	0	0	0	2	2	0	1	1	0
ENSRNOG00000028910	Ccdc9b	unchanged_loop_count	1472	1684	-212	3	3	0	0	0	0	1	1	0	2	2	0
ENSRNOG00000004875	Ccer1	unchanged_loop_count	1472	1684	-212	3	3	0	1	1	0	1	1	0	1	1	0
ENSRNOG00000000239	Ccl7	unchanged_loop_count	1472	1684	-212	3	3	0	1	1	0	1	1	0	1	1	0
ENSRNOG00000000597	Ccn6	increased_loop_count	4632	1684	2948	1	3	2	0	0	0	0	0	0	1	3	2
ENSRNOG00000010665	Ccr7	unchanged_loop_count	1472	1684	-212	3	3	0	0	0	0	0	0	0	3	3	0
ENSRNOG00000026759	Ccr8	unchanged_loop_count	1472	1684	-212	3	3	0	0	0	0	2	2	0	1	1	0
ENSRNOG00000022781	Ccser2	increased_loop_count	2598	1684	914	2	3	1	0	0	0	0	0	0	2	3	1
ENSRNOG00000021317	Cct2	unchanged_loop_count	1472	1684	-212	3	3	0	0	0	0	2	2	0	1	1	0
ENSRNOG00000000321	Cd24	unchanged_loop_count	1472	1684	-212	3	3	0	0	0	0	1	1	0	2	2	0
ENSRNOG00000033608	Cd276	unchanged_loop_count	1472	1684	-212	3	3	0	0	0	0	0	0	0	3	3	0
ENSRNOG00000008137	Cdk18	unchanged_loop_count	1472	1684	-212	3	3	0	1	1	0	1	1	0	1	1	0
ENSRNOG00000048747	Cdk5rap3	increased_loop_count	2598	1684	914	2	3	1	1	2	1	1	1	0	0	0	0
ENSRNOG00000022586	Cdk9	increased_loop_count	4632	1684	2948	1	3	2	0	0	0	1	1	0	0	2	2
ENSRNOG00000032759	Cdx2	new_gene_in_sensitivity	NA	1684	NA	0	3	3	0	0	0	0	0	0	0	3	3
ENSRNOG00000057347	Cebpb	unchanged_loop_count	1472	1684	-212	3	3	0	1	1	0	1	1	0	1	1	0
ENSRNOG00000023661	Celf2	unchanged_loop_count	1472	1684	-212	3	3	0	0	0	0	0	0	0	3	3	0
ENSRNOG00000021285	Celsr1	unchanged_loop_count	1472	1684	-212	3	3	0	1	1	0	1	1	0	1	1	0
ENSRNOG00000050111	Cenpo	unchanged_loop_count	1472	1684	-212	3	3	0	0	0	0	0	0	0	3	3	0
ENSRNOG00000002153	Cep135	unchanged_loop_count	1472	1684	-212	3	3	0	0	0	0	2	2	0	1	1	0
ENSRNOG00000039871	Cep15	unchanged_loop_count	1472	1684	-212	3	3	0	0	0	0	2	2	0	1	1	0
ENSRNOG00000055093	Cep43	increased_loop_count	2598	1684	914	2	3	1	1	2	1	1	1	0	0	0	0
ENSRNOG00000022845	Cep70	unchanged_loop_count	1472	1684	-212	3	3	0	1	1	0	1	1	0	1	1	0
ENSRNOG00000042179	Cfap20	increased_loop_count	4632	1684	2948	1	3	2	0	1	1	1	2	1	0	0	0
ENSRNOG00000023627	Cfap74	unchanged_loop_count	1472	1684	-212	3	3	0	0	0	0	2	2	0	1	1	0
ENSRNOG00000007923	Cgref1	unchanged_loop_count	1472	1684	-212	3	3	0	1	1	0	2	2	0	0	0	0
ENSRNOG00000006689	Chd7	unchanged_loop_count	1472	1684	-212	3	3	0	0	0	0	1	1	0	2	2	0
ENSRNOG00000004014	Chmp6	increased_loop_count	2598	1684	914	2	3	1	0	0	0	0	1	1	2	2	0
ENSRNOG00000001915	Chodl	unchanged_loop_count	1472	1684	-212	3	3	0	0	0	0	0	0	0	3	3	0
ENSRNOG00000009103	Chrac1	unchanged_loop_count	1472	1684	-212	3	3	0	2	2	0	1	1	0	0	0	0
ENSRNOG00000049410	Chrm3	unchanged_loop_count	1472	1684	-212	3	3	0	0	0	0	0	0	0	3	3	0
ENSRNOG00000047734	Chst2	unchanged_loop_count	1472	1684	-212	3	3	0	0	0	0	1	1	0	2	2	0
ENSRNOG00000007660	Churc1	unchanged_loop_count	1472	1684	-212	3	3	0	0	0	0	1	1	0	2	2	0
ENSRNOG00000008199	Cimap1d	unchanged_loop_count	1472	1684	-212	3	3	0	1	1	0	2	2	0	0	0	0
ENSRNOG00000001691	Cldn14	increased_loop_count	4632	1684	2948	1	3	2	0	0	0	0	2	2	1	1	0
ENSRNOG00000057378	Clec16a	increased_loop_count	4632	1684	2948	1	3	2	0	0	0	0	0	0	1	3	2
ENSRNOG00000029644	Clec2l	unchanged_loop_count	1472	1684	-212	3	3	0	0	0	0	1	1	0	2	2	0
ENSRNOG00000004540	Clec3b	unchanged_loop_count	1472	1684	-212	3	3	0	0	0	0	2	2	0	1	1	0
ENSRNOG00000021611	Clip2	increased_loop_count	2598	1684	914	2	3	1	1	2	1	1	1	0	0	0	0
ENSRNOG00000030126	Clk3	unchanged_loop_count	1472	1684	-212	3	3	0	0	0	0	2	2	0	1	1	0
ENSRNOG00000053239	Clmp	increased_loop_count	2598	1684	914	2	3	1	1	1	0	0	0	0	1	2	1
ENSRNOG00000019693	Clpb	unchanged_loop_count	1472	1684	-212	3	3	0	0	0	0	0	0	0	3	3	0
ENSRNOG00000027309	Cntnap3	unchanged_loop_count	1472	1684	-212	3	3	0	1	1	0	2	2	0	0	0	0
ENSRNOG00000011231	Cntnap4	increased_loop_count	2598	1684	914	2	3	1	0	1	1	0	0	0	2	2	0
ENSRNOG00000001422	Col26a1	unchanged_loop_count	1472	1684	-212	3	3	0	1	1	0	1	1	0	1	1	0
ENSRNOG00000001254	Col6a2	increased_loop_count	2598	1684	914	2	3	1	0	0	0	1	2	1	1	1	0
ENSRNOG00000023007	Col6a6	new_gene_in_sensitivity	NA	1684	NA	0	3	3	0	0	0	0	0	0	0	3	3
ENSRNOG00000008591	Colec10	unchanged_loop_count	1472	1684	-212	3	3	0	1	1	0	1	1	0	1	1	0
ENSRNOG00000003958	Commd10	unchanged_loop_count	1472	1684	-212	3	3	0	0	0	0	0	0	0	3	3	0
ENSRNOG00000016383	Commd3	unchanged_loop_count	1472	1684	-212	3	3	0	0	0	0	1	1	0	2	2	0
ENSRNOG00000004484	Commd5	unchanged_loop_count	1472	1684	-212	3	3	0	0	0	0	1	1	0	2	2	0
ENSRNOG00000001889	Comt	unchanged_loop_count	1472	1684	-212	3	3	0	0	0	0	1	1	0	2	2	0
ENSRNOG00000006499	Cops5	unchanged_loop_count	1472	1684	-212	3	3	0	0	0	0	0	0	0	3	3	0
ENSRNOG00000015257	Coro2b	unchanged_loop_count	1472	1684	-212	3	3	0	1	1	0	2	2	0	0	0	0
ENSRNOG00000004553	Cox20	decreased_loop_count	831	1684	-853	4	3	-1	1	1	0	2	2	0	1	0	-1
ENSRNOG00000019851	Cox6a2	unchanged_loop_count	1472	1684	-212	3	3	0	0	0	0	1	1	0	2	2	0
ENSRNOG00000033169	Cpeb4	unchanged_loop_count	1472	1684	-212	3	3	0	1	1	0	2	2	0	0	0	0
ENSRNOG00000021840	Cped1	unchanged_loop_count	1472	1684	-212	3	3	0	1	1	0	1	1	0	1	1	0
ENSRNOG00000026128	Cpne8	unchanged_loop_count	1472	1684	-212	3	3	0	0	0	0	1	1	0	2	2	0
ENSRNOG00000005927	Cpsf6	unchanged_loop_count	1472	1684	-212	3	3	0	0	0	0	2	2	0	1	1	0
ENSRNOG00000008947	Cpz	unchanged_loop_count	1472	1684	-212	3	3	0	0	0	0	2	2	0	1	1	0
ENSRNOG00000000901	Crcp	unchanged_loop_count	1472	1684	-212	3	3	0	0	0	0	1	1	0	2	2	0
ENSRNOG00000012703	Crh	unchanged_loop_count	1472	1684	-212	3	3	0	0	0	0	1	1	0	2	2	0
ENSRNOG00000004208	Crim1	unchanged_loop_count	1472	1684	-212	3	3	0	0	0	0	0	0	0	3	3	0
ENSRNOG00000047673	Crybb3	increased_loop_count	4632	1684	2948	1	3	2	1	1	0	0	1	1	0	1	1
ENSRNOG00000045728	Crybg3	unchanged_loop_count	1472	1684	-212	3	3	0	0	0	0	0	0	0	3	3	0
ENSRNOG00000038355	Crygs	unchanged_loop_count	1472	1684	-212	3	3	0	0	0	0	0	0	0	3	3	0
ENSRNOG00000005177	Cryzl2	unchanged_loop_count	1472	1684	-212	3	3	0	1	1	0	1	1	0	1	1	0
ENSRNOG00000018529	Csnk1g2	unchanged_loop_count	1472	1684	-212	3	3	0	2	2	0	1	1	0	0	0	0
ENSRNOG00000021718	Cspp1	unchanged_loop_count	1472	1684	-212	3	3	0	0	0	0	0	0	0	3	3	0
ENSRNOG00000005428	Ctbp1	unchanged_loop_count	1472	1684	-212	3	3	0	0	0	0	2	2	0	1	1	0
ENSRNOG00000017326	Ctbp2	increased_loop_count	2598	1684	914	2	3	1	1	1	0	1	1	0	0	1	1
ENSRNOG00000061474	Ctdp1	unchanged_loop_count	1472	1684	-212	3	3	0	0	0	0	1	1	0	2	2	0
ENSRNOG00000009963	Ctps1	unchanged_loop_count	1472	1684	-212	3	3	0	0	0	0	0	0	0	3	3	0
ENSRNOG00000001259	Cux2	unchanged_loop_count	1472	1684	-212	3	3	0	1	1	0	0	0	0	2	2	0
ENSRNOG00000002174	Cwh43	unchanged_loop_count	1472	1684	-212	3	3	0	0	0	0	0	0	0	3	3	0
ENSRNOG00000015205	Cyb5a	unchanged_loop_count	1472	1684	-212	3	3	0	0	0	0	2	2	0	1	1	0
ENSRNOG00000045742	Cyb5d1	unchanged_loop_count	1472	1684	-212	3	3	0	0	0	0	3	3	0	0	0	0
ENSRNOG00000066275	Cyb5d1	unchanged_loop_count	1472	1684	-212	3	3	0	0	0	0	3	3	0	0	0	0
ENSRNOG00000008074	Cyp11a1	unchanged_loop_count	1472	1684	-212	3	3	0	1	1	0	1	1	0	1	1	0
ENSRNOG00000062306	Cyp4f17	unchanged_loop_count	1472	1684	-212	3	3	0	0	0	0	0	0	0	3	3	0
ENSRNOG00000029478	Cyp4f39	unchanged_loop_count	1472	1684	-212	3	3	0	0	0	0	0	0	0	3	3	0
ENSRNOG00000004345	Daam1	unchanged_loop_count	1472	1684	-212	3	3	0	1	1	0	0	0	0	2	2	0
ENSRNOG00000006785	Dcaf8	unchanged_loop_count	1472	1684	-212	3	3	0	1	1	0	1	1	0	1	1	0
ENSRNOG00000000407	Dcbld1	unchanged_loop_count	1472	1684	-212	3	3	0	0	0	0	1	1	0	2	2	0
ENSRNOG00000032922	Dclk1	unchanged_loop_count	1472	1684	-212	3	3	0	0	0	0	3	3	0	0	0	0
ENSRNOG00000002881	Ddr2	unchanged_loop_count	1472	1684	-212	3	3	0	0	0	0	2	2	0	1	1	0
ENSRNOG00000015274	Ddx20	increased_loop_count	2598	1684	914	2	3	1	1	2	1	0	0	0	1	1	0
ENSRNOG00000042451	Ddx59	unchanged_loop_count	1472	1684	-212	3	3	0	0	0	0	1	1	0	2	2	0
ENSRNOG00000033147	Dear	unchanged_loop_count	1472	1684	-212	3	3	0	0	0	0	0	0	0	3	3	0
ENSRNOG00000030524	Defa24	unchanged_loop_count	1472	1684	-212	3	3	0	0	0	0	0	0	0	3	3	0
ENSRNOG00000030093	Defa5	unchanged_loop_count	1472	1684	-212	3	3	0	0	0	0	0	0	0	3	3	0
ENSRNOG00000038157	Defb13	increased_loop_count	2598	1684	914	2	3	1	0	0	0	0	1	1	2	2	0
ENSRNOG00000007558	Defb36	unchanged_loop_count	1472	1684	-212	3	3	0	2	2	0	1	1	0	0	0	0
ENSRNOG00000011636	Dennd6a	unchanged_loop_count	1472	1684	-212	3	3	0	1	1	0	2	2	0	0	0	0
ENSRNOG00000023533	Dipk1a	unchanged_loop_count	1472	1684	-212	3	3	0	0	0	0	2	2	0	1	1	0
ENSRNOG00000010537	Dis3l	unchanged_loop_count	1472	1684	-212	3	3	0	1	1	0	2	2	0	0	0	0
ENSRNOG00000016196	Dlgap1	unchanged_loop_count	1472	1684	-212	3	3	0	0	0	0	2	2	0	1	1	0
ENSRNOG00000018949	Dlk2	increased_loop_count	4632	1684	2948	1	3	2	1	2	1	0	1	1	0	0	0
ENSRNOG00000016284	Dmrt3	new_gene_in_sensitivity	NA	1684	NA	0	3	3	0	0	0	0	0	0	0	3	3
ENSRNOG00000050426	Dnah3	decreased_loop_count	831	1684	-853	4	3	-1	1	1	0	1	1	0	2	1	-1
ENSRNOG00000017975	Dnajb13	unchanged_loop_count	1472	1684	-212	3	3	0	0	0	0	1	1	0	2	2	0
ENSRNOG00000017781	Dnajc7	unchanged_loop_count	1472	1684	-212	3	3	0	1	1	0	1	1	0	1	1	0
ENSRNOG00000016640	Dner	unchanged_loop_count	1472	1684	-212	3	3	0	0	0	0	1	1	0	2	2	0
ENSRNOG00000064796	Dnmt3c	increased_loop_count	2598	1684	914	2	3	1	0	0	0	0	1	1	2	2	0
ENSRNOG00000020687	Dpf1	unchanged_loop_count	1472	1684	-212	3	3	0	1	1	0	2	2	0	0	0	0
ENSRNOG00000019727	Dph3	unchanged_loop_count	1472	1684	-212	3	3	0	0	0	0	0	0	0	3	3	0
ENSRNOG00000004298	Dpys	unchanged_loop_count	1472	1684	-212	3	3	0	1	1	0	2	2	0	0	0	0
ENSRNOG00000027992	Dscam	unchanged_loop_count	1472	1684	-212	3	3	0	0	0	0	0	0	0	3	3	0
ENSRNOG00000026502	Dscc1	new_gene_in_sensitivity	NA	1684	NA	0	3	3	0	0	0	0	1	1	0	2	2
ENSRNOG00000003977	Dusp1	unchanged_loop_count	1472	1684	-212	3	3	0	0	0	0	2	2	0	1	1	0
ENSRNOG00000003100	Dusp12	decreased_loop_count	831	1684	-853	4	3	-1	0	0	0	0	0	0	4	3	-1
ENSRNOG00000011921	Dusp4	unchanged_loop_count	1472	1684	-212	3	3	0	0	0	0	0	0	0	3	3	0
ENSRNOG00000025791	Dync1li2	unchanged_loop_count	1472	1684	-212	3	3	0	2	2	0	1	1	0	0	0	0
ENSRNOG00000008921	Dynll2	unchanged_loop_count	1472	1684	-212	3	3	0	0	0	0	0	0	0	3	3	0
ENSRNOG00000009224	E4f1	unchanged_loop_count	1472	1684	-212	3	3	0	0	0	0	2	2	0	1	1	0
ENSRNOG00000029292	ENSRNOG00000029292	unchanged_loop_count	1472	1684	-212	3	3	0	0	0	0	1	1	0	2	2	0
ENSRNOG00000030204	ENSRNOG00000030204	unchanged_loop_count	1472	1684	-212	3	3	0	0	0	0	0	0	0	3	3	0
ENSRNOG00000061711	ENSRNOG00000061711	new_gene_in_sensitivity	NA	1684	NA	0	3	3	0	0	0	0	0	0	0	3	3
ENSRNOG00000062309	ENSRNOG00000062309	unchanged_loop_count	1472	1684	-212	3	3	0	0	0	0	1	1	0	2	2	0
ENSRNOG00000062317	ENSRNOG00000062317	increased_loop_count	2598	1684	914	2	3	1	0	1	1	1	1	0	1	1	0
ENSRNOG00000062366	ENSRNOG00000062366	increased_loop_count	2598	1684	914	2	3	1	0	0	0	0	0	0	2	3	1
ENSRNOG00000062374	ENSRNOG00000062374	unchanged_loop_count	1472	1684	-212	3	3	0	2	2	0	1	1	0	0	0	0
ENSRNOG00000062516	ENSRNOG00000062516	unchanged_loop_count	1472	1684	-212	3	3	0	0	0	0	0	0	0	3	3	0
ENSRNOG00000062713	ENSRNOG00000062713	unchanged_loop_count	1472	1684	-212	3	3	0	0	0	0	0	0	0	3	3	0
ENSRNOG00000062746	ENSRNOG00000062746	unchanged_loop_count	1472	1684	-212	3	3	0	2	2	0	1	1	0	0	0	0
ENSRNOG00000062784	ENSRNOG00000062784	unchanged_loop_count	1472	1684	-212	3	3	0	0	0	0	1	1	0	2	2	0
ENSRNOG00000062965	ENSRNOG00000062965	increased_loop_count	2598	1684	914	2	3	1	0	0	0	1	1	0	1	2	1
ENSRNOG00000063028	ENSRNOG00000063028	increased_loop_count	2598	1684	914	2	3	1	0	0	0	0	0	0	2	3	1
ENSRNOG00000063252	ENSRNOG00000063252	unchanged_loop_count	1472	1684	-212	3	3	0	0	0	0	0	0	0	3	3	0
ENSRNOG00000063266	ENSRNOG00000063266	unchanged_loop_count	1472	1684	-212	3	3	0	0	0	0	2	2	0	1	1	0
ENSRNOG00000063405	ENSRNOG00000063405	unchanged_loop_count	1472	1684	-212	3	3	0	1	1	0	1	1	0	1	1	0
ENSRNOG00000063506	ENSRNOG00000063506	increased_loop_count	4632	1684	2948	1	3	2	0	0	0	0	0	0	1	3	2
ENSRNOG00000063510	ENSRNOG00000063510	unchanged_loop_count	1472	1684	-212	3	3	0	0	0	0	0	0	0	3	3	0
ENSRNOG00000063544	ENSRNOG00000063544	decreased_loop_count	831	1684	-853	4	3	-1	1	1	0	1	1	0	2	1	-1
ENSRNOG00000063575	ENSRNOG00000063575	unchanged_loop_count	1472	1684	-212	3	3	0	0	0	0	2	2	0	1	1	0
ENSRNOG00000063720	ENSRNOG00000063720	unchanged_loop_count	1472	1684	-212	3	3	0	0	0	0	0	0	0	3	3	0
ENSRNOG00000063824	ENSRNOG00000063824	unchanged_loop_count	1472	1684	-212	3	3	0	0	0	0	1	1	0	2	2	0
ENSRNOG00000063868	ENSRNOG00000063868	unchanged_loop_count	1472	1684	-212	3	3	0	1	1	0	0	0	0	2	2	0
ENSRNOG00000064048	ENSRNOG00000064048	unchanged_loop_count	1472	1684	-212	3	3	0	0	0	0	2	2	0	1	1	0
ENSRNOG00000064050	ENSRNOG00000064050	new_gene_in_sensitivity	NA	1684	NA	0	3	3	0	1	1	0	0	0	0	2	2
ENSRNOG00000064054	ENSRNOG00000064054	unchanged_loop_count	1472	1684	-212	3	3	0	0	0	0	2	2	0	1	1	0
ENSRNOG00000064079	ENSRNOG00000064079	unchanged_loop_count	1472	1684	-212	3	3	0	1	1	0	1	1	0	1	1	0
ENSRNOG00000064082	ENSRNOG00000064082	increased_loop_count	4632	1684	2948	1	3	2	0	2	2	1	1	0	0	0	0
ENSRNOG00000064094	ENSRNOG00000064094	increased_loop_count	2598	1684	914	2	3	1	0	0	0	0	0	0	2	3	1
ENSRNOG00000064104	ENSRNOG00000064104	unchanged_loop_count	1472	1684	-212	3	3	0	1	1	0	1	1	0	1	1	0
ENSRNOG00000064107	ENSRNOG00000064107	unchanged_loop_count	1472	1684	-212	3	3	0	0	0	0	2	2	0	1	1	0
ENSRNOG00000064135	ENSRNOG00000064135	unchanged_loop_count	1472	1684	-212	3	3	0	0	0	0	1	1	0	2	2	0
ENSRNOG00000064195	ENSRNOG00000064195	unchanged_loop_count	1472	1684	-212	3	3	0	1	1	0	2	2	0	0	0	0
ENSRNOG00000064605	ENSRNOG00000064605	unchanged_loop_count	1472	1684	-212	3	3	0	0	0	0	1	1	0	2	2	0
ENSRNOG00000064678	ENSRNOG00000064678	unchanged_loop_count	1472	1684	-212	3	3	0	0	0	0	1	1	0	2	2	0
ENSRNOG00000064683	ENSRNOG00000064683	increased_loop_count	2598	1684	914	2	3	1	0	0	0	1	2	1	1	1	0
ENSRNOG00000064707	ENSRNOG00000064707	unchanged_loop_count	1472	1684	-212	3	3	0	0	0	0	1	1	0	2	2	0
ENSRNOG00000064708	ENSRNOG00000064708	unchanged_loop_count	1472	1684	-212	3	3	0	0	0	0	1	1	0	2	2	0
ENSRNOG00000064923	ENSRNOG00000064923	increased_loop_count	2598	1684	914	2	3	1	0	1	1	0	0	0	2	2	0
ENSRNOG00000065024	ENSRNOG00000065024	increased_loop_count	2598	1684	914	2	3	1	0	0	0	1	2	1	1	1	0
ENSRNOG00000065033	ENSRNOG00000065033	unchanged_loop_count	1472	1684	-212	3	3	0	0	0	0	1	1	0	2	2	0
ENSRNOG00000065041	ENSRNOG00000065041	new_gene_in_sensitivity	NA	1684	NA	0	3	3	0	0	0	0	0	0	0	3	3
ENSRNOG00000065111	ENSRNOG00000065111	increased_loop_count	2598	1684	914	2	3	1	1	2	1	1	1	0	0	0	0
ENSRNOG00000065161	ENSRNOG00000065161	unchanged_loop_count	1472	1684	-212	3	3	0	0	0	0	1	1	0	2	2	0
ENSRNOG00000065177	ENSRNOG00000065177	decreased_loop_count	831	1684	-853	4	3	-1	1	1	0	2	2	0	1	0	-1
ENSRNOG00000065216	ENSRNOG00000065216	unchanged_loop_count	1472	1684	-212	3	3	0	0	0	0	3	3	0	0	0	0
ENSRNOG00000065225	ENSRNOG00000065225	increased_loop_count	4632	1684	2948	1	3	2	1	2	1	0	1	1	0	0	0
ENSRNOG00000065231	ENSRNOG00000065231	unchanged_loop_count	1472	1684	-212	3	3	0	2	2	0	0	0	0	1	1	0
ENSRNOG00000065314	ENSRNOG00000065314	unchanged_loop_count	1472	1684	-212	3	3	0	0	0	0	1	1	0	2	2	0
ENSRNOG00000065336	ENSRNOG00000065336	unchanged_loop_count	1472	1684	-212	3	3	0	1	1	0	1	1	0	1	1	0
ENSRNOG00000065398	ENSRNOG00000065398	unchanged_loop_count	1472	1684	-212	3	3	0	0	0	0	1	1	0	2	2	0
ENSRNOG00000065404	ENSRNOG00000065404	increased_loop_count	4632	1684	2948	1	3	2	0	0	0	0	2	2	1	1	0
ENSRNOG00000065409	ENSRNOG00000065409	increased_loop_count	4632	1684	2948	1	3	2	0	0	0	0	0	0	1	3	2
ENSRNOG00000065416	ENSRNOG00000065416	unchanged_loop_count	1472	1684	-212	3	3	0	0	0	0	3	3	0	0	0	0
ENSRNOG00000065592	ENSRNOG00000065592	unchanged_loop_count	1472	1684	-212	3	3	0	0	0	0	0	0	0	3	3	0
ENSRNOG00000065725	ENSRNOG00000065725	unchanged_loop_count	1472	1684	-212	3	3	0	1	1	0	1	1	0	1	1	0
ENSRNOG00000065795	ENSRNOG00000065795	unchanged_loop_count	1472	1684	-212	3	3	0	0	0	0	1	1	0	2	2	0
ENSRNOG00000065856	ENSRNOG00000065856	increased_loop_count	2598	1684	914	2	3	1	1	1	0	1	2	1	0	0	0
ENSRNOG00000065871	ENSRNOG00000065871	unchanged_loop_count	1472	1684	-212	3	3	0	0	0	0	0	0	0	3	3	0
ENSRNOG00000065892	ENSRNOG00000065892	increased_loop_count	2598	1684	914	2	3	1	0	0	0	0	0	0	2	3	1
ENSRNOG00000065979	ENSRNOG00000065979	increased_loop_count	2598	1684	914	2	3	1	0	0	0	1	2	1	1	1	0
ENSRNOG00000065982	ENSRNOG00000065982	unchanged_loop_count	1472	1684	-212	3	3	0	0	0	0	1	1	0	2	2	0
ENSRNOG00000066007	ENSRNOG00000066007	increased_loop_count	2598	1684	914	2	3	1	0	0	0	2	2	0	0	1	1
ENSRNOG00000066023	ENSRNOG00000066023	increased_loop_count	2598	1684	914	2	3	1	0	1	1	2	2	0	0	0	0
ENSRNOG00000066092	ENSRNOG00000066092	increased_loop_count	4632	1684	2948	1	3	2	0	2	2	0	0	0	1	1	0
ENSRNOG00000066286	ENSRNOG00000066286	unchanged_loop_count	1472	1684	-212	3	3	0	0	0	0	0	0	0	3	3	0
ENSRNOG00000066441	ENSRNOG00000066441	unchanged_loop_count	1472	1684	-212	3	3	0	0	0	0	2	2	0	1	1	0
ENSRNOG00000066549	ENSRNOG00000066549	unchanged_loop_count	1472	1684	-212	3	3	0	1	1	0	2	2	0	0	0	0
ENSRNOG00000066608	ENSRNOG00000066608	unchanged_loop_count	1472	1684	-212	3	3	0	3	3	0	0	0	0	0	0	0
ENSRNOG00000066697	ENSRNOG00000066697	unchanged_loop_count	1472	1684	-212	3	3	0	0	0	0	0	0	0	3	3	0
ENSRNOG00000066763	ENSRNOG00000066763	unchanged_loop_count	1472	1684	-212	3	3	0	0	0	0	1	1	0	2	2	0
ENSRNOG00000066789	ENSRNOG00000066789	unchanged_loop_count	1472	1684	-212	3	3	0	1	1	0	1	1	0	1	1	0
ENSRNOG00000066793	ENSRNOG00000066793	new_gene_in_sensitivity	NA	1684	NA	0	3	3	0	0	0	0	0	0	0	3	3
ENSRNOG00000066846	ENSRNOG00000066846	unchanged_loop_count	1472	1684	-212	3	3	0	0	0	0	3	3	0	0	0	0
ENSRNOG00000066918	ENSRNOG00000066918	unchanged_loop_count	1472	1684	-212	3	3	0	0	0	0	1	1	0	2	2	0
ENSRNOG00000066993	ENSRNOG00000066993	unchanged_loop_count	1472	1684	-212	3	3	0	0	0	0	0	0	0	3	3	0
ENSRNOG00000067224	ENSRNOG00000067224	unchanged_loop_count	1472	1684	-212	3	3	0	0	0	0	0	0	0	3	3	0
ENSRNOG00000067229	ENSRNOG00000067229	unchanged_loop_count	1472	1684	-212	3	3	0	0	0	0	0	0	0	3	3	0
ENSRNOG00000067449	ENSRNOG00000067449	increased_loop_count	2598	1684	914	2	3	1	0	1	1	1	1	0	1	1	0
ENSRNOG00000067556	ENSRNOG00000067556	increased_loop_count	4632	1684	2948	1	3	2	0	1	1	0	1	1	1	1	0
ENSRNOG00000067656	ENSRNOG00000067656	increased_loop_count	2598	1684	914	2	3	1	0	1	1	1	1	0	1	1	0
ENSRNOG00000067667	ENSRNOG00000067667	unchanged_loop_count	1472	1684	-212	3	3	0	0	0	0	1	1	0	2	2	0
ENSRNOG00000067837	ENSRNOG00000067837	unchanged_loop_count	1472	1684	-212	3	3	0	2	2	0	1	1	0	0	0	0
ENSRNOG00000067925	ENSRNOG00000067925	increased_loop_count	4632	1684	2948	1	3	2	0	0	0	1	1	0	0	2	2
ENSRNOG00000068096	ENSRNOG00000068096	unchanged_loop_count	1472	1684	-212	3	3	0	0	0	0	0	0	0	3	3	0
ENSRNOG00000068140	ENSRNOG00000068140	increased_loop_count	2598	1684	914	2	3	1	0	1	1	1	1	0	1	1	0
ENSRNOG00000068163	ENSRNOG00000068163	unchanged_loop_count	1472	1684	-212	3	3	0	1	1	0	1	1	0	1	1	0
ENSRNOG00000068179	ENSRNOG00000068179	unchanged_loop_count	1472	1684	-212	3	3	0	0	0	0	1	1	0	2	2	0
ENSRNOG00000068340	ENSRNOG00000068340	unchanged_loop_count	1472	1684	-212	3	3	0	0	0	0	0	0	0	3	3	0
ENSRNOG00000068552	ENSRNOG00000068552	unchanged_loop_count	1472	1684	-212	3	3	0	0	0	0	0	0	0	3	3	0
ENSRNOG00000068597	ENSRNOG00000068597	unchanged_loop_count	1472	1684	-212	3	3	0	0	0	0	1	1	0	2	2	0
ENSRNOG00000068602	ENSRNOG00000068602	decreased_loop_count	831	1684	-853	4	3	-1	0	0	0	0	0	0	4	3	-1
ENSRNOG00000068639	ENSRNOG00000068639	unchanged_loop_count	1472	1684	-212	3	3	0	0	0	0	2	2	0	1	1	0
ENSRNOG00000068686	ENSRNOG00000068686	unchanged_loop_count	1472	1684	-212	3	3	0	1	1	0	1	1	0	1	1	0
ENSRNOG00000068727	ENSRNOG00000068727	unchanged_loop_count	1472	1684	-212	3	3	0	0	0	0	0	0	0	3	3	0
ENSRNOG00000068825	ENSRNOG00000068825	unchanged_loop_count	1472	1684	-212	3	3	0	0	0	0	0	0	0	3	3	0
ENSRNOG00000068836	ENSRNOG00000068836	unchanged_loop_count	1472	1684	-212	3	3	0	0	0	0	0	0	0	3	3	0
ENSRNOG00000068881	ENSRNOG00000068881	unchanged_loop_count	1472	1684	-212	3	3	0	2	2	0	1	1	0	0	0	0
ENSRNOG00000069024	ENSRNOG00000069024	unchanged_loop_count	1472	1684	-212	3	3	0	0	0	0	2	2	0	1	1	0
ENSRNOG00000069165	ENSRNOG00000069165	decreased_loop_count	831	1684	-853	4	3	-1	0	0	0	2	2	0	2	1	-1
ENSRNOG00000069506	ENSRNOG00000069506	increased_loop_count	2598	1684	914	2	3	1	0	2	2	1	1	0	1	0	-1
ENSRNOG00000069576	ENSRNOG00000069576	increased_loop_count	2598	1684	914	2	3	1	0	1	1	1	1	0	1	1	0
ENSRNOG00000069674	ENSRNOG00000069674	unchanged_loop_count	1472	1684	-212	3	3	0	1	2	1	2	1	-1	0	0	0
ENSRNOG00000069708	ENSRNOG00000069708	new_gene_in_sensitivity	NA	1684	NA	0	3	3	0	0	0	0	0	0	0	3	3
ENSRNOG00000069975	ENSRNOG00000069975	unchanged_loop_count	1472	1684	-212	3	3	0	0	0	0	2	2	0	1	1	0
ENSRNOG00000070021	ENSRNOG00000070021	unchanged_loop_count	1472	1684	-212	3	3	0	0	0	0	1	1	0	2	2	0
ENSRNOG00000070061	ENSRNOG00000070061	unchanged_loop_count	1472	1684	-212	3	3	0	0	0	0	2	2	0	1	1	0
ENSRNOG00000070322	ENSRNOG00000070322	unchanged_loop_count	1472	1684	-212	3	3	0	0	0	0	2	2	0	1	1	0
ENSRNOG00000070411	ENSRNOG00000070411	unchanged_loop_count	1472	1684	-212	3	3	0	0	0	0	1	1	0	2	2	0
ENSRNOG00000070424	ENSRNOG00000070424	unchanged_loop_count	1472	1684	-212	3	3	0	0	0	0	0	0	0	3	3	0
ENSRNOG00000070566	ENSRNOG00000070566	unchanged_loop_count	1472	1684	-212	3	3	0	0	0	0	1	1	0	2	2	0
ENSRNOG00000070618	ENSRNOG00000070618	unchanged_loop_count	1472	1684	-212	3	3	0	0	0	0	1	1	0	2	2	0
ENSRNOG00000070700	ENSRNOG00000070700	increased_loop_count	2598	1684	914	2	3	1	0	0	0	0	0	0	2	3	1
ENSRNOG00000070705	ENSRNOG00000070705	unchanged_loop_count	1472	1684	-212	3	3	0	0	0	0	2	2	0	1	1	0
ENSRNOG00000070739	ENSRNOG00000070739	unchanged_loop_count	1472	1684	-212	3	3	0	0	0	0	1	1	0	2	2	0
ENSRNOG00000070740	ENSRNOG00000070740	unchanged_loop_count	1472	1684	-212	3	3	0	0	0	0	0	0	0	3	3	0
ENSRNOG00000070857	ENSRNOG00000070857	unchanged_loop_count	1472	1684	-212	3	3	0	0	0	0	2	2	0	1	1	0
ENSRNOG00000070936	ENSRNOG00000070936	increased_loop_count	2598	1684	914	2	3	1	0	0	0	0	0	0	2	3	1
ENSRNOG00000070980	ENSRNOG00000070980	unchanged_loop_count	1472	1684	-212	3	3	0	0	0	0	2	2	0	1	1	0
ENSRNOG00000070982	ENSRNOG00000070982	increased_loop_count	2598	1684	914	2	3	1	0	0	0	1	1	0	1	2	1
ENSRNOG00000071020	ENSRNOG00000071020	unchanged_loop_count	1472	1684	-212	3	3	0	0	0	0	0	0	0	3	3	0
ENSRNOG00000071037	ENSRNOG00000071037	increased_loop_count	2598	1684	914	2	3	1	0	1	1	1	1	0	1	1	0
ENSRNOG00000071125	ENSRNOG00000071125	increased_loop_count	2598	1684	914	2	3	1	0	1	1	2	2	0	0	0	0
ENSRNOG00000071142	ENSRNOG00000071142	increased_loop_count	2598	1684	914	2	3	1	0	0	0	1	2	1	1	1	0
ENSRNOG00000071195	ENSRNOG00000071195	unchanged_loop_count	1472	1684	-212	3	3	0	0	1	1	2	1	-1	1	1	0
ENSRNOG00000029549	Eci2	unchanged_loop_count	1472	1684	-212	3	3	0	0	0	0	0	0	0	3	3	0
ENSRNOG00000066714	Eci2	unchanged_loop_count	1472	1684	-212	3	3	0	0	0	0	0	0	0	3	3	0
ENSRNOG00000017728	Edrf1	increased_loop_count	2598	1684	914	2	3	1	0	0	0	0	1	1	2	2	0
ENSRNOG00000006931	Eepd1	unchanged_loop_count	1472	1684	-212	3	3	0	0	0	0	2	2	0	1	1	0
ENSRNOG00000042729	Efhc1	unchanged_loop_count	1472	1684	-212	3	3	0	0	0	0	0	0	0	3	3	0
ENSRNOG00000014648	Efnb2	unchanged_loop_count	1472	1684	-212	3	3	0	0	0	0	2	2	0	1	1	0
ENSRNOG00000064362	Efnb2	unchanged_loop_count	1472	1684	-212	3	3	0	0	0	0	2	2	0	1	1	0
ENSRNOG00000005053	Egln3	unchanged_loop_count	1472	1684	-212	3	3	0	0	0	0	1	1	0	2	2	0
ENSRNOG00000018848	Eif1b	unchanged_loop_count	1472	1684	-212	3	3	0	0	0	0	2	2	0	1	1	0
ENSRNOG00000005804	Eif3d	unchanged_loop_count	1472	1684	-212	3	3	0	0	0	0	2	2	0	1	1	0
ENSRNOG00000001069	Elavl1	unchanged_loop_count	1472	1684	-212	3	3	0	0	0	0	2	2	0	1	1	0
ENSRNOG00000006330	Elf3	unchanged_loop_count	1472	1684	-212	3	3	0	0	0	0	2	2	0	1	1	0
ENSRNOG00000007887	Elk4	unchanged_loop_count	1472	1684	-212	3	3	0	0	0	0	1	1	0	2	2	0
ENSRNOG00000028448	Elovl1	unchanged_loop_count	1472	1684	-212	3	3	0	0	0	0	1	1	0	2	2	0
ENSRNOG00000009773	Elovl4	unchanged_loop_count	1472	1684	-212	3	3	0	0	0	0	2	2	0	1	1	0
ENSRNOG00000005719	Emc4	unchanged_loop_count	1472	1684	-212	3	3	0	0	0	0	1	1	0	2	2	0
ENSRNOG00000031934	Enah	unchanged_loop_count	1472	1684	-212	3	3	0	1	1	0	1	1	0	1	1	0
ENSRNOG00000028670	Epcip	unchanged_loop_count	1472	1684	-212	3	3	0	0	0	0	0	0	0	3	3	0
ENSRNOG00000030285	Epha3	increased_loop_count	2598	1684	914	2	3	1	0	0	0	1	1	0	1	2	1
ENSRNOG00000002024	Epha5	unchanged_loop_count	1472	1684	-212	3	3	0	0	0	0	0	0	0	3	3	0
ENSRNOG00000014673	Eri2	increased_loop_count	4632	1684	2948	1	3	2	0	1	1	0	1	1	1	1	0
ENSRNOG00000012864	Ern1	unchanged_loop_count	1472	1684	-212	3	3	0	2	2	0	1	1	0	0	0	0
ENSRNOG00000005343	Esr2	increased_loop_count	2598	1684	914	2	3	1	1	1	0	0	1	1	1	1	0
ENSRNOG00000000283	Ess2	unchanged_loop_count	1472	1684	-212	3	3	0	0	0	0	0	0	0	3	3	0
ENSRNOG00000005984	Etv6	increased_loop_count	4632	1684	2948	1	3	2	0	0	0	1	1	0	0	2	2
ENSRNOG00000036876	Faap20	unchanged_loop_count	1472	1684	-212	3	3	0	1	1	0	2	2	0	0	0	0
ENSRNOG00000049075	Fabp5	increased_loop_count	2598	1684	914	2	3	1	0	0	0	0	1	1	2	2	0
ENSRNOG00000020480	Fads1	decreased_loop_count	243	1684	-1441	6	3	-3	1	0	-1	2	1	-1	3	2	-1
ENSRNOG00000020440	Fads2	decreased_loop_count	831	1684	-853	4	3	-1	1	0	-1	2	2	0	1	1	0
ENSRNOG00000020385	Fads3	new_gene_in_sensitivity	NA	1684	NA	0	3	3	0	0	0	0	2	2	0	1	1
ENSRNOG00000008523	Faf1	increased_loop_count	4632	1684	2948	1	3	2	0	0	0	0	0	0	1	3	2
ENSRNOG00000013223	Fah	increased_loop_count	2598	1684	914	2	3	1	0	0	0	0	1	1	2	2	0
ENSRNOG00000048802	Faiml	unchanged_loop_count	1472	1684	-212	3	3	0	1	1	0	1	1	0	1	1	0
ENSRNOG00000023008	Fam131c	new_gene_in_sensitivity	NA	1684	NA	0	3	3	0	1	1	0	1	1	0	1	1
ENSRNOG00000007947	Fam13a	unchanged_loop_count	1472	1684	-212	3	3	0	2	2	0	1	1	0	0	0	0
ENSRNOG00000048412	Fam181a	unchanged_loop_count	1472	1684	-212	3	3	0	1	1	0	1	1	0	1	1	0
ENSRNOG00000016955	Fam188a	new_gene_in_sensitivity	NA	1684	NA	0	3	3	0	0	0	0	0	0	0	3	3
ENSRNOG00000001225	Fam207a	unchanged_loop_count	1472	1684	-212	3	3	0	1	1	0	1	1	0	1	1	0
ENSRNOG00000005235	Fam209	increased_loop_count	2598	1684	914	2	3	1	0	0	0	2	2	0	0	1	1
ENSRNOG00000000504	Fance	unchanged_loop_count	1472	1684	-212	3	3	0	2	2	0	1	1	0	0	0	0
ENSRNOG00000011585	Fat3	unchanged_loop_count	1472	1684	-212	3	3	0	0	0	0	1	1	0	2	2	0
ENSRNOG00000009409	Fbxo2	unchanged_loop_count	1472	1684	-212	3	3	0	1	1	0	0	0	0	2	2	0
ENSRNOG00000009298	Fbxo44	unchanged_loop_count	1472	1684	-212	3	3	0	1	1	0	0	0	0	2	2	0
ENSRNOG00000023026	Fbxo48	unchanged_loop_count	1472	1684	-212	3	3	0	1	1	0	1	1	0	1	1	0
ENSRNOG00000009217	Fbxo6	unchanged_loop_count	1472	1684	-212	3	3	0	0	0	0	1	1	0	2	2	0
ENSRNOG00000010889	Fbxw7	unchanged_loop_count	1472	1684	-212	3	3	0	0	0	0	0	0	0	3	3	0
ENSRNOG00000062673	Fendrr	unchanged_loop_count	1472	1684	-212	3	3	0	0	0	0	1	1	0	2	2	0
ENSRNOG00000054515	Fgd6	unchanged_loop_count	1472	1684	-212	3	3	0	2	2	0	0	0	0	1	1	0
ENSRNOG00000016374	Fgfr2	unchanged_loop_count	1472	1684	-212	3	3	0	1	1	0	1	1	0	1	1	0
ENSRNOG00000010714	Fgl1	unchanged_loop_count	1472	1684	-212	3	3	0	0	0	0	0	0	0	3	3	0
ENSRNOG00000004440	Fignl1	unchanged_loop_count	1472	1684	-212	3	3	0	0	0	0	0	0	0	3	3	0
ENSRNOG00000016055	Fkrp	increased_loop_count	2598	1684	914	2	3	1	0	1	1	1	1	0	1	1	0
ENSRNOG00000028129	Fktn	unchanged_loop_count	1472	1684	-212	3	3	0	0	0	0	2	2	0	1	1	0
ENSRNOG00000008754	Flvcr2	unchanged_loop_count	1472	1684	-212	3	3	0	2	2	0	1	1	0	0	0	0
ENSRNOG00000013798	Fnbp1l	unchanged_loop_count	1472	1684	-212	3	3	0	0	0	0	1	1	0	2	2	0
ENSRNOG00000008264	Fndc8	unchanged_loop_count	1472	1684	-212	3	3	0	0	0	0	1	1	0	2	2	0
ENSRNOG00000043332	Foxd1	unchanged_loop_count	1472	1684	-212	3	3	0	0	0	0	1	1	0	2	2	0
ENSRNOG00000049906	Foxf1	unchanged_loop_count	1472	1684	-212	3	3	0	0	0	0	1	1	0	2	2	0
ENSRNOG00000006293	Foxi1	unchanged_loop_count	1472	1684	-212	3	3	0	1	1	0	1	1	0	1	1	0
ENSRNOG00000004709	Foxn3	unchanged_loop_count	1472	1684	-212	3	3	0	0	0	0	1	1	0	2	2	0
ENSRNOG00000015235	Fra10ac1	unchanged_loop_count	1472	1684	-212	3	3	0	0	0	0	0	0	0	3	3	0
ENSRNOG00000016189	Frmd5	increased_loop_count	2598	1684	914	2	3	1	0	0	0	1	1	0	1	2	1
ENSRNOG00000064385	Ftl1	unchanged_loop_count	1472	1684	-212	3	3	0	0	0	0	1	1	0	2	2	0
ENSRNOG00000015213	Fxn	unchanged_loop_count	1472	1684	-212	3	3	0	0	0	0	0	0	0	3	3	0
ENSRNOG00000069521	Fzd8	unchanged_loop_count	1472	1684	-212	3	3	0	0	0	0	1	1	0	2	2	0
ENSRNOG00000017879	Gab1	unchanged_loop_count	1472	1684	-212	3	3	0	1	1	0	1	1	0	1	1	0
ENSRNOG00000008431	Gabbr2	unchanged_loop_count	1472	1684	-212	3	3	0	0	0	0	0	0	0	3	3	0
ENSRNOG00000002349	Gabra2	unchanged_loop_count	1472	1684	-212	3	3	0	0	0	0	2	2	0	1	1	0
ENSRNOG00000002327	Gabrb1	unchanged_loop_count	1472	1684	-212	3	3	0	0	0	0	2	2	0	1	1	0
ENSRNOG00000003680	Gabrb2	unchanged_loop_count	1472	1684	-212	3	3	0	0	0	0	0	0	0	3	3	0
ENSRNOG00000019822	Gadd45b	increased_loop_count	2598	1684	914	2	3	1	0	1	1	2	2	0	0	0	0
ENSRNOG00000012347	Gata2	unchanged_loop_count	1472	1684	-212	3	3	0	0	0	0	1	1	0	2	2	0
ENSRNOG00000031743	Gbp2	unchanged_loop_count	1472	1684	-212	3	3	0	1	1	0	1	1	0	1	1	0
ENSRNOG00000000823	Gcc2	unchanged_loop_count	1472	1684	-212	3	3	0	0	0	0	2	2	0	1	1	0
ENSRNOG00000007610	Gdf11	unchanged_loop_count	1472	1684	-212	3	3	0	1	1	0	2	2	0	0	0	0
ENSRNOG00000018091	Gdi2	increased_loop_count	2598	1684	914	2	3	1	0	0	0	1	1	0	1	2	1
ENSRNOG00000012819	Gdnf	unchanged_loop_count	1472	1684	-212	3	3	0	1	1	0	1	1	0	1	1	0
ENSRNOG00000014007	Gfod1	decreased_loop_count	831	1684	-853	4	3	-1	0	0	0	3	2	-1	1	1	0
ENSRNOG00000020309	Gfra3	unchanged_loop_count	1472	1684	-212	3	3	0	2	2	0	1	1	0	0	0	0
ENSRNOG00000018441	Ggt7	unchanged_loop_count	1472	1684	-212	3	3	0	1	0	-1	1	1	0	1	2	1
ENSRNOG00000013961	Ghitm	unchanged_loop_count	1472	1684	-212	3	3	0	0	0	0	0	0	0	3	3	0
ENSRNOG00000015654	Ghr	unchanged_loop_count	1472	1684	-212	3	3	0	0	0	0	0	0	0	3	3	0
ENSRNOG00000051691	Gjd3	decreased_loop_count	831	1684	-853	4	3	-1	0	0	0	2	1	-1	2	2	0
ENSRNOG00000007261	Gli2	unchanged_loop_count	1472	1684	-212	3	3	0	0	0	0	1	1	0	2	2	0
ENSRNOG00000003313	Glra2	unchanged_loop_count	1472	1684	-212	3	3	0	0	0	0	2	2	0	1	1	0
ENSRNOG00000036622	Glyatl1	unchanged_loop_count	1472	1684	-212	3	3	0	0	0	0	1	1	0	2	2	0
ENSRNOG00000064628	Gm10135	unchanged_loop_count	1472	1684	-212	3	3	0	0	0	0	1	1	0	2	2	0
ENSRNOG00000060842	Gm23201	increased_loop_count	2598	1684	914	2	3	1	0	1	1	1	1	0	1	1	0
ENSRNOG00000042749	Gm3045l	unchanged_loop_count	1472	1684	-212	3	3	0	2	2	0	1	1	0	0	0	0
ENSRNOG00000037229	Gmppb	unchanged_loop_count	1472	1684	-212	3	3	0	0	0	0	2	2	0	1	1	0
ENSRNOG00000017589	Gnat1	unchanged_loop_count	1472	1684	-212	3	3	0	2	2	0	1	1	0	0	0	0
ENSRNOG00000048980	Gng2	unchanged_loop_count	1472	1684	-212	3	3	0	0	0	0	2	2	0	1	1	0
ENSRNOG00000019570	Gng3	unchanged_loop_count	1472	1684	-212	3	3	0	0	0	0	0	0	0	3	3	0
ENSRNOG00000019857	Gng7	increased_loop_count	2598	1684	914	2	3	1	0	0	0	2	3	1	0	0	0
ENSRNOG00000000408	Gopc	unchanged_loop_count	1472	1684	-212	3	3	0	0	0	0	0	0	0	3	3	0
ENSRNOG00000029280	Gpaa1	increased_loop_count	2598	1684	914	2	3	1	0	0	0	1	2	1	1	1	0
ENSRNOG00000023589	Gpr107	unchanged_loop_count	1472	1684	-212	3	3	0	0	0	0	2	2	0	1	1	0
ENSRNOG00000043342	Gpr15lg	unchanged_loop_count	1472	1684	-212	3	3	0	0	0	0	0	0	0	3	3	0
ENSRNOG00000012628	Gpr18	increased_loop_count	2598	1684	914	2	3	1	1	1	0	1	2	1	0	0	0
ENSRNOG00000008423	Gpr22	unchanged_loop_count	1472	1684	-212	3	3	0	0	0	0	1	1	0	2	2	0
ENSRNOG00000012149	Gpsm2	unchanged_loop_count	1472	1684	-212	3	3	0	3	3	0	0	0	0	0	0	0
ENSRNOG00000055499	Grid1	unchanged_loop_count	1472	1684	-212	3	3	0	0	0	0	0	0	0	3	3	0
ENSRNOG00000001251	Grifin	unchanged_loop_count	1472	1684	-212	3	3	0	0	0	0	1	1	0	2	2	0
ENSRNOG00000033942	Grin2a	unchanged_loop_count	1472	1684	-212	3	3	0	0	0	0	0	0	0	3	3	0
ENSRNOG00000021063	Grin2d	unchanged_loop_count	1472	1684	-212	3	3	0	1	1	0	1	1	0	1	1	0
ENSRNOG00000011439	Grk5	unchanged_loop_count	1472	1684	-212	3	3	0	1	1	0	2	2	0	0	0	0
ENSRNOG00000016429	Grm5	unchanged_loop_count	1472	1684	-212	3	3	0	0	0	0	0	0	0	3	3	0
ENSRNOG00000021468	Grm8	unchanged_loop_count	1472	1684	-212	3	3	0	0	0	0	1	1	0	2	2	0
ENSRNOG00000039325	Grxcr2	increased_loop_count	4632	1684	2948	1	3	2	0	0	0	0	0	0	1	3	2
ENSRNOG00000000282	Gsc2	unchanged_loop_count	1472	1684	-212	3	3	0	0	0	0	0	0	0	3	3	0
ENSRNOG00000024755	Gsta3l1	unchanged_loop_count	1472	1684	-212	3	3	0	1	1	0	1	1	0	1	1	0
ENSRNOG00000030449	Gsta4	unchanged_loop_count	1472	1684	-212	3	3	0	0	0	0	0	0	0	3	3	0
ENSRNOG00000026008	Gtf2e1	unchanged_loop_count	1472	1684	-212	3	3	0	0	0	0	1	1	0	2	2	0
ENSRNOG00000002044	Gtpbp8	unchanged_loop_count	1472	1684	-212	3	3	0	0	0	0	1	1	0	2	2	0
ENSRNOG00000060355	H1f5	new_gene_in_sensitivity	NA	1684	NA	0	3	3	0	0	0	0	0	0	0	3	3
ENSRNOG00000061863	H1f6	unchanged_loop_count	1472	1684	-212	3	3	0	1	1	0	0	0	0	2	2	0
ENSRNOG00000070916	H2bc12	decreased_loop_count	831	1684	-853	4	3	-1	0	0	0	0	0	0	4	3	-1
ENSRNOG00000067027	H3f3bl2	unchanged_loop_count	1472	1684	-212	3	3	0	1	1	0	1	1	0	1	1	0
ENSRNOG00000032401	H3f3c	unchanged_loop_count	1472	1684	-212	3	3	0	0	0	0	1	1	0	2	2	0
ENSRNOG00000031263	Haao	increased_loop_count	4632	1684	2948	1	3	2	0	0	0	0	0	0	1	3	2
ENSRNOG00000032002	Hapln1	unchanged_loop_count	1472	1684	-212	3	3	0	0	0	0	1	1	0	2	2	0
ENSRNOG00000048660	Haspin	unchanged_loop_count	1472	1684	-212	3	3	0	0	0	0	0	0	0	3	3	0
ENSRNOG00000055382	Hcn1	unchanged_loop_count	1472	1684	-212	3	3	0	0	0	0	1	1	0	2	2	0
ENSRNOG00000018892	Hcrt	increased_loop_count	2598	1684	914	2	3	1	0	1	1	0	0	0	2	2	0
ENSRNOG00000020372	Hdac4	unchanged_loop_count	1472	1684	-212	3	3	0	1	1	0	0	0	0	2	2	0
ENSRNOG00000013257	Hecw2	unchanged_loop_count	1472	1684	-212	3	3	0	0	0	0	1	1	0	2	2	0
ENSRNOG00000007391	Hes7	unchanged_loop_count	1472	1684	-212	3	3	0	2	2	0	1	1	0	0	0	0
ENSRNOG00000023299	Hfm1	unchanged_loop_count	1472	1684	-212	3	3	0	0	0	0	2	2	0	1	1	0
ENSRNOG00000003464	Hid1	unchanged_loop_count	1472	1684	-212	3	3	0	0	0	0	3	3	0	0	0	0
ENSRNOG00000019428	Higd1a	unchanged_loop_count	1472	1684	-212	3	3	0	0	0	0	1	1	0	2	2	0
ENSRNOG00000058437	Hist1h2ai	decreased_loop_count	831	1684	-853	4	3	-1	0	0	0	0	0	0	4	3	-1
ENSRNOG00000063167	Hist1h2ail1	decreased_loop_count	831	1684	-853	4	3	-1	0	0	0	0	0	0	4	3	-1
ENSRNOG00000070706	Hist1h4m	unchanged_loop_count	1472	1684	-212	3	3	0	1	1	0	0	0	0	2	2	0
ENSRNOG00000046636	Hist2h4	unchanged_loop_count	1472	1684	-212	3	3	0	1	1	0	0	0	0	2	2	0
ENSRNOG00000002309	Hlx	unchanged_loop_count	1472	1684	-212	3	3	0	0	0	0	1	1	0	2	2	0
ENSRNOG00000018132	Hmgxb3	increased_loop_count	4632	1684	2948	1	3	2	0	0	0	0	2	2	1	1	0
ENSRNOG00000047014	Homer1	unchanged_loop_count	1472	1684	-212	3	3	0	0	0	0	0	0	0	3	3	0
ENSRNOG00000024689	Hopx	unchanged_loop_count	1472	1684	-212	3	3	0	1	1	0	1	1	0	1	1	0
ENSRNOG00000006281	Hoxa3	unchanged_loop_count	1472	1684	-212	3	3	0	0	0	0	1	1	0	2	2	0
ENSRNOG00000047951	Hoxa5	unchanged_loop_count	1472	1684	-212	3	3	0	0	0	0	1	1	0	2	2	0
ENSRNOG00000046361	Hoxa7	unchanged_loop_count	1472	1684	-212	3	3	0	0	0	0	1	1	0	2	2	0
ENSRNOG00000007611	Hoxb7	increased_loop_count	2598	1684	914	2	3	1	0	0	0	0	0	0	2	3	1
ENSRNOG00000018143	Hpdl	increased_loop_count	4632	1684	2948	1	3	2	0	1	1	0	1	1	1	1	0
ENSRNOG00000000661	Hps4	unchanged_loop_count	1472	1684	-212	3	3	0	1	1	0	1	1	0	1	1	0
ENSRNOG00000023528	Hrasls5	new_gene_in_sensitivity	NA	1684	NA	0	3	3	0	1	1	0	1	1	0	1	1
ENSRNOG00000024591	Hs3st3a1	unchanged_loop_count	1472	1684	-212	3	3	0	0	0	0	2	2	0	1	1	0
ENSRNOG00000014516	Hs6st1	unchanged_loop_count	1472	1684	-212	3	3	0	0	0	0	1	1	0	2	2	0
ENSRNOG00000002826	Hsd17b7	unchanged_loop_count	1472	1684	-212	3	3	0	0	0	0	1	1	0	2	2	0
ENSRNOG00000059714	Hsp90aa1	unchanged_loop_count	1472	1684	-212	3	3	0	0	0	0	0	0	0	3	3	0
ENSRNOG00000019525	Hspa9	unchanged_loop_count	1472	1684	-212	3	3	0	0	0	0	0	0	0	3	3	0
ENSRNOG00000006920	Htr3b	increased_loop_count	4632	1684	2948	1	3	2	0	0	0	0	2	2	1	1	0
ENSRNOG00000024846	Ier5l	unchanged_loop_count	1472	1684	-212	3	3	0	0	0	0	2	2	0	1	1	0
ENSRNOG00000010635	Igfbp4	unchanged_loop_count	1472	1684	-212	3	3	0	0	0	0	0	0	0	3	3	0
ENSRNOG00000027008	Igtp	unchanged_loop_count	1472	1684	-212	3	3	0	2	2	0	0	0	0	1	1	0
ENSRNOG00000005800	Il1f10	unchanged_loop_count	1472	1684	-212	3	3	0	0	0	0	3	3	0	0	0	0
ENSRNOG00000012286	Il20ra	new_gene_in_sensitivity	NA	1684	NA	0	3	3	0	0	0	0	0	0	0	3	3
ENSRNOG00000012131	Il9	unchanged_loop_count	1472	1684	-212	3	3	0	0	0	0	1	1	0	2	2	0
ENSRNOG00000013480	Ing2	unchanged_loop_count	1472	1684	-212	3	3	0	0	0	0	0	0	0	3	3	0
ENSRNOG00000060237	Inhbb	unchanged_loop_count	1472	1684	-212	3	3	0	0	0	0	1	1	0	2	2	0
ENSRNOG00000017635	Inpp5a	unchanged_loop_count	1472	1684	-212	3	3	0	0	0	0	1	1	0	2	2	0
ENSRNOG00000020405	Ins2	unchanged_loop_count	1472	1684	-212	3	3	0	0	0	0	0	0	0	3	3	0
ENSRNOG00000006859	Insig1	unchanged_loop_count	1472	1684	-212	3	3	0	0	0	0	0	0	0	3	3	0
ENSRNOG00000068374	Insyn1	unchanged_loop_count	1472	1684	-212	3	3	0	0	0	0	0	0	0	3	3	0
ENSRNOG00000060350	Iqsec1	unchanged_loop_count	1472	1684	-212	3	3	0	0	0	0	1	1	0	2	2	0
ENSRNOG00000058975	Iqsec2	unchanged_loop_count	1472	1684	-212	3	3	0	0	0	0	0	0	0	3	3	0
ENSRNOG00000009824	Irf2	unchanged_loop_count	1472	1684	-212	3	3	0	1	1	0	1	1	0	1	1	0
ENSRNOG00000012742	Irx2	unchanged_loop_count	1472	1684	-212	3	3	0	0	0	0	1	1	0	2	2	0
ENSRNOG00000011180	Irx5	unchanged_loop_count	1472	1684	-212	3	3	0	0	0	0	0	0	0	3	3	0
ENSRNOG00000000701	Iscu	decreased_loop_count	831	1684	-853	4	3	-1	1	1	0	3	2	-1	0	0	0
ENSRNOG00000050714	Islr2	unchanged_loop_count	1472	1684	-212	3	3	0	2	2	0	1	1	0	0	0	0
ENSRNOG00000043167	Itga9	unchanged_loop_count	1472	1684	-212	3	3	0	1	1	0	2	2	0	0	0	0
ENSRNOG00000008051	Itpk1	unchanged_loop_count	1472	1684	-212	3	3	0	0	0	0	2	2	0	1	1	0
ENSRNOG00000002969	Itpkb	unchanged_loop_count	1472	1684	-212	3	3	0	0	0	0	3	3	0	0	0	0
ENSRNOG00000007104	Itpr1	increased_loop_count	4632	1684	2948	1	3	2	0	0	0	0	0	0	1	3	2
ENSRNOG00000007443	Jag1	unchanged_loop_count	1472	1684	-212	3	3	0	0	0	0	0	0	0	3	3	0
ENSRNOG00000047133	Jrkl	unchanged_loop_count	1472	1684	-212	3	3	0	0	0	0	2	2	0	1	1	0
ENSRNOG00000025174	Kat6a	unchanged_loop_count	1472	1684	-212	3	3	0	2	2	0	1	1	0	0	0	0
ENSRNOG00000012850	Kat6b	unchanged_loop_count	1472	1684	-212	3	3	0	0	0	0	1	1	0	2	2	0
ENSRNOG00000005814	Katnbl1	unchanged_loop_count	1472	1684	-212	3	3	0	0	0	0	2	2	0	1	1	0
ENSRNOG00000050416	Kcna10	unchanged_loop_count	1472	1684	-212	3	3	0	0	0	0	0	0	0	3	3	0
ENSRNOG00000046949	Kcnb1	increased_loop_count	2598	1684	914	2	3	1	0	1	1	2	2	0	0	0	0
ENSRNOG00000060988	Kcnc4	unchanged_loop_count	1472	1684	-212	3	3	0	1	1	0	2	2	0	0	0	0
ENSRNOG00000014686	Kcnd3	unchanged_loop_count	1472	1684	-212	3	3	0	0	0	0	1	1	0	2	2	0
ENSRNOG00000018790	Kcnh4	unchanged_loop_count	1472	1684	-212	3	3	0	1	1	0	0	0	0	2	2	0
ENSRNOG00000018018	Kcnip2	unchanged_loop_count	1472	1684	-212	3	3	0	1	1	0	1	1	0	1	1	0
ENSRNOG00000050450	Kcnip2	unchanged_loop_count	1472	1684	-212	3	3	0	1	1	0	1	1	0	1	1	0
ENSRNOG00000021128	Kcnj11	unchanged_loop_count	1472	1684	-212	3	3	0	0	0	0	2	2	0	1	1	0
ENSRNOG00000033796	Kcnj5	increased_loop_count	2598	1684	914	2	3	1	0	1	1	2	2	0	0	0	0
ENSRNOG00000010816	Kcnk15	unchanged_loop_count	1472	1684	-212	3	3	0	1	1	0	1	1	0	1	1	0
ENSRNOG00000021137	Kctd15	increased_loop_count	2598	1684	914	2	3	1	1	1	0	1	1	0	0	1	1
ENSRNOG00000021082	Kdelr1	unchanged_loop_count	1472	1684	-212	3	3	0	1	1	0	1	1	0	1	1	0
ENSRNOG00000008047	Khk	unchanged_loop_count	1472	1684	-212	3	3	0	1	1	0	1	1	0	1	1	0
ENSRNOG00000013661	Kif26a	unchanged_loop_count	1472	1684	-212	3	3	0	1	1	0	1	1	0	1	1	0
ENSRNOG00000009772	Kirrel3	unchanged_loop_count	1472	1684	-212	3	3	0	0	0	0	0	0	0	3	3	0
ENSRNOG00000047481	Kiss1	increased_loop_count	4632	1684	2948	1	3	2	0	0	0	0	0	0	1	3	2
ENSRNOG00000002227	Kit	unchanged_loop_count	1472	1684	-212	3	3	0	0	0	0	0	0	0	3	3	0
ENSRNOG00000010267	Klhdc10	unchanged_loop_count	1472	1684	-212	3	3	0	0	0	0	2	2	0	1	1	0
ENSRNOG00000033372	Klhl24	unchanged_loop_count	1472	1684	-212	3	3	0	0	0	0	1	1	0	2	2	0
ENSRNOG00000009338	Kras	unchanged_loop_count	1472	1684	-212	3	3	0	1	1	0	2	2	0	0	0	0
ENSRNOG00000069468	Krt18	unchanged_loop_count	1472	1684	-212	3	3	0	2	2	0	1	1	0	0	0	0
ENSRNOG00000018584	LOC100359583	unchanged_loop_count	1472	1684	-212	3	3	0	1	1	0	1	1	0	1	1	0
ENSRNOG00000064427	LOC100362400	unchanged_loop_count	1472	1684	-212	3	3	0	0	0	0	2	2	0	1	1	0
ENSRNOG00000067312	LOC100362418	unchanged_loop_count	1472	1684	-212	3	3	0	2	2	0	1	1	0	0	0	0
ENSRNOG00000055586	LOC100910650	increased_loop_count	4632	1684	2948	1	3	2	0	0	0	0	0	0	1	3	2
ENSRNOG00000019848	LOC100910882	increased_loop_count	2598	1684	914	2	3	1	0	1	1	1	1	0	1	1	0
ENSRNOG00000063975	LOC100911728	unchanged_loop_count	1472	1684	-212	3	3	0	1	1	0	1	1	0	1	1	0
ENSRNOG00000001748	LOC100912534	unchanged_loop_count	1472	1684	-212	3	3	0	0	0	0	0	0	0	3	3	0
ENSRNOG00000010587	LOC102548514	unchanged_loop_count	1472	1684	-212	3	3	0	0	0	0	0	0	0	3	3	0
ENSRNOG00000068572	LOC102549740	unchanged_loop_count	1472	1684	-212	3	3	0	0	0	0	1	1	0	2	2	0
ENSRNOG00000068455	LOC102552530	unchanged_loop_count	1472	1684	-212	3	3	0	0	0	0	2	2	0	1	1	0
ENSRNOG00000069560	LOC102553576	unchanged_loop_count	1472	1684	-212	3	3	0	0	0	0	0	0	0	3	3	0
ENSRNOG00000063790	LOC102555129	unchanged_loop_count	1472	1684	-212	3	3	0	0	0	0	0	0	0	3	3	0
ENSRNOG00000068841	LOC102555808	unchanged_loop_count	1472	1684	-212	3	3	0	0	0	0	0	0	0	3	3	0
ENSRNOG00000069952	LOC102556390	unchanged_loop_count	1472	1684	-212	3	3	0	0	0	0	2	2	0	1	1	0
ENSRNOG00000057874	LOC103690528	unchanged_loop_count	1472	1684	-212	3	3	0	0	0	0	0	0	0	3	3	0
ENSRNOG00000065278	LOC103691652	unchanged_loop_count	1472	1684	-212	3	3	0	1	1	0	0	0	0	2	2	0
ENSRNOG00000067175	LOC103693122	unchanged_loop_count	1472	1684	-212	3	3	0	0	0	0	1	1	0	2	2	0
ENSRNOG00000065814	LOC108348556	unchanged_loop_count	1472	1684	-212	3	3	0	0	0	0	0	0	0	3	3	0
ENSRNOG00000024412	LOC108350588	new_gene_in_sensitivity	NA	1684	NA	0	3	3	0	0	0	0	3	3	0	0	0
ENSRNOG00000065531	LOC108351537	unchanged_loop_count	1472	1684	-212	3	3	0	1	1	0	0	0	0	2	2	0
ENSRNOG00000068652	LOC120093293	unchanged_loop_count	1472	1684	-212	3	3	0	0	0	0	0	0	0	3	3	0
ENSRNOG00000058303	LOC120093900	increased_loop_count	4632	1684	2948	1	3	2	0	0	0	0	0	0	1	3	2
ENSRNOG00000054300	LOC120093908	increased_loop_count	4632	1684	2948	1	3	2	0	0	0	0	0	0	1	3	2
ENSRNOG00000061351	LOC120093920	increased_loop_count	2598	1684	914	2	3	1	0	0	0	1	2	1	1	1	0
ENSRNOG00000058682	LOC120093953	unchanged_loop_count	1472	1684	-212	3	3	0	0	0	0	1	1	0	2	2	0
ENSRNOG00000064518	LOC120093970	unchanged_loop_count	1472	1684	-212	3	3	0	0	0	0	0	0	0	3	3	0
ENSRNOG00000060456	LOC120093995	unchanged_loop_count	1472	1684	-212	3	3	0	1	1	0	1	1	0	1	1	0
ENSRNOG00000057660	LOC120094297	unchanged_loop_count	1472	1684	-212	3	3	0	0	0	0	2	2	0	1	1	0
ENSRNOG00000055172	LOC120094503	unchanged_loop_count	1472	1684	-212	3	3	0	0	0	0	0	0	0	3	3	0
ENSRNOG00000061323	LOC120094912	unchanged_loop_count	1472	1684	-212	3	3	0	0	0	0	2	2	0	1	1	0
ENSRNOG00000070942	LOC120094949	unchanged_loop_count	1472	1684	-212	3	3	0	1	1	0	1	1	0	1	1	0
ENSRNOG00000057694	LOC120094980	unchanged_loop_count	1472	1684	-212	3	3	0	0	0	0	0	0	0	3	3	0
ENSRNOG00000068789	LOC120095183	unchanged_loop_count	1472	1684	-212	3	3	0	0	0	0	0	0	0	3	3	0
ENSRNOG00000057898	LOC120095390	unchanged_loop_count	1472	1684	-212	3	3	0	0	0	0	1	1	0	2	2	0
ENSRNOG00000060059	LOC120095392	unchanged_loop_count	1472	1684	-212	3	3	0	0	0	0	0	0	0	3	3	0
ENSRNOG00000056736	LOC120095435	unchanged_loop_count	1472	1684	-212	3	3	0	0	0	0	0	0	0	3	3	0
ENSRNOG00000068321	LOC120095442	unchanged_loop_count	1472	1684	-212	3	3	0	0	0	0	0	0	0	3	3	0
ENSRNOG00000069565	LOC120095499	decreased_loop_count	831	1684	-853	4	3	-1	0	0	0	1	1	0	3	2	-1
ENSRNOG00000068891	LOC120095730	unchanged_loop_count	1472	1684	-212	3	3	0	1	1	0	1	1	0	1	1	0
ENSRNOG00000069863	LOC120095862	unchanged_loop_count	1472	1684	-212	3	3	0	0	0	0	0	0	0	3	3	0
ENSRNOG00000040652	LOC120096078	unchanged_loop_count	1472	1684	-212	3	3	0	0	0	0	1	1	0	2	2	0
ENSRNOG00000069844	LOC120096327	unchanged_loop_count	1472	1684	-212	3	3	0	0	0	0	1	1	0	2	2	0
ENSRNOG00000057562	LOC120096440	unchanged_loop_count	1472	1684	-212	3	3	0	0	0	0	1	1	0	2	2	0
ENSRNOG00000064320	LOC120096454	unchanged_loop_count	1472	1684	-212	3	3	0	0	0	0	0	0	0	3	3	0
ENSRNOG00000057363	LOC120097255	unchanged_loop_count	1472	1684	-212	3	3	0	0	0	0	0	0	0	3	3	0
ENSRNOG00000058479	LOC120097276	unchanged_loop_count	1472	1684	-212	3	3	0	0	0	0	0	0	0	3	3	0
ENSRNOG00000067533	LOC120097587	increased_loop_count	4632	1684	2948	1	3	2	0	0	0	1	2	1	0	1	1
ENSRNOG00000053224	LOC120097655	increased_loop_count	2598	1684	914	2	3	1	0	1	1	0	0	0	2	2	0
ENSRNOG00000067481	LOC120097843	increased_loop_count	2598	1684	914	2	3	1	0	0	0	0	1	1	2	2	0
ENSRNOG00000057268	LOC120098001	increased_loop_count	2598	1684	914	2	3	1	0	0	0	0	0	0	2	3	1
ENSRNOG00000062813	LOC120098745	increased_loop_count	4632	1684	2948	1	3	2	0	0	0	0	1	1	1	2	1
ENSRNOG00000063681	LOC120100216	increased_loop_count	4632	1684	2948	1	3	2	0	0	0	0	2	2	1	1	0
ENSRNOG00000054845	LOC120100446	increased_loop_count	4632	1684	2948	1	3	2	0	1	1	0	0	0	1	2	1
ENSRNOG00000067383	LOC120100481	increased_loop_count	2598	1684	914	2	3	1	0	0	0	0	1	1	2	2	0
ENSRNOG00000054785	LOC120100498	increased_loop_count	4632	1684	2948	1	3	2	0	0	0	0	1	1	1	2	1
ENSRNOG00000063312	LOC120100783	unchanged_loop_count	1472	1684	-212	3	3	0	0	0	0	0	0	0	3	3	0
ENSRNOG00000054318	LOC120101236	unchanged_loop_count	1472	1684	-212	3	3	0	0	0	0	1	1	0	2	2	0
ENSRNOG00000061190	LOC120101319	unchanged_loop_count	1472	1684	-212	3	3	0	0	0	0	0	0	0	3	3	0
ENSRNOG00000055556	LOC120101356	new_gene_in_sensitivity	NA	1684	NA	0	3	3	0	0	0	0	0	0	0	3	3
ENSRNOG00000057098	LOC120101369	unchanged_loop_count	1472	1684	-212	3	3	0	0	0	0	0	0	0	3	3	0
ENSRNOG00000057313	LOC120101999	unchanged_loop_count	1472	1684	-212	3	3	0	0	0	0	2	2	0	1	1	0
ENSRNOG00000051665	LOC120102075	unchanged_loop_count	1472	1684	-212	3	3	0	0	0	0	0	0	0	3	3	0
ENSRNOG00000052201	LOC120102095	unchanged_loop_count	1472	1684	-212	3	3	0	0	0	0	2	2	0	1	1	0
ENSRNOG00000060700	LOC120102108	unchanged_loop_count	1472	1684	-212	3	3	0	0	0	0	0	0	0	3	3	0
ENSRNOG00000063853	LOC120102120	unchanged_loop_count	1472	1684	-212	3	3	0	0	0	0	1	1	0	2	2	0
ENSRNOG00000064449	LOC120102333	unchanged_loop_count	1472	1684	-212	3	3	0	0	0	0	1	1	0	2	2	0
ENSRNOG00000053438	LOC120102637	unchanged_loop_count	1472	1684	-212	3	3	0	0	0	0	1	1	0	2	2	0
ENSRNOG00000064686	LOC120102650	increased_loop_count	2598	1684	914	2	3	1	0	0	0	0	0	0	2	3	1
ENSRNOG00000053414	LOC120102674	increased_loop_count	2598	1684	914	2	3	1	0	1	1	2	2	0	0	0	0
ENSRNOG00000061585	LOC120102676	increased_loop_count	2598	1684	914	2	3	1	1	1	0	1	1	0	0	1	1
ENSRNOG00000066985	LOC120102760	unchanged_loop_count	1472	1684	-212	3	3	0	0	0	0	1	1	0	2	2	0
ENSRNOG00000070803	LOC120103195	unchanged_loop_count	1472	1684	-212	3	3	0	0	0	0	0	0	0	3	3	0
ENSRNOG00000056882	LOC120103218	increased_loop_count	4632	1684	2948	1	3	2	0	0	0	1	1	0	0	2	2
ENSRNOG00000064116	LOC120103369	unchanged_loop_count	1472	1684	-212	3	3	0	1	1	0	1	1	0	1	1	0
ENSRNOG00000063011	LOC134485158	unchanged_loop_count	1472	1684	-212	3	3	0	0	0	0	1	1	0	2	2	0
ENSRNOG00000047977	LOC684871	unchanged_loop_count	1472	1684	-212	3	3	0	2	2	0	1	1	0	0	0	0
ENSRNOG00000025520	Lbx1	unchanged_loop_count	1472	1684	-212	3	3	0	0	0	0	1	1	0	2	2	0
ENSRNOG00000033503	Ldlrad2	unchanged_loop_count	1472	1684	-212	3	3	0	0	0	0	2	2	0	1	1	0
ENSRNOG00000031247	Lekr1	increased_loop_count	2598	1684	914	2	3	1	0	0	0	1	3	2	1	0	-1
ENSRNOG00000018642	Leng8	unchanged_loop_count	1472	1684	-212	3	3	0	0	0	0	0	0	0	3	3	0
ENSRNOG00000012205	Lgsn	unchanged_loop_count	1472	1684	-212	3	3	0	0	0	0	0	0	0	3	3	0
ENSRNOG00000016712	Lhcgr	increased_loop_count	4632	1684	2948	1	3	2	0	0	0	0	0	0	1	3	2
ENSRNOG00000010357	Lhx9	unchanged_loop_count	1472	1684	-212	3	3	0	0	0	0	1	1	0	2	2	0
ENSRNOG00000017193	Lingo1	increased_loop_count	2598	1684	914	2	3	1	0	0	0	0	1	1	2	2	0
ENSRNOG00000018694	Lipg	unchanged_loop_count	1472	1684	-212	3	3	0	1	1	0	1	1	0	1	1	0
ENSRNOG00000055413	Litafd	unchanged_loop_count	1472	1684	-212	3	3	0	0	0	0	1	1	0	2	2	0
ENSRNOG00000009205	Lmo4	unchanged_loop_count	1472	1684	-212	3	3	0	0	0	0	1	1	0	2	2	0
ENSRNOG00000014876	Lpin2	unchanged_loop_count	1472	1684	-212	3	3	0	0	0	0	2	2	0	1	1	0
ENSRNOG00000004744	Lratd2	unchanged_loop_count	1472	1684	-212	3	3	0	0	0	0	1	1	0	2	2	0
ENSRNOG00000009412	Lrch1	unchanged_loop_count	1472	1684	-212	3	3	0	1	1	0	1	1	0	1	1	0
ENSRNOG00000030243	Lrp1b	unchanged_loop_count	1472	1684	-212	3	3	0	0	0	0	0	0	0	3	3	0
ENSRNOG00000030389	Lrrc30	increased_loop_count	2598	1684	914	2	3	1	0	0	0	0	0	0	2	3	1
ENSRNOG00000015310	Lrrc32	unchanged_loop_count	1472	1684	-212	3	3	0	0	0	0	2	2	0	1	1	0
ENSRNOG00000011980	Lrrc7	unchanged_loop_count	1472	1684	-212	3	3	0	0	0	0	1	1	0	2	2	0
ENSRNOG00000053034	Lrrc78	unchanged_loop_count	1472	1684	-212	3	3	0	0	0	0	0	0	0	3	3	0
ENSRNOG00000026302	Lrrn4cl	unchanged_loop_count	1472	1684	-212	3	3	0	0	0	0	0	0	0	3	3	0
ENSRNOG00000047085	Lrrtm2	unchanged_loop_count	1472	1684	-212	3	3	0	0	0	0	1	1	0	2	2	0
ENSRNOG00000020871	Ltbp4	unchanged_loop_count	1472	1684	-212	3	3	0	1	1	0	2	2	0	0	0	0
ENSRNOG00000026133	Ly6d	unchanged_loop_count	1472	1684	-212	3	3	0	0	0	0	2	2	0	1	1	0
ENSRNOG00000006086	Lynx1	increased_loop_count	4632	1684	2948	1	3	2	0	0	0	0	2	2	1	1	0
ENSRNOG00000043105	Lyrm2	increased_loop_count	4632	1684	2948	1	3	2	0	0	0	0	0	0	1	3	2
ENSRNOG00000050624	Lysmd4	unchanged_loop_count	1472	1684	-212	3	3	0	0	0	0	2	2	0	1	1	0
ENSRNOG00000016047	Macf1	increased_loop_count	4632	1684	2948	1	3	2	1	2	1	0	1	1	0	0	0
ENSRNOG00000005376	Mad2l1	unchanged_loop_count	1472	1684	-212	3	3	0	0	0	0	0	0	0	3	3	0
ENSRNOG00000012428	Maf	unchanged_loop_count	1472	1684	-212	3	3	0	0	0	0	0	0	0	3	3	0
ENSRNOG00000016037	Mafb	unchanged_loop_count	1472	1684	-212	3	3	0	0	0	0	0	0	0	3	3	0
ENSRNOG00000010158	Magel2	unchanged_loop_count	1472	1684	-212	3	3	0	1	1	0	1	1	0	1	1	0
ENSRNOG00000019885	Magi3	unchanged_loop_count	1472	1684	-212	3	3	0	1	1	0	1	1	0	1	1	0
ENSRNOG00000009035	Malsu1	increased_loop_count	4632	1684	2948	1	3	2	0	0	0	0	0	0	1	3	2
ENSRNOG00000005879	Maml2	unchanged_loop_count	1472	1684	-212	3	3	0	0	0	0	1	1	0	2	2	0
ENSRNOG00000017087	Man1c1	unchanged_loop_count	1472	1684	-212	3	3	0	1	1	0	0	0	0	2	2	0
ENSRNOG00000012055	Man2a2	unchanged_loop_count	1472	1684	-212	3	3	0	0	0	0	0	0	0	3	3	0
ENSRNOG00000061779	Man2b2	unchanged_loop_count	1472	1684	-212	3	3	0	0	0	0	2	2	0	1	1	0
ENSRNOG00000017905	Map1lc3b	unchanged_loop_count	1472	1684	-212	3	3	0	0	0	0	1	1	0	2	2	0
ENSRNOG00000011841	Map2	increased_loop_count	2598	1684	914	2	3	1	0	0	0	1	1	0	1	2	1
ENSRNOG00000031700	Map3k5	decreased_loop_count	831	1684	-853	4	3	-1	0	0	0	2	1	-1	2	2	0
ENSRNOG00000007018	Mapkbp1	unchanged_loop_count	1472	1684	-212	3	3	0	1	1	0	1	1	0	1	1	0
ENSRNOG00000002339	Mark1	increased_loop_count	2598	1684	914	2	3	1	0	0	0	0	0	0	2	3	1
ENSRNOG00000003703	Mcm6	unchanged_loop_count	1472	1684	-212	3	3	0	0	0	0	1	1	0	2	2	0
ENSRNOG00000028586	Mcph1	unchanged_loop_count	1472	1684	-212	3	3	0	0	0	0	0	0	0	3	3	0
ENSRNOG00000001440	Mdh2	increased_loop_count	2598	1684	914	2	3	1	0	0	0	0	1	1	2	2	0
ENSRNOG00000017311	Me3	unchanged_loop_count	1472	1684	-212	3	3	0	0	0	0	1	1	0	2	2	0
ENSRNOG00000012645	Mecom	unchanged_loop_count	1472	1684	-212	3	3	0	0	0	0	2	2	0	1	1	0
ENSRNOG00000005932	Megf9	unchanged_loop_count	1472	1684	-212	3	3	0	1	1	0	1	1	0	1	1	0
ENSRNOG00000017319	Mertk	unchanged_loop_count	1472	1684	-212	3	3	0	0	0	0	3	3	0	0	0	0
ENSRNOG00000025142	Mex3b	unchanged_loop_count	1472	1684	-212	3	3	0	1	1	0	1	1	0	1	1	0
ENSRNOG00000014508	Mgll	unchanged_loop_count	1472	1684	-212	3	3	0	0	0	0	0	0	0	3	3	0
ENSRNOG00000007743	Mgst1	unchanged_loop_count	1472	1684	-212	3	3	0	0	0	0	0	0	0	3	3	0
ENSRNOG00000016210	Mical2	increased_loop_count	2598	1684	914	2	3	1	0	1	1	1	1	0	1	1	0
ENSRNOG00000012767	Micu3	unchanged_loop_count	1472	1684	-212	3	3	0	0	0	0	2	2	0	1	1	0
ENSRNOG00000046587	Mir193b	increased_loop_count	2598	1684	914	2	3	1	0	0	0	2	2	0	0	1	1
ENSRNOG00000035536	Mir28	unchanged_loop_count	1472	1684	-212	3	3	0	0	0	0	0	0	0	3	3	0
ENSRNOG00000049532	Mir2861	increased_loop_count	4632	1684	2948	1	3	2	0	0	0	1	1	0	0	2	2
ENSRNOG00000049006	Mir3583	increased_loop_count	2598	1684	914	2	3	1	0	0	0	1	1	0	1	2	1
ENSRNOG00000046194	Mir5126	unchanged_loop_count	1472	1684	-212	3	3	0	0	0	0	1	1	0	2	2	0
ENSRNOG00000040350	Mir675	increased_loop_count	2598	1684	914	2	3	1	0	0	0	1	1	0	1	2	1
ENSRNOG00000035524	Mir99a	unchanged_loop_count	1472	1684	-212	3	3	0	1	1	0	1	1	0	1	1	0
ENSRNOG00000035500	Mirlet7c1	new_gene_in_sensitivity	NA	1684	NA	0	3	3	0	1	1	0	1	1	0	1	1
ENSRNOG00000011618	Mmaa	unchanged_loop_count	1472	1684	-212	3	3	0	1	1	0	1	1	0	1	1	0
ENSRNOG00000011552	Mon1b	unchanged_loop_count	1472	1684	-212	3	3	0	1	1	0	2	2	0	0	0	0
ENSRNOG00000002389	Morf4l2	unchanged_loop_count	1472	1684	-212	3	3	0	0	0	0	2	2	0	1	1	0
ENSRNOG00000056162	Mrfap1	unchanged_loop_count	1472	1684	-212	3	3	0	0	0	0	2	2	0	1	1	0
ENSRNOG00000069916	Mrln	unchanged_loop_count	1472	1684	-212	3	3	0	0	0	0	2	2	0	1	1	0
ENSRNOG00000008546	Mrpl35	unchanged_loop_count	1472	1684	-212	3	3	0	0	0	0	0	0	0	3	3	0
ENSRNOG00000047563	Mrpl39	unchanged_loop_count	1472	1684	-212	3	3	0	1	1	0	1	1	0	1	1	0
ENSRNOG00000022609	Mrps10	unchanged_loop_count	1472	1684	-212	3	3	0	0	0	0	1	1	0	2	2	0
ENSRNOG00000002569	Mrps14	increased_loop_count	2598	1684	914	2	3	1	0	0	0	0	1	1	2	2	0
ENSRNOG00000019511	Mrps18a	unchanged_loop_count	1472	1684	-212	3	3	0	0	0	0	2	2	0	1	1	0
ENSRNOG00000018803	Mrtfa	unchanged_loop_count	1472	1684	-212	3	3	0	1	1	0	1	1	0	1	1	0
ENSRNOG00000066694	Mrtfb	unchanged_loop_count	1472	1684	-212	3	3	0	0	0	0	0	0	0	3	3	0
ENSRNOG00000007540	Msc	unchanged_loop_count	1472	1684	-212	3	3	0	1	1	0	0	0	0	2	2	0
ENSRNOG00000032618	Mst1r	unchanged_loop_count	1472	1684	-212	3	3	0	0	0	0	2	2	0	1	1	0
ENSRNOG00000021347	Mthfd2l	unchanged_loop_count	1472	1684	-212	3	3	0	0	0	0	2	2	0	1	1	0
ENSRNOG00000011560	Mtmr9	unchanged_loop_count	1472	1684	-212	3	3	0	1	1	0	2	2	0	0	0	0
ENSRNOG00000032410	Mtus2	unchanged_loop_count	1472	1684	-212	3	3	0	0	0	0	1	1	0	2	2	0
ENSRNOG00000001963	Mx2	unchanged_loop_count	1472	1684	-212	3	3	0	2	2	0	0	0	0	1	1	0
ENSRNOG00000003336	Mybph	increased_loop_count	2598	1684	914	2	3	1	1	2	1	1	1	0	0	0	0
ENSRNOG00000018858	Myct1	increased_loop_count	4632	1684	2948	1	3	2	0	0	0	0	2	2	1	1	0
ENSRNOG00000010161	Myo10	unchanged_loop_count	1472	1684	-212	3	3	0	0	0	0	0	0	0	3	3	0
ENSRNOG00000061928	Myo1e	unchanged_loop_count	1472	1684	-212	3	3	0	0	0	0	1	1	0	2	2	0
ENSRNOG00000013641	Myo7a	unchanged_loop_count	1472	1684	-212	3	3	0	1	1	0	1	1	0	1	1	0
ENSRNOG00000003669	Myocd	unchanged_loop_count	1472	1684	-212	3	3	0	1	1	0	1	1	0	1	1	0
ENSRNOG00000016117	Myof	unchanged_loop_count	1472	1684	-212	3	3	0	2	2	0	1	1	0	0	0	0
ENSRNOG00000014132	Mypop	unchanged_loop_count	1472	1684	-212	3	3	0	1	1	0	1	1	0	1	1	0
ENSRNOG00000018797	Myrip	unchanged_loop_count	1472	1684	-212	3	3	0	1	1	0	2	2	0	0	0	0
ENSRNOG00000009754	Nampt	unchanged_loop_count	1472	1684	-212	3	3	0	0	0	0	1	1	0	2	2	0
ENSRNOG00000019854	Napsa	unchanged_loop_count	1472	1684	-212	3	3	0	2	2	0	1	1	0	0	0	0
ENSRNOG00000014530	Nav2	unchanged_loop_count	1472	1684	-212	3	3	0	0	0	0	1	1	0	2	2	0
ENSRNOG00000042978	Ncald	increased_loop_count	2598	1684	914	2	3	1	0	0	0	1	2	1	1	1	0
ENSRNOG00000001746	Ncbp2	unchanged_loop_count	1472	1684	-212	3	3	0	0	0	0	0	0	0	3	3	0
ENSRNOG00000005616	Ncoa3	increased_loop_count	2598	1684	914	2	3	1	1	1	0	1	2	1	0	0	0
ENSRNOG00000000854	Ncr3	increased_loop_count	2598	1684	914	2	3	1	1	2	1	1	1	0	0	0	0
ENSRNOG00000012482	Ndrg4	unchanged_loop_count	1472	1684	-212	3	3	0	0	0	0	1	1	0	2	2	0
ENSRNOG00000064291	Ndufa2-ps1	unchanged_loop_count	1472	1684	-212	3	3	0	0	0	0	0	0	0	3	3	0
ENSRNOG00000007506	Ndufaf4	unchanged_loop_count	1472	1684	-212	3	3	0	1	1	0	1	1	0	1	1	0
ENSRNOG00000002721	Ndufb4	unchanged_loop_count	1472	1684	-212	3	3	0	0	0	0	0	0	0	3	3	0
ENSRNOG00000001182	Ndufv3	unchanged_loop_count	1472	1684	-212	3	3	0	0	0	0	2	2	0	1	1	0
ENSRNOG00000058898	Nedd4	unchanged_loop_count	1472	1684	-212	3	3	0	2	2	0	1	1	0	0	0	0
ENSRNOG00000013721	Nepro	unchanged_loop_count	1472	1684	-212	3	3	0	1	1	0	1	1	0	1	1	0
ENSRNOG00000009795	Nfib	unchanged_loop_count	1472	1684	-212	3	3	0	0	0	0	0	0	0	3	3	0
ENSRNOG00000005392	Ngfr	unchanged_loop_count	1472	1684	-212	3	3	0	0	0	0	3	3	0	0	0	0
ENSRNOG00000002997	Nherf2	increased_loop_count	4632	1684	2948	1	3	2	0	0	0	1	1	0	0	2	2
ENSRNOG00000018095	Nkiras2	unchanged_loop_count	1472	1684	-212	3	3	0	1	1	0	1	1	0	1	1	0
ENSRNOG00000012728	Nkx2-2	unchanged_loop_count	1472	1684	-212	3	3	0	0	0	0	0	0	0	3	3	0
ENSRNOG00000011011	Nmb	unchanged_loop_count	1472	1684	-212	3	3	0	0	0	0	1	1	0	2	2	0
ENSRNOG00000002693	Nme1	unchanged_loop_count	1472	1684	-212	3	3	0	1	1	0	1	1	0	1	1	0
ENSRNOG00000050424	Nme4	unchanged_loop_count	1472	1684	-212	3	3	0	0	0	0	2	2	0	1	1	0
ENSRNOG00000058285	Nme8	unchanged_loop_count	1472	1684	-212	3	3	0	0	0	0	1	1	0	2	2	0
ENSRNOG00000023683	Nog	unchanged_loop_count	1472	1684	-212	3	3	0	2	2	0	1	1	0	0	0	0
ENSRNOG00000014775	Nol4	unchanged_loop_count	1472	1684	-212	3	3	0	2	2	0	1	1	0	0	0	0
ENSRNOG00000010109	Nol9	increased_loop_count	2598	1684	914	2	3	1	1	2	1	1	1	0	0	0	0
ENSRNOG00000057443	Nos2	unchanged_loop_count	1472	1684	-212	3	3	0	2	2	0	1	1	0	0	0	0
ENSRNOG00000009348	Nos3	unchanged_loop_count	1472	1684	-212	3	3	0	1	1	0	1	1	0	1	1	0
ENSRNOG00000018835	Notch2	unchanged_loop_count	1472	1684	-212	3	3	0	1	1	0	1	1	0	1	1	0
ENSRNOG00000000559	Npffr1	unchanged_loop_count	1472	1684	-212	3	3	0	0	0	0	1	1	0	2	2	0
ENSRNOG00000015991	Npr2	unchanged_loop_count	1472	1684	-212	3	3	0	1	1	0	1	1	0	1	1	0
ENSRNOG00000012390	Npw	increased_loop_count	2598	1684	914	2	3	1	0	0	0	0	1	1	2	2	0
ENSRNOG00000009354	Nrarp	unchanged_loop_count	1472	1684	-212	3	3	0	0	0	0	3	3	0	0	0	0
ENSRNOG00000068914	Nrep	unchanged_loop_count	1472	1684	-212	3	3	0	0	0	0	1	1	0	2	2	0
ENSRNOG00000010688	Nrgn	unchanged_loop_count	1472	1684	-212	3	3	0	1	1	0	2	2	0	0	0	0
ENSRNOG00000047574	Nrxn3	unchanged_loop_count	1472	1684	-212	3	3	0	0	0	0	0	0	0	3	3	0
ENSRNOG00000025494	Nsun7	unchanged_loop_count	1472	1684	-212	3	3	0	0	0	0	2	2	0	1	1	0
ENSRNOG00000003947	Ntn1	unchanged_loop_count	1472	1684	-212	3	3	0	0	0	0	0	0	0	3	3	0
ENSRNOG00000002574	Nubp1	decreased_loop_count	831	1684	-853	4	3	-1	1	1	0	3	2	-1	0	0	0
ENSRNOG00000061176	Nudt3	unchanged_loop_count	1472	1684	-212	3	3	0	1	1	0	2	2	0	0	0	0
ENSRNOG00000009290	Nup35	unchanged_loop_count	1472	1684	-212	3	3	0	0	0	0	1	1	0	2	2	0
ENSRNOG00000013423	Nup50	unchanged_loop_count	1472	1684	-212	3	3	0	1	1	0	2	2	0	0	0	0
ENSRNOG00000015953	Oaz2	unchanged_loop_count	1472	1684	-212	3	3	0	0	0	0	1	1	0	2	2	0
ENSRNOG00000004574	Ofd1	unchanged_loop_count	1472	1684	-212	3	3	0	0	0	0	1	1	0	2	2	0
ENSRNOG00000043481	Or2h2	new_gene_in_sensitivity	NA	1684	NA	0	3	3	0	2	2	0	1	1	0	0	0
ENSRNOG00000062932	Or51v17-ps1	unchanged_loop_count	1472	1684	-212	3	3	0	0	0	0	1	1	0	2	2	0
ENSRNOG00000047148	Or52i2	unchanged_loop_count	1472	1684	-212	3	3	0	1	1	0	1	1	0	1	1	0
ENSRNOG00000010812	Osbpl6	unchanged_loop_count	1472	1684	-212	3	3	0	0	0	0	0	0	0	3	3	0
ENSRNOG00000011136	Osr2	decreased_loop_count	447	1684	-1237	5	3	-2	0	0	0	2	1	-1	3	2	-1
ENSRNOG00000008605	Ost4	increased_loop_count	2598	1684	914	2	3	1	0	0	0	1	2	1	1	1	0
ENSRNOG00000016950	Otud1	unchanged_loop_count	1472	1684	-212	3	3	0	0	0	0	2	2	0	1	1	0
ENSRNOG00000019760	Oxnad1	unchanged_loop_count	1472	1684	-212	3	3	0	0	0	0	0	0	0	3	3	0
ENSRNOG00000071218	P3h3	unchanged_loop_count	1472	1684	-212	3	3	0	1	1	0	1	1	0	1	1	0
ENSRNOG00000008639	Pabpc1	unchanged_loop_count	1472	1684	-212	3	3	0	0	0	0	2	2	0	1	1	0
ENSRNOG00000009756	Pacsin2	increased_loop_count	4632	1684	2948	1	3	2	0	0	0	1	1	0	0	2	2
ENSRNOG00000007574	Padi2	unchanged_loop_count	1472	1684	-212	3	3	0	0	0	0	2	2	0	1	1	0
ENSRNOG00000004676	Pak3	unchanged_loop_count	1472	1684	-212	3	3	0	0	0	0	1	1	0	2	2	0
ENSRNOG00000010060	Panx1	unchanged_loop_count	1472	1684	-212	3	3	0	0	0	0	2	2	0	1	1	0
ENSRNOG00000042860	Pappa2	unchanged_loop_count	1472	1684	-212	3	3	0	0	0	0	1	1	0	2	2	0
ENSRNOG00000003084	Parp1	unchanged_loop_count	1472	1684	-212	3	3	0	0	0	0	1	1	0	2	2	0
ENSRNOG00000019372	Pc	unchanged_loop_count	1472	1684	-212	3	3	0	0	0	0	1	1	0	2	2	0
ENSRNOG00000013101	Pcdh8	unchanged_loop_count	1472	1684	-212	3	3	0	1	1	0	1	1	0	1	1	0
ENSRNOG00000020119	Pcdha2	unchanged_loop_count	1472	1684	-212	3	3	0	0	0	0	1	1	0	2	2	0
ENSRNOG00000002425	Pctp	unchanged_loop_count	1472	1684	-212	3	3	0	0	0	0	2	2	0	1	1	0
ENSRNOG00000059442	Pde12	unchanged_loop_count	1472	1684	-212	3	3	0	0	0	0	0	0	0	3	3	0
ENSRNOG00000011417	Pde3b	unchanged_loop_count	1472	1684	-212	3	3	0	0	0	0	2	2	0	1	1	0
ENSRNOG00000018220	Pde4dip	increased_loop_count	2598	1684	914	2	3	1	1	1	0	1	2	1	0	0	0
ENSRNOG00000019005	Pde8a	increased_loop_count	2598	1684	914	2	3	1	1	2	1	1	1	0	0	0	0
ENSRNOG00000001174	Pde9a	unchanged_loop_count	1472	1684	-212	3	3	0	0	0	0	2	2	0	1	1	0
ENSRNOG00000006947	Pdhx	increased_loop_count	4632	1684	2948	1	3	2	0	0	0	0	2	2	1	1	0
ENSRNOG00000008845	Pdrg1	unchanged_loop_count	1472	1684	-212	3	3	0	0	0	0	2	2	0	1	1	0
ENSRNOG00000063293	Pdrg1	unchanged_loop_count	1472	1684	-212	3	3	0	0	0	0	2	2	0	1	1	0
ENSRNOG00000014791	Peg3	unchanged_loop_count	1472	1684	-212	3	3	0	1	1	0	0	0	0	2	2	0
ENSRNOG00000006329	Peli1	unchanged_loop_count	1472	1684	-212	3	3	0	0	0	0	1	1	0	2	2	0
ENSRNOG00000001214	Pfkl	unchanged_loop_count	1472	1684	-212	3	3	0	0	0	0	0	0	0	3	3	0
ENSRNOG00000047279	Pga5	increased_loop_count	2598	1684	914	2	3	1	0	0	0	1	1	0	1	2	1
ENSRNOG00000002185	Pgm2	unchanged_loop_count	1472	1684	-212	3	3	0	0	0	0	0	0	0	3	3	0
ENSRNOG00000014668	Phaf1	new_gene_in_sensitivity	NA	1684	NA	0	3	3	0	0	0	0	2	2	0	1	1
ENSRNOG00000005486	Phf20l1	unchanged_loop_count	1472	1684	-212	3	3	0	0	0	0	2	2	0	1	1	0
ENSRNOG00000002171	Phldb2	increased_loop_count	2598	1684	914	2	3	1	0	0	0	1	2	1	1	1	0
ENSRNOG00000002821	Phlpp1	increased_loop_count	2598	1684	914	2	3	1	0	0	0	1	2	1	1	1	0
ENSRNOG00000034272	Pias1	unchanged_loop_count	1472	1684	-212	3	3	0	0	0	0	0	0	0	3	3	0
ENSRNOG00000018322	Picalm	unchanged_loop_count	1472	1684	-212	3	3	0	0	0	0	0	0	0	3	3	0
ENSRNOG00000038784	Piezo2	unchanged_loop_count	1472	1684	-212	3	3	0	0	0	0	1	1	0	2	2	0
ENSRNOG00000016384	Pik3cb	unchanged_loop_count	1472	1684	-212	3	3	0	0	0	0	1	1	0	2	2	0
ENSRNOG00000009948	Pip4p1	unchanged_loop_count	1472	1684	-212	3	3	0	0	0	0	1	1	0	2	2	0
ENSRNOG00000012095	Pkia	increased_loop_count	4632	1684	2948	1	3	2	1	1	0	0	0	0	0	2	2
ENSRNOG00000010235	Pkig	unchanged_loop_count	1472	1684	-212	3	3	0	1	1	0	2	2	0	0	0	0
ENSRNOG00000025892	Pkn3	unchanged_loop_count	1472	1684	-212	3	3	0	0	0	0	2	2	0	1	1	0
ENSRNOG00000001385	Plbd2	unchanged_loop_count	1472	1684	-212	3	3	0	1	1	0	1	1	0	1	1	0
ENSRNOG00000014226	Plch2	unchanged_loop_count	1472	1684	-212	3	3	0	0	0	0	0	0	0	3	3	0
ENSRNOG00000029242	Plekho2	unchanged_loop_count	1472	1684	-212	3	3	0	2	2	0	1	1	0	0	0	0
ENSRNOG00000016878	Plppr5	increased_loop_count	4632	1684	2948	1	3	2	0	0	0	0	2	2	1	1	0
ENSRNOG00000021536	Plxdc1	unchanged_loop_count	1472	1684	-212	3	3	0	2	2	0	1	1	0	0	0	0
ENSRNOG00000000142	Plxdc2	unchanged_loop_count	1472	1684	-212	3	3	0	1	1	0	0	0	0	2	2	0
ENSRNOG00000025209	Plxnd1	unchanged_loop_count	1472	1684	-212	3	3	0	0	0	0	2	2	0	1	1	0
ENSRNOG00000016863	Pnma8b	unchanged_loop_count	1472	1684	-212	3	3	0	0	0	0	3	3	0	0	0	0
ENSRNOG00000005524	Pno1	unchanged_loop_count	1472	1684	-212	3	3	0	0	0	0	0	0	0	3	3	0
ENSRNOG00000012495	Podxl	increased_loop_count	2598	1684	914	2	3	1	1	2	1	1	1	0	0	0	0
ENSRNOG00000000779	Polr1h	unchanged_loop_count	1472	1684	-212	3	3	0	0	0	0	2	2	0	1	1	0
ENSRNOG00000049116	Polr2h	unchanged_loop_count	1472	1684	-212	3	3	0	0	0	0	0	0	0	3	3	0
ENSRNOG00000001449	Pom121	new_gene_in_sensitivity	NA	1684	NA	0	3	3	0	0	0	0	0	0	0	3	3
ENSRNOG00000025310	Pop7	decreased_loop_count	831	1684	-853	4	3	-1	1	0	-1	2	2	0	1	1	0
ENSRNOG00000003581	Pou2f1	unchanged_loop_count	1472	1684	-212	3	3	0	0	0	0	1	1	0	2	2	0
ENSRNOG00000047686	Pou3f1	unchanged_loop_count	1472	1684	-212	3	3	0	0	0	0	0	0	0	3	3	0
ENSRNOG00000053404	Ppcdc	unchanged_loop_count	1472	1684	-212	3	3	0	0	0	0	2	2	0	1	1	0
ENSRNOG00000019667	Ppfibp2	unchanged_loop_count	1472	1684	-212	3	3	0	0	0	0	2	2	0	1	1	0
ENSRNOG00000002930	Ppl	unchanged_loop_count	1472	1684	-212	3	3	0	0	0	0	1	1	0	2	2	0
ENSRNOG00000004612	Ppp1cb	unchanged_loop_count	1472	1684	-212	3	3	0	0	0	0	1	1	0	2	2	0
ENSRNOG00000059550	Ppp1r8	unchanged_loop_count	1472	1684	-212	3	3	0	0	0	0	0	0	0	3	3	0
ENSRNOG00000013733	Ppp4r1	increased_loop_count	2598	1684	914	2	3	1	0	0	0	1	2	1	1	1	0
ENSRNOG00000000323	Prdm1	increased_loop_count	2598	1684	914	2	3	1	0	0	0	0	1	1	2	2	0
ENSRNOG00000008915	Prima1	unchanged_loop_count	1472	1684	-212	3	3	0	1	1	0	1	1	0	1	1	0
ENSRNOG00000003491	Prkca	unchanged_loop_count	1472	1684	-212	3	3	0	0	0	0	1	1	0	2	2	0
ENSRNOG00000001426	Prkrip1	unchanged_loop_count	1472	1684	-212	3	3	0	2	2	0	1	1	0	0	0	0
ENSRNOG00000063308	Prkrip1	unchanged_loop_count	1472	1684	-212	3	3	0	2	2	0	1	1	0	0	0	0
ENSRNOG00000021260	Prnd	unchanged_loop_count	1472	1684	-212	3	3	0	1	1	0	1	1	0	1	1	0
ENSRNOG00000020438	Prpf38b	unchanged_loop_count	1472	1684	-212	3	3	0	0	0	0	3	3	0	0	0	0
ENSRNOG00000000571	Psap	unchanged_loop_count	1472	1684	-212	3	3	0	0	0	0	0	0	0	3	3	0
ENSRNOG00000007114	Psma6	increased_loop_count	2598	1684	914	2	3	1	0	0	0	1	1	0	1	2	1
ENSRNOG00000056853	Psma7	increased_loop_count	2598	1684	914	2	3	1	0	1	1	1	1	0	1	1	0
ENSRNOG00000001719	Psmd2	unchanged_loop_count	1472	1684	-212	3	3	0	0	0	0	1	1	0	2	2	0
ENSRNOG00000009640	Psmf1	unchanged_loop_count	1472	1684	-212	3	3	0	0	0	0	2	2	0	1	1	0
ENSRNOG00000002525	Ptgs2	unchanged_loop_count	1472	1684	-212	3	3	0	1	1	0	1	1	0	1	1	0
ENSRNOG00000015259	Pth2r	unchanged_loop_count	1472	1684	-212	3	3	0	1	1	0	1	1	0	1	1	0
ENSRNOG00000013981	Ptpn5	unchanged_loop_count	1472	1684	-212	3	3	0	0	0	0	1	1	0	2	2	0
ENSRNOG00000004059	Ptrhd1	unchanged_loop_count	1472	1684	-212	3	3	0	0	0	0	0	0	0	3	3	0
ENSRNOG00000009250	Pts	unchanged_loop_count	1472	1684	-212	3	3	0	1	1	0	1	1	0	1	1	0
ENSRNOG00000012574	Pum3l1	unchanged_loop_count	1472	1684	-212	3	3	0	0	0	0	0	0	0	3	3	0
ENSRNOG00000001149	Pxn	unchanged_loop_count	1472	1684	-212	3	3	0	2	2	0	1	1	0	0	0	0
ENSRNOG00000003267	Pycr2	increased_loop_count	4632	1684	2948	1	3	2	0	0	0	1	1	0	0	2	2
ENSRNOG00000054248	RNaseP_nuc	unchanged_loop_count	1472	1684	-212	3	3	0	0	0	0	1	1	0	2	2	0
ENSRNOG00000057527	RNase_MRP	unchanged_loop_count	1472	1684	-212	3	3	0	0	0	0	3	3	0	0	0	0
ENSRNOG00000047706	RT1-CE2	increased_loop_count	2598	1684	914	2	3	1	1	1	0	0	1	1	1	1	0
ENSRNOG00000032844	RT1-Da	unchanged_loop_count	1472	1684	-212	3	3	0	1	1	0	1	1	0	1	1	0
ENSRNOG00000016733	Rab13	unchanged_loop_count	1472	1684	-212	3	3	0	2	2	0	1	1	0	0	0	0
ENSRNOG00000052499	Rab27a	unchanged_loop_count	1472	1684	-212	3	3	0	2	2	0	1	1	0	0	0	0
ENSRNOG00000026085	Rabl3	unchanged_loop_count	1472	1684	-212	3	3	0	0	0	0	1	1	0	2	2	0
ENSRNOG00000007596	Rad51d	unchanged_loop_count	1472	1684	-212	3	3	0	0	0	0	1	1	0	2	2	0
ENSRNOG00000021780	Rad51d	unchanged_loop_count	1472	1684	-212	3	3	0	0	0	0	1	1	0	2	2	0
ENSRNOG00000009742	Rad52	unchanged_loop_count	1472	1684	-212	3	3	0	0	0	0	1	1	0	2	2	0
ENSRNOG00000046256	Ralgapa1	unchanged_loop_count	1472	1684	-212	3	3	0	0	0	0	1	1	0	2	2	0
ENSRNOG00000011400	Ralyl	unchanged_loop_count	1472	1684	-212	3	3	0	0	0	0	1	1	0	2	2	0
ENSRNOG00000019926	Ramp1	unchanged_loop_count	1472	1684	-212	3	3	0	3	3	0	0	0	0	0	0	0
ENSRNOG00000020415	Ramp2	increased_loop_count	4632	1684	2948	1	3	2	1	3	2	0	0	0	0	0	0
ENSRNOG00000020441	Ramp2	unchanged_loop_count	1472	1684	-212	3	3	0	3	3	0	0	0	0	0	0	0
ENSRNOG00000049785	Ranbp3	unchanged_loop_count	1472	1684	-212	3	3	0	0	0	0	3	3	0	0	0	0
ENSRNOG00000049814	Rbm39	increased_loop_count	2598	1684	914	2	3	1	0	1	1	1	1	0	1	1	0
ENSRNOG00000046327	Rbpj	unchanged_loop_count	1472	1684	-212	3	3	0	0	0	0	1	1	0	2	2	0
ENSRNOG00000001979	Rcan1	unchanged_loop_count	1472	1684	-212	3	3	0	0	0	0	1	1	0	2	2	0
ENSRNOG00000010350	Rcan2	unchanged_loop_count	1472	1684	-212	3	3	0	2	2	0	1	1	0	0	0	0
ENSRNOG00000006681	Rdh10	unchanged_loop_count	1472	1684	-212	3	3	0	0	0	0	0	0	0	3	3	0
ENSRNOG00000010589	Retreg1	unchanged_loop_count	1472	1684	-212	3	3	0	0	0	0	1	1	0	2	2	0
ENSRNOG00000014513	Rexo5	increased_loop_count	4632	1684	2948	1	3	2	0	1	1	0	1	1	1	1	0
ENSRNOG00000001457	Rfc2	unchanged_loop_count	1472	1684	-212	3	3	0	1	1	0	2	2	0	0	0	0
ENSRNOG00000014486	Rfx3	unchanged_loop_count	1472	1684	-212	3	3	0	0	0	0	1	1	0	2	2	0
ENSRNOG00000021012	Rfx5	increased_loop_count	2598	1684	914	2	3	1	1	1	0	0	1	1	1	1	0
ENSRNOG00000028382	Rfxap	unchanged_loop_count	1472	1684	-212	3	3	0	0	0	0	2	2	0	1	1	0
ENSRNOG00000064105	Rfxap	unchanged_loop_count	1472	1684	-212	3	3	0	0	0	0	2	2	0	1	1	0
ENSRNOG00000056028	Rfxapl1	unchanged_loop_count	1472	1684	-212	3	3	0	0	0	0	2	2	0	1	1	0
ENSRNOG00000012874	Rgma	unchanged_loop_count	1472	1684	-212	3	3	0	0	0	0	0	0	0	3	3	0
ENSRNOG00000008082	Rgs6	unchanged_loop_count	1472	1684	-212	3	3	0	0	0	0	1	1	0	2	2	0
ENSRNOG00000054385	Rhebl1	unchanged_loop_count	1472	1684	-212	3	3	0	0	0	0	2	2	0	1	1	0
ENSRNOG00000021403	Rhob	unchanged_loop_count	1472	1684	-212	3	3	0	0	0	0	3	3	0	0	0	0
ENSRNOG00000004201	Rims2	increased_loop_count	4632	1684	2948	1	3	2	0	0	0	0	0	0	1	3	2
ENSRNOG00000018804	Ripor2	increased_loop_count	2598	1684	914	2	3	1	0	0	0	0	0	0	2	3	1
ENSRNOG00000007370	Rnf144a	unchanged_loop_count	1472	1684	-212	3	3	0	0	0	0	2	2	0	1	1	0
ENSRNOG00000009658	Rnf19a	unchanged_loop_count	1472	1684	-212	3	3	0	0	0	0	1	1	0	2	2	0
ENSRNOG00000066673	Rnf212b	unchanged_loop_count	1472	1684	-212	3	3	0	1	1	0	2	2	0	0	0	0
ENSRNOG00000019236	Rnf220	unchanged_loop_count	1472	1684	-212	3	3	0	0	0	0	0	0	0	3	3	0
ENSRNOG00000053232	Ror2	unchanged_loop_count	1472	1684	-212	3	3	0	1	1	0	1	1	0	1	1	0
ENSRNOG00000053405	Rpap3	unchanged_loop_count	1472	1684	-212	3	3	0	0	0	0	1	1	0	2	2	0
ENSRNOG00000001368	Rph3a	unchanged_loop_count	1472	1684	-212	3	3	0	1	1	0	1	1	0	1	1	0
ENSRNOG00000062298	Rpl13a	unchanged_loop_count	1472	1684	-212	3	3	0	1	1	0	1	1	0	1	1	0
ENSRNOG00000019007	Rpl14	unchanged_loop_count	1472	1684	-212	3	3	0	1	1	0	0	0	0	2	2	0
ENSRNOG00000011817	Rpl22l1	unchanged_loop_count	1472	1684	-212	3	3	0	0	0	0	0	0	0	3	3	0
ENSRNOG00000004214	Rpl26	unchanged_loop_count	1472	1684	-212	3	3	0	1	1	0	2	2	0	0	0	0
ENSRNOG00000065215	Rpl26-ps9	unchanged_loop_count	1472	1684	-212	3	3	0	0	0	0	2	2	0	1	1	0
ENSRNOG00000010746	Rpl32	unchanged_loop_count	1472	1684	-212	3	3	0	0	0	0	1	1	0	2	2	0
ENSRNOG00000023385	Rpl37a	increased_loop_count	4632	1684	2948	1	3	2	0	0	0	0	1	1	1	2	1
ENSRNOG00000063418	Rpl37a	increased_loop_count	4632	1684	2948	1	3	2	0	0	0	0	1	1	1	2	1
ENSRNOG00000006992	Rpl7	unchanged_loop_count	1472	1684	-212	3	3	0	0	0	0	0	0	0	3	3	0
ENSRNOG00000016411	Rps12	unchanged_loop_count	1472	1684	-212	3	3	0	0	0	0	0	0	0	3	3	0
ENSRNOG00000067515	Rps13-ps4	unchanged_loop_count	1472	1684	-212	3	3	0	1	1	0	1	1	0	1	1	0
ENSRNOG00000069056	Rps2-ps13	increased_loop_count	2598	1684	914	2	3	1	0	0	0	1	2	1	1	1	0
ENSRNOG00000068524	Rps29-ps21	unchanged_loop_count	1472	1684	-212	3	3	0	0	0	0	0	0	0	3	3	0
ENSRNOG00000004362	Rps6ka5	unchanged_loop_count	1472	1684	-212	3	3	0	0	0	0	3	3	0	0	0	0
ENSRNOG00000018645	Rpsa	increased_loop_count	2598	1684	914	2	3	1	0	0	0	0	0	0	2	3	1
ENSRNOG00000012258	Rras2	unchanged_loop_count	1472	1684	-212	3	3	0	0	0	0	1	1	0	2	2	0
ENSRNOG00000001315	Rsph14	increased_loop_count	2598	1684	914	2	3	1	0	0	0	1	2	1	1	1	0
ENSRNOG00000019474	Rsph9	unchanged_loop_count	1472	1684	-212	3	3	0	0	0	0	2	2	0	1	1	0
ENSRNOG00000062777	Rsrc1	unchanged_loop_count	1472	1684	-212	3	3	0	0	0	0	1	1	0	2	2	0
ENSRNOG00000014575	Rtca	new_gene_in_sensitivity	NA	1684	NA	0	3	3	0	0	0	0	0	0	0	3	3
ENSRNOG00000004794	Rtn1	decreased_loop_count	831	1684	-853	4	3	-1	0	0	0	1	1	0	3	2	-1
ENSRNOG00000004621	Rtn4	decreased_loop_count	447	1684	-1237	5	3	-2	0	0	0	1	1	0	4	2	-2
ENSRNOG00000000340	Rtraf	unchanged_loop_count	1472	1684	-212	3	3	0	0	0	0	1	1	0	2	2	0
ENSRNOG00000020193	Runx2	unchanged_loop_count	1472	1684	-212	3	3	0	0	0	0	1	1	0	2	2	0
ENSRNOG00000023126	Rxfp3	unchanged_loop_count	1472	1684	-212	3	3	0	1	1	0	1	1	0	1	1	0
ENSRNOG00000012410	S100a1	unchanged_loop_count	1472	1684	-212	3	3	0	0	0	0	1	1	0	2	2	0
ENSRNOG00000012393	S100a13	unchanged_loop_count	1472	1684	-212	3	3	0	0	0	0	1	1	0	2	2	0
ENSRNOG00000018185	Sag	unchanged_loop_count	1472	1684	-212	3	3	0	0	0	0	1	1	0	2	2	0
ENSRNOG00000013907	Sall1	unchanged_loop_count	1472	1684	-212	3	3	0	0	0	0	0	0	0	3	3	0
ENSRNOG00000019831	Samd4b	decreased_loop_count	831	1684	-853	4	3	-1	2	1	-1	0	0	0	2	2	0
ENSRNOG00000013236	Samd8	unchanged_loop_count	1472	1684	-212	3	3	0	0	0	0	1	1	0	2	2	0
ENSRNOG00000064565	Samd8	unchanged_loop_count	1472	1684	-212	3	3	0	0	0	0	1	1	0	2	2	0
ENSRNOG00000000702	Sart3	decreased_loop_count	831	1684	-853	4	3	-1	1	1	0	3	2	-1	0	0	0
ENSRNOG00000057829	Scarna1	unchanged_loop_count	1472	1684	-212	3	3	0	0	0	0	0	0	0	3	3	0
ENSRNOG00000045015	Scarna3	unchanged_loop_count	1472	1684	-212	3	3	0	1	1	0	1	1	0	1	1	0
ENSRNOG00000060868	Scarna3b	unchanged_loop_count	1472	1684	-212	3	3	0	1	1	0	1	1	0	1	1	0
ENSRNOG00000009276	Schip1	unchanged_loop_count	1472	1684	-212	3	3	0	0	0	0	1	1	0	2	2	0
ENSRNOG00000024711	Sdk2	increased_loop_count	2598	1684	914	2	3	1	0	0	0	1	1	0	1	2	1
ENSRNOG00000002917	Sec14l5	unchanged_loop_count	1472	1684	-212	3	3	0	0	0	0	1	1	0	2	2	0
ENSRNOG00000019122	Sec16a	unchanged_loop_count	1472	1684	-212	3	3	0	2	2	0	1	1	0	0	0	0
ENSRNOG00000007202	Sema3d	unchanged_loop_count	1472	1684	-212	3	3	0	0	0	0	1	1	0	2	2	0
ENSRNOG00000006631	Sema3e	unchanged_loop_count	1472	1684	-212	3	3	0	0	0	0	0	0	0	3	3	0
ENSRNOG00000004033	Sema6a	increased_loop_count	2598	1684	914	2	3	1	0	0	0	0	1	1	2	2	0
ENSRNOG00000004812	Sema6d	unchanged_loop_count	1472	1684	-212	3	3	0	0	0	0	0	0	0	3	3	0
ENSRNOG00000002182	Sept11	unchanged_loop_count	1472	1684	-212	3	3	0	0	0	0	3	3	0	0	0	0
ENSRNOG00000005393	Sertad2	unchanged_loop_count	1472	1684	-212	3	3	0	0	0	0	0	0	0	3	3	0
ENSRNOG00000042785	Sesn2	unchanged_loop_count	1472	1684	-212	3	3	0	0	0	0	2	2	0	1	1	0
ENSRNOG00000025612	Sez6l	unchanged_loop_count	1472	1684	-212	3	3	0	1	1	0	1	1	0	1	1	0
ENSRNOG00000016216	Sft2d3	unchanged_loop_count	1472	1684	-212	3	3	0	1	1	0	2	2	0	0	0	0
ENSRNOG00000012536	Sgms1	unchanged_loop_count	1472	1684	-212	3	3	0	0	0	0	1	1	0	2	2	0
ENSRNOG00000020353	Sh3pxd2a	unchanged_loop_count	1472	1684	-212	3	3	0	0	0	0	2	2	0	1	1	0
ENSRNOG00000011503	Shb	unchanged_loop_count	1472	1684	-212	3	3	0	0	0	0	2	2	0	1	1	0
ENSRNOG00000002691	Shcbp1l	unchanged_loop_count	1472	1684	-212	3	3	0	0	0	0	0	0	0	3	3	0
ENSRNOG00000021268	Shld1	unchanged_loop_count	1472	1684	-212	3	3	0	0	0	0	2	2	0	1	1	0
ENSRNOG00000005433	Shq1	unchanged_loop_count	1472	1684	-212	3	3	0	1	1	0	2	2	0	0	0	0
ENSRNOG00000021546	Sit1	unchanged_loop_count	1472	1684	-212	3	3	0	0	0	0	3	3	0	0	0	0
ENSRNOG00000040297	Skic3	unchanged_loop_count	1472	1684	-212	3	3	0	0	0	0	1	1	0	2	2	0
ENSRNOG00000048487	Slc12a9	unchanged_loop_count	1472	1684	-212	3	3	0	0	0	0	1	1	0	2	2	0
ENSRNOG00000020562	Slc22a18	increased_loop_count	4632	1684	2948	1	3	2	0	0	0	0	2	2	1	1	0
ENSRNOG00000038001	Slc25a1	unchanged_loop_count	1472	1684	-212	3	3	0	0	0	0	0	0	0	3	3	0
ENSRNOG00000016751	Slc25a28	unchanged_loop_count	1472	1684	-212	3	3	0	0	0	0	1	1	0	2	2	0
ENSRNOG00000008797	Slc25a3	unchanged_loop_count	1472	1684	-212	3	3	0	1	1	0	1	1	0	1	1	0
ENSRNOG00000015741	Slc2a13	unchanged_loop_count	1472	1684	-212	3	3	0	1	1	0	0	0	0	2	2	0
ENSRNOG00000002908	Slc35a4	unchanged_loop_count	1472	1684	-212	3	3	0	1	1	0	2	2	0	0	0	0
ENSRNOG00000000412	Slc35f1	unchanged_loop_count	1472	1684	-212	3	3	0	0	0	0	1	1	0	2	2	0
ENSRNOG00000006305	Slc38a2	unchanged_loop_count	1472	1684	-212	3	3	0	0	0	0	1	1	0	2	2	0
ENSRNOG00000011677	Slc39a10	increased_loop_count	2598	1684	914	2	3	1	0	1	1	1	1	0	1	1	0
ENSRNOG00000038055	Slc47a2	increased_loop_count	2598	1684	914	2	3	1	0	1	1	1	1	0	1	1	0
ENSRNOG00000010378	Slc4a5	unchanged_loop_count	1472	1684	-212	3	3	0	0	0	0	0	0	0	3	3	0
ENSRNOG00000005132	Slc52a3	unchanged_loop_count	1472	1684	-212	3	3	0	0	0	0	2	2	0	1	1	0
ENSRNOG00000011016	Slc7a2	unchanged_loop_count	1472	1684	-212	3	3	0	0	0	0	0	0	0	3	3	0
ENSRNOG00000014311	Slc7a8	unchanged_loop_count	1472	1684	-212	3	3	0	1	1	0	2	2	0	0	0	0
ENSRNOG00000018359	Smad7	unchanged_loop_count	1472	1684	-212	3	3	0	0	0	0	0	0	0	3	3	0
ENSRNOG00000011421	Smap2	unchanged_loop_count	1472	1684	-212	3	3	0	1	1	0	1	1	0	1	1	0
ENSRNOG00000018149	Smarca5	unchanged_loop_count	1472	1684	-212	3	3	0	0	0	0	0	0	0	3	3	0
ENSRNOG00000014352	Smim12	unchanged_loop_count	1472	1684	-212	3	3	0	0	0	0	2	2	0	1	1	0
ENSRNOG00000069822	Smim27	increased_loop_count	4632	1684	2948	1	3	2	0	0	0	0	0	0	1	3	2
ENSRNOG00000000999	Smurf1	unchanged_loop_count	1472	1684	-212	3	3	0	0	0	0	1	1	0	2	2	0
ENSRNOG00000006037	Snap25	unchanged_loop_count	1472	1684	-212	3	3	0	1	1	0	1	1	0	1	1	0
ENSRNOG00000010825	Snapc3	unchanged_loop_count	1472	1684	-212	3	3	0	0	0	0	0	0	0	3	3	0
ENSRNOG00000056287	Snora26	unchanged_loop_count	1472	1684	-212	3	3	0	0	0	0	2	2	0	1	1	0
ENSRNOG00000054517	Snora33	unchanged_loop_count	1472	1684	-212	3	3	0	0	0	0	0	0	0	3	3	0
ENSRNOG00000053757	Snora51	increased_loop_count	2598	1684	914	2	3	1	0	0	0	0	1	1	2	2	0
ENSRNOG00000061678	Snord100	unchanged_loop_count	1472	1684	-212	3	3	0	0	0	0	0	0	0	3	3	0
ENSRNOG00000057952	Snord101	unchanged_loop_count	1472	1684	-212	3	3	0	0	0	0	0	0	0	3	3	0
ENSRNOG00000054081	Snord12	unchanged_loop_count	1472	1684	-212	3	3	0	1	1	0	1	1	0	1	1	0
ENSRNOG00000054607	Snord56	unchanged_loop_count	1472	1684	-212	3	3	0	0	0	0	1	1	0	2	2	0
ENSRNOG00000056237	Snord57	unchanged_loop_count	1472	1684	-212	3	3	0	0	0	0	1	1	0	2	2	0
ENSRNOG00000051605	Snord86	unchanged_loop_count	1472	1684	-212	3	3	0	0	0	0	1	1	0	2	2	0
ENSRNOG00000046874	Snx9	unchanged_loop_count	1472	1684	-212	3	3	0	1	1	0	1	1	0	1	1	0
ENSRNOG00000002568	Socs1	unchanged_loop_count	1472	1684	-212	3	3	0	1	1	0	1	1	0	1	1	0
ENSRNOG00000008965	Socs2	unchanged_loop_count	1472	1684	-212	3	3	0	0	0	0	1	1	0	2	2	0
ENSRNOG00000071073	Sost	unchanged_loop_count	1472	1684	-212	3	3	0	2	2	0	1	1	0	0	0	0
ENSRNOG00000054006	Spaca7	unchanged_loop_count	1472	1684	-212	3	3	0	0	0	0	1	1	0	2	2	0
ENSRNOG00000009207	Spata2	unchanged_loop_count	1472	1684	-212	3	3	0	1	1	0	0	0	0	2	2	0
ENSRNOG00000025359	Spesp1	unchanged_loop_count	1472	1684	-212	3	3	0	0	0	0	0	0	0	3	3	0
ENSRNOG00000062590	Spetex-2Fl1	unchanged_loop_count	1472	1684	-212	3	3	0	3	3	0	0	0	0	0	0	0
ENSRNOG00000002085	Spmap2l	unchanged_loop_count	1472	1684	-212	3	3	0	0	0	0	2	2	0	1	1	0
ENSRNOG00000012747	Spock1	unchanged_loop_count	1472	1684	-212	3	3	0	0	0	0	0	0	0	3	3	0
ENSRNOG00000043451	Spp1	increased_loop_count	4632	1684	2948	1	3	2	0	0	0	0	0	0	1	3	2
ENSRNOG00000015455	Spr	unchanged_loop_count	1472	1684	-212	3	3	0	0	0	0	0	0	0	3	3	0
ENSRNOG00000024028	Sprr1a	unchanged_loop_count	1472	1684	-212	3	3	0	0	0	0	2	2	0	1	1	0
ENSRNOG00000009550	Sqle	unchanged_loop_count	1472	1684	-212	3	3	0	0	0	0	2	2	0	1	1	0
ENSRNOG00000011475	Srcin1	unchanged_loop_count	1472	1684	-212	3	3	0	3	3	0	0	0	0	0	0	0
ENSRNOG00000000662	Srrd	unchanged_loop_count	1472	1684	-212	3	3	0	1	1	0	1	1	0	1	1	0
ENSRNOG00000001141	Srrm4	unchanged_loop_count	1472	1684	-212	3	3	0	0	0	0	1	1	0	2	2	0
ENSRNOG00000060010	Ss18l1	increased_loop_count	2598	1684	914	2	3	1	0	1	1	1	1	0	1	1	0
ENSRNOG00000007920	Ssbp3	increased_loop_count	2598	1684	914	2	3	1	1	1	0	1	2	1	0	0	0
ENSRNOG00000001837	Sst	increased_loop_count	2598	1684	914	2	3	1	0	1	1	1	1	0	1	1	0
ENSRNOG00000009850	St3gal4	unchanged_loop_count	1472	1684	-212	3	3	0	0	0	0	1	1	0	2	2	0
ENSRNOG00000065528	St8sia2	unchanged_loop_count	1472	1684	-212	3	3	0	0	0	0	1	1	0	2	2	0
ENSRNOG00000020468	Stard4	unchanged_loop_count	1472	1684	-212	3	3	0	0	0	0	1	1	0	2	2	0
ENSRNOG00000015075	Stc1	unchanged_loop_count	1472	1684	-212	3	3	0	0	0	0	1	1	0	2	2	0
ENSRNOG00000031397	Stk32b	unchanged_loop_count	1472	1684	-212	3	3	0	1	1	0	1	1	0	1	1	0
ENSRNOG00000027911	Stkld1	increased_loop_count	4632	1684	2948	1	3	2	0	1	1	0	1	1	1	1	0
ENSRNOG00000031448	Stpg1	increased_loop_count	2598	1684	914	2	3	1	1	1	0	0	1	1	1	1	0
ENSRNOG00000007134	Strap	unchanged_loop_count	1472	1684	-212	3	3	0	0	0	0	0	0	0	3	3	0
ENSRNOG00000071066	Stum	unchanged_loop_count	1472	1684	-212	3	3	0	1	1	0	2	2	0	0	0	0
ENSRNOG00000002496	Stxbp5l	unchanged_loop_count	1472	1684	-212	3	3	0	1	1	0	0	0	0	2	2	0
ENSRNOG00000067555	Sub1	unchanged_loop_count	1472	1684	-212	3	3	0	0	0	0	0	0	0	3	3	0
ENSRNOG00000019807	Sufu	unchanged_loop_count	1472	1684	-212	3	3	0	1	1	0	2	2	0	0	0	0
ENSRNOG00000060005	Surf4	increased_loop_count	2598	1684	914	2	3	1	0	1	1	1	1	0	1	1	0
ENSRNOG00000007404	Svbp	increased_loop_count	4632	1684	2948	1	3	2	0	0	0	0	2	2	1	1	0
ENSRNOG00000031097	Syce1l	unchanged_loop_count	1472	1684	-212	3	3	0	1	1	0	2	2	0	0	0	0
ENSRNOG00000018960	Syne1	increased_loop_count	2598	1684	914	2	3	1	0	1	1	0	0	0	2	2	0
ENSRNOG00000017333	Syt4	unchanged_loop_count	1472	1684	-212	3	3	0	0	0	0	2	2	0	1	1	0
ENSRNOG00000020950	Syvn1	unchanged_loop_count	1472	1684	-212	3	3	0	1	1	0	1	1	0	1	1	0
ENSRNOG00000020457	Tacc2	unchanged_loop_count	1472	1684	-212	3	3	0	0	0	0	1	1	0	2	2	0
ENSRNOG00000048288	Taf12	increased_loop_count	2598	1684	914	2	3	1	0	0	0	2	2	0	0	1	1
ENSRNOG00000049349	Tafa5	unchanged_loop_count	1472	1684	-212	3	3	0	0	0	0	0	0	0	3	3	0
ENSRNOG00000025051	Tal1	unchanged_loop_count	1472	1684	-212	3	3	0	0	0	0	1	1	0	2	2	0
ENSRNOG00000009708	Tas1r1	unchanged_loop_count	1472	1684	-212	3	3	0	2	2	0	1	1	0	0	0	0
ENSRNOG00000012195	Tas2r108	unchanged_loop_count	1472	1684	-212	3	3	0	0	0	0	0	0	0	3	3	0
ENSRNOG00000030413	Tas2r137	unchanged_loop_count	1472	1684	-212	3	3	0	0	0	0	0	0	0	3	3	0
ENSRNOG00000003686	Tbl1x	unchanged_loop_count	1472	1684	-212	3	3	0	0	0	0	0	0	0	3	3	0
ENSRNOG00000010685	Tbx18	new_gene_in_sensitivity	NA	1684	NA	0	3	3	0	0	0	0	2	2	0	1	1
ENSRNOG00000008706	Tbx3	decreased_loop_count	831	1684	-853	4	3	-1	1	1	0	0	0	0	3	2	-1
ENSRNOG00000005869	Tcea1l1	unchanged_loop_count	1472	1684	-212	3	3	0	0	0	0	1	1	0	2	2	0
ENSRNOG00000016737	Tcerg1l	unchanged_loop_count	1472	1684	-212	3	3	0	0	0	0	0	0	0	3	3	0
ENSRNOG00000009585	Tcf20	unchanged_loop_count	1472	1684	-212	3	3	0	0	0	0	0	0	0	3	3	0
ENSRNOG00000053631	Tdrd9	unchanged_loop_count	1472	1684	-212	3	3	0	1	1	0	0	0	0	2	2	0
ENSRNOG00000002571	Tekt5	decreased_loop_count	831	1684	-853	4	3	-1	0	0	0	3	2	-1	1	1	0
ENSRNOG00000053729	Tesk1	unchanged_loop_count	1472	1684	-212	3	3	0	1	1	0	1	1	0	1	1	0
ENSRNOG00000013659	Tex2	unchanged_loop_count	1472	1684	-212	3	3	0	0	0	0	3	3	0	0	0	0
ENSRNOG00000005227	Tfap4	unchanged_loop_count	1472	1684	-212	3	3	0	0	0	0	1	1	0	2	2	0
ENSRNOG00000001162	Tff2	increased_loop_count	2598	1684	914	2	3	1	0	0	0	1	1	0	1	2	1
ENSRNOG00000000663	Tfip11	unchanged_loop_count	1472	1684	-212	3	3	0	0	0	0	2	2	0	1	1	0
ENSRNOG00000002093	Tgfbr3	unchanged_loop_count	1472	1684	-212	3	3	0	0	0	0	0	0	0	3	3	0
ENSRNOG00000015332	Thoc1	unchanged_loop_count	1472	1684	-212	3	3	0	0	0	0	1	1	0	2	2	0
ENSRNOG00000020271	Tial1	increased_loop_count	2598	1684	914	2	3	1	0	0	0	1	2	1	1	1	0
ENSRNOG00000050846	Timm10b	unchanged_loop_count	1472	1684	-212	3	3	0	0	0	0	2	2	0	1	1	0
ENSRNOG00000007988	Timm22	unchanged_loop_count	1472	1684	-212	3	3	0	1	1	0	2	2	0	0	0	0
ENSRNOG00000018980	Tjap1	unchanged_loop_count	1472	1684	-212	3	3	0	2	2	0	1	1	0	0	0	0
ENSRNOG00000015030	Tjp2	unchanged_loop_count	1472	1684	-212	3	3	0	1	1	0	1	1	0	1	1	0
ENSRNOG00000012579	Tlcd1	unchanged_loop_count	1472	1684	-212	3	3	0	2	2	0	1	1	0	0	0	0
ENSRNOG00000071015	Tlcd1	unchanged_loop_count	1472	1684	-212	3	3	0	2	2	0	1	1	0	0	0	0
ENSRNOG00000006395	Tldc2	increased_loop_count	2598	1684	914	2	3	1	1	1	0	1	2	1	0	0	0
ENSRNOG00000018373	Tln2	unchanged_loop_count	1472	1684	-212	3	3	0	0	0	0	1	1	0	2	2	0
ENSRNOG00000008447	Tmem132d	unchanged_loop_count	1472	1684	-212	3	3	0	0	0	0	0	0	0	3	3	0
ENSRNOG00000013238	Tmem14a	unchanged_loop_count	1472	1684	-212	3	3	0	1	1	0	1	1	0	1	1	0
ENSRNOG00000019958	Tmem151b	increased_loop_count	2598	1684	914	2	3	1	1	2	1	1	1	0	0	0	0
ENSRNOG00000019961	Tmem151b	unchanged_loop_count	1472	1684	-212	3	3	0	2	2	0	1	1	0	0	0	0
ENSRNOG00000005144	Tmem18	unchanged_loop_count	1472	1684	-212	3	3	0	0	0	0	1	1	0	2	2	0
ENSRNOG00000065288	Tmem200b	unchanged_loop_count	1472	1684	-212	3	3	0	2	2	0	1	1	0	0	0	0
ENSRNOG00000046758	Tmem217	unchanged_loop_count	1472	1684	-212	3	3	0	0	0	0	0	0	0	3	3	0
ENSRNOG00000036869	Tmem88b	unchanged_loop_count	1472	1684	-212	3	3	0	0	0	0	1	1	0	2	2	0
ENSRNOG00000008336	Tnfrsf11b	unchanged_loop_count	1472	1684	-212	3	3	0	1	1	0	1	1	0	1	1	0
ENSRNOG00000002968	Tnfsf4	increased_loop_count	4632	1684	2948	1	3	2	0	1	1	1	1	0	0	1	1
ENSRNOG00000045595	Tnfsf9	increased_loop_count	2598	1684	914	2	3	1	0	0	0	1	1	0	1	2	1
ENSRNOG00000002548	Tnn	increased_loop_count	2598	1684	914	2	3	1	0	0	0	0	1	1	2	2	0
ENSRNOG00000018250	Tnni3	unchanged_loop_count	1472	1684	-212	3	3	0	0	0	0	0	0	0	3	3	0
ENSRNOG00000002566	Tnp2	unchanged_loop_count	1472	1684	-212	3	3	0	1	1	0	1	1	0	1	1	0
ENSRNOG00000024907	Tnrc6b	unchanged_loop_count	1472	1684	-212	3	3	0	0	0	0	0	0	0	3	3	0
ENSRNOG00000002828	Tob1	unchanged_loop_count	1472	1684	-212	3	3	0	1	1	0	2	2	0	0	0	0
ENSRNOG00000053047	Top2a	unchanged_loop_count	1472	1684	-212	3	3	0	0	0	0	0	0	0	3	3	0
ENSRNOG00000006485	Topors	unchanged_loop_count	1472	1684	-212	3	3	0	0	0	0	0	0	0	3	3	0
ENSRNOG00000059344	Tpcn1	unchanged_loop_count	1472	1684	-212	3	3	0	0	0	0	1	1	0	2	2	0
ENSRNOG00000018184	Tpm1	unchanged_loop_count	1472	1684	-212	3	3	0	2	2	0	0	0	0	1	1	0
ENSRNOG00000051627	Tra2b-ps3	increased_loop_count	4632	1684	2948	1	3	2	0	0	0	1	2	1	0	1	1
ENSRNOG00000029141	Trabd2b	unchanged_loop_count	1472	1684	-212	3	3	0	0	0	0	1	1	0	2	2	0
ENSRNOG00000042276	Trappc2	unchanged_loop_count	1472	1684	-212	3	3	0	0	0	0	1	1	0	2	2	0
ENSRNOG00000009075	Trim13	unchanged_loop_count	1472	1684	-212	3	3	0	0	0	0	1	1	0	2	2	0
ENSRNOG00000010124	Trim2	unchanged_loop_count	1472	1684	-212	3	3	0	1	1	0	0	0	0	2	2	0
ENSRNOG00000018356	Trim3	increased_loop_count	2598	1684	914	2	3	1	1	1	0	1	1	0	0	1	1
ENSRNOG00000011253	Trmt9b	unchanged_loop_count	1472	1684	-212	3	3	0	1	1	0	2	2	0	0	0	0
ENSRNOG00000003972	Tshr	unchanged_loop_count	1472	1684	-212	3	3	0	0	0	0	1	1	0	2	2	0
ENSRNOG00000018122	Tspan17	new_gene_in_sensitivity	NA	1684	NA	0	3	3	0	0	0	0	0	0	0	3	3
ENSRNOG00000007957	Tspoap1	unchanged_loop_count	1472	1684	-212	3	3	0	0	0	0	1	1	0	2	2	0
ENSRNOG00000032677	Tssc4	unchanged_loop_count	1472	1684	-212	3	3	0	2	2	0	0	0	0	1	1	0
ENSRNOG00000032590	Ttc28	unchanged_loop_count	1472	1684	-212	3	3	0	0	0	0	0	0	0	3	3	0
ENSRNOG00000012342	Ttc29	unchanged_loop_count	1472	1684	-212	3	3	0	0	0	0	0	0	0	3	3	0
ENSRNOG00000039777	Ttf1	unchanged_loop_count	1472	1684	-212	3	3	0	1	1	0	0	0	0	2	2	0
ENSRNOG00000057761	Ttf2	unchanged_loop_count	1472	1684	-212	3	3	0	1	1	0	0	0	0	2	2	0
ENSRNOG00000009076	Ttpal	unchanged_loop_count	1472	1684	-212	3	3	0	1	1	0	1	1	0	1	1	0
ENSRNOG00000032699	Ttyh1	unchanged_loop_count	1472	1684	-212	3	3	0	0	0	0	0	0	0	3	3	0
ENSRNOG00000046566	Tub	new_gene_in_sensitivity	NA	1684	NA	0	3	3	0	2	2	0	1	1	0	0	0
ENSRNOG00000017445	Tubb2b	decreased_loop_count	831	1684	-853	4	3	-1	1	0	-1	2	2	0	1	1	0
ENSRNOG00000015914	U2af2	increased_loop_count	2598	1684	914	2	3	1	0	0	0	0	0	0	2	3	1
ENSRNOG00000008607	U2surp	unchanged_loop_count	1472	1684	-212	3	3	0	0	0	0	0	0	0	3	3	0
ENSRNOG00000019164	Uba1	unchanged_loop_count	1472	1684	-212	3	3	0	0	0	0	0	0	0	3	3	0
ENSRNOG00000063304	Ube2e3-ps2	unchanged_loop_count	1472	1684	-212	3	3	0	1	1	0	2	2	0	0	0	0
ENSRNOG00000007442	Ubl7	unchanged_loop_count	1472	1684	-212	3	3	0	0	0	0	3	3	0	0	0	0
ENSRNOG00000020937	Ubtf	decreased_loop_count	831	1684	-853	4	3	-1	3	2	-1	1	1	0	0	0	0
ENSRNOG00000019666	Ubxn1	unchanged_loop_count	1472	1684	-212	3	3	0	0	0	0	0	0	0	3	3	0
ENSRNOG00000015644	Ugcg	unchanged_loop_count	1472	1684	-212	3	3	0	0	0	0	2	2	0	1	1	0
ENSRNOG00000025909	Uqcc2	decreased_loop_count	831	1684	-853	4	3	-1	1	1	0	2	1	-1	1	1	0
ENSRNOG00000032492	Usp22	unchanged_loop_count	1472	1684	-212	3	3	0	0	0	0	0	0	0	3	3	0
ENSRNOG00000001059	Usp42	unchanged_loop_count	1472	1684	-212	3	3	0	1	1	0	1	1	0	1	1	0
ENSRNOG00000013866	Usp49	decreased_loop_count	831	1684	-853	4	3	-1	3	2	-1	1	1	0	0	0	0
ENSRNOG00000014660	Usp53	unchanged_loop_count	1472	1684	-212	3	3	0	0	0	0	2	2	0	1	1	0
ENSRNOG00000016381	Ust	unchanged_loop_count	1472	1684	-212	3	3	0	0	0	0	1	1	0	2	2	0
ENSRNOG00000017219	Vac14	unchanged_loop_count	1472	1684	-212	3	3	0	0	0	0	1	1	0	2	2	0
ENSRNOG00000006514	Vezt	unchanged_loop_count	1472	1684	-212	3	3	0	2	2	0	0	0	0	1	1	0
ENSRNOG00000013689	Vps18	unchanged_loop_count	1472	1684	-212	3	3	0	1	1	0	1	1	0	1	1	0
ENSRNOG00000048378	Vrtn	unchanged_loop_count	1472	1684	-212	3	3	0	1	1	0	1	1	0	1	1	0
ENSRNOG00000053145	Vwa8	unchanged_loop_count	1472	1684	-212	3	3	0	0	0	0	1	1	0	2	2	0
ENSRNOG00000004359	Wars	unchanged_loop_count	1472	1684	-212	3	3	0	0	0	0	0	0	0	3	3	0
ENSRNOG00000020020	Wbp1l	unchanged_loop_count	1472	1684	-212	3	3	0	1	1	0	0	0	0	2	2	0
ENSRNOG00000057476	Wbp4-ps1	unchanged_loop_count	1472	1684	-212	3	3	0	0	0	0	0	0	0	3	3	0
ENSRNOG00000012379	Wdr18	increased_loop_count	2598	1684	914	2	3	1	1	0	-1	1	2	1	0	1	1
ENSRNOG00000004733	Wdr25	unchanged_loop_count	1472	1684	-212	3	3	0	0	0	0	0	0	0	3	3	0
ENSRNOG00000022857	Wdr92	unchanged_loop_count	1472	1684	-212	3	3	0	0	0	0	0	0	0	3	3	0
ENSRNOG00000006217	Wiz	unchanged_loop_count	1472	1684	-212	3	3	0	1	1	0	1	1	0	1	1	0
ENSRNOG00000003807	Wnt9b	unchanged_loop_count	1472	1684	-212	3	3	0	0	0	0	0	0	0	3	3	0
ENSRNOG00000009576	Xpa	unchanged_loop_count	1472	1684	-212	3	3	0	0	0	0	0	0	0	3	3	0
ENSRNOG00000012084	Xpnpep1	unchanged_loop_count	1472	1684	-212	3	3	0	0	0	0	1	1	0	2	2	0
ENSRNOG00000027015	Ythdf1	unchanged_loop_count	1472	1684	-212	3	3	0	1	1	0	1	1	0	1	1	0
ENSRNOG00000055471	Ywhah	unchanged_loop_count	1472	1684	-212	3	3	0	1	1	0	1	1	0	1	1	0
ENSRNOG00000012470	Zc3h12c	unchanged_loop_count	1472	1684	-212	3	3	0	0	0	0	0	0	0	3	3	0
ENSRNOG00000002882	Zcchc2	unchanged_loop_count	1472	1684	-212	3	3	0	2	2	0	1	1	0	0	0	0
ENSRNOG00000021787	Zfp217	unchanged_loop_count	1472	1684	-212	3	3	0	0	0	0	0	0	0	3	3	0
ENSRNOG00000030308	Zfp251	increased_loop_count	2598	1684	914	2	3	1	0	0	0	1	1	0	1	2	1
ENSRNOG00000027436	Zfp324	increased_loop_count	4632	1684	2948	1	3	2	0	0	0	1	3	2	0	0	0
ENSRNOG00000017086	Zfp341	decreased_loop_count	831	1684	-853	4	3	-1	1	1	0	2	1	-1	1	1	0
ENSRNOG00000048101	Zfp397	unchanged_loop_count	1472	1684	-212	3	3	0	0	0	0	0	0	0	3	3	0
ENSRNOG00000014237	Zfp503	unchanged_loop_count	1472	1684	-212	3	3	0	0	0	0	0	0	0	3	3	0
ENSRNOG00000042826	Zfp52	unchanged_loop_count	1472	1684	-212	3	3	0	0	0	0	1	1	0	2	2	0
ENSRNOG00000012434	Zfp598	unchanged_loop_count	1472	1684	-212	3	3	0	0	0	0	1	1	0	2	2	0
ENSRNOG00000014199	Zfp703	unchanged_loop_count	1472	1684	-212	3	3	0	0	0	0	0	0	0	3	3	0
ENSRNOG00000016279	Zfp865	unchanged_loop_count	1472	1684	-212	3	3	0	1	1	0	1	1	0	1	1	0
ENSRNOG00000055000	Zkscan3	unchanged_loop_count	1472	1684	-212	3	3	0	0	0	0	0	0	0	3	3	0
ENSRNOG00000010488	Zmiz1	unchanged_loop_count	1472	1684	-212	3	3	0	0	0	0	2	2	0	1	1	0
ENSRNOG00000019028	Znrf1	unchanged_loop_count	1472	1684	-212	3	3	0	1	1	0	0	0	0	2	2	0
ENSRNOG00000067305	Znrf3	unchanged_loop_count	1472	1684	-212	3	3	0	0	0	0	1	1	0	2	2	0
ENSRNOG00000014528	Zswim6	new_gene_in_sensitivity	NA	1684	NA	0	3	3	0	0	0	0	1	1	0	2	2
ENSRNOG00000064179	1700028J19Rikl	unchanged_loop_count	2598	2883	-285	2	2	0	0	0	0	1	1	0	1	1	0
ENSRNOG00000004066	1700056E22Rik	unchanged_loop_count	2598	2883	-285	2	2	0	0	0	0	1	1	0	1	1	0
ENSRNOG00000040095	1700067P10Rikl	unchanged_loop_count	2598	2883	-285	2	2	0	0	0	0	0	0	0	2	2	0
ENSRNOG00000037485	2200002J24Rikl	new_gene_in_sensitivity	NA	2883	NA	0	2	2	0	0	0	0	0	0	0	2	2
ENSRNOG00000006986	2700097O09Rikl	unchanged_loop_count	2598	2883	-285	2	2	0	0	0	0	1	1	0	1	1	0
ENSRNOG00000046714	4932415M13Rikl	unchanged_loop_count	2598	2883	-285	2	2	0	1	1	0	0	0	0	1	1	0
ENSRNOG00000046037	AABR07002384.1	unchanged_loop_count	2598	2883	-285	2	2	0	0	0	0	1	1	0	1	1	0
ENSRNOG00000051284	AABR07002945.2	unchanged_loop_count	2598	2883	-285	2	2	0	0	0	0	0	0	0	2	2	0
ENSRNOG00000051102	AABR07004269.3	unchanged_loop_count	2598	2883	-285	2	2	0	0	0	0	0	0	0	2	2	0
ENSRNOG00000022941	AABR07004746	unchanged_loop_count	2598	2883	-285	2	2	0	0	0	0	1	1	0	1	1	0
ENSRNOG00000060840	AABR07005031.3	increased_loop_count	4632	2883	1749	1	2	1	0	0	0	0	1	1	1	1	0
ENSRNOG00000054418	AABR07005779.3	unchanged_loop_count	2598	2883	-285	2	2	0	0	0	0	0	0	0	2	2	0
ENSRNOG00000042679	AABR07006860	unchanged_loop_count	2598	2883	-285	2	2	0	0	0	0	1	1	0	1	1	0
ENSRNOG00000013993	AABR07007000	unchanged_loop_count	2598	2883	-285	2	2	0	0	0	0	0	0	0	2	2	0
ENSRNOG00000046333	AABR07007032.1	new_gene_in_sensitivity	NA	2883	NA	0	2	2	0	0	0	0	1	1	0	1	1
ENSRNOG00000056969	AABR07008911.1	decreased_loop_count	831	2883	-2052	4	2	-2	0	0	0	2	1	-1	2	1	-1
ENSRNOG00000053939	AABR07010787.1	unchanged_loop_count	2598	2883	-285	2	2	0	0	0	0	1	1	0	1	1	0
ENSRNOG00000055038	AABR07013302	new_gene_in_sensitivity	NA	2883	NA	0	2	2	0	0	0	0	1	1	0	1	1
ENSRNOG00000051648	AABR07016566.1	new_gene_in_sensitivity	NA	2883	NA	0	2	2	0	0	0	0	0	0	0	2	2
ENSRNOG00000051196	AABR07018038	unchanged_loop_count	2598	2883	-285	2	2	0	1	1	0	0	0	0	1	1	0
ENSRNOG00000058096	AABR07021704	unchanged_loop_count	2598	2883	-285	2	2	0	0	0	0	0	0	0	2	2	0
ENSRNOG00000059863	AABR07022168.1	unchanged_loop_count	2598	2883	-285	2	2	0	0	0	0	2	2	0	0	0	0
ENSRNOG00000053140	AABR07027866.1	decreased_loop_count	1472	2883	-1411	3	2	-1	0	0	0	0	0	0	3	2	-1
ENSRNOG00000013237	AABR07027925.1	unchanged_loop_count	2598	2883	-285	2	2	0	0	0	0	0	0	0	2	2	0
ENSRNOG00000031525	AABR07029955.1	increased_loop_count	4632	2883	1749	1	2	1	0	0	0	0	0	0	1	2	1
ENSRNOG00000042868	AABR07030359	new_gene_in_sensitivity	NA	2883	NA	0	2	2	0	0	0	0	1	1	0	1	1
ENSRNOG00000055533	AABR07030435.1	unchanged_loop_count	2598	2883	-285	2	2	0	0	0	0	1	1	0	1	1	0
ENSRNOG00000018224	AABR07033020.1	unchanged_loop_count	2598	2883	-285	2	2	0	0	0	0	0	0	0	2	2	0
ENSRNOG00000033603	AABR07034315.1	new_gene_in_sensitivity	NA	2883	NA	0	2	2	0	1	1	0	1	1	0	0	0
ENSRNOG00000038370	AABR07034632	unchanged_loop_count	2598	2883	-285	2	2	0	0	0	0	0	0	0	2	2	0
ENSRNOG00000039819	AABR07035338.1	unchanged_loop_count	2598	2883	-285	2	2	0	0	0	0	0	0	0	2	2	0
ENSRNOG00000051159	AABR07038578.1	unchanged_loop_count	2598	2883	-285	2	2	0	0	0	0	1	1	0	1	1	0
ENSRNOG00000000320	AABR07045462	new_gene_in_sensitivity	NA	2883	NA	0	2	2	0	0	0	0	0	0	0	2	2
ENSRNOG00000062079	AABR07047191.1	unchanged_loop_count	2598	2883	-285	2	2	0	0	0	0	1	1	0	1	1	0
ENSRNOG00000062174	AABR07047316.1	increased_loop_count	4632	2883	1749	1	2	1	0	0	0	0	1	1	1	1	0
ENSRNOG00000053139	AABR07048648.1	unchanged_loop_count	2598	2883	-285	2	2	0	0	0	0	0	0	0	2	2	0
ENSRNOG00000030107	AABR07049329	unchanged_loop_count	2598	2883	-285	2	2	0	0	0	0	0	0	0	2	2	0
ENSRNOG00000030938	AABR07049499	unchanged_loop_count	2598	2883	-285	2	2	0	0	0	0	0	0	0	2	2	0
ENSRNOG00000047185	AABR07049994	unchanged_loop_count	2598	2883	-285	2	2	0	0	0	0	1	1	0	1	1	0
ENSRNOG00000055886	AABR07051399.1	unchanged_loop_count	2598	2883	-285	2	2	0	0	0	0	2	2	0	0	0	0
ENSRNOG00000059243	AABR07051787.1	unchanged_loop_count	2598	2883	-285	2	2	0	0	0	0	0	0	0	2	2	0
ENSRNOG00000022637	AABR07052585	unchanged_loop_count	2598	2883	-285	2	2	0	0	0	0	0	0	0	2	2	0
ENSRNOG00000054235	AABR07053172	unchanged_loop_count	2598	2883	-285	2	2	0	0	0	0	1	1	0	1	1	0
ENSRNOG00000054801	AABR07057997.1	unchanged_loop_count	2598	2883	-285	2	2	0	0	0	0	1	1	0	1	1	0
ENSRNOG00000032847	AABR07060145	unchanged_loop_count	2598	2883	-285	2	2	0	0	0	0	0	0	0	2	2	0
ENSRNOG00000056059	AABR07060352	unchanged_loop_count	2598	2883	-285	2	2	0	0	0	0	0	0	0	2	2	0
ENSRNOG00000059964	AABR07061825.2	unchanged_loop_count	2598	2883	-285	2	2	0	0	1	1	0	0	0	2	1	-1
ENSRNOG00000046896	AABR07064392.1	increased_loop_count	4632	2883	1749	1	2	1	0	0	0	0	1	1	1	1	0
ENSRNOG00000056128	AABR07064719	unchanged_loop_count	2598	2883	-285	2	2	0	0	0	0	1	1	0	1	1	0
ENSRNOG00000006599	AABR07064983	unchanged_loop_count	2598	2883	-285	2	2	0	1	1	0	1	1	0	0	0	0
ENSRNOG00000058352	AABR07065699	new_gene_in_sensitivity	NA	2883	NA	0	2	2	0	0	0	0	1	1	0	1	1
ENSRNOG00000050118	AABR07065750	increased_loop_count	4632	2883	1749	1	2	1	0	0	0	0	0	0	1	2	1
ENSRNOG00000047581	AABR07066700	increased_loop_count	4632	2883	1749	1	2	1	1	2	1	0	0	0	0	0	0
ENSRNOG00000053030	AABR07068274.1	increased_loop_count	4632	2883	1749	1	2	1	0	0	0	0	0	0	1	2	1
ENSRNOG00000061154	AABR07069821.1	unchanged_loop_count	2598	2883	-285	2	2	0	0	0	0	1	1	0	1	1	0
ENSRNOG00000050630	AABR07070043	unchanged_loop_count	2598	2883	-285	2	2	0	1	1	0	0	0	0	1	1	0
ENSRNOG00000053282	AABR07070594	unchanged_loop_count	2598	2883	-285	2	2	0	0	0	0	1	1	0	1	1	0
ENSRNOG00000056409	AABR07070669.1	unchanged_loop_count	2598	2883	-285	2	2	0	0	0	0	0	0	0	2	2	0
ENSRNOG00000060888	AABR07070689	unchanged_loop_count	2598	2883	-285	2	2	0	0	0	0	1	1	0	1	1	0
ENSRNOG00000045741	AABR07071891.2	unchanged_loop_count	2598	2883	-285	2	2	0	0	0	0	0	0	0	2	2	0
ENSRNOG00000020996	AABR07072017	unchanged_loop_count	2598	2883	-285	2	2	0	0	0	0	1	1	0	1	1	0
ENSRNOG00000032877	AABR07072261	unchanged_loop_count	2598	2883	-285	2	2	0	0	0	0	1	1	0	1	1	0
ENSRNOG00000028114	AC096051	unchanged_loop_count	2598	2883	-285	2	2	0	0	0	0	2	2	0	0	0	0
ENSRNOG00000060905	AC111831	unchanged_loop_count	2598	2883	-285	2	2	0	0	0	0	1	1	0	1	1	0
ENSRNOG00000056335	AC113635.2	unchanged_loop_count	2598	2883	-285	2	2	0	0	0	0	2	2	0	0	0	0
ENSRNOG00000052414	AC123185.2	unchanged_loop_count	2598	2883	-285	2	2	0	0	0	0	0	0	0	2	2	0
ENSRNOG00000033141	AC123280.1	unchanged_loop_count	2598	2883	-285	2	2	0	0	0	0	0	0	0	2	2	0
ENSRNOG00000061945	AC126482.2	increased_loop_count	4632	2883	1749	1	2	1	0	0	0	0	1	1	1	1	0
ENSRNOG00000038045	AC128960	unchanged_loop_count	2598	2883	-285	2	2	0	0	0	0	0	0	0	2	2	0
ENSRNOG00000056968	AC130862.2	unchanged_loop_count	2598	2883	-285	2	2	0	0	0	0	2	2	0	0	0	0
ENSRNOG00000021723	AC139642	increased_loop_count	4632	2883	1749	1	2	1	0	0	0	0	0	0	1	2	1
ENSRNOG00000046724	AC141526	new_gene_in_sensitivity	NA	2883	NA	0	2	2	0	0	0	0	0	0	0	2	2
ENSRNOG00000013445	Aaas	unchanged_loop_count	2598	2883	-285	2	2	0	1	1	0	1	1	0	0	0	0
ENSRNOG00000011861	Aadat	unchanged_loop_count	2598	2883	-285	2	2	0	0	0	0	2	2	0	0	0	0
ENSRNOG00000018886	Aaed1	unchanged_loop_count	2598	2883	-285	2	2	0	0	0	0	1	1	0	1	1	0
ENSRNOG00000025808	Aars2	increased_loop_count	4632	2883	1749	1	2	1	1	2	1	0	0	0	0	0	0
ENSRNOG00000018126	Abca1	unchanged_loop_count	2598	2883	-285	2	2	0	0	0	0	1	1	0	1	1	0
ENSRNOG00000001082	Abcb9	unchanged_loop_count	2598	2883	-285	2	2	0	0	0	0	1	1	0	1	1	0
ENSRNOG00000047356	Abl1	unchanged_loop_count	2598	2883	-285	2	2	0	0	0	0	1	1	0	1	1	0
ENSRNOG00000019365	Ablim3	unchanged_loop_count	2598	2883	-285	2	2	0	1	1	0	0	0	0	1	1	0
ENSRNOG00000007999	Abra	unchanged_loop_count	2598	2883	-285	2	2	0	0	0	0	1	1	0	1	1	0
ENSRNOG00000067803	Acaa1b	unchanged_loop_count	2598	2883	-285	2	2	0	0	0	0	0	0	0	2	2	0
ENSRNOG00000014178	Acad9	unchanged_loop_count	2598	2883	-285	2	2	0	0	0	0	0	0	0	2	2	0
ENSRNOG00000003108	Acbd4	unchanged_loop_count	2598	2883	-285	2	2	0	0	0	0	2	2	0	0	0	0
ENSRNOG00000016480	Acbd7	unchanged_loop_count	2598	2883	-285	2	2	0	0	0	0	0	0	0	2	2	0
ENSRNOG00000038973	Acd	unchanged_loop_count	2598	2883	-285	2	2	0	0	0	0	1	1	0	1	1	0
ENSRNOG00000050841	Ache	decreased_loop_count	831	2883	-2052	4	2	-2	0	0	0	1	0	-1	3	2	-1
ENSRNOG00000053460	Acot3	unchanged_loop_count	2598	2883	-285	2	2	0	0	0	0	0	0	0	2	2	0
ENSRNOG00000010580	Acot7	unchanged_loop_count	2598	2883	-285	2	2	0	1	1	0	0	0	0	1	1	0
ENSRNOG00000008474	Acox3	increased_loop_count	4632	2883	1749	1	2	1	0	0	0	0	0	0	1	2	1
ENSRNOG00000014718	Acsl3	unchanged_loop_count	2598	2883	-285	2	2	0	0	0	0	1	1	0	1	1	0
ENSRNOG00000018755	Acss2	decreased_loop_count	1472	2883	-1411	3	2	-1	1	0	-1	1	1	0	1	1	0
ENSRNOG00000027908	Actrt3	unchanged_loop_count	2598	2883	-285	2	2	0	0	0	0	0	0	0	2	2	0
ENSRNOG00000042478	Adam22	unchanged_loop_count	2598	2883	-285	2	2	0	0	0	0	0	0	0	2	2	0
ENSRNOG00000061484	Adamts2	increased_loop_count	4632	2883	1749	1	2	1	0	0	0	0	0	0	1	2	1
ENSRNOG00000054033	Adap1	unchanged_loop_count	2598	2883	-285	2	2	0	2	2	0	0	0	0	0	0	0
ENSRNOG00000030775	Adarb2	unchanged_loop_count	2598	2883	-285	2	2	0	0	0	0	0	0	0	2	2	0
ENSRNOG00000010005	Adck2	unchanged_loop_count	2598	2883	-285	2	2	0	0	0	0	1	1	0	1	1	0
ENSRNOG00000059479	Adcy1	unchanged_loop_count	2598	2883	-285	2	2	0	0	0	0	2	2	0	0	0	0
ENSRNOG00000020401	Adcy4	unchanged_loop_count	2598	2883	-285	2	2	0	1	1	0	1	1	0	0	0	0
ENSRNOG00000049768	Adcy9	unchanged_loop_count	2598	2883	-285	2	2	0	1	1	0	1	1	0	0	0	0
ENSRNOG00000016306	Adgrv1	unchanged_loop_count	2598	2883	-285	2	2	0	0	0	0	1	1	0	1	1	0
ENSRNOG00000046357	Adh4	unchanged_loop_count	2598	2883	-285	2	2	0	1	1	0	0	0	0	1	1	0
ENSRNOG00000007990	Adipor2	unchanged_loop_count	2598	2883	-285	2	2	0	0	0	0	2	2	0	0	0	0
ENSRNOG00000017002	Adrb1	unchanged_loop_count	2598	2883	-285	2	2	0	0	0	0	1	1	0	1	1	0
ENSRNOG00000017965	Afg3l2	unchanged_loop_count	2598	2883	-285	2	2	0	0	0	0	1	1	0	1	1	0
ENSRNOG00000002889	Afp	increased_loop_count	4632	2883	1749	1	2	1	0	0	0	0	1	1	1	1	0
ENSRNOG00000005023	Agr2	unchanged_loop_count	2598	2883	-285	2	2	0	0	0	0	1	1	0	1	1	0
ENSRNOG00000014721	Ahrr	decreased_loop_count	1472	2883	-1411	3	2	-1	0	0	0	0	0	0	3	2	-1
ENSRNOG00000049056	Ak1	unchanged_loop_count	2598	2883	-285	2	2	0	1	1	0	1	1	0	0	0	0
ENSRNOG00000021497	Akt3	unchanged_loop_count	2598	2883	-285	2	2	0	0	0	0	2	2	0	0	0	0
ENSRNOG00000023538	Aldh5a1	unchanged_loop_count	2598	2883	-285	2	2	0	1	1	0	1	1	0	0	0	0
ENSRNOG00000011528	Alg14	unchanged_loop_count	2598	2883	-285	2	2	0	0	0	0	1	1	0	1	1	0
ENSRNOG00000047089	Alkbh7	unchanged_loop_count	2598	2883	-285	2	2	0	0	0	0	0	0	0	2	2	0
ENSRNOG00000011659	Alpk3	unchanged_loop_count	2598	2883	-285	2	2	0	0	0	0	1	1	0	1	1	0
ENSRNOG00000013954	Alpl	unchanged_loop_count	2598	2883	-285	2	2	0	1	1	0	1	1	0	0	0	0
ENSRNOG00000007032	Amigo2	unchanged_loop_count	2598	2883	-285	2	2	0	0	0	0	0	0	0	2	2	0
ENSRNOG00000018656	Ampd1	unchanged_loop_count	2598	2883	-285	2	2	0	0	0	0	0	0	0	2	2	0
ENSRNOG00000016965	Anapc1	unchanged_loop_count	2598	2883	-285	2	2	0	0	0	0	2	2	0	0	0	0
ENSRNOG00000008459	Anapc13	unchanged_loop_count	2598	2883	-285	2	2	0	0	0	0	1	1	0	1	1	0
ENSRNOG00000019936	Anapc15	unchanged_loop_count	2598	2883	-285	2	2	0	0	0	0	1	1	0	1	1	0
ENSRNOG00000001283	Anapc7	unchanged_loop_count	2598	2883	-285	2	2	0	0	0	0	0	0	0	2	2	0
ENSRNOG00000003991	Ankar	unchanged_loop_count	2598	2883	-285	2	2	0	0	0	0	0	0	0	2	2	0
ENSRNOG00000015554	Ankdd1a	unchanged_loop_count	2598	2883	-285	2	2	0	0	0	0	1	1	0	1	1	0
ENSRNOG00000064511	Ankfn1	unchanged_loop_count	2598	2883	-285	2	2	0	0	0	0	0	0	0	2	2	0
ENSRNOG00000018598	Ankrd1	unchanged_loop_count	2598	2883	-285	2	2	0	1	1	0	0	0	0	1	1	0
ENSRNOG00000002940	Ankrd17	unchanged_loop_count	2598	2883	-285	2	2	0	0	0	0	1	1	0	1	1	0
ENSRNOG00000019190	Ankrd22	increased_loop_count	4632	2883	1749	1	2	1	0	0	0	1	1	0	0	1	1
ENSRNOG00000016151	Ankrd23	unchanged_loop_count	2598	2883	-285	2	2	0	0	0	0	0	0	0	2	2	0
ENSRNOG00000031335	Ankrd37	unchanged_loop_count	2598	2883	-285	2	2	0	0	0	0	1	1	0	1	1	0
ENSRNOG00000009664	Ankrd42	unchanged_loop_count	2598	2883	-285	2	2	0	0	0	0	0	0	0	2	2	0
ENSRNOG00000007110	Ankrd6	unchanged_loop_count	2598	2883	-285	2	2	0	0	0	0	0	0	0	2	2	0
ENSRNOG00000024870	Anks1b	unchanged_loop_count	2598	2883	-285	2	2	0	0	0	0	1	1	0	1	1	0
ENSRNOG00000023309	Anks6	unchanged_loop_count	2598	2883	-285	2	2	0	0	0	0	0	0	0	2	2	0
ENSRNOG00000008678	Antxr1	unchanged_loop_count	2598	2883	-285	2	2	0	1	1	0	1	1	0	0	0	0
ENSRNOG00000017505	Aopep	unchanged_loop_count	2598	2883	-285	2	2	0	0	0	0	0	0	0	2	2	0
ENSRNOG00000062125	Aox3	new_gene_in_sensitivity	NA	2883	NA	0	2	2	0	0	0	0	0	0	0	2	2
ENSRNOG00000014454	Ap1m1	unchanged_loop_count	2598	2883	-285	2	2	0	0	0	0	0	0	0	2	2	0
ENSRNOG00000010624	Ap3b1	unchanged_loop_count	2598	2883	-285	2	2	0	0	0	0	0	0	0	2	2	0
ENSRNOG00000003829	Ap3s1	unchanged_loop_count	2598	2883	-285	2	2	0	0	0	0	0	0	0	2	2	0
ENSRNOG00000043141	Ap3s2	new_gene_in_sensitivity	NA	2883	NA	0	2	2	0	1	1	0	1	1	0	0	0
ENSRNOG00000020423	Apc	new_gene_in_sensitivity	NA	2883	NA	0	2	2	0	0	0	0	1	1	0	1	1
ENSRNOG00000043304	Apcdd1	unchanged_loop_count	2598	2883	-285	2	2	0	0	0	0	1	1	0	1	1	0
ENSRNOG00000005542	Apob	unchanged_loop_count	2598	2883	-285	2	2	0	1	1	0	1	1	0	0	0	0
ENSRNOG00000016852	Apobec3	unchanged_loop_count	2598	2883	-285	2	2	0	0	0	0	1	1	0	1	1	0
ENSRNOG00000028089	Apobec4	unchanged_loop_count	2598	2883	-285	2	2	0	0	0	0	1	1	0	1	1	0
ENSRNOG00000017403	Apobr	unchanged_loop_count	2598	2883	-285	2	2	0	1	1	0	0	0	0	1	1	0
ENSRNOG00000055527	Arap3	unchanged_loop_count	2598	2883	-285	2	2	0	0	0	0	0	0	0	2	2	0
ENSRNOG00000043465	Arc	unchanged_loop_count	2598	2883	-285	2	2	0	0	0	0	2	2	0	0	0	0
ENSRNOG00000004791	Arf6	unchanged_loop_count	2598	2883	-285	2	2	0	0	0	0	1	1	0	1	1	0
ENSRNOG00000043150	Arfgap1	unchanged_loop_count	2598	2883	-285	2	2	0	1	1	0	0	0	0	1	1	0
ENSRNOG00000014429	Arfgap2	unchanged_loop_count	2598	2883	-285	2	2	0	0	0	0	0	0	0	2	2	0
ENSRNOG00000013152	Arhgap10	unchanged_loop_count	2598	2883	-285	2	2	0	0	0	0	0	0	0	2	2	0
ENSRNOG00000013836	Arhgap17	unchanged_loop_count	2598	2883	-285	2	2	0	2	2	0	0	0	0	0	0	0
ENSRNOG00000048166	Arhgap19	unchanged_loop_count	2598	2883	-285	2	2	0	0	0	0	2	2	0	0	0	0
ENSRNOG00000056944	Arhgap24	unchanged_loop_count	2598	2883	-285	2	2	0	0	0	0	0	0	0	2	2	0
ENSRNOG00000013920	Arhgap26	increased_loop_count	4632	2883	1749	1	2	1	0	0	0	0	1	1	1	1	0
ENSRNOG00000028569	Arhgap27	unchanged_loop_count	2598	2883	-285	2	2	0	0	0	0	0	0	0	2	2	0
ENSRNOG00000020027	Arhgef2	unchanged_loop_count	2598	2883	-285	2	2	0	2	2	0	0	0	0	0	0	0
ENSRNOG00000006137	Arid1a	decreased_loop_count	831	2883	-2052	4	2	-2	2	1	-1	2	1	-1	0	0	0
ENSRNOG00000004891	Arl14ep	unchanged_loop_count	2598	2883	-285	2	2	0	0	0	0	0	0	0	2	2	0
ENSRNOG00000011105	Arl15	increased_loop_count	4632	2883	1749	1	2	1	0	0	0	0	1	1	1	1	0
ENSRNOG00000068448	Arl15	increased_loop_count	4632	2883	1749	1	2	1	0	0	0	0	1	1	1	1	0
ENSRNOG00000055860	Arl8b	unchanged_loop_count	2598	2883	-285	2	2	0	0	0	0	2	2	0	0	0	0
ENSRNOG00000026217	Armc2	unchanged_loop_count	2598	2883	-285	2	2	0	0	0	0	0	0	0	2	2	0
ENSRNOG00000037707	Armcx6	increased_loop_count	4632	2883	1749	1	2	1	0	0	0	1	2	1	0	0	0
ENSRNOG00000000996	Arpc1a	unchanged_loop_count	2598	2883	-285	2	2	0	1	1	0	0	0	0	1	1	0
ENSRNOG00000063103	Arpp19	unchanged_loop_count	2598	2883	-285	2	2	0	0	0	0	1	1	0	1	1	0
ENSRNOG00000002904	Arr3	unchanged_loop_count	2598	2883	-285	2	2	0	0	0	0	0	0	0	2	2	0
ENSRNOG00000003931	Arsg	unchanged_loop_count	2598	2883	-285	2	2	0	0	0	0	1	1	0	1	1	0
ENSRNOG00000001888	Arvcf	unchanged_loop_count	2598	2883	-285	2	2	0	1	1	0	1	1	0	0	0	0
ENSRNOG00000009197	Asb4	unchanged_loop_count	2598	2883	-285	2	2	0	0	0	0	0	0	0	2	2	0
ENSRNOG00000024786	Asb6	unchanged_loop_count	2598	2883	-285	2	2	0	1	1	0	0	0	0	1	1	0
ENSRNOG00000004294	Ascl1	unchanged_loop_count	2598	2883	-285	2	2	0	0	0	0	1	1	0	1	1	0
ENSRNOG00000003942	Asdurf	unchanged_loop_count	2598	2883	-285	2	2	0	0	0	0	0	0	0	2	2	0
ENSRNOG00000020386	Ash1l	unchanged_loop_count	2598	2883	-285	2	2	0	0	0	0	0	0	0	2	2	0
ENSRNOG00000027213	Asphd1	unchanged_loop_count	2598	2883	-285	2	2	0	0	0	0	0	0	0	2	2	0
ENSRNOG00000013059	Aste1	new_gene_in_sensitivity	NA	2883	NA	0	2	2	0	0	0	0	0	0	0	2	2
ENSRNOG00000003745	Atf3	unchanged_loop_count	2598	2883	-285	2	2	0	0	0	0	1	1	0	1	1	0
ENSRNOG00000017801	Atf4	unchanged_loop_count	2598	2883	-285	2	2	0	0	0	0	0	0	0	2	2	0
ENSRNOG00000024632	Atf6	unchanged_loop_count	2598	2883	-285	2	2	0	0	0	0	1	1	0	1	1	0
ENSRNOG00000015269	Atf7	unchanged_loop_count	2598	2883	-285	2	2	0	1	1	0	1	0	-1	0	1	1
ENSRNOG00000000157	Atg12	unchanged_loop_count	2598	2883	-285	2	2	0	0	0	0	0	0	0	2	2	0
ENSRNOG00000017913	Atg16l1	unchanged_loop_count	2598	2883	-285	2	2	0	0	0	0	1	1	0	1	1	0
ENSRNOG00000008767	Atg4c	unchanged_loop_count	2598	2883	-285	2	2	0	0	0	0	0	0	0	2	2	0
ENSRNOG00000001714	Atp13a4	new_gene_in_sensitivity	NA	2883	NA	0	2	2	0	0	0	0	0	0	0	2	2
ENSRNOG00000045629	Atp23	unchanged_loop_count	2598	2883	-285	2	2	0	0	0	0	0	0	0	2	2	0
ENSRNOG00000004026	Atp2b1	unchanged_loop_count	2598	2883	-285	2	2	0	0	0	0	0	0	0	2	2	0
ENSRNOG00000049912	Atp5f1e	unchanged_loop_count	2598	2883	-285	2	2	0	0	0	0	1	1	0	1	1	0
ENSRNOG00000003626	Atp5h	unchanged_loop_count	2598	2883	-285	2	2	0	0	0	0	2	2	0	0	0	0
ENSRNOG00000001991	Atp5po	unchanged_loop_count	2598	2883	-285	2	2	0	0	0	0	0	0	0	2	2	0
ENSRNOG00000004893	Atp5s	unchanged_loop_count	2598	2883	-285	2	2	0	0	0	0	0	0	0	2	2	0
ENSRNOG00000004846	Atp6v1c1	unchanged_loop_count	2598	2883	-285	2	2	0	0	0	0	0	0	0	2	2	0
ENSRNOG00000000840	Atp6v1g2	decreased_loop_count	831	2883	-2052	4	2	-2	2	1	-1	2	1	-1	0	0	0
ENSRNOG00000034200	Atp8a1	unchanged_loop_count	2598	2883	-285	2	2	0	0	0	0	0	0	0	2	2	0
ENSRNOG00000014637	Atxn10	unchanged_loop_count	2598	2883	-285	2	2	0	0	0	0	0	0	0	2	2	0
ENSRNOG00000004400	Avpr1a	unchanged_loop_count	2598	2883	-285	2	2	0	0	0	0	1	1	0	1	1	0
ENSRNOG00000003251	B3galt2	unchanged_loop_count	2598	2883	-285	2	2	0	0	0	0	0	0	0	2	2	0
ENSRNOG00000004839	B4galnt1	unchanged_loop_count	2598	2883	-285	2	2	0	0	0	0	2	2	0	0	0	0
ENSRNOG00000015895	B4galt6	unchanged_loop_count	2598	2883	-285	2	2	0	1	1	0	1	1	0	0	0	0
ENSRNOG00000004697	Baalc	increased_loop_count	4632	2883	1749	1	2	1	0	1	1	1	1	0	0	0	0
ENSRNOG00000010428	Bahd1	new_gene_in_sensitivity	NA	2883	NA	0	2	2	0	0	0	0	0	0	0	2	2
ENSRNOG00000001007	Baiap2l1	unchanged_loop_count	2598	2883	-285	2	2	0	0	0	0	1	1	0	1	1	0
ENSRNOG00000000485	Bak1	unchanged_loop_count	2598	2883	-285	2	2	0	0	0	0	1	1	0	1	1	0
ENSRNOG00000019020	Bbs2	unchanged_loop_count	2598	2883	-285	2	2	0	0	0	0	1	1	0	1	1	0
ENSRNOG00000018783	Bcas2	unchanged_loop_count	2598	2883	-285	2	2	0	0	0	0	0	0	0	2	2	0
ENSRNOG00000034240	Bcor	unchanged_loop_count	2598	2883	-285	2	2	0	0	0	0	1	1	0	1	1	0
ENSRNOG00000047466	Bdnf	unchanged_loop_count	2598	2883	-285	2	2	0	0	0	0	1	1	0	1	1	0
ENSRNOG00000052376	Bend6	unchanged_loop_count	2598	2883	-285	2	2	0	1	1	0	1	1	0	0	0	0
ENSRNOG00000031930	Bin2	unchanged_loop_count	2598	2883	-285	2	2	0	0	0	0	0	0	0	2	2	0
ENSRNOG00000043311	Birc7	unchanged_loop_count	2598	2883	-285	2	2	0	0	0	0	1	1	0	1	1	0
ENSRNOG00000016585	Bmi1	unchanged_loop_count	2598	2883	-285	2	2	0	0	0	0	0	0	0	2	2	0
ENSRNOG00000017243	Bnip3	unchanged_loop_count	2598	2883	-285	2	2	0	0	0	0	2	2	0	0	0	0
ENSRNOG00000002041	Boc	unchanged_loop_count	2598	2883	-285	2	2	0	0	0	0	1	1	0	1	1	0
ENSRNOG00000006513	Borcs6	unchanged_loop_count	2598	2883	-285	2	2	0	1	1	0	1	1	0	0	0	0
ENSRNOG00000026942	Brd10	increased_loop_count	4632	2883	1749	1	2	1	0	0	0	1	1	0	0	1	1
ENSRNOG00000014595	Brf1	unchanged_loop_count	2598	2883	-285	2	2	0	0	0	0	1	1	0	1	1	0
ENSRNOG00000012739	Brf2	increased_loop_count	4632	2883	1749	1	2	1	0	0	0	1	2	1	0	0	0
ENSRNOG00000001009	Bri3	unchanged_loop_count	2598	2883	-285	2	2	0	0	0	0	0	0	0	2	2	0
ENSRNOG00000008142	Brpf1	unchanged_loop_count	2598	2883	-285	2	2	0	0	0	0	0	0	0	2	2	0
ENSRNOG00000003064	Bst1	unchanged_loop_count	2598	2883	-285	2	2	0	0	0	0	0	0	0	2	2	0
ENSRNOG00000019656	Btd	unchanged_loop_count	2598	2883	-285	2	2	0	0	0	0	0	0	0	2	2	0
ENSRNOG00000028541	Btnl2	unchanged_loop_count	2598	2883	-285	2	2	0	0	0	0	1	1	0	1	1	0
ENSRNOG00000005096	Bzw2	unchanged_loop_count	2598	2883	-285	2	2	0	0	0	0	0	0	0	2	2	0
ENSRNOG00000069648	C12h12orf76	increased_loop_count	4632	2883	1749	1	2	1	0	0	0	0	1	1	1	1	0
ENSRNOG00000043374	C13h1orf53	unchanged_loop_count	2598	2883	-285	2	2	0	0	0	0	0	0	0	2	2	0
ENSRNOG00000021898	C17h10orf67	unchanged_loop_count	2598	2883	-285	2	2	0	0	0	0	0	0	0	2	2	0
ENSRNOG00000025245	C1h11orf24	unchanged_loop_count	2598	2883	-285	2	2	0	1	1	0	1	1	0	0	0	0
ENSRNOG00000036641	C1h11orf86	unchanged_loop_count	2598	2883	-285	2	2	0	0	0	0	0	0	0	2	2	0
ENSRNOG00000014966	C1h19orf12	decreased_loop_count	1472	2883	-1411	3	2	-1	0	0	0	1	0	-1	2	2	0
ENSRNOG00000051330	C1h9orf57	unchanged_loop_count	2598	2883	-285	2	2	0	0	0	0	1	1	0	1	1	0
ENSRNOG00000012749	C1qb	unchanged_loop_count	2598	2883	-285	2	2	0	0	0	0	0	0	0	2	2	0
ENSRNOG00000003870	C1qtnf2	unchanged_loop_count	2598	2883	-285	2	2	0	0	0	0	0	0	0	2	2	0
ENSRNOG00000009140	C1qtnf4	unchanged_loop_count	2598	2883	-285	2	2	0	0	0	0	0	0	0	2	2	0
ENSRNOG00000055564	C3h11orf96	increased_loop_count	4632	2883	1749	1	2	1	0	0	0	1	2	1	0	0	0
ENSRNOG00000026864	C4h12orf71	unchanged_loop_count	2598	2883	-285	2	2	0	0	0	0	2	2	0	0	0	0
ENSRNOG00000024338	C6h2orf50	unchanged_loop_count	2598	2883	-285	2	2	0	0	0	0	1	1	0	1	1	0
ENSRNOG00000061379	C7	unchanged_loop_count	2598	2883	-285	2	2	0	0	0	0	0	0	0	2	2	0
ENSRNOG00000013736	C9	unchanged_loop_count	2598	2883	-285	2	2	0	0	0	0	0	0	0	2	2	0
ENSRNOG00000012795	Cables1	unchanged_loop_count	2598	2883	-285	2	2	0	0	0	0	2	2	0	0	0	0
ENSRNOG00000004560	Cacna1b	unchanged_loop_count	2598	2883	-285	2	2	0	0	0	0	0	0	0	2	2	0
ENSRNOG00000030840	Cadm2	unchanged_loop_count	2598	2883	-285	2	2	0	0	0	0	0	0	0	2	2	0
ENSRNOG00000016977	Calb2	unchanged_loop_count	2598	2883	-285	2	2	0	0	0	0	1	1	0	1	1	0
ENSRNOG00000026086	Calhm3	new_gene_in_sensitivity	NA	2883	NA	0	2	2	0	0	0	0	1	1	0	1	1
ENSRNOG00000052080	Camk2b	unchanged_loop_count	2598	2883	-285	2	2	0	0	0	0	1	1	0	1	1	0
ENSRNOG00000030629	Camkmt	unchanged_loop_count	2598	2883	-285	2	2	0	0	0	0	1	1	0	1	1	0
ENSRNOG00000013668	Capg	unchanged_loop_count	2598	2883	-285	2	2	0	0	0	0	0	0	0	2	2	0
ENSRNOG00000009152	Caprin1	unchanged_loop_count	2598	2883	-285	2	2	0	0	0	0	1	1	0	1	1	0
ENSRNOG00000054277	Capsl	new_gene_in_sensitivity	NA	2883	NA	0	2	2	0	0	0	0	1	1	0	1	1
ENSRNOG00000013538	Capza1	unchanged_loop_count	2598	2883	-285	2	2	0	1	1	0	0	0	0	1	1	0
ENSRNOG00000007330	Capzb	unchanged_loop_count	2598	2883	-285	2	2	0	0	0	0	0	0	0	2	2	0
ENSRNOG00000010079	Car3	unchanged_loop_count	2598	2883	-285	2	2	0	0	0	0	2	2	0	0	0	0
ENSRNOG00000024452	Carmil2	unchanged_loop_count	2598	2883	-285	2	2	0	0	0	0	1	1	0	1	1	0
ENSRNOG00000060946	Cask	unchanged_loop_count	2598	2883	-285	2	2	0	0	0	0	1	1	0	1	1	0
ENSRNOG00000004310	Caskin2	unchanged_loop_count	2598	2883	-285	2	2	0	1	1	0	1	1	0	0	0	0
ENSRNOG00000016243	Casq2	unchanged_loop_count	2598	2883	-285	2	2	0	1	1	0	0	0	0	1	1	0
ENSRNOG00000037835	Catip	unchanged_loop_count	2598	2883	-285	2	2	0	1	1	0	1	1	0	0	0	0
ENSRNOG00000048818	Catsperd	unchanged_loop_count	2598	2883	-285	2	2	0	1	1	0	1	1	0	0	0	0
ENSRNOG00000019778	Cavin1	unchanged_loop_count	2598	2883	-285	2	2	0	0	0	0	1	1	0	1	1	0
ENSRNOG00000017914	Cavin3	unchanged_loop_count	2598	2883	-285	2	2	0	1	1	0	1	1	0	0	0	0
ENSRNOG00000016352	Cbfa2t2	unchanged_loop_count	2598	2883	-285	2	2	0	0	0	0	0	0	0	2	2	0
ENSRNOG00000001701	Cbr3	new_gene_in_sensitivity	NA	2883	NA	0	2	2	0	0	0	0	2	2	0	0	0
ENSRNOG00000011814	Cbx3	unchanged_loop_count	2598	2883	-285	2	2	0	0	0	0	2	2	0	0	0	0
ENSRNOG00000059715	Cc2d2a	unchanged_loop_count	2598	2883	-285	2	2	0	0	0	0	0	0	0	2	2	0
ENSRNOG00000015997	Ccdc106	unchanged_loop_count	2598	2883	-285	2	2	0	0	0	0	0	0	0	2	2	0
ENSRNOG00000009322	Ccdc126	unchanged_loop_count	2598	2883	-285	2	2	0	1	1	0	1	1	0	0	0	0
ENSRNOG00000025643	Ccdc13	unchanged_loop_count	2598	2883	-285	2	2	0	0	0	0	0	0	0	2	2	0
ENSRNOG00000021469	Ccdc14	unchanged_loop_count	2598	2883	-285	2	2	0	0	0	0	0	0	0	2	2	0
ENSRNOG00000058785	Ccdc142	unchanged_loop_count	2598	2883	-285	2	2	0	1	1	0	1	1	0	0	0	0
ENSRNOG00000056177	Ccdc144b	unchanged_loop_count	2598	2883	-285	2	2	0	0	0	0	0	0	0	2	2	0
ENSRNOG00000032180	Ccdc15	unchanged_loop_count	2598	2883	-285	2	2	0	0	0	0	1	1	0	1	1	0
ENSRNOG00000000531	Ccdc167	increased_loop_count	4632	2883	1749	1	2	1	0	0	0	0	1	1	1	1	0
ENSRNOG00000068717	Ccdc167	increased_loop_count	4632	2883	1749	1	2	1	0	0	0	0	1	1	1	1	0
ENSRNOG00000010090	Ccdc174	unchanged_loop_count	2598	2883	-285	2	2	0	0	0	0	0	0	0	2	2	0
ENSRNOG00000033973	Ccdc177	increased_loop_count	4632	2883	1749	1	2	1	1	1	0	0	1	1	0	0	0
ENSRNOG00000005902	Ccdc34	unchanged_loop_count	2598	2883	-285	2	2	0	1	1	0	0	0	0	1	1	0
ENSRNOG00000020688	Ccdc51	unchanged_loop_count	2598	2883	-285	2	2	0	2	2	0	0	0	0	0	0	0
ENSRNOG00000034266	Ccdc63	unchanged_loop_count	2598	2883	-285	2	2	0	0	0	0	0	0	0	2	2	0
ENSRNOG00000039207	Ccdc71l	unchanged_loop_count	2598	2883	-285	2	2	0	0	0	0	0	0	0	2	2	0
ENSRNOG00000065519	Ccdc71l	unchanged_loop_count	2598	2883	-285	2	2	0	0	0	0	0	0	0	2	2	0
ENSRNOG00000009462	Ccdc90b	unchanged_loop_count	2598	2883	-285	2	2	0	0	0	0	1	1	0	1	1	0
ENSRNOG00000002514	Ccdc93	increased_loop_count	4632	2883	1749	1	2	1	0	1	1	1	1	0	0	0	0
ENSRNOG00000006575	Ccdc96	unchanged_loop_count	2598	2883	-285	2	2	0	0	0	0	0	0	0	2	2	0
ENSRNOG00000014831	Ccin	unchanged_loop_count	2598	2883	-285	2	2	0	0	0	0	1	1	0	1	1	0
ENSRNOG00000017679	Cckbr	increased_loop_count	4632	2883	1749	1	2	1	0	0	0	0	1	1	1	1	0
ENSRNOG00000016278	Ccl17	unchanged_loop_count	2598	2883	-285	2	2	0	1	1	0	1	1	0	0	0	0
ENSRNOG00000028548	Ccl9	increased_loop_count	4632	2883	1749	1	2	1	0	0	0	0	0	0	1	2	1
ENSRNOG00000015036	Ccn2	unchanged_loop_count	2598	2883	-285	2	2	0	0	0	0	0	0	0	2	2	0
ENSRNOG00000055111	Ccnb2-ps2	unchanged_loop_count	2598	2883	-285	2	2	0	0	0	0	0	0	0	2	2	0
ENSRNOG00000002125	Ccni	decreased_loop_count	831	2883	-2052	4	2	-2	2	0	-2	1	1	0	1	1	0
ENSRNOG00000009642	Cct4	unchanged_loop_count	2598	2883	-285	2	2	0	0	0	0	1	2	1	1	0	-1
ENSRNOG00000000304	Cd164	unchanged_loop_count	2598	2883	-285	2	2	0	1	1	0	1	1	0	0	0	0
ENSRNOG00000015821	Cd2	unchanged_loop_count	2598	2883	-285	2	2	0	0	0	0	0	0	0	2	2	0
ENSRNOG00000003298	Cd247	unchanged_loop_count	2598	2883	-285	2	2	0	0	0	0	0	0	0	2	2	0
ENSRNOG00000010283	Cd28	unchanged_loop_count	2598	2883	-285	2	2	0	0	0	0	0	0	0	2	2	0
ENSRNOG00000045558	Cd34	unchanged_loop_count	2598	2883	-285	2	2	0	1	1	0	1	1	0	0	0	0
ENSRNOG00000001964	Cd47	unchanged_loop_count	2598	2883	-285	2	2	0	0	0	0	1	1	0	1	1	0
ENSRNOG00000020451	Cd81	unchanged_loop_count	2598	2883	-285	2	2	0	2	2	0	0	0	0	0	0	0
ENSRNOG00000000047	Cd82	unchanged_loop_count	2598	2883	-285	2	2	0	0	0	0	0	0	0	2	2	0
ENSRNOG00000019556	Cd9	unchanged_loop_count	2598	2883	-285	2	2	0	1	1	0	1	1	0	0	0	0
ENSRNOG00000000581	Cdc40	unchanged_loop_count	2598	2883	-285	2	2	0	0	0	0	1	1	0	1	1	0
ENSRNOG00000032136	Cdc42ep3	unchanged_loop_count	2598	2883	-285	2	2	0	0	0	0	0	0	0	2	2	0
ENSRNOG00000028946	Cdc42ep4	unchanged_loop_count	2598	2883	-285	2	2	0	1	1	0	1	1	0	0	0	0
ENSRNOG00000042449	Cdc42se2	unchanged_loop_count	2598	2883	-285	2	2	0	0	0	0	2	2	0	0	0	0
ENSRNOG00000070046	Cdc45	unchanged_loop_count	2598	2883	-285	2	2	0	0	0	0	0	0	0	2	2	0
ENSRNOG00000052405	Cdh4	unchanged_loop_count	2598	2883	-285	2	2	0	0	0	0	0	0	0	2	2	0
ENSRNOG00000028430	Cdk12	increased_loop_count	4632	2883	1749	1	2	1	1	1	0	0	1	1	0	0	0
ENSRNOG00000000583	Cdk19	decreased_loop_count	1472	2883	-1411	3	2	-1	0	0	0	3	2	-1	0	0	0
ENSRNOG00000068243	Cdk5r1	unchanged_loop_count	2598	2883	-285	2	2	0	0	0	0	1	1	0	1	1	0
ENSRNOG00000040266	Cdkl4	unchanged_loop_count	2598	2883	-285	2	2	0	0	0	0	0	0	0	2	2	0
ENSRNOG00000005024	Cdkn2aipnl	decreased_loop_count	831	2883	-2052	4	2	-2	1	0	-1	1	1	0	2	1	-1
ENSRNOG00000008956	Cdkn2c	new_gene_in_sensitivity	NA	2883	NA	0	2	2	0	0	0	0	0	0	0	2	2
ENSRNOG00000026493	Cdnf	unchanged_loop_count	2598	2883	-285	2	2	0	0	0	0	0	0	0	2	2	0
ENSRNOG00000032846	Cdpf1	unchanged_loop_count	2598	2883	-285	2	2	0	0	0	0	1	1	0	1	1	0
ENSRNOG00000010186	Cdv3	unchanged_loop_count	2598	2883	-285	2	2	0	0	0	0	0	0	0	2	2	0
ENSRNOG00000004725	Cela1	unchanged_loop_count	2598	2883	-285	2	2	0	0	0	0	0	0	0	2	2	0
ENSRNOG00000010379	Celf1	unchanged_loop_count	2598	2883	-285	2	2	0	0	0	0	1	1	0	1	1	0
ENSRNOG00000022597	Cenpj	unchanged_loop_count	2598	2883	-285	2	2	0	1	1	0	0	0	0	1	1	0
ENSRNOG00000024557	Cep112	unchanged_loop_count	2598	2883	-285	2	2	0	0	0	0	0	0	0	2	2	0
ENSRNOG00000017035	Cep120	unchanged_loop_count	2598	2883	-285	2	2	0	0	0	0	0	0	0	2	2	0
ENSRNOG00000003908	Cep128	unchanged_loop_count	2598	2883	-285	2	2	0	0	0	0	0	0	0	2	2	0
ENSRNOG00000065817	Cep152	unchanged_loop_count	2598	2883	-285	2	2	0	0	0	0	1	1	0	1	1	0
ENSRNOG00000042879	Cep192	unchanged_loop_count	2598	2883	-285	2	2	0	0	0	0	1	1	0	1	1	0
ENSRNOG00000016249	Cep85	unchanged_loop_count	2598	2883	-285	2	2	0	0	0	0	2	2	0	0	0	0
ENSRNOG00000048563	Cetn3	unchanged_loop_count	2598	2883	-285	2	2	0	0	0	0	0	0	0	2	2	0
ENSRNOG00000050877	Cetn3	unchanged_loop_count	2598	2883	-285	2	2	0	0	0	0	0	0	0	2	2	0
ENSRNOG00000017959	Cfap100	unchanged_loop_count	2598	2883	-285	2	2	0	1	1	0	0	0	0	1	1	0
ENSRNOG00000039315	Cfap157	unchanged_loop_count	2598	2883	-285	2	2	0	0	0	0	1	1	0	1	1	0
ENSRNOG00000003901	Cfap36	decreased_loop_count	1472	2883	-1411	3	2	-1	0	0	0	0	0	0	3	2	-1
ENSRNOG00000056996	Cfap65	unchanged_loop_count	2598	2883	-285	2	2	0	0	0	0	0	0	0	2	2	0
ENSRNOG00000032192	Cfap97	unchanged_loop_count	2598	2883	-285	2	2	0	0	0	0	0	0	0	2	2	0
ENSRNOG00000030715	Cfh	unchanged_loop_count	2598	2883	-285	2	2	0	0	0	0	0	0	0	2	2	0
ENSRNOG00000046191	Cgas	unchanged_loop_count	2598	2883	-285	2	2	0	0	0	0	1	1	0	1	1	0
ENSRNOG00000019141	Ch25h	unchanged_loop_count	2598	2883	-285	2	2	0	0	0	0	0	0	0	2	2	0
ENSRNOG00000011268	Chd5	unchanged_loop_count	2598	2883	-285	2	2	0	0	0	0	1	1	0	1	1	0
ENSRNOG00000012323	Cherp	unchanged_loop_count	2598	2883	-285	2	2	0	0	0	0	0	0	0	2	2	0
ENSRNOG00000028072	Chit1	unchanged_loop_count	2598	2883	-285	2	2	0	0	0	0	0	0	0	2	2	0
ENSRNOG00000067369	Chml	unchanged_loop_count	2598	2883	-285	2	2	0	0	0	0	1	1	0	1	1	0
ENSRNOG00000018394	Chrdl2	unchanged_loop_count	2598	2883	-285	2	2	0	0	0	0	1	1	0	1	1	0
ENSRNOG00000006397	Chrm5	unchanged_loop_count	2598	2883	-285	2	2	0	0	0	0	1	1	0	1	1	0
ENSRNOG00000010853	Chrna7	unchanged_loop_count	2598	2883	-285	2	2	0	0	0	0	1	1	0	1	1	0
ENSRNOG00000014427	Chrnb4	unchanged_loop_count	2598	2883	-285	2	2	0	0	0	0	2	2	0	0	0	0
ENSRNOG00000019527	Chrnd	new_gene_in_sensitivity	NA	2883	NA	0	2	2	0	0	0	0	0	0	0	2	2
ENSRNOG00000008885	Chst11	unchanged_loop_count	2598	2883	-285	2	2	0	0	0	0	1	1	0	1	1	0
ENSRNOG00000016267	Chst15	unchanged_loop_count	2598	2883	-285	2	2	0	0	0	0	0	0	0	2	2	0
ENSRNOG00000012760	Chtop	unchanged_loop_count	2598	2883	-285	2	2	0	0	0	0	1	1	0	1	1	0
ENSRNOG00000033498	Cib1	unchanged_loop_count	2598	2883	-285	2	2	0	0	0	0	0	0	0	2	2	0
ENSRNOG00000002659	Ciita	unchanged_loop_count	2598	2883	-285	2	2	0	0	0	0	0	0	0	2	2	0
ENSRNOG00000008691	Cilk1	unchanged_loop_count	2598	2883	-285	2	2	0	0	0	0	2	2	0	0	0	0
ENSRNOG00000000610	Cisd1	unchanged_loop_count	2598	2883	-285	2	2	0	1	1	0	1	1	0	0	0	0
ENSRNOG00000046607	Cited4	unchanged_loop_count	2598	2883	-285	2	2	0	1	1	0	1	1	0	0	0	0
ENSRNOG00000016837	Ckm	increased_loop_count	4632	2883	1749	1	2	1	0	0	0	1	1	0	0	1	1
ENSRNOG00000046000	Clasrp	unchanged_loop_count	2598	2883	-285	2	2	0	0	0	0	0	0	0	2	2	0
ENSRNOG00000008345	Clcn6	unchanged_loop_count	2598	2883	-285	2	2	0	0	0	0	1	1	0	1	1	0
ENSRNOG00000009897	Clcnkb	increased_loop_count	4632	2883	1749	1	2	1	0	0	0	0	1	1	1	1	0
ENSRNOG00000001926	Cldn1	unchanged_loop_count	2598	2883	-285	2	2	0	0	0	0	2	2	0	0	0	0
ENSRNOG00000065155	Clec20a	increased_loop_count	4632	2883	1749	1	2	1	0	0	0	0	0	0	1	2	1
ENSRNOG00000007164	Cln6	unchanged_loop_count	2598	2883	-285	2	2	0	0	0	0	0	0	0	2	2	0
ENSRNOG00000047052	Clpp	unchanged_loop_count	2598	2883	-285	2	2	0	0	0	0	0	0	0	2	2	0
ENSRNOG00000045532	Cmklr2	unchanged_loop_count	2598	2883	-285	2	2	0	0	0	0	0	0	0	2	2	0
ENSRNOG00000027888	Cmss1	unchanged_loop_count	2598	2883	-285	2	2	0	0	0	0	0	0	0	2	2	0
ENSRNOG00000051950	Cnga3	increased_loop_count	4632	2883	1749	1	2	1	0	0	0	1	1	0	0	1	1
ENSRNOG00000017609	Cnga4	increased_loop_count	4632	2883	1749	1	2	1	0	0	0	0	1	1	1	1	0
ENSRNOG00000022724	Cnih3	unchanged_loop_count	2598	2883	-285	2	2	0	0	0	0	1	1	0	1	1	0
ENSRNOG00000011559	Cnn3	unchanged_loop_count	2598	2883	-285	2	2	0	0	0	0	0	0	0	2	2	0
ENSRNOG00000052305	Cnot10	unchanged_loop_count	2598	2883	-285	2	2	0	0	0	0	1	1	0	1	1	0
ENSRNOG00000017496	Cnp	new_gene_in_sensitivity	NA	2883	NA	0	2	2	0	1	1	0	1	1	0	0	0
ENSRNOG00000027175	Cnpy4	unchanged_loop_count	2598	2883	-285	2	2	0	0	0	0	0	0	0	2	2	0
ENSRNOG00000008223	Cnr1	unchanged_loop_count	2598	2883	-285	2	2	0	0	0	0	0	0	0	2	2	0
ENSRNOG00000009033	Cntn2	unchanged_loop_count	2598	2883	-285	2	2	0	0	0	0	1	1	0	1	1	0
ENSRNOG00000027016	Cobll1	unchanged_loop_count	2598	2883	-285	2	2	0	0	0	0	0	0	0	2	2	0
ENSRNOG00000018228	Cog2	unchanged_loop_count	2598	2883	-285	2	2	0	0	0	0	0	0	0	2	2	0
ENSRNOG00000013660	Cog6	unchanged_loop_count	2598	2883	-285	2	2	0	0	0	0	0	0	0	2	2	0
ENSRNOG00000010326	Col20a1	unchanged_loop_count	2598	2883	-285	2	2	0	1	1	0	0	0	0	1	1	0
ENSRNOG00000003349	Col23a1	unchanged_loop_count	2598	2883	-285	2	2	0	0	0	0	0	0	0	2	2	0
ENSRNOG00000003357	Col3a1	unchanged_loop_count	2598	2883	-285	2	2	0	1	1	0	1	1	0	0	0	0
ENSRNOG00000023972	Col4a2	unchanged_loop_count	2598	2883	-285	2	2	0	0	0	0	2	2	0	0	0	0
ENSRNOG00000001249	Col6a1	unchanged_loop_count	2598	2883	-285	2	2	0	0	0	0	1	1	0	1	1	0
ENSRNOG00000019648	Col6a3	unchanged_loop_count	2598	2883	-285	2	2	0	1	1	0	1	1	0	0	0	0
ENSRNOG00000004755	Commd9	unchanged_loop_count	2598	2883	-285	2	2	0	0	0	0	0	0	0	2	2	0
ENSRNOG00000009225	Copz2	decreased_loop_count	1472	2883	-1411	3	2	-1	0	0	0	0	0	0	3	2	-1
ENSRNOG00000017012	Coq7	new_gene_in_sensitivity	NA	2883	NA	0	2	2	0	0	0	0	0	0	0	2	2
ENSRNOG00000003052	Cox18	unchanged_loop_count	2598	2883	-285	2	2	0	1	1	0	1	1	0	0	0	0
ENSRNOG00000017817	Cox4i1	unchanged_loop_count	2598	2883	-285	2	2	0	1	1	0	0	0	0	1	1	0
ENSRNOG00000001170	Cox6a1	unchanged_loop_count	2598	2883	-285	2	2	0	0	0	0	1	2	1	1	0	-1
ENSRNOG00000028092	Cpa2	unchanged_loop_count	2598	2883	-285	2	2	0	0	0	0	0	0	0	2	2	0
ENSRNOG00000043387	Cpe	unchanged_loop_count	2598	2883	-285	2	2	0	1	1	0	1	1	0	0	0	0
ENSRNOG00000000522	Cpne5	new_gene_in_sensitivity	NA	2883	NA	0	2	2	0	0	0	0	2	2	0	0	0
ENSRNOG00000005733	Cpsf2	unchanged_loop_count	2598	2883	-285	2	2	0	0	0	0	1	1	0	1	1	0
ENSRNOG00000018366	Cracdl	increased_loop_count	4632	2883	1749	1	2	1	0	0	0	1	1	0	0	1	1
ENSRNOG00000016452	Creb3	unchanged_loop_count	2598	2883	-285	2	2	0	0	0	0	1	1	0	1	1	0
ENSRNOG00000007478	Cry2	unchanged_loop_count	2598	2883	-285	2	2	0	1	1	0	0	0	0	1	1	0
ENSRNOG00000028014	Cryzl1	unchanged_loop_count	2598	2883	-285	2	2	0	0	0	0	1	1	0	1	1	0
ENSRNOG00000016620	Csnk1g1	unchanged_loop_count	2598	2883	-285	2	2	0	0	0	0	1	1	0	1	1	0
ENSRNOG00000000847	Csnk2b	unchanged_loop_count	2598	2883	-285	2	2	0	0	0	0	0	0	0	2	2	0
ENSRNOG00000039582	Cspg4b	unchanged_loop_count	2598	2883	-285	2	2	0	0	0	0	1	1	0	1	1	0
ENSRNOG00000003772	Csrp2	unchanged_loop_count	2598	2883	-285	2	2	0	0	0	0	0	0	0	2	2	0
ENSRNOG00000004808	Cst11	unchanged_loop_count	2598	2883	-285	2	2	0	0	0	0	1	1	0	1	1	0
ENSRNOG00000005178	Cstdc2	increased_loop_count	4632	2883	1749	1	2	1	0	0	0	0	1	1	1	1	0
ENSRNOG00000004779	Cstl1	unchanged_loop_count	2598	2883	-285	2	2	0	0	0	0	1	1	0	1	1	0
ENSRNOG00000068220	Ctdsp2	unchanged_loop_count	2598	2883	-285	2	2	0	2	2	0	0	0	0	0	0	0
ENSRNOG00000004578	Cthrc1	unchanged_loop_count	2598	2883	-285	2	2	0	0	0	0	1	1	0	1	1	0
ENSRNOG00000054172	Ctnnb1	unchanged_loop_count	2598	2883	-285	2	2	0	0	0	0	0	0	0	2	2	0
ENSRNOG00000030790	Ctnnd1	unchanged_loop_count	2598	2883	-285	2	2	0	0	0	0	1	1	0	1	1	0
ENSRNOG00000013745	Ctrc	unchanged_loop_count	2598	2883	-285	2	2	0	1	1	0	0	0	0	1	1	0
ENSRNOG00000066128	Ctso	unchanged_loop_count	2598	2883	-285	2	2	0	0	0	0	1	1	0	1	1	0
ENSRNOG00000001424	Cux1	unchanged_loop_count	2598	2883	-285	2	2	0	0	0	0	2	2	0	0	0	0
ENSRNOG00000013252	Cwc27	unchanged_loop_count	2598	2883	-285	2	2	0	0	0	0	0	0	0	2	2	0
ENSRNOG00000002802	Cxcl1	unchanged_loop_count	2598	2883	-285	2	2	0	0	0	0	0	0	0	2	2	0
ENSRNOG00000002792	Cxcl2	unchanged_loop_count	2598	2883	-285	2	2	0	0	0	0	0	0	0	2	2	0
ENSRNOG00000003866	Cxcr4	unchanged_loop_count	2598	2883	-285	2	2	0	0	0	0	0	0	0	2	2	0
ENSRNOG00000014614	Cxxc1	unchanged_loop_count	2598	2883	-285	2	2	0	0	0	0	1	1	0	1	1	0
ENSRNOG00000045764	Cxxc4	unchanged_loop_count	2598	2883	-285	2	2	0	1	1	0	0	0	0	1	1	0
ENSRNOG00000006557	Cyfip2	new_gene_in_sensitivity	NA	2883	NA	0	2	2	0	0	0	0	1	1	0	1	1
ENSRNOG00000014048	Cyld	unchanged_loop_count	2598	2883	-285	2	2	0	1	1	0	1	1	0	0	0	0
ENSRNOG00000046214	Cyp27b1	unchanged_loop_count	2598	2883	-285	2	2	0	0	0	0	1	1	0	1	1	0
ENSRNOG00000004786	Cyp4f1	unchanged_loop_count	2598	2883	-285	2	2	0	0	0	0	0	0	0	2	2	0
ENSRNOG00000043233	Cyp4f6	unchanged_loop_count	2598	2883	-285	2	2	0	0	0	0	0	0	0	2	2	0
ENSRNOG00000052758	Cyria	unchanged_loop_count	2598	2883	-285	2	2	0	1	1	0	1	1	0	0	0	0
ENSRNOG00000021051	Cyth2	unchanged_loop_count	2598	2883	-285	2	2	0	0	0	0	1	1	0	1	1	0
ENSRNOG00000008834	Dach1	unchanged_loop_count	2598	2883	-285	2	2	0	0	0	0	0	0	0	2	2	0
ENSRNOG00000020373	Dap3	unchanged_loop_count	2598	2883	-285	2	2	0	0	0	0	0	0	0	2	2	0
ENSRNOG00000016247	Daw1	unchanged_loop_count	2598	2883	-285	2	2	0	1	1	0	1	1	0	0	0	0
ENSRNOG00000009993	Dcps	unchanged_loop_count	2598	2883	-285	2	2	0	0	0	0	0	0	0	2	2	0
ENSRNOG00000023383	Ddx3x	unchanged_loop_count	2598	2883	-285	2	2	0	0	0	0	0	0	0	2	2	0
ENSRNOG00000053932	Ddx6	unchanged_loop_count	2598	2883	-285	2	2	0	0	0	0	0	0	0	2	2	0
ENSRNOG00000038155	Defb105a	unchanged_loop_count	2598	2883	-285	2	2	0	0	0	0	0	0	0	2	2	0
ENSRNOG00000045897	Defb15	unchanged_loop_count	2598	2883	-285	2	2	0	0	0	0	0	0	0	2	2	0
ENSRNOG00000065276	Defb15	unchanged_loop_count	2598	2883	-285	2	2	0	0	0	0	0	0	0	2	2	0
ENSRNOG00000026748	Dennd2a	unchanged_loop_count	2598	2883	-285	2	2	0	0	0	0	1	1	0	1	1	0
ENSRNOG00000029866	Dennd6b	new_gene_in_sensitivity	NA	2883	NA	0	2	2	0	0	0	0	0	0	0	2	2
ENSRNOG00000023465	Depp1	increased_loop_count	4632	2883	1749	1	2	1	1	1	0	0	0	0	0	1	1
ENSRNOG00000019810	Des	unchanged_loop_count	2598	2883	-285	2	2	0	0	0	0	0	0	0	2	2	0
ENSRNOG00000038046	Dgat2l6	new_gene_in_sensitivity	NA	2883	NA	0	2	2	0	0	0	0	0	0	0	2	2
ENSRNOG00000013521	Dhfr	unchanged_loop_count	2598	2883	-285	2	2	0	0	0	0	1	1	0	1	1	0
ENSRNOG00000005589	Dhrs7	unchanged_loop_count	2598	2883	-285	2	2	0	1	1	0	0	0	0	1	1	0
ENSRNOG00000025648	Dhrs7l1	increased_loop_count	4632	2883	1749	1	2	1	0	0	0	0	1	1	1	1	0
ENSRNOG00000015288	Dip2c	unchanged_loop_count	2598	2883	-285	2	2	0	0	0	0	1	1	0	1	1	0
ENSRNOG00000026787	Disp2	unchanged_loop_count	2598	2883	-285	2	2	0	0	0	0	1	1	0	1	1	0
ENSRNOG00000022635	Dlg2	unchanged_loop_count	2598	2883	-285	2	2	0	0	0	0	0	0	0	2	2	0
ENSRNOG00000059984	Dll1	new_gene_in_sensitivity	NA	2883	NA	0	2	2	0	1	1	0	1	1	0	0	0
ENSRNOG00000024093	Dmrta1	unchanged_loop_count	2598	2883	-285	2	2	0	0	0	0	1	1	0	1	1	0
ENSRNOG00000005233	Dnaaf11	unchanged_loop_count	2598	2883	-285	2	2	0	0	0	0	1	1	0	1	1	0
ENSRNOG00000028155	Dnaaf2	unchanged_loop_count	2598	2883	-285	2	2	0	0	0	0	0	0	0	2	2	0
ENSRNOG00000048363	Dnah5	unchanged_loop_count	2598	2883	-285	2	2	0	0	0	0	0	0	0	2	2	0
ENSRNOG00000013011	Dnajb4	unchanged_loop_count	2598	2883	-285	2	2	0	1	1	0	1	1	0	0	0	0
ENSRNOG00000000130	Dnajb5	unchanged_loop_count	2598	2883	-285	2	2	0	0	0	0	1	1	0	1	1	0
ENSRNOG00000000150	Dnajc1	unchanged_loop_count	2598	2883	-285	2	2	0	0	0	0	1	1	0	1	1	0
ENSRNOG00000051291	Dnhd1	unchanged_loop_count	2598	2883	-285	2	2	0	0	0	0	1	1	0	1	1	0
ENSRNOG00000013922	Dok2	unchanged_loop_count	2598	2883	-285	2	2	0	0	0	0	1	1	0	1	1	0
ENSRNOG00000013564	Dok3	unchanged_loop_count	2598	2883	-285	2	2	0	0	0	0	1	1	0	1	1	0
ENSRNOG00000022419	Dok7	unchanged_loop_count	2598	2883	-285	2	2	0	0	0	0	0	0	0	2	2	0
ENSRNOG00000051204	Dop1b	unchanged_loop_count	2598	2883	-285	2	2	0	0	0	0	2	2	0	0	0	0
ENSRNOG00000008086	Dpf3	unchanged_loop_count	2598	2883	-285	2	2	0	0	0	0	1	1	0	1	1	0
ENSRNOG00000070298	Dpm2	unchanged_loop_count	2598	2883	-285	2	2	0	0	0	0	1	1	0	1	1	0
ENSRNOG00000038916	Dram1	increased_loop_count	4632	2883	1749	1	2	1	0	0	0	0	0	0	1	2	1
ENSRNOG00000005338	Drd5	unchanged_loop_count	2598	2883	-285	2	2	0	0	0	0	0	0	0	2	2	0
ENSRNOG00000016502	Dscaml1	unchanged_loop_count	2598	2883	-285	2	2	0	0	0	0	0	0	0	2	2	0
ENSRNOG00000016526	Dsg2	unchanged_loop_count	2598	2883	-285	2	2	0	0	0	0	0	0	0	2	2	0
ENSRNOG00000059142	Dtwd2	unchanged_loop_count	2598	2883	-285	2	2	0	0	0	0	0	0	0	2	2	0
ENSRNOG00000021086	Dtx4	decreased_loop_count	1472	2883	-1411	3	2	-1	1	1	0	0	0	0	2	1	-1
ENSRNOG00000050381	Dus3l	unchanged_loop_count	2598	2883	-285	2	2	0	1	1	0	1	1	0	0	0	0
ENSRNOG00000004003	Dusp10	unchanged_loop_count	2598	2883	-285	2	2	0	0	0	0	1	1	0	1	1	0
ENSRNOG00000022143	Dusp23	unchanged_loop_count	2598	2883	-285	2	2	0	0	0	0	0	0	0	2	2	0
ENSRNOG00000007221	Dut	new_gene_in_sensitivity	NA	2883	NA	0	2	2	0	0	0	0	0	0	0	2	2
ENSRNOG00000015636	Dync2i2	unchanged_loop_count	2598	2883	-285	2	2	0	1	1	0	0	0	0	1	1	0
ENSRNOG00000012450	Dynlrb2	unchanged_loop_count	2598	2883	-285	2	2	0	0	0	0	0	0	0	2	2	0
ENSRNOG00000042181	Dytn	decreased_loop_count	1472	2883	-1411	3	2	-1	0	0	0	0	0	0	3	2	-1
ENSRNOG00000004449	E2f6	unchanged_loop_count	2598	2883	-285	2	2	0	0	0	0	0	0	0	2	2	0
ENSRNOG00000022537	E2f8	unchanged_loop_count	2598	2883	-285	2	2	0	0	0	0	0	0	0	2	2	0
ENSRNOG00000029253	ENSRNOG00000029253	unchanged_loop_count	2598	2883	-285	2	2	0	0	0	0	0	0	0	2	2	0
ENSRNOG00000029808	ENSRNOG00000029808	unchanged_loop_count	2598	2883	-285	2	2	0	0	0	0	0	0	0	2	2	0
ENSRNOG00000037711	ENSRNOG00000037711	increased_loop_count	4632	2883	1749	1	2	1	0	0	0	0	1	1	1	1	0
ENSRNOG00000055018	ENSRNOG00000055018	unchanged_loop_count	2598	2883	-285	2	2	0	0	0	0	1	1	0	1	1	0
ENSRNOG00000062321	ENSRNOG00000062321	unchanged_loop_count	2598	2883	-285	2	2	0	0	0	0	1	1	0	1	1	0
ENSRNOG00000062331	ENSRNOG00000062331	unchanged_loop_count	2598	2883	-285	2	2	0	0	0	0	0	0	0	2	2	0
ENSRNOG00000062365	ENSRNOG00000062365	unchanged_loop_count	2598	2883	-285	2	2	0	0	0	0	1	1	0	1	1	0
ENSRNOG00000062376	ENSRNOG00000062376	unchanged_loop_count	2598	2883	-285	2	2	0	0	0	0	0	0	0	2	2	0
ENSRNOG00000062493	ENSRNOG00000062493	unchanged_loop_count	2598	2883	-285	2	2	0	0	0	0	0	0	0	2	2	0
ENSRNOG00000062528	ENSRNOG00000062528	unchanged_loop_count	2598	2883	-285	2	2	0	0	0	0	0	0	0	2	2	0
ENSRNOG00000062545	ENSRNOG00000062545	unchanged_loop_count	2598	2883	-285	2	2	0	0	0	0	0	0	0	2	2	0
ENSRNOG00000062709	ENSRNOG00000062709	unchanged_loop_count	2598	2883	-285	2	2	0	1	1	0	1	1	0	0	0	0
ENSRNOG00000062762	ENSRNOG00000062762	new_gene_in_sensitivity	NA	2883	NA	0	2	2	0	0	0	0	1	1	0	1	1
ENSRNOG00000062802	ENSRNOG00000062802	new_gene_in_sensitivity	NA	2883	NA	0	2	2	0	0	0	0	0	0	0	2	2
ENSRNOG00000062828	ENSRNOG00000062828	new_gene_in_sensitivity	NA	2883	NA	0	2	2	0	0	0	0	0	0	0	2	2
ENSRNOG00000062845	ENSRNOG00000062845	unchanged_loop_count	2598	2883	-285	2	2	0	0	0	0	0	0	0	2	2	0
ENSRNOG00000062968	ENSRNOG00000062968	increased_loop_count	4632	2883	1749	1	2	1	0	0	0	0	1	1	1	1	0
ENSRNOG00000062983	ENSRNOG00000062983	unchanged_loop_count	2598	2883	-285	2	2	0	0	0	0	1	1	0	1	1	0
ENSRNOG00000063050	ENSRNOG00000063050	unchanged_loop_count	2598	2883	-285	2	2	0	1	1	0	0	0	0	1	1	0
ENSRNOG00000063073	ENSRNOG00000063073	unchanged_loop_count	2598	2883	-285	2	2	0	0	0	0	0	0	0	2	2	0
ENSRNOG00000063115	ENSRNOG00000063115	unchanged_loop_count	2598	2883	-285	2	2	0	1	1	0	0	0	0	1	1	0
ENSRNOG00000063128	ENSRNOG00000063128	unchanged_loop_count	2598	2883	-285	2	2	0	0	0	0	2	2	0	0	0	0
ENSRNOG00000063196	ENSRNOG00000063196	unchanged_loop_count	2598	2883	-285	2	2	0	0	0	0	0	0	0	2	2	0
ENSRNOG00000063288	ENSRNOG00000063288	unchanged_loop_count	2598	2883	-285	2	2	0	0	0	0	0	0	0	2	2	0
ENSRNOG00000063305	ENSRNOG00000063305	increased_loop_count	4632	2883	1749	1	2	1	0	0	0	1	2	1	0	0	0
ENSRNOG00000063342	ENSRNOG00000063342	decreased_loop_count	1472	2883	-1411	3	2	-1	1	0	-1	1	1	0	1	1	0
ENSRNOG00000063394	ENSRNOG00000063394	unchanged_loop_count	2598	2883	-285	2	2	0	0	0	0	0	0	0	2	2	0
ENSRNOG00000063395	ENSRNOG00000063395	unchanged_loop_count	2598	2883	-285	2	2	0	0	0	0	1	1	0	1	1	0
ENSRNOG00000063446	ENSRNOG00000063446	unchanged_loop_count	2598	2883	-285	2	2	0	0	0	0	0	0	0	2	2	0
ENSRNOG00000063593	ENSRNOG00000063593	unchanged_loop_count	2598	2883	-285	2	2	0	0	0	0	0	0	0	2	2	0
ENSRNOG00000063670	ENSRNOG00000063670	unchanged_loop_count	2598	2883	-285	2	2	0	0	0	0	0	0	0	2	2	0
ENSRNOG00000063673	ENSRNOG00000063673	unchanged_loop_count	2598	2883	-285	2	2	0	0	0	0	1	1	0	1	1	0
ENSRNOG00000063691	ENSRNOG00000063691	unchanged_loop_count	2598	2883	-285	2	2	0	0	0	0	0	0	0	2	2	0
ENSRNOG00000063706	ENSRNOG00000063706	unchanged_loop_count	2598	2883	-285	2	2	0	0	0	0	0	0	0	2	2	0
ENSRNOG00000063737	ENSRNOG00000063737	unchanged_loop_count	2598	2883	-285	2	2	0	0	0	0	0	0	0	2	2	0
ENSRNOG00000063787	ENSRNOG00000063787	unchanged_loop_count	2598	2883	-285	2	2	0	1	1	0	0	0	0	1	1	0
ENSRNOG00000063951	ENSRNOG00000063951	unchanged_loop_count	2598	2883	-285	2	2	0	0	0	0	0	0	0	2	2	0
ENSRNOG00000064182	ENSRNOG00000064182	new_gene_in_sensitivity	NA	2883	NA	0	2	2	0	2	2	0	0	0	0	0	0
ENSRNOG00000064211	ENSRNOG00000064211	unchanged_loop_count	2598	2883	-285	2	2	0	0	0	0	1	1	0	1	1	0
ENSRNOG00000064214	ENSRNOG00000064214	unchanged_loop_count	2598	2883	-285	2	2	0	0	0	0	0	0	0	2	2	0
ENSRNOG00000064241	ENSRNOG00000064241	unchanged_loop_count	2598	2883	-285	2	2	0	0	0	0	0	0	0	2	2	0
ENSRNOG00000064276	ENSRNOG00000064276	unchanged_loop_count	2598	2883	-285	2	2	0	0	0	0	2	2	0	0	0	0
ENSRNOG00000064278	ENSRNOG00000064278	unchanged_loop_count	2598	2883	-285	2	2	0	0	0	0	1	1	0	1	1	0
ENSRNOG00000064332	ENSRNOG00000064332	unchanged_loop_count	2598	2883	-285	2	2	0	0	0	0	0	0	0	2	2	0
ENSRNOG00000064469	ENSRNOG00000064469	unchanged_loop_count	2598	2883	-285	2	2	0	0	0	0	0	0	0	2	2	0
ENSRNOG00000064562	ENSRNOG00000064562	unchanged_loop_count	2598	2883	-285	2	2	0	0	0	0	1	1	0	1	1	0
ENSRNOG00000064596	ENSRNOG00000064596	increased_loop_count	4632	2883	1749	1	2	1	0	0	0	0	1	1	1	1	0
ENSRNOG00000064603	ENSRNOG00000064603	unchanged_loop_count	2598	2883	-285	2	2	0	1	1	0	1	1	0	0	0	0
ENSRNOG00000064609	ENSRNOG00000064609	unchanged_loop_count	2598	2883	-285	2	2	0	0	0	0	1	1	0	1	1	0
ENSRNOG00000064621	ENSRNOG00000064621	increased_loop_count	4632	2883	1749	1	2	1	0	0	0	0	0	0	1	2	1
ENSRNOG00000064623	ENSRNOG00000064623	unchanged_loop_count	2598	2883	-285	2	2	0	0	0	0	0	0	0	2	2	0
ENSRNOG00000064640	ENSRNOG00000064640	unchanged_loop_count	2598	2883	-285	2	2	0	0	0	0	1	1	0	1	1	0
ENSRNOG00000064648	ENSRNOG00000064648	unchanged_loop_count	2598	2883	-285	2	2	0	1	1	0	1	1	0	0	0	0
ENSRNOG00000064675	ENSRNOG00000064675	unchanged_loop_count	2598	2883	-285	2	2	0	0	0	0	0	0	0	2	2	0
ENSRNOG00000064695	ENSRNOG00000064695	increased_loop_count	4632	2883	1749	1	2	1	0	0	0	0	1	1	1	1	0
ENSRNOG00000064728	ENSRNOG00000064728	unchanged_loop_count	2598	2883	-285	2	2	0	0	0	0	1	1	0	1	1	0
ENSRNOG00000064838	ENSRNOG00000064838	unchanged_loop_count	2598	2883	-285	2	2	0	0	0	0	1	1	0	1	1	0
ENSRNOG00000064884	ENSRNOG00000064884	unchanged_loop_count	2598	2883	-285	2	2	0	0	0	0	1	1	0	1	1	0
ENSRNOG00000064955	ENSRNOG00000064955	unchanged_loop_count	2598	2883	-285	2	2	0	0	0	0	1	1	0	1	1	0
ENSRNOG00000064961	ENSRNOG00000064961	increased_loop_count	4632	2883	1749	1	2	1	0	0	0	0	1	1	1	1	0
ENSRNOG00000064965	ENSRNOG00000064965	unchanged_loop_count	2598	2883	-285	2	2	0	0	0	0	2	2	0	0	0	0
ENSRNOG00000065203	ENSRNOG00000065203	new_gene_in_sensitivity	NA	2883	NA	0	2	2	0	0	0	0	0	0	0	2	2
ENSRNOG00000065253	ENSRNOG00000065253	unchanged_loop_count	2598	2883	-285	2	2	0	0	0	0	1	1	0	1	1	0
ENSRNOG00000065287	ENSRNOG00000065287	unchanged_loop_count	2598	2883	-285	2	2	0	0	0	0	0	0	0	2	2	0
ENSRNOG00000065292	ENSRNOG00000065292	increased_loop_count	4632	2883	1749	1	2	1	0	1	1	0	0	0	1	1	0
ENSRNOG00000065346	ENSRNOG00000065346	unchanged_loop_count	2598	2883	-285	2	2	0	0	0	0	1	1	0	1	1	0
ENSRNOG00000065363	ENSRNOG00000065363	unchanged_loop_count	2598	2883	-285	2	2	0	0	0	0	1	1	0	1	1	0
ENSRNOG00000065380	ENSRNOG00000065380	unchanged_loop_count	2598	2883	-285	2	2	0	0	0	0	1	1	0	1	1	0
ENSRNOG00000065405	ENSRNOG00000065405	unchanged_loop_count	2598	2883	-285	2	2	0	0	0	0	2	2	0	0	0	0
ENSRNOG00000065442	ENSRNOG00000065442	unchanged_loop_count	2598	2883	-285	2	2	0	0	0	0	0	0	0	2	2	0
ENSRNOG00000065520	ENSRNOG00000065520	unchanged_loop_count	2598	2883	-285	2	2	0	0	0	0	0	0	0	2	2	0
ENSRNOG00000065521	ENSRNOG00000065521	unchanged_loop_count	2598	2883	-285	2	2	0	0	0	0	0	0	0	2	2	0
ENSRNOG00000065566	ENSRNOG00000065566	unchanged_loop_count	2598	2883	-285	2	2	0	0	0	0	0	0	0	2	2	0
ENSRNOG00000065653	ENSRNOG00000065653	unchanged_loop_count	2598	2883	-285	2	2	0	0	0	0	1	1	0	1	1	0
ENSRNOG00000065781	ENSRNOG00000065781	unchanged_loop_count	2598	2883	-285	2	2	0	0	0	0	0	0	0	2	2	0
ENSRNOG00000065878	ENSRNOG00000065878	unchanged_loop_count	2598	2883	-285	2	2	0	0	0	0	0	0	0	2	2	0
ENSRNOG00000065909	ENSRNOG00000065909	unchanged_loop_count	2598	2883	-285	2	2	0	0	0	0	0	0	0	2	2	0
ENSRNOG00000065925	ENSRNOG00000065925	unchanged_loop_count	2598	2883	-285	2	2	0	0	0	0	0	0	0	2	2	0
ENSRNOG00000065957	ENSRNOG00000065957	unchanged_loop_count	2598	2883	-285	2	2	0	0	0	0	0	0	0	2	2	0
ENSRNOG00000066005	ENSRNOG00000066005	unchanged_loop_count	2598	2883	-285	2	2	0	0	0	0	1	1	0	1	1	0
ENSRNOG00000066025	ENSRNOG00000066025	unchanged_loop_count	2598	2883	-285	2	2	0	0	0	0	0	0	0	2	2	0
ENSRNOG00000066037	ENSRNOG00000066037	unchanged_loop_count	2598	2883	-285	2	2	0	1	1	0	1	1	0	0	0	0
ENSRNOG00000066050	ENSRNOG00000066050	unchanged_loop_count	2598	2883	-285	2	2	0	0	0	0	1	1	0	1	1	0
ENSRNOG00000066115	ENSRNOG00000066115	unchanged_loop_count	2598	2883	-285	2	2	0	0	0	0	0	0	0	2	2	0
ENSRNOG00000066122	ENSRNOG00000066122	unchanged_loop_count	2598	2883	-285	2	2	0	0	0	0	2	2	0	0	0	0
ENSRNOG00000066148	ENSRNOG00000066148	unchanged_loop_count	2598	2883	-285	2	2	0	0	0	0	0	0	0	2	2	0
ENSRNOG00000066167	ENSRNOG00000066167	unchanged_loop_count	2598	2883	-285	2	2	0	0	0	0	1	1	0	1	1	0
ENSRNOG00000066174	ENSRNOG00000066174	unchanged_loop_count	2598	2883	-285	2	2	0	0	0	0	0	0	0	2	2	0
ENSRNOG00000066209	ENSRNOG00000066209	unchanged_loop_count	2598	2883	-285	2	2	0	0	0	0	0	0	0	2	2	0
ENSRNOG00000066271	ENSRNOG00000066271	unchanged_loop_count	2598	2883	-285	2	2	0	0	0	0	1	1	0	1	1	0
ENSRNOG00000066291	ENSRNOG00000066291	unchanged_loop_count	2598	2883	-285	2	2	0	0	0	0	1	1	0	1	1	0
ENSRNOG00000066295	ENSRNOG00000066295	new_gene_in_sensitivity	NA	2883	NA	0	2	2	0	0	0	0	0	0	0	2	2
ENSRNOG00000066450	ENSRNOG00000066450	unchanged_loop_count	2598	2883	-285	2	2	0	0	0	0	0	0	0	2	2	0
ENSRNOG00000066491	ENSRNOG00000066491	unchanged_loop_count	2598	2883	-285	2	2	0	0	0	0	1	1	0	1	1	0
ENSRNOG00000066532	ENSRNOG00000066532	unchanged_loop_count	2598	2883	-285	2	2	0	0	0	0	1	1	0	1	1	0
ENSRNOG00000066578	ENSRNOG00000066578	new_gene_in_sensitivity	NA	2883	NA	0	2	2	0	1	1	0	1	1	0	0	0
ENSRNOG00000066691	ENSRNOG00000066691	unchanged_loop_count	2598	2883	-285	2	2	0	1	1	0	1	1	0	0	0	0
ENSRNOG00000066718	ENSRNOG00000066718	unchanged_loop_count	2598	2883	-285	2	2	0	0	0	0	0	0	0	2	2	0
ENSRNOG00000066737	ENSRNOG00000066737	unchanged_loop_count	2598	2883	-285	2	2	0	0	0	0	1	1	0	1	1	0
ENSRNOG00000066780	ENSRNOG00000066780	new_gene_in_sensitivity	NA	2883	NA	0	2	2	0	0	0	0	1	1	0	1	1
ENSRNOG00000066791	ENSRNOG00000066791	unchanged_loop_count	2598	2883	-285	2	2	0	0	0	0	0	0	0	2	2	0
ENSRNOG00000066804	ENSRNOG00000066804	unchanged_loop_count	2598	2883	-285	2	2	0	1	1	0	0	0	0	1	1	0
ENSRNOG00000066852	ENSRNOG00000066852	unchanged_loop_count	2598	2883	-285	2	2	0	0	0	0	0	0	0	2	2	0
ENSRNOG00000066920	ENSRNOG00000066920	unchanged_loop_count	2598	2883	-285	2	2	0	2	2	0	0	0	0	0	0	0
ENSRNOG00000066935	ENSRNOG00000066935	increased_loop_count	4632	2883	1749	1	2	1	0	0	0	0	1	1	1	1	0
ENSRNOG00000066945	ENSRNOG00000066945	increased_loop_count	4632	2883	1749	1	2	1	0	0	0	0	0	0	1	2	1
ENSRNOG00000066951	ENSRNOG00000066951	unchanged_loop_count	2598	2883	-285	2	2	0	0	0	0	1	1	0	1	1	0
ENSRNOG00000066954	ENSRNOG00000066954	unchanged_loop_count	2598	2883	-285	2	2	0	0	0	0	0	0	0	2	2	0
ENSRNOG00000066981	ENSRNOG00000066981	increased_loop_count	4632	2883	1749	1	2	1	0	1	1	1	1	0	0	0	0
ENSRNOG00000067004	ENSRNOG00000067004	unchanged_loop_count	2598	2883	-285	2	2	0	0	0	0	1	1	0	1	1	0
ENSRNOG00000067101	ENSRNOG00000067101	unchanged_loop_count	2598	2883	-285	2	2	0	0	0	0	0	0	0	2	2	0
ENSRNOG00000067105	ENSRNOG00000067105	unchanged_loop_count	2598	2883	-285	2	2	0	0	0	0	1	1	0	1	1	0
ENSRNOG00000067131	ENSRNOG00000067131	increased_loop_count	4632	2883	1749	1	2	1	1	1	0	0	1	1	0	0	0
ENSRNOG00000067137	ENSRNOG00000067137	unchanged_loop_count	2598	2883	-285	2	2	0	0	0	0	1	1	0	1	1	0
ENSRNOG00000067181	ENSRNOG00000067181	unchanged_loop_count	2598	2883	-285	2	2	0	0	0	0	0	0	0	2	2	0
ENSRNOG00000067194	ENSRNOG00000067194	unchanged_loop_count	2598	2883	-285	2	2	0	0	0	0	0	0	0	2	2	0
ENSRNOG00000067285	ENSRNOG00000067285	unchanged_loop_count	2598	2883	-285	2	2	0	0	0	0	1	1	0	1	1	0
ENSRNOG00000067337	ENSRNOG00000067337	unchanged_loop_count	2598	2883	-285	2	2	0	0	0	0	1	1	0	1	1	0
ENSRNOG00000067339	ENSRNOG00000067339	unchanged_loop_count	2598	2883	-285	2	2	0	0	0	0	1	1	0	1	1	0
ENSRNOG00000067466	ENSRNOG00000067466	decreased_loop_count	1472	2883	-1411	3	2	-1	0	0	0	1	0	-1	2	2	0
ENSRNOG00000067472	ENSRNOG00000067472	unchanged_loop_count	2598	2883	-285	2	2	0	1	1	0	0	0	0	1	1	0
ENSRNOG00000067476	ENSRNOG00000067476	unchanged_loop_count	2598	2883	-285	2	2	0	0	0	0	0	0	0	2	2	0
ENSRNOG00000067531	ENSRNOG00000067531	unchanged_loop_count	2598	2883	-285	2	2	0	0	0	0	0	0	0	2	2	0
ENSRNOG00000067579	ENSRNOG00000067579	unchanged_loop_count	2598	2883	-285	2	2	0	0	0	0	0	0	0	2	2	0
ENSRNOG00000067697	ENSRNOG00000067697	unchanged_loop_count	2598	2883	-285	2	2	0	0	0	0	1	1	0	1	1	0
ENSRNOG00000067724	ENSRNOG00000067724	unchanged_loop_count	2598	2883	-285	2	2	0	0	0	0	0	0	0	2	2	0
ENSRNOG00000067729	ENSRNOG00000067729	increased_loop_count	4632	2883	1749	1	2	1	0	1	1	1	1	0	0	0	0
ENSRNOG00000067769	ENSRNOG00000067769	unchanged_loop_count	2598	2883	-285	2	2	0	0	0	0	0	0	0	2	2	0
ENSRNOG00000067937	ENSRNOG00000067937	unchanged_loop_count	2598	2883	-285	2	2	0	0	0	0	0	0	0	2	2	0
ENSRNOG00000068103	ENSRNOG00000068103	decreased_loop_count	447	2883	-2436	5	2	-3	1	0	-1	2	0	-2	2	2	0
ENSRNOG00000068182	ENSRNOG00000068182	unchanged_loop_count	2598	2883	-285	2	2	0	0	0	0	1	1	0	1	1	0
ENSRNOG00000068195	ENSRNOG00000068195	unchanged_loop_count	2598	2883	-285	2	2	0	0	0	0	1	1	0	1	1	0
ENSRNOG00000068218	ENSRNOG00000068218	unchanged_loop_count	2598	2883	-285	2	2	0	0	0	0	0	0	0	2	2	0
ENSRNOG00000068226	ENSRNOG00000068226	unchanged_loop_count	2598	2883	-285	2	2	0	0	0	0	2	2	0	0	0	0
ENSRNOG00000068255	ENSRNOG00000068255	increased_loop_count	4632	2883	1749	1	2	1	0	0	0	1	1	0	0	1	1
ENSRNOG00000068272	ENSRNOG00000068272	increased_loop_count	4632	2883	1749	1	2	1	0	0	0	0	1	1	1	1	0
ENSRNOG00000068309	ENSRNOG00000068309	unchanged_loop_count	2598	2883	-285	2	2	0	0	0	0	2	2	0	0	0	0
ENSRNOG00000068408	ENSRNOG00000068408	unchanged_loop_count	2598	2883	-285	2	2	0	0	0	0	0	0	0	2	2	0
ENSRNOG00000068426	ENSRNOG00000068426	unchanged_loop_count	2598	2883	-285	2	2	0	0	0	0	0	0	0	2	2	0
ENSRNOG00000068440	ENSRNOG00000068440	decreased_loop_count	1472	2883	-1411	3	2	-1	0	0	0	0	0	0	3	2	-1
ENSRNOG00000068512	ENSRNOG00000068512	unchanged_loop_count	2598	2883	-285	2	2	0	0	0	0	1	1	0	1	1	0
ENSRNOG00000068534	ENSRNOG00000068534	unchanged_loop_count	2598	2883	-285	2	2	0	1	1	0	0	0	0	1	1	0
ENSRNOG00000068575	ENSRNOG00000068575	unchanged_loop_count	2598	2883	-285	2	2	0	1	1	0	1	1	0	0	0	0
ENSRNOG00000068585	ENSRNOG00000068585	unchanged_loop_count	2598	2883	-285	2	2	0	0	0	0	0	0	0	2	2	0
ENSRNOG00000068613	ENSRNOG00000068613	increased_loop_count	4632	2883	1749	1	2	1	0	0	0	1	1	0	0	1	1
ENSRNOG00000068705	ENSRNOG00000068705	unchanged_loop_count	2598	2883	-285	2	2	0	0	0	0	0	0	0	2	2	0
ENSRNOG00000068715	ENSRNOG00000068715	unchanged_loop_count	2598	2883	-285	2	2	0	0	0	0	1	1	0	1	1	0
ENSRNOG00000068718	ENSRNOG00000068718	increased_loop_count	4632	2883	1749	1	2	1	0	0	0	0	0	0	1	2	1
ENSRNOG00000068721	ENSRNOG00000068721	unchanged_loop_count	2598	2883	-285	2	2	0	0	0	0	1	1	0	1	1	0
ENSRNOG00000068729	ENSRNOG00000068729	unchanged_loop_count	2598	2883	-285	2	2	0	0	0	0	0	0	0	2	2	0
ENSRNOG00000068731	ENSRNOG00000068731	unchanged_loop_count	2598	2883	-285	2	2	0	1	1	0	1	1	0	0	0	0
ENSRNOG00000068816	ENSRNOG00000068816	unchanged_loop_count	2598	2883	-285	2	2	0	0	0	0	1	1	0	1	1	0
ENSRNOG00000068834	ENSRNOG00000068834	unchanged_loop_count	2598	2883	-285	2	2	0	0	0	0	1	1	0	1	1	0
ENSRNOG00000068838	ENSRNOG00000068838	unchanged_loop_count	2598	2883	-285	2	2	0	2	2	0	0	0	0	0	0	0
ENSRNOG00000068899	ENSRNOG00000068899	unchanged_loop_count	2598	2883	-285	2	2	0	0	0	0	0	0	0	2	2	0
ENSRNOG00000068929	ENSRNOG00000068929	unchanged_loop_count	2598	2883	-285	2	2	0	0	0	0	1	1	0	1	1	0
ENSRNOG00000068985	ENSRNOG00000068985	unchanged_loop_count	2598	2883	-285	2	2	0	1	1	0	1	1	0	0	0	0
ENSRNOG00000068994	ENSRNOG00000068994	unchanged_loop_count	2598	2883	-285	2	2	0	0	0	0	0	0	0	2	2	0
ENSRNOG00000069016	ENSRNOG00000069016	unchanged_loop_count	2598	2883	-285	2	2	0	0	0	0	0	0	0	2	2	0
ENSRNOG00000069049	ENSRNOG00000069049	unchanged_loop_count	2598	2883	-285	2	2	0	0	0	0	0	0	0	2	2	0
ENSRNOG00000069057	ENSRNOG00000069057	decreased_loop_count	1472	2883	-1411	3	2	-1	0	0	0	3	2	-1	0	0	0
ENSRNOG00000069064	ENSRNOG00000069064	unchanged_loop_count	2598	2883	-285	2	2	0	0	0	0	0	0	0	2	2	0
ENSRNOG00000069070	ENSRNOG00000069070	unchanged_loop_count	2598	2883	-285	2	2	0	0	0	0	1	1	0	1	1	0
ENSRNOG00000069077	ENSRNOG00000069077	unchanged_loop_count	2598	2883	-285	2	2	0	0	0	0	1	1	0	1	1	0
ENSRNOG00000069106	ENSRNOG00000069106	unchanged_loop_count	2598	2883	-285	2	2	0	0	0	0	1	1	0	1	1	0
ENSRNOG00000069130	ENSRNOG00000069130	unchanged_loop_count	2598	2883	-285	2	2	0	0	0	0	1	1	0	1	1	0
ENSRNOG00000069159	ENSRNOG00000069159	unchanged_loop_count	2598	2883	-285	2	2	0	0	0	0	1	1	0	1	1	0
ENSRNOG00000069202	ENSRNOG00000069202	unchanged_loop_count	2598	2883	-285	2	2	0	0	0	0	1	1	0	1	1	0
ENSRNOG00000069214	ENSRNOG00000069214	unchanged_loop_count	2598	2883	-285	2	2	0	0	0	0	0	0	0	2	2	0
ENSRNOG00000069219	ENSRNOG00000069219	new_gene_in_sensitivity	NA	2883	NA	0	2	2	0	1	1	0	1	1	0	0	0
ENSRNOG00000069227	ENSRNOG00000069227	unchanged_loop_count	2598	2883	-285	2	2	0	0	0	0	1	1	0	1	1	0
ENSRNOG00000069232	ENSRNOG00000069232	unchanged_loop_count	2598	2883	-285	2	2	0	0	0	0	1	1	0	1	1	0
ENSRNOG00000069272	ENSRNOG00000069272	unchanged_loop_count	2598	2883	-285	2	2	0	1	0	-1	1	2	1	0	0	0
ENSRNOG00000069275	ENSRNOG00000069275	unchanged_loop_count	2598	2883	-285	2	2	0	0	0	0	0	0	0	2	2	0
ENSRNOG00000069326	ENSRNOG00000069326	unchanged_loop_count	2598	2883	-285	2	2	0	0	0	0	0	0	0	2	2	0
ENSRNOG00000069336	ENSRNOG00000069336	unchanged_loop_count	2598	2883	-285	2	2	0	0	0	0	1	1	0	1	1	0
ENSRNOG00000069359	ENSRNOG00000069359	new_gene_in_sensitivity	NA	2883	NA	0	2	2	0	0	0	0	0	0	0	2	2
ENSRNOG00000069452	ENSRNOG00000069452	unchanged_loop_count	2598	2883	-285	2	2	0	0	0	0	0	0	0	2	2	0
ENSRNOG00000069480	ENSRNOG00000069480	increased_loop_count	4632	2883	1749	1	2	1	0	0	0	1	2	1	0	0	0
ENSRNOG00000069486	ENSRNOG00000069486	unchanged_loop_count	2598	2883	-285	2	2	0	0	0	0	0	0	0	2	2	0
ENSRNOG00000069525	ENSRNOG00000069525	unchanged_loop_count	2598	2883	-285	2	2	0	0	0	0	1	1	0	1	1	0
ENSRNOG00000069575	ENSRNOG00000069575	unchanged_loop_count	2598	2883	-285	2	2	0	0	0	0	1	1	0	1	1	0
ENSRNOG00000069580	ENSRNOG00000069580	increased_loop_count	4632	2883	1749	1	2	1	0	0	0	0	0	0	1	2	1
ENSRNOG00000069589	ENSRNOG00000069589	unchanged_loop_count	2598	2883	-285	2	2	0	0	0	0	0	0	0	2	2	0
ENSRNOG00000069676	ENSRNOG00000069676	unchanged_loop_count	2598	2883	-285	2	2	0	0	0	0	0	0	0	2	2	0
ENSRNOG00000069694	ENSRNOG00000069694	unchanged_loop_count	2598	2883	-285	2	2	0	0	0	0	1	1	0	1	1	0
ENSRNOG00000069784	ENSRNOG00000069784	unchanged_loop_count	2598	2883	-285	2	2	0	0	0	0	1	1	0	1	1	0
ENSRNOG00000069803	ENSRNOG00000069803	unchanged_loop_count	2598	2883	-285	2	2	0	0	0	0	1	1	0	1	1	0
ENSRNOG00000069872	ENSRNOG00000069872	unchanged_loop_count	2598	2883	-285	2	2	0	0	0	0	1	1	0	1	1	0
ENSRNOG00000069881	ENSRNOG00000069881	increased_loop_count	4632	2883	1749	1	2	1	1	0	-1	0	2	2	0	0	0
ENSRNOG00000069957	ENSRNOG00000069957	unchanged_loop_count	2598	2883	-285	2	2	0	0	0	0	0	0	0	2	2	0
ENSRNOG00000069993	ENSRNOG00000069993	unchanged_loop_count	2598	2883	-285	2	2	0	0	0	0	0	0	0	2	2	0
ENSRNOG00000070051	ENSRNOG00000070051	unchanged_loop_count	2598	2883	-285	2	2	0	0	0	0	0	0	0	2	2	0
ENSRNOG00000070052	ENSRNOG00000070052	unchanged_loop_count	2598	2883	-285	2	2	0	0	0	0	0	0	0	2	2	0
ENSRNOG00000070060	ENSRNOG00000070060	unchanged_loop_count	2598	2883	-285	2	2	0	0	0	0	1	1	0	1	1	0
ENSRNOG00000070065	ENSRNOG00000070065	decreased_loop_count	1472	2883	-1411	3	2	-1	0	0	0	0	0	0	3	2	-1
ENSRNOG00000070081	ENSRNOG00000070081	unchanged_loop_count	2598	2883	-285	2	2	0	0	0	0	1	1	0	1	1	0
ENSRNOG00000070087	ENSRNOG00000070087	decreased_loop_count	1472	2883	-1411	3	2	-1	0	0	0	1	0	-1	2	2	0
ENSRNOG00000070133	ENSRNOG00000070133	increased_loop_count	4632	2883	1749	1	2	1	0	0	0	0	0	0	1	2	1
ENSRNOG00000070162	ENSRNOG00000070162	decreased_loop_count	1472	2883	-1411	3	2	-1	0	0	0	2	2	0	1	0	-1
ENSRNOG00000070199	ENSRNOG00000070199	unchanged_loop_count	2598	2883	-285	2	2	0	0	0	0	1	1	0	1	1	0
ENSRNOG00000070285	ENSRNOG00000070285	increased_loop_count	4632	2883	1749	1	2	1	0	1	1	1	1	0	0	0	0
ENSRNOG00000070379	ENSRNOG00000070379	unchanged_loop_count	2598	2883	-285	2	2	0	0	0	0	0	0	0	2	2	0
ENSRNOG00000070380	ENSRNOG00000070380	unchanged_loop_count	2598	2883	-285	2	2	0	0	0	0	0	0	0	2	2	0
ENSRNOG00000070501	ENSRNOG00000070501	unchanged_loop_count	2598	2883	-285	2	2	0	0	0	0	0	0	0	2	2	0
ENSRNOG00000070522	ENSRNOG00000070522	unchanged_loop_count	2598	2883	-285	2	2	0	0	0	0	0	0	0	2	2	0
ENSRNOG00000070606	ENSRNOG00000070606	new_gene_in_sensitivity	NA	2883	NA	0	2	2	0	0	0	0	0	0	0	2	2
ENSRNOG00000070621	ENSRNOG00000070621	unchanged_loop_count	2598	2883	-285	2	2	0	0	0	0	1	1	0	1	1	0
ENSRNOG00000070661	ENSRNOG00000070661	unchanged_loop_count	2598	2883	-285	2	2	0	1	1	0	0	0	0	1	1	0
ENSRNOG00000070750	ENSRNOG00000070750	unchanged_loop_count	2598	2883	-285	2	2	0	0	0	0	1	1	0	1	1	0
ENSRNOG00000070761	ENSRNOG00000070761	new_gene_in_sensitivity	NA	2883	NA	0	2	2	0	0	0	0	0	0	0	2	2
ENSRNOG00000070802	ENSRNOG00000070802	unchanged_loop_count	2598	2883	-285	2	2	0	0	0	0	0	0	0	2	2	0
ENSRNOG00000070868	ENSRNOG00000070868	unchanged_loop_count	2598	2883	-285	2	2	0	0	0	0	1	1	0	1	1	0
ENSRNOG00000070910	ENSRNOG00000070910	unchanged_loop_count	2598	2883	-285	2	2	0	0	0	0	0	0	0	2	2	0
ENSRNOG00000070962	ENSRNOG00000070962	increased_loop_count	4632	2883	1749	1	2	1	1	1	0	0	0	0	0	1	1
ENSRNOG00000071025	ENSRNOG00000071025	unchanged_loop_count	2598	2883	-285	2	2	0	0	0	0	0	0	0	2	2	0
ENSRNOG00000071033	ENSRNOG00000071033	unchanged_loop_count	2598	2883	-285	2	2	0	0	0	0	0	0	0	2	2	0
ENSRNOG00000071072	ENSRNOG00000071072	unchanged_loop_count	2598	2883	-285	2	2	0	1	1	0	1	1	0	0	0	0
ENSRNOG00000071137	ENSRNOG00000071137	unchanged_loop_count	2598	2883	-285	2	2	0	1	1	0	1	1	0	0	0	0
ENSRNOG00000071138	ENSRNOG00000071138	unchanged_loop_count	2598	2883	-285	2	2	0	1	1	0	0	0	0	1	1	0
ENSRNOG00000071167	ENSRNOG00000071167	increased_loop_count	4632	2883	1749	1	2	1	0	0	0	1	2	1	0	0	0
ENSRNOG00000071191	ENSRNOG00000071191	unchanged_loop_count	2598	2883	-285	2	2	0	0	0	0	1	1	0	1	1	0
ENSRNOG00000048114	Echdc3	unchanged_loop_count	2598	2883	-285	2	2	0	0	0	0	1	1	0	1	1	0
ENSRNOG00000024186	Eef1b2	unchanged_loop_count	2598	2883	-285	2	2	0	0	0	0	0	0	0	2	2	0
ENSRNOG00000042201	Efcab2	decreased_loop_count	831	2883	-2052	4	2	-2	2	1	-1	2	1	-1	0	0	0
ENSRNOG00000002818	Eftud2	unchanged_loop_count	2598	2883	-285	2	2	0	0	0	0	1	1	0	1	1	0
ENSRNOG00000017828	Egr3	unchanged_loop_count	2598	2883	-285	2	2	0	0	0	0	1	1	0	1	1	0
ENSRNOG00000008917	Ehbp1	unchanged_loop_count	2598	2883	-285	2	2	0	0	0	0	0	0	0	2	2	0
ENSRNOG00000011346	Ehd2	unchanged_loop_count	2598	2883	-285	2	2	0	0	0	0	0	0	0	2	2	0
ENSRNOG00000001770	Ehhadh	unchanged_loop_count	2598	2883	-285	2	2	0	0	0	0	0	0	0	2	2	0
ENSRNOG00000018375	Eif2b3	unchanged_loop_count	2598	2883	-285	2	2	0	0	0	0	0	0	0	2	2	0
ENSRNOG00000038160	Eif2b5	unchanged_loop_count	2598	2883	-285	2	2	0	0	0	0	1	1	0	1	1	0
ENSRNOG00000001253	Eif3b	unchanged_loop_count	2598	2883	-285	2	2	0	0	0	0	0	0	0	2	2	0
ENSRNOG00000018761	Eif3c	unchanged_loop_count	2598	2883	-285	2	2	0	1	1	0	0	0	0	1	1	0
ENSRNOG00000027690	Eif3el1	unchanged_loop_count	2598	2883	-285	2	2	0	0	0	0	1	1	0	1	1	0
ENSRNOG00000020619	Eif3g	decreased_loop_count	1472	2883	-1411	3	2	-1	0	0	0	1	0	-1	2	2	0
ENSRNOG00000014368	Eif4g3	increased_loop_count	4632	2883	1749	1	2	1	0	0	0	0	0	0	1	2	1
ENSRNOG00000065729	Eif5-ps1	unchanged_loop_count	2598	2883	-285	2	2	0	0	0	0	0	0	0	2	2	0
ENSRNOG00000033685	Elane	unchanged_loop_count	2598	2883	-285	2	2	0	0	0	0	2	2	0	0	0	0
ENSRNOG00000005818	Elapor2	unchanged_loop_count	2598	2883	-285	2	2	0	0	0	0	1	1	0	1	1	0
ENSRNOG00000007934	Elfn2	unchanged_loop_count	2598	2883	-285	2	2	0	0	0	0	2	2	0	0	0	0
ENSRNOG00000008246	Emilin1	unchanged_loop_count	2598	2883	-285	2	2	0	0	0	0	1	1	0	1	1	0
ENSRNOG00000037462	Eml6	unchanged_loop_count	2598	2883	-285	2	2	0	0	0	0	0	0	0	2	2	0
ENSRNOG00000002262	Enoph1	increased_loop_count	4632	2883	1749	1	2	1	0	0	0	1	2	1	0	0	0
ENSRNOG00000030622	Enox2	unchanged_loop_count	2598	2883	-285	2	2	0	0	0	0	1	1	0	1	1	0
ENSRNOG00000004089	Enpp2	unchanged_loop_count	2598	2883	-285	2	2	0	0	0	0	0	0	0	2	2	0
ENSRNOG00000004681	Eny2	unchanged_loop_count	2598	2883	-285	2	2	0	0	0	0	0	0	0	2	2	0
ENSRNOG00000042140	Eomes	new_gene_in_sensitivity	NA	2883	NA	0	2	2	0	0	0	0	1	1	0	1	1
ENSRNOG00000045952	Ephb4	unchanged_loop_count	2598	2883	-285	2	2	0	0	0	0	0	0	0	2	2	0
ENSRNOG00000003284	Epn3	unchanged_loop_count	2598	2883	-285	2	2	0	0	0	0	0	0	0	2	2	0
ENSRNOG00000048187	Epop	unchanged_loop_count	2598	2883	-285	2	2	0	0	0	0	0	0	0	2	2	0
ENSRNOG00000014248	Erbb4	unchanged_loop_count	2598	2883	-285	2	2	0	0	0	0	0	0	0	2	2	0
ENSRNOG00000001652	Erg	unchanged_loop_count	2598	2883	-285	2	2	0	0	0	0	0	0	0	2	2	0
ENSRNOG00000013763	Erlin2	unchanged_loop_count	2598	2883	-285	2	2	0	0	0	0	0	0	0	2	2	0
ENSRNOG00000018974	Ern2	increased_loop_count	4632	2883	1749	1	2	1	0	1	1	0	0	0	1	1	0
ENSRNOG00000009512	Esd	unchanged_loop_count	2598	2883	-285	2	2	0	0	0	0	0	0	0	2	2	0
ENSRNOG00000014856	Etnk1	unchanged_loop_count	2598	2883	-285	2	2	0	0	0	0	0	0	0	2	2	0
ENSRNOG00000014476	Evl	unchanged_loop_count	2598	2883	-285	2	2	0	0	0	0	0	0	0	2	2	0
ENSRNOG00000019766	Exoc8	unchanged_loop_count	2598	2883	-285	2	2	0	0	0	0	1	1	0	1	1	0
ENSRNOG00000009114	Fam110b	unchanged_loop_count	2598	2883	-285	2	2	0	0	0	0	0	0	0	2	2	0
ENSRNOG00000051051	Fam122a	unchanged_loop_count	2598	2883	-285	2	2	0	1	1	0	0	0	0	1	1	0
ENSRNOG00000016273	Fam136a	unchanged_loop_count	2598	2883	-285	2	2	0	1	1	0	1	1	0	0	0	0
ENSRNOG00000000275	Fam13c	unchanged_loop_count	2598	2883	-285	2	2	0	0	0	0	1	1	0	1	1	0
ENSRNOG00000017408	Fam160a2	new_gene_in_sensitivity	NA	2883	NA	0	2	2	0	0	0	0	1	1	0	1	1
ENSRNOG00000065438	Fam163b	unchanged_loop_count	2598	2883	-285	2	2	0	0	0	0	1	1	0	1	1	0
ENSRNOG00000022751	Fam205c	new_gene_in_sensitivity	NA	2883	NA	0	2	2	0	2	2	0	0	0	0	0	0
ENSRNOG00000004466	Fam210b	unchanged_loop_count	2598	2883	-285	2	2	0	0	0	0	0	0	0	2	2	0
ENSRNOG00000049615	Fam228b	unchanged_loop_count	2598	2883	-285	2	2	0	0	0	0	1	1	0	1	1	0
ENSRNOG00000067554	Fam234a	unchanged_loop_count	2598	2883	-285	2	2	0	0	0	0	0	0	0	2	2	0
ENSRNOG00000051000	Fam241b-ps1	unchanged_loop_count	2598	2883	-285	2	2	0	0	0	0	0	0	0	2	2	0
ENSRNOG00000017548	Fam53a	unchanged_loop_count	2598	2883	-285	2	2	0	0	0	0	1	1	0	1	1	0
ENSRNOG00000039383	Fam71f2	unchanged_loop_count	2598	2883	-285	2	2	0	1	1	0	1	1	0	0	0	0
ENSRNOG00000042747	Fam72a	unchanged_loop_count	2598	2883	-285	2	2	0	0	0	0	1	1	0	1	1	0
ENSRNOG00000020982	Faul1	unchanged_loop_count	2598	2883	-285	2	2	0	0	0	0	0	0	0	2	2	0
ENSRNOG00000001117	Fbxl18l1	unchanged_loop_count	2598	2883	-285	2	2	0	0	0	0	1	1	0	1	1	0
ENSRNOG00000017684	Fbxl22	new_gene_in_sensitivity	NA	2883	NA	0	2	2	0	0	0	0	0	0	0	2	2
ENSRNOG00000005261	Fbxl5	unchanged_loop_count	2598	2883	-285	2	2	0	0	0	0	0	0	0	2	2	0
ENSRNOG00000019942	Fbxo17	unchanged_loop_count	2598	2883	-285	2	2	0	0	0	0	1	1	0	1	1	0
ENSRNOG00000042274	Fbxo31	unchanged_loop_count	2598	2883	-285	2	2	0	0	0	0	0	0	0	2	2	0
ENSRNOG00000011704	Fbxo34	unchanged_loop_count	2598	2883	-285	2	2	0	0	0	0	2	2	0	0	0	0
ENSRNOG00000008815	Fbxo46	unchanged_loop_count	2598	2883	-285	2	2	0	1	1	0	1	1	0	0	0	0
ENSRNOG00000036882	Fbxo47	unchanged_loop_count	2598	2883	-285	2	2	0	0	0	0	0	0	0	2	2	0
ENSRNOG00000008214	Fbxo9	unchanged_loop_count	2598	2883	-285	2	2	0	0	0	0	2	2	0	0	0	0
ENSRNOG00000019319	Fchsd2	decreased_loop_count	1472	2883	-1411	3	2	-1	0	0	0	0	0	0	3	2	-1
ENSRNOG00000004441	Fcmr	unchanged_loop_count	2598	2883	-285	2	2	0	0	0	0	1	1	0	1	1	0
ENSRNOG00000017063	Fcna	decreased_loop_count	1472	2883	-1411	3	2	-1	1	1	0	1	0	-1	1	1	0
ENSRNOG00000018053	Fech	unchanged_loop_count	2598	2883	-285	2	2	0	0	0	0	0	0	0	2	2	0
ENSRNOG00000007092	Fgb	decreased_loop_count	447	2883	-2436	5	2	-3	2	1	-1	2	1	-1	1	0	-1
ENSRNOG00000059491	Fgd4	unchanged_loop_count	2598	2883	-285	2	2	0	0	0	0	0	0	0	2	2	0
ENSRNOG00000013867	Fgf1	unchanged_loop_count	2598	2883	-285	2	2	0	1	1	0	1	1	0	0	0	0
ENSRNOG00000003095	Fgfbp1	unchanged_loop_count	2598	2883	-285	2	2	0	0	0	0	2	2	0	0	0	0
ENSRNOG00000007541	Fhl3	unchanged_loop_count	2598	2883	-285	2	2	0	0	0	0	0	0	0	2	2	0
ENSRNOG00000002275	Fip1l1	unchanged_loop_count	2598	2883	-285	2	2	0	0	0	0	0	0	0	2	2	0
ENSRNOG00000006444	Fkbp4	unchanged_loop_count	2598	2883	-285	2	2	0	0	0	0	0	0	0	2	2	0
ENSRNOG00000003207	Fmnl1	unchanged_loop_count	2598	2883	-285	2	2	0	0	0	0	1	1	0	1	1	0
ENSRNOG00000055567	Fmnl2	new_gene_in_sensitivity	NA	2883	NA	0	2	2	0	0	0	0	0	0	0	2	2
ENSRNOG00000056297	Fmnl3	unchanged_loop_count	2598	2883	-285	2	2	0	1	1	0	1	1	0	0	0	0
ENSRNOG00000003510	Fmo2	unchanged_loop_count	2598	2883	-285	2	2	0	1	1	0	1	1	0	0	0	0
ENSRNOG00000030210	Fndc1	unchanged_loop_count	2598	2883	-285	2	2	0	1	1	0	1	1	0	0	0	0
ENSRNOG00000027833	Fnip2	unchanged_loop_count	2598	2883	-285	2	2	0	0	0	0	1	1	0	1	1	0
ENSRNOG00000068412	Fosl2	increased_loop_count	4632	2883	1749	1	2	1	0	0	0	0	0	0	1	2	1
ENSRNOG00000009284	Foxa1	unchanged_loop_count	2598	2883	-285	2	2	0	0	0	0	0	0	0	2	2	0
ENSRNOG00000007770	Foxe3	unchanged_loop_count	2598	2883	-285	2	2	0	0	0	0	0	0	0	2	2	0
ENSRNOG00000054508	Foxp2	unchanged_loop_count	2598	2883	-285	2	2	0	0	0	0	0	0	0	2	2	0
ENSRNOG00000008529	Foxs1	decreased_loop_count	1472	2883	-1411	3	2	-1	0	0	0	1	0	-1	2	2	0
ENSRNOG00000009548	Fpgt	unchanged_loop_count	2598	2883	-285	2	2	0	0	0	0	0	0	0	2	2	0
ENSRNOG00000042605	Fpr2	unchanged_loop_count	2598	2883	-285	2	2	0	0	0	0	0	0	0	2	2	0
ENSRNOG00000021670	Frem2	unchanged_loop_count	2598	2883	-285	2	2	0	0	0	0	2	2	0	0	0	0
ENSRNOG00000007764	Frmd4b	new_gene_in_sensitivity	NA	2883	NA	0	2	2	0	0	0	0	2	2	0	0	0
ENSRNOG00000027997	Ftdc2	unchanged_loop_count	2598	2883	-285	2	2	0	0	0	0	0	0	0	2	2	0
ENSRNOG00000033776	Ftl1l2	unchanged_loop_count	2598	2883	-285	2	2	0	0	0	0	1	1	0	1	1	0
ENSRNOG00000043370	Fubp1	unchanged_loop_count	2598	2883	-285	2	2	0	1	1	0	1	1	0	0	0	0
ENSRNOG00000011352	Furin	unchanged_loop_count	2598	2883	-285	2	2	0	1	1	0	1	1	0	0	0	0
ENSRNOG00000028611	Fusl1	unchanged_loop_count	2598	2883	-285	2	2	0	0	0	0	0	0	0	2	2	0
ENSRNOG00000014156	Fut7	unchanged_loop_count	2598	2883	-285	2	2	0	0	0	0	1	1	0	1	1	0
ENSRNOG00000019132	Fv1	unchanged_loop_count	2598	2883	-285	2	2	0	0	0	0	1	1	0	1	1	0
ENSRNOG00000021079	Fxyd1	decreased_loop_count	1472	2883	-1411	3	2	-1	1	1	0	1	0	-1	1	1	0
ENSRNOG00000016469	Fxyd2	unchanged_loop_count	2598	2883	-285	2	2	0	0	0	0	0	0	0	2	2	0
ENSRNOG00000013886	Fyb1	unchanged_loop_count	2598	2883	-285	2	2	0	0	0	0	1	1	0	1	1	0
ENSRNOG00000014678	Fzd5	increased_loop_count	4632	2883	1749	1	2	1	0	0	0	0	1	1	1	1	0
ENSRNOG00000053448	G6pc1	new_gene_in_sensitivity	NA	2883	NA	0	2	2	0	1	1	0	1	1	0	0	0
ENSRNOG00000016207	Galnt1	unchanged_loop_count	2598	2883	-285	2	2	0	0	0	0	1	1	0	1	1	0
ENSRNOG00000002488	Galnt10	unchanged_loop_count	2598	2883	-285	2	2	0	0	0	0	1	1	0	1	1	0
ENSRNOG00000019718	Galnt15	unchanged_loop_count	2598	2883	-285	2	2	0	0	0	0	2	2	0	0	0	0
ENSRNOG00000004589	Galnt16	unchanged_loop_count	2598	2883	-285	2	2	0	0	0	0	1	1	0	1	1	0
ENSRNOG00000019143	Galnt2	unchanged_loop_count	2598	2883	-285	2	2	0	0	0	0	0	0	0	2	2	0
ENSRNOG00000022129	Galp	unchanged_loop_count	2598	2883	-285	2	2	0	0	0	0	2	2	0	0	0	0
ENSRNOG00000026989	Gapt	unchanged_loop_count	2598	2883	-285	2	2	0	1	1	0	1	1	0	0	0	0
ENSRNOG00000061146	Gar1	unchanged_loop_count	2598	2883	-285	2	2	0	0	0	0	1	1	0	1	1	0
ENSRNOG00000011052	Gars	unchanged_loop_count	2598	2883	-285	2	2	0	0	0	0	0	0	0	2	2	0
ENSRNOG00000049361	Gas7	unchanged_loop_count	2598	2883	-285	2	2	0	0	0	0	2	2	0	0	0	0
ENSRNOG00000025676	Gask1a	unchanged_loop_count	2598	2883	-285	2	2	0	1	1	0	1	1	0	0	0	0
ENSRNOG00000019336	Gata3	unchanged_loop_count	2598	2883	-285	2	2	0	0	0	0	0	0	0	2	2	0
ENSRNOG00000022173	Gatad2a	unchanged_loop_count	2598	2883	-285	2	2	0	0	0	0	2	2	0	0	0	0
ENSRNOG00000001211	Gatd3a	unchanged_loop_count	2598	2883	-285	2	2	0	0	0	0	1	1	0	1	1	0
ENSRNOG00000026048	Gbf1	unchanged_loop_count	2598	2883	-285	2	2	0	1	1	0	0	0	0	1	1	0
ENSRNOG00000022110	Gcsam	unchanged_loop_count	2598	2883	-285	2	2	0	0	0	0	0	0	0	2	2	0
ENSRNOG00000018282	Gda	unchanged_loop_count	2598	2883	-285	2	2	0	0	0	0	1	1	0	1	1	0
ENSRNOG00000051993	Gdf10	unchanged_loop_count	2598	2883	-285	2	2	0	0	0	0	0	0	0	2	2	0
ENSRNOG00000002800	Gdpd2	unchanged_loop_count	2598	2883	-285	2	2	0	0	0	0	0	0	0	2	2	0
ENSRNOG00000064293	Gdpgp1	unchanged_loop_count	2598	2883	-285	2	2	0	0	0	0	0	0	0	2	2	0
ENSRNOG00000002919	Gfap	unchanged_loop_count	2598	2883	-285	2	2	0	0	0	0	1	1	0	1	1	0
ENSRNOG00000011353	Gfi1b	unchanged_loop_count	2598	2883	-285	2	2	0	0	0	0	0	0	0	2	2	0
ENSRNOG00000000486	Ggnbp1	unchanged_loop_count	2598	2883	-285	2	2	0	0	0	0	1	1	0	1	1	0
ENSRNOG00000018906	Ghdc	unchanged_loop_count	2598	2883	-285	2	2	0	0	0	0	0	0	0	2	2	0
ENSRNOG00000018040	Gins4	unchanged_loop_count	2598	2883	-285	2	2	0	1	1	0	0	0	0	1	1	0
ENSRNOG00000038328	Gjc2	unchanged_loop_count	2598	2883	-285	2	2	0	0	0	0	1	1	0	1	1	0
ENSRNOG00000012092	Gje1	unchanged_loop_count	2598	2883	-285	2	2	0	0	0	0	1	1	0	1	1	0
ENSRNOG00000011513	Gla	unchanged_loop_count	2598	2883	-285	2	2	0	0	0	0	1	1	0	1	1	0
ENSRNOG00000004206	Glrx5	unchanged_loop_count	2598	2883	-285	2	2	0	0	0	0	1	1	0	1	1	0
ENSRNOG00000070103	Gm13398	unchanged_loop_count	2598	2883	-285	2	2	0	1	1	0	1	1	0	0	0	0
ENSRNOG00000067094	Gm56451	unchanged_loop_count	2598	2883	-285	2	2	0	0	0	0	0	0	0	2	2	0
ENSRNOG00000014840	Gna14	unchanged_loop_count	2598	2883	-285	2	2	0	0	0	0	1	1	0	1	1	0
ENSRNOG00000025889	Gnas	unchanged_loop_count	2598	2883	-285	2	2	0	0	0	0	1	1	0	1	1	0
ENSRNOG00000011070	Gnb4	unchanged_loop_count	2598	2883	-285	2	2	0	1	1	0	1	1	0	0	0	0
ENSRNOG00000002011	Gnrhr	unchanged_loop_count	2598	2883	-285	2	2	0	0	0	0	0	0	0	2	2	0
ENSRNOG00000016356	Got1	unchanged_loop_count	2598	2883	-285	2	2	0	0	0	0	1	1	0	1	1	0
ENSRNOG00000001037	Gpalpp1	unchanged_loop_count	2598	2883	-285	2	2	0	0	0	0	0	0	0	2	2	0
ENSRNOG00000000848	Gpank1	unchanged_loop_count	2598	2883	-285	2	2	0	0	0	0	0	0	0	2	2	0
ENSRNOG00000025317	Gpatch11	unchanged_loop_count	2598	2883	-285	2	2	0	0	0	0	1	1	0	1	1	0
ENSRNOG00000046660	Gpc6	unchanged_loop_count	2598	2883	-285	2	2	0	0	0	0	0	0	0	2	2	0
ENSRNOG00000053201	Gpcpd1	unchanged_loop_count	2598	2883	-285	2	2	0	0	0	0	1	1	0	1	1	0
ENSRNOG00000004613	Gpm6b	increased_loop_count	4632	2883	1749	1	2	1	0	0	0	0	0	0	1	2	1
ENSRNOG00000046128	Gpr108	unchanged_loop_count	2598	2883	-285	2	2	0	1	1	0	0	0	0	1	1	0
ENSRNOG00000010718	Gpr153	unchanged_loop_count	2598	2883	-285	2	2	0	0	0	0	1	1	0	1	1	0
ENSRNOG00000016143	Gpr162	unchanged_loop_count	2598	2883	-285	2	2	0	0	0	0	1	1	0	1	1	0
ENSRNOG00000009766	Gpr180	unchanged_loop_count	2598	2883	-285	2	2	0	0	0	0	0	0	0	2	2	0
ENSRNOG00000004311	Gpr182	unchanged_loop_count	2598	2883	-285	2	2	0	0	0	0	1	1	0	1	1	0
ENSRNOG00000025094	Gpr183	unchanged_loop_count	2598	2883	-285	2	2	0	0	0	0	0	0	0	2	2	0
ENSRNOG00000038990	Gpr33-ps1	unchanged_loop_count	2598	2883	-285	2	2	0	0	0	0	0	0	0	2	2	0
ENSRNOG00000026953	Gpr88	unchanged_loop_count	2598	2883	-285	2	2	0	0	0	0	1	1	0	1	1	0
ENSRNOG00000046698	Gps1	unchanged_loop_count	2598	2883	-285	2	2	0	1	1	0	1	1	0	0	0	0
ENSRNOG00000013604	Gpx4	decreased_loop_count	1472	2883	-1411	3	2	-1	0	0	0	3	2	-1	0	0	0
ENSRNOG00000053406	Gramd1c	unchanged_loop_count	2598	2883	-285	2	2	0	0	0	0	0	0	0	2	2	0
ENSRNOG00000003616	Grem2	increased_loop_count	4632	2883	1749	1	2	1	0	0	0	0	1	1	1	1	0
ENSRNOG00000045816	Gria1	unchanged_loop_count	2598	2883	-285	2	2	0	0	0	0	0	0	0	2	2	0
ENSRNOG00000004013	Grip1	unchanged_loop_count	2598	2883	-285	2	2	0	0	0	0	1	1	0	1	1	0
ENSRNOG00000014290	Grm1	unchanged_loop_count	2598	2883	-285	2	2	0	0	0	0	1	1	0	1	1	0
ENSRNOG00000005662	Grm7	unchanged_loop_count	2598	2883	-285	2	2	0	0	0	0	1	1	0	1	1	0
ENSRNOG00000020417	Gsk3a	unchanged_loop_count	2598	2883	-285	2	2	0	2	2	0	0	0	0	0	0	0
ENSRNOG00000029726	Gstm1	unchanged_loop_count	2598	2883	-285	2	2	0	0	0	0	2	2	0	0	0	0
ENSRNOG00000019221	Gstm4	unchanged_loop_count	2598	2883	-285	2	2	0	0	0	0	0	0	0	2	2	0
ENSRNOG00000060939	Gstm5l	unchanged_loop_count	2598	2883	-285	2	2	0	0	0	0	1	1	0	1	1	0
ENSRNOG00000016703	Gtf2a1l	increased_loop_count	4632	2883	1749	1	2	1	0	0	0	0	0	0	1	2	1
ENSRNOG00000018230	Gtf2h2	decreased_loop_count	1472	2883	-1411	3	2	-1	1	0	-1	1	1	0	1	1	0
ENSRNOG00000018007	Gtf2h5	unchanged_loop_count	2598	2883	-285	2	2	0	0	0	0	0	0	0	2	2	0
ENSRNOG00000001482	Gtf2ird2	unchanged_loop_count	2598	2883	-285	2	2	0	0	0	0	1	1	0	1	1	0
ENSRNOG00000000586	Gtf3c6	unchanged_loop_count	2598	2883	-285	2	2	0	1	1	0	1	1	0	0	0	0
ENSRNOG00000069924	Gtsf1l	unchanged_loop_count	2598	2883	-285	2	2	0	0	0	0	0	0	0	2	2	0
ENSRNOG00000007931	Gucy2e	unchanged_loop_count	2598	2883	-285	2	2	0	0	0	0	1	1	0	1	1	0
ENSRNOG00000002928	Guk1	unchanged_loop_count	2598	2883	-285	2	2	0	0	0	0	1	1	0	1	1	0
ENSRNOG00000005234	Gxylt1	unchanged_loop_count	2598	2883	-285	2	2	0	0	0	0	1	1	0	1	1	0
ENSRNOG00000029096	Gykl1	unchanged_loop_count	2598	2883	-285	2	2	0	0	0	0	0	0	0	2	2	0
ENSRNOG00000047459	H1f4	unchanged_loop_count	2598	2883	-285	2	2	0	0	0	0	0	0	0	2	2	0
ENSRNOG00000069245	H2ac10	unchanged_loop_count	2598	2883	-285	2	2	0	0	0	0	1	1	0	1	1	0
ENSRNOG00000068614	H3c1	increased_loop_count	4632	2883	1749	1	2	1	0	0	0	0	1	1	1	1	0
ENSRNOG00000066835	H3c13	unchanged_loop_count	2598	2883	-285	2	2	0	0	0	0	1	1	0	1	1	0
ENSRNOG00000003220	H3f3a	unchanged_loop_count	2598	2883	-285	2	2	0	1	1	0	1	1	0	0	0	0
ENSRNOG00000065263	H4c14	unchanged_loop_count	2598	2883	-285	2	2	0	0	0	0	1	1	0	1	1	0
ENSRNOG00000043192	Hacd1	unchanged_loop_count	2598	2883	-285	2	2	0	0	0	0	2	2	0	0	0	0
ENSRNOG00000019630	Hacl1	unchanged_loop_count	2598	2883	-285	2	2	0	0	0	0	0	0	0	2	2	0
ENSRNOG00000019470	Hao2	unchanged_loop_count	2598	2883	-285	2	2	0	0	0	0	1	1	0	1	1	0
ENSRNOG00000014819	Hap1	unchanged_loop_count	2598	2883	-285	2	2	0	1	1	0	0	0	0	1	1	0
ENSRNOG00000049949	Hapln4	new_gene_in_sensitivity	NA	2883	NA	0	2	2	0	0	0	0	2	2	0	0	0
ENSRNOG00000059362	Has3	unchanged_loop_count	2598	2883	-285	2	2	0	1	1	0	0	0	0	1	1	0
ENSRNOG00000024266	Haus5	new_gene_in_sensitivity	NA	2883	NA	0	2	2	0	0	0	0	0	0	0	2	2
ENSRNOG00000046028	Haus6	unchanged_loop_count	2598	2883	-285	2	2	0	0	0	0	0	0	0	2	2	0
ENSRNOG00000052038	Haus8	unchanged_loop_count	2598	2883	-285	2	2	0	1	1	0	1	1	0	0	0	0
ENSRNOG00000029886	Hba-a2	unchanged_loop_count	2598	2883	-285	2	2	0	0	0	0	2	2	0	0	0	0
ENSRNOG00000006824	Hdac11	unchanged_loop_count	2598	2883	-285	2	2	0	0	0	0	0	0	0	2	2	0
ENSRNOG00000025926	Heatr5b	unchanged_loop_count	2598	2883	-285	2	2	0	0	0	0	1	1	0	1	1	0
ENSRNOG00000006905	Hectd1	unchanged_loop_count	2598	2883	-285	2	2	0	1	1	0	1	1	0	0	0	0
ENSRNOG00000001352	Hectd4	decreased_loop_count	1472	2883	-1411	3	2	-1	1	0	-1	0	0	0	2	2	0
ENSRNOG00000001793	Heg1	unchanged_loop_count	2598	2883	-285	2	2	0	0	0	0	1	1	0	1	1	0
ENSRNOG00000010893	Hes3	unchanged_loop_count	2598	2883	-285	2	2	0	1	1	0	0	0	0	1	1	0
ENSRNOG00000001448	Hip1	unchanged_loop_count	2598	2883	-285	2	2	0	0	0	0	1	1	0	1	1	0
ENSRNOG00000011358	Hipk3	unchanged_loop_count	2598	2883	-285	2	2	0	1	1	0	1	1	0	0	0	0
ENSRNOG00000046144	Hist1h2ail1	increased_loop_count	4632	2883	1749	1	2	1	0	0	0	0	1	1	1	1	0
ENSRNOG00000068516	Hist1h2ail1	unchanged_loop_count	2598	2883	-285	2	2	0	0	0	0	1	1	0	1	1	0
ENSRNOG00000060769	Hist1h2bd	decreased_loop_count	1472	2883	-1411	3	2	-1	0	0	0	2	1	-1	1	1	0
ENSRNOG00000070362	Hist1h2bg	unchanged_loop_count	2598	2883	-285	2	2	0	0	0	0	1	1	0	1	1	0
ENSRNOG00000068034	Hist1h2bo	decreased_loop_count	1472	2883	-1411	3	2	-1	0	0	0	2	1	-1	1	1	0
ENSRNOG00000046434	Hist1h3a	unchanged_loop_count	2598	2883	-285	2	2	0	0	0	0	1	1	0	1	1	0
ENSRNOG00000070513	Hist1h4m	unchanged_loop_count	2598	2883	-285	2	2	0	0	0	0	0	0	0	2	2	0
ENSRNOG00000048215	Hist2h4a	unchanged_loop_count	2598	2883	-285	2	2	0	0	0	0	1	1	0	1	1	0
ENSRNOG00000013326	Hmbox1	unchanged_loop_count	2598	2883	-285	2	2	0	0	0	0	1	1	0	1	1	0
ENSRNOG00000020601	Hmg20b	unchanged_loop_count	2598	2883	-285	2	2	0	1	1	0	1	1	0	0	0	0
ENSRNOG00000013167	Hmgb2l1	unchanged_loop_count	2598	2883	-285	2	2	0	0	0	0	0	0	0	2	2	0
ENSRNOG00000039876	Hnrnpa0	unchanged_loop_count	2598	2883	-285	2	2	0	0	0	0	0	0	0	2	2	0
ENSRNOG00000011175	Hnrnpa2b1	unchanged_loop_count	2598	2883	-285	2	2	0	0	0	0	2	2	0	0	0	0
ENSRNOG00000002270	Hnrnpdl	increased_loop_count	4632	2883	1749	1	2	1	0	0	0	1	2	1	0	0	0
ENSRNOG00000011661	Hnrnph2	unchanged_loop_count	2598	2883	-285	2	2	0	0	0	0	1	1	0	1	1	0
ENSRNOG00000019113	Hnrnpk	decreased_loop_count	1472	2883	-1411	3	2	-1	0	0	0	2	2	0	1	0	-1
ENSRNOG00000048337	Hnrnpr-ps2	unchanged_loop_count	2598	2883	-285	2	2	0	0	0	0	2	2	0	0	0	0
ENSRNOG00000020683	Hnrnpul1	unchanged_loop_count	2598	2883	-285	2	2	0	1	1	0	1	1	0	0	0	0
ENSRNOG00000014887	Homez	unchanged_loop_count	2598	2883	-285	2	2	0	0	0	0	0	0	0	2	2	0
ENSRNOG00000005628	Hoxa1	increased_loop_count	4632	2883	1749	1	2	1	0	0	0	0	1	1	1	1	0
ENSRNOG00000005968	Hoxa2	unchanged_loop_count	2598	2883	-285	2	2	0	0	0	0	1	1	0	1	1	0
ENSRNOG00000007573	Hoxb9	increased_loop_count	4632	2883	1749	1	2	1	0	0	0	0	0	0	1	2	1
ENSRNOG00000016199	Hoxc9	increased_loop_count	4632	2883	1749	1	2	1	0	0	0	0	1	1	1	1	0
ENSRNOG00000031406	Hps3	increased_loop_count	4632	2883	1749	1	2	1	0	0	0	0	0	0	1	2	1
ENSRNOG00000016611	Hras	unchanged_loop_count	2598	2883	-285	2	2	0	0	0	0	0	0	0	2	2	0
ENSRNOG00000039336	Hrct1	new_gene_in_sensitivity	NA	2883	NA	0	2	2	0	0	0	0	0	0	0	2	2
ENSRNOG00000007420	Hrh1	unchanged_loop_count	2598	2883	-285	2	2	0	0	0	0	0	0	0	2	2	0
ENSRNOG00000006062	Hs1bp3	unchanged_loop_count	2598	2883	-285	2	2	0	0	0	0	0	0	0	2	2	0
ENSRNOG00000014672	Hs3st6	new_gene_in_sensitivity	NA	2883	NA	0	2	2	0	1	1	0	1	1	0	0	0
ENSRNOG00000037886	Hs6st3	unchanged_loop_count	2598	2883	-285	2	2	0	0	0	0	0	0	0	2	2	0
ENSRNOG00000015212	Hspa14	unchanged_loop_count	2598	2883	-285	2	2	0	0	0	0	0	0	0	2	2	0
ENSRNOG00000034066	Hspa8	unchanged_loop_count	2598	2883	-285	2	2	0	1	1	0	0	0	0	1	1	0
ENSRNOG00000023546	Hspb1	unchanged_loop_count	2598	2883	-285	2	2	0	0	0	0	0	0	0	2	2	0
ENSRNOG00000010241	Hspb11	unchanged_loop_count	2598	2883	-285	2	2	0	0	0	0	1	1	0	1	1	0
ENSRNOG00000010254	Htr1a	unchanged_loop_count	2598	2883	-285	2	2	0	0	0	0	1	1	0	1	1	0
ENSRNOG00000000716	Htr1f	unchanged_loop_count	2598	2883	-285	2	2	0	0	0	0	0	0	0	2	2	0
ENSRNOG00000020533	Htra1	unchanged_loop_count	2598	2883	-285	2	2	0	0	0	0	0	0	0	2	2	0
ENSRNOG00000020679	Icam1	unchanged_loop_count	2598	2883	-285	2	2	0	0	0	0	1	1	0	1	1	0
ENSRNOG00000042078	Icam4	unchanged_loop_count	2598	2883	-285	2	2	0	0	0	0	1	1	0	1	1	0
ENSRNOG00000020694	Icam5	unchanged_loop_count	2598	2883	-285	2	2	0	0	0	0	1	1	0	1	1	0
ENSRNOG00000055572	Idh3g	unchanged_loop_count	2598	2883	-285	2	2	0	0	0	0	0	0	0	2	2	0
ENSRNOG00000000827	Ier3	unchanged_loop_count	2598	2883	-285	2	2	0	1	1	0	1	1	0	0	0	0
ENSRNOG00000002470	Ifi47	increased_loop_count	4632	2883	1749	1	2	1	0	0	0	1	1	0	0	1	1
ENSRNOG00000028594	Ifnar1	unchanged_loop_count	2598	2883	-285	2	2	0	0	0	0	0	0	0	2	2	0
ENSRNOG00000050997	Ifrd1	unchanged_loop_count	2598	2883	-285	2	2	0	0	0	0	1	1	0	1	1	0
ENSRNOG00000001958	Ift57	unchanged_loop_count	2598	2883	-285	2	2	0	0	0	0	1	1	0	1	1	0
ENSRNOG00000001294	Ift81	unchanged_loop_count	2598	2883	-285	2	2	0	0	0	0	0	0	0	2	2	0
ENSRNOG00000026267	Igbp1	unchanged_loop_count	2598	2883	-285	2	2	0	0	0	0	0	0	0	2	2	0
ENSRNOG00000030800	Igdcc3	new_gene_in_sensitivity	NA	2883	NA	0	2	2	0	2	2	0	0	0	0	0	0
ENSRNOG00000020369	Igf2	new_gene_in_sensitivity	NA	2883	NA	0	2	2	0	0	0	0	0	0	0	2	2
ENSRNOG00000058780	Igfbp1	unchanged_loop_count	2598	2883	-285	2	2	0	1	1	0	1	1	0	0	0	0
ENSRNOG00000013456	Ighmbp2	unchanged_loop_count	2598	2883	-285	2	2	0	0	0	0	1	1	0	1	1	0
ENSRNOG00000025990	Igll1	unchanged_loop_count	2598	2883	-285	2	2	0	0	0	0	0	0	0	2	2	0
ENSRNOG00000001525	Igsf11	increased_loop_count	4632	2883	1749	1	2	1	0	0	0	1	2	1	0	0	0
ENSRNOG00000023851	Igsf3	new_gene_in_sensitivity	NA	2883	NA	0	2	2	0	1	1	0	1	1	0	0	0
ENSRNOG00000028216	Igsf5	unchanged_loop_count	2598	2883	-285	2	2	0	0	0	0	0	0	0	2	2	0
ENSRNOG00000017277	Igsf6	unchanged_loop_count	2598	2883	-285	2	2	0	0	0	0	1	1	0	1	1	0
ENSRNOG00000018059	Ihh	unchanged_loop_count	2598	2883	-285	2	2	0	1	1	0	1	1	0	0	0	0
ENSRNOG00000019695	Il17b	increased_loop_count	4632	2883	1749	1	2	1	0	1	1	0	0	0	1	1	0
ENSRNOG00000016456	Il33	unchanged_loop_count	2598	2883	-285	2	2	0	0	0	0	0	0	0	2	2	0
ENSRNOG00000010278	Il6	unchanged_loop_count	2598	2883	-285	2	2	0	0	0	0	1	1	0	1	1	0
ENSRNOG00000014154	Ilf2	unchanged_loop_count	2598	2883	-285	2	2	0	1	1	0	1	1	0	0	0	0
ENSRNOG00000017460	Imp3	unchanged_loop_count	2598	2883	-285	2	2	0	0	0	0	1	1	0	1	1	0
ENSRNOG00000020248	Ina	unchanged_loop_count	2598	2883	-285	2	2	0	0	0	0	0	0	0	2	2	0
ENSRNOG00000007700	Inhbc	unchanged_loop_count	2598	2883	-285	2	2	0	0	0	0	0	0	0	2	2	0
ENSRNOG00000016532	Ino80c	unchanged_loop_count	2598	2883	-285	2	2	0	0	0	0	1	1	0	1	1	0
ENSRNOG00000015868	Insl6	new_gene_in_sensitivity	NA	2883	NA	0	2	2	0	0	0	0	0	0	0	2	2
ENSRNOG00000068937	Insm1	unchanged_loop_count	2598	2883	-285	2	2	0	0	0	0	1	1	0	1	1	0
ENSRNOG00000029986	Insr	unchanged_loop_count	2598	2883	-285	2	2	0	0	0	0	2	2	0	0	0	0
ENSRNOG00000012469	Ints14	unchanged_loop_count	2598	2883	-285	2	2	0	0	0	0	1	1	0	1	1	0
ENSRNOG00000027894	Iqgap3	unchanged_loop_count	2598	2883	-285	2	2	0	0	0	0	0	0	0	2	2	0
ENSRNOG00000017414	Irf7	unchanged_loop_count	2598	2883	-285	2	2	0	0	0	0	0	0	0	2	2	0
ENSRNOG00000031138	Irgm	unchanged_loop_count	2598	2883	-285	2	2	0	0	0	0	2	2	0	0	0	0
ENSRNOG00000005077	Isca2-ps1	unchanged_loop_count	2598	2883	-285	2	2	0	0	0	0	0	0	0	2	2	0
ENSRNOG00000010021	Isy1	unchanged_loop_count	2598	2883	-285	2	2	0	0	0	0	0	0	0	2	2	0
ENSRNOG00000006264	Itfg2	new_gene_in_sensitivity	NA	2883	NA	0	2	2	0	0	0	0	0	0	0	2	2
ENSRNOG00000004678	Itln1	unchanged_loop_count	2598	2883	-285	2	2	0	0	0	0	0	0	0	2	2	0
ENSRNOG00000005865	Itprid2	unchanged_loop_count	2598	2883	-285	2	2	0	0	0	0	0	0	0	2	2	0
ENSRNOG00000002001	Itsn1	unchanged_loop_count	2598	2883	-285	2	2	0	0	0	0	1	1	0	1	1	0
ENSRNOG00000002618	Ivns1abp	unchanged_loop_count	2598	2883	-285	2	2	0	0	0	0	0	0	0	2	2	0
ENSRNOG00000016286	Iyd	unchanged_loop_count	2598	2883	-285	2	2	0	0	0	0	0	0	0	2	2	0
ENSRNOG00000019894	Izumo1r	new_gene_in_sensitivity	NA	2883	NA	0	2	2	0	0	0	0	2	2	0	0	0
ENSRNOG00000014066	Jade1	unchanged_loop_count	2598	2883	-285	2	2	0	0	0	0	0	0	0	2	2	0
ENSRNOG00000018784	Jph3	new_gene_in_sensitivity	NA	2883	NA	0	2	2	0	0	0	0	0	0	0	2	2
ENSRNOG00000032951	Jsrp1	unchanged_loop_count	2598	2883	-285	2	2	0	0	0	0	2	2	0	0	0	0
ENSRNOG00000012204	KIAA0319l	unchanged_loop_count	2598	2883	-285	2	2	0	0	0	0	1	1	0	1	1	0
ENSRNOG00000001706	Kalrn	unchanged_loop_count	2598	2883	-285	2	2	0	1	1	0	0	0	0	1	1	0
ENSRNOG00000010643	Kank2	unchanged_loop_count	2598	2883	-285	2	2	0	1	1	0	1	1	0	0	0	0
ENSRNOG00000007230	Kank3	unchanged_loop_count	2598	2883	-285	2	2	0	0	0	0	1	1	0	1	1	0
ENSRNOG00000030814	Kb23	unchanged_loop_count	2598	2883	-285	2	2	0	0	0	0	1	1	0	1	1	0
ENSRNOG00000013809	Kbtbd2	unchanged_loop_count	2598	2883	-285	2	2	0	0	0	0	1	1	0	1	1	0
ENSRNOG00000064052	Kcna1	unchanged_loop_count	2598	2883	-285	2	2	0	0	0	0	2	2	0	0	0	0
ENSRNOG00000018285	Kcna2	unchanged_loop_count	2598	2883	-285	2	2	0	1	1	0	1	1	0	0	0	0
ENSRNOG00000055401	Kcnc1	unchanged_loop_count	2598	2883	-285	2	2	0	1	1	0	1	1	0	0	0	0
ENSRNOG00000067416	Kcnd2	increased_loop_count	4632	2883	1749	1	2	1	0	0	0	0	0	0	1	2	1
ENSRNOG00000054314	Kcng1	increased_loop_count	4632	2883	1749	1	2	1	0	0	0	1	2	1	0	0	0
ENSRNOG00000009872	Kcnh2	increased_loop_count	4632	2883	1749	1	2	1	0	0	0	1	1	0	0	1	1
ENSRNOG00000007528	Kcnh7	unchanged_loop_count	2598	2883	-285	2	2	0	0	0	0	0	0	0	2	2	0
ENSRNOG00000014152	Kcnip3	new_gene_in_sensitivity	NA	2883	NA	0	2	2	0	1	1	0	1	1	0	0	0
ENSRNOG00000032350	Kcnip4	unchanged_loop_count	2598	2883	-285	2	2	0	0	0	0	0	0	0	2	2	0
ENSRNOG00000032706	Kcnk18	unchanged_loop_count	2598	2883	-285	2	2	0	0	0	0	1	1	0	1	1	0
ENSRNOG00000054458	Kcnmb4	unchanged_loop_count	2598	2883	-285	2	2	0	0	0	0	1	1	0	1	1	0
ENSRNOG00000021831	Kcnrg	unchanged_loop_count	2598	2883	-285	2	2	0	0	0	0	0	0	0	2	2	0
ENSRNOG00000000231	Kctd17	unchanged_loop_count	2598	2883	-285	2	2	0	0	0	0	1	1	0	1	1	0
ENSRNOG00000023764	Kctd2	unchanged_loop_count	2598	2883	-285	2	2	0	0	0	0	2	2	0	0	0	0
ENSRNOG00000042384	Kctd7	unchanged_loop_count	2598	2883	-285	2	2	0	0	0	0	1	1	0	1	1	0
ENSRNOG00000007814	Kdm3a	unchanged_loop_count	2598	2883	-285	2	2	0	0	0	0	1	1	0	1	1	0
ENSRNOG00000037613	Kdm6b	unchanged_loop_count	2598	2883	-285	2	2	0	0	0	0	1	1	0	1	1	0
ENSRNOG00000012284	Khdrbs2	unchanged_loop_count	2598	2883	-285	2	2	0	0	0	0	2	2	0	0	0	0
ENSRNOG00000009539	Khdrbs3	unchanged_loop_count	2598	2883	-285	2	2	0	0	0	0	0	0	0	2	2	0
ENSRNOG00000007080	Kif12	unchanged_loop_count	2598	2883	-285	2	2	0	0	0	0	1	1	0	1	1	0
ENSRNOG00000014080	Kif23	unchanged_loop_count	2598	2883	-285	2	2	0	0	0	0	1	1	0	1	1	0
ENSRNOG00000019257	Kif27	unchanged_loop_count	2598	2883	-285	2	2	0	0	0	0	0	0	0	2	2	0
ENSRNOG00000038035	Kif4a	unchanged_loop_count	2598	2883	-285	2	2	0	0	0	0	0	0	0	2	2	0
ENSRNOG00000004680	Kif5c	unchanged_loop_count	2598	2883	-285	2	2	0	0	0	0	2	2	0	0	0	0
ENSRNOG00000002544	Kifap3	unchanged_loop_count	2598	2883	-285	2	2	0	0	0	0	0	0	0	2	2	0
ENSRNOG00000029441	Klhl2	new_gene_in_sensitivity	NA	2883	NA	0	2	2	0	0	0	0	1	1	0	1	1
ENSRNOG00000006814	Klrg2	unchanged_loop_count	2598	2883	-285	2	2	0	0	0	0	0	0	0	2	2	0
ENSRNOG00000064318	Kmt5a	unchanged_loop_count	2598	2883	-285	2	2	0	1	1	0	0	0	0	1	1	0
ENSRNOG00000015329	Kpna2	unchanged_loop_count	2598	2883	-285	2	2	0	0	0	0	0	0	0	2	2	0
ENSRNOG00000009275	Kpnb1	unchanged_loop_count	2598	2883	-285	2	2	0	0	0	0	1	1	0	1	1	0
ENSRNOG00000004035	Krr1	unchanged_loop_count	2598	2883	-285	2	2	0	0	0	0	0	0	0	2	2	0
ENSRNOG00000030876	Krt72	unchanged_loop_count	2598	2883	-285	2	2	0	0	0	0	1	1	0	1	1	0
ENSRNOG00000008436	Krt85	unchanged_loop_count	2598	2883	-285	2	2	0	0	0	0	0	0	0	2	2	0
ENSRNOG00000001218	Krtap10-8l1	unchanged_loop_count	2598	2883	-285	2	2	0	0	0	0	0	0	0	2	2	0
ENSRNOG00000012818	Ksr1	unchanged_loop_count	2598	2883	-285	2	2	0	0	0	0	1	1	0	1	1	0
ENSRNOG00000004857	L2hgdh	unchanged_loop_count	2598	2883	-285	2	2	0	0	0	0	0	0	0	2	2	0
ENSRNOG00000026716	LOC100360449	unchanged_loop_count	2598	2883	-285	2	2	0	0	0	0	0	0	0	2	2	0
ENSRNOG00000020093	LOC100360573	unchanged_loop_count	2598	2883	-285	2	2	0	0	0	0	0	0	0	2	2	0
ENSRNOG00000033346	LOC100361636	unchanged_loop_count	2598	2883	-285	2	2	0	0	0	0	1	1	0	1	1	0
ENSRNOG00000062464	LOC100364194	new_gene_in_sensitivity	NA	2883	NA	0	2	2	0	0	0	0	1	1	0	1	1
ENSRNOG00000019723	LOC100910990	unchanged_loop_count	2598	2883	-285	2	2	0	0	0	0	0	0	0	2	2	0
ENSRNOG00000070028	LOC100912027	unchanged_loop_count	2598	2883	-285	2	2	0	0	0	0	1	1	0	1	1	0
ENSRNOG00000051891	LOC100912489	unchanged_loop_count	2598	2883	-285	2	2	0	0	0	0	0	0	0	2	2	0
ENSRNOG00000004947	LOC102546572	unchanged_loop_count	2598	2883	-285	2	2	0	0	0	0	1	1	0	1	1	0
ENSRNOG00000060680	LOC102547830	unchanged_loop_count	2598	2883	-285	2	2	0	0	0	0	1	0	-1	1	2	1
ENSRNOG00000070155	LOC102548446	unchanged_loop_count	2598	2883	-285	2	2	0	0	0	0	1	1	0	1	1	0
ENSRNOG00000064418	LOC102548621	unchanged_loop_count	2598	2883	-285	2	2	0	0	0	0	0	0	0	2	2	0
ENSRNOG00000049198	LOC102549173	unchanged_loop_count	2598	2883	-285	2	2	0	0	0	0	0	0	0	2	2	0
ENSRNOG00000069775	LOC102549347	decreased_loop_count	1472	2883	-1411	3	2	-1	1	0	-1	1	1	0	1	1	0
ENSRNOG00000068387	LOC102549654	unchanged_loop_count	2598	2883	-285	2	2	0	0	0	0	2	2	0	0	0	0
ENSRNOG00000068159	LOC102551322	unchanged_loop_count	2598	2883	-285	2	2	0	0	0	0	0	0	0	2	2	0
ENSRNOG00000063437	LOC102551819	unchanged_loop_count	2598	2883	-285	2	2	0	0	0	0	1	1	0	1	1	0
ENSRNOG00000064224	LOC102552092	increased_loop_count	4632	2883	1749	1	2	1	0	0	0	0	0	0	1	2	1
ENSRNOG00000022257	LOC102552669	unchanged_loop_count	2598	2883	-285	2	2	0	0	0	0	1	1	0	1	1	0
ENSRNOG00000064282	LOC102554670	unchanged_loop_count	2598	2883	-285	2	2	0	0	0	0	0	0	0	2	2	0
ENSRNOG00000064271	LOC102555670	unchanged_loop_count	2598	2883	-285	2	2	0	0	0	0	0	0	0	2	2	0
ENSRNOG00000052433	LOC103691935	unchanged_loop_count	2598	2883	-285	2	2	0	0	0	0	0	0	0	2	2	0
ENSRNOG00000070277	LOC108349241	unchanged_loop_count	2598	2883	-285	2	2	0	0	0	0	0	0	0	2	2	0
ENSRNOG00000069698	LOC108349467	unchanged_loop_count	2598	2883	-285	2	2	0	0	0	0	0	0	0	2	2	0
ENSRNOG00000015936	LOC108349548	unchanged_loop_count	2598	2883	-285	2	2	0	0	0	0	1	1	0	1	1	0
ENSRNOG00000067538	LOC108351161	unchanged_loop_count	2598	2883	-285	2	2	0	1	1	0	1	1	0	0	0	0
ENSRNOG00000031736	LOC108351703	unchanged_loop_count	2598	2883	-285	2	2	0	0	0	0	0	0	0	2	2	0
ENSRNOG00000059358	LOC120093051	unchanged_loop_count	2598	2883	-285	2	2	0	0	0	0	0	0	0	2	2	0
ENSRNOG00000067744	LOC120093285	unchanged_loop_count	2598	2883	-285	2	2	0	0	0	0	0	0	0	2	2	0
ENSRNOG00000061723	LOC120093312	unchanged_loop_count	2598	2883	-285	2	2	0	0	0	0	0	0	0	2	2	0
ENSRNOG00000070179	LOC120093493	increased_loop_count	4632	2883	1749	1	2	1	0	0	0	0	1	1	1	1	0
ENSRNOG00000059105	LOC120093495	unchanged_loop_count	2598	2883	-285	2	2	0	0	0	0	0	0	0	2	2	0
ENSRNOG00000064830	LOC120093899	increased_loop_count	4632	2883	1749	1	2	1	0	0	0	0	1	1	1	1	0
ENSRNOG00000060779	LOC120093927	decreased_loop_count	1472	2883	-1411	3	2	-1	0	0	0	1	0	-1	2	2	0
ENSRNOG00000054019	LOC120093944	unchanged_loop_count	2598	2883	-285	2	2	0	0	0	0	0	0	0	2	2	0
ENSRNOG00000055237	LOC120093952	unchanged_loop_count	2598	2883	-285	2	2	0	0	0	0	0	0	0	2	2	0
ENSRNOG00000055844	LOC120093957	unchanged_loop_count	2598	2883	-285	2	2	0	0	0	0	0	0	0	2	2	0
ENSRNOG00000069470	LOC120093966	unchanged_loop_count	2598	2883	-285	2	2	0	0	0	0	0	0	0	2	2	0
ENSRNOG00000059581	LOC120094467	new_gene_in_sensitivity	NA	2883	NA	0	2	2	0	0	0	0	0	0	0	2	2
ENSRNOG00000051647	LOC120094486	new_gene_in_sensitivity	NA	2883	NA	0	2	2	0	0	0	0	1	1	0	1	1
ENSRNOG00000060576	LOC120094487	unchanged_loop_count	2598	2883	-285	2	2	0	0	0	0	0	0	0	2	2	0
ENSRNOG00000068232	LOC120094534	unchanged_loop_count	2598	2883	-285	2	2	0	0	0	0	1	1	0	1	1	0
ENSRNOG00000051613	LOC120094861	new_gene_in_sensitivity	NA	2883	NA	0	2	2	0	0	0	0	2	2	0	0	0
ENSRNOG00000065829	LOC120094977	unchanged_loop_count	2598	2883	-285	2	2	0	0	0	0	1	1	0	1	1	0
ENSRNOG00000054510	LOC120095350	unchanged_loop_count	2598	2883	-285	2	2	0	0	0	0	0	0	0	2	2	0
ENSRNOG00000056979	LOC120095368	unchanged_loop_count	2598	2883	-285	2	2	0	0	0	0	2	2	0	0	0	0
ENSRNOG00000055332	LOC120095371	unchanged_loop_count	2598	2883	-285	2	2	0	0	0	0	1	1	0	1	1	0
ENSRNOG00000058532	LOC120095372	unchanged_loop_count	2598	2883	-285	2	2	0	0	0	0	0	0	0	2	2	0
ENSRNOG00000053018	LOC120095388	unchanged_loop_count	2598	2883	-285	2	2	0	0	0	0	0	1	1	2	1	-1
ENSRNOG00000059300	LOC120095414	new_gene_in_sensitivity	NA	2883	NA	0	2	2	0	0	0	0	0	0	0	2	2
ENSRNOG00000054649	LOC120095416	unchanged_loop_count	2598	2883	-285	2	2	0	0	0	0	0	0	0	2	2	0
ENSRNOG00000053082	LOC120095429	unchanged_loop_count	2598	2883	-285	2	2	0	1	1	0	1	1	0	0	0	0
ENSRNOG00000068674	LOC120095439	unchanged_loop_count	2598	2883	-285	2	2	0	0	0	0	0	0	0	2	2	0
ENSRNOG00000057066	LOC120095735	increased_loop_count	4632	2883	1749	1	2	1	0	0	0	0	0	0	1	2	1
ENSRNOG00000058838	LOC120095750	unchanged_loop_count	2598	2883	-285	2	2	0	0	0	0	1	1	0	1	1	0
ENSRNOG00000068260	LOC120095807	unchanged_loop_count	2598	2883	-285	2	2	0	0	0	0	1	1	0	1	1	0
ENSRNOG00000061629	LOC120095819	unchanged_loop_count	2598	2883	-285	2	2	0	0	0	0	0	0	0	2	2	0
ENSRNOG00000056978	LOC120096111	new_gene_in_sensitivity	NA	2883	NA	0	2	2	0	0	0	0	0	0	0	2	2
ENSRNOG00000055283	LOC120096118	unchanged_loop_count	2598	2883	-285	2	2	0	0	0	0	1	1	0	1	1	0
ENSRNOG00000056104	LOC120096122	unchanged_loop_count	2598	2883	-285	2	2	0	0	0	0	1	1	0	1	1	0
ENSRNOG00000051902	LOC120096371	unchanged_loop_count	2598	2883	-285	2	2	0	0	0	0	1	1	0	1	1	0
ENSRNOG00000069994	LOC120096741	unchanged_loop_count	2598	2883	-285	2	2	0	0	0	0	0	0	0	2	2	0
ENSRNOG00000056124	LOC120096756	unchanged_loop_count	2598	2883	-285	2	2	0	0	0	0	0	0	0	2	2	0
ENSRNOG00000052335	LOC120096761	unchanged_loop_count	2598	2883	-285	2	2	0	0	0	0	2	2	0	0	0	0
ENSRNOG00000064187	LOC120096845	unchanged_loop_count	2598	2883	-285	2	2	0	0	0	0	0	0	0	2	2	0
ENSRNOG00000064005	LOC120096874	new_gene_in_sensitivity	NA	2883	NA	0	2	2	0	1	1	0	1	1	0	0	0
ENSRNOG00000055932	LOC120097226	unchanged_loop_count	2598	2883	-285	2	2	0	0	0	0	0	0	0	2	2	0
ENSRNOG00000052692	LOC120097227	unchanged_loop_count	2598	2883	-285	2	2	0	0	0	0	0	0	0	2	2	0
ENSRNOG00000066947	LOC120097593	unchanged_loop_count	2598	2883	-285	2	2	0	0	0	0	0	0	0	2	2	0
ENSRNOG00000051587	LOC120097604	unchanged_loop_count	2598	2883	-285	2	2	0	0	0	0	0	0	0	2	2	0
ENSRNOG00000059650	LOC120097621	unchanged_loop_count	2598	2883	-285	2	2	0	0	0	0	0	0	0	2	2	0
ENSRNOG00000060263	LOC120097665	increased_loop_count	4632	2883	1749	1	2	1	0	0	0	0	0	0	1	2	1
ENSRNOG00000062936	LOC120097971	unchanged_loop_count	2598	2883	-285	2	2	0	0	0	0	0	0	0	2	2	0
ENSRNOG00000061305	LOC120098009	unchanged_loop_count	2598	2883	-285	2	2	0	0	0	0	0	0	0	2	2	0
ENSRNOG00000069785	LOC120098014	unchanged_loop_count	2598	2883	-285	2	2	0	0	0	0	0	0	0	2	2	0
ENSRNOG00000054822	LOC120098044	new_gene_in_sensitivity	NA	2883	NA	0	2	2	0	0	0	0	0	0	0	2	2
ENSRNOG00000066854	LOC120098269	unchanged_loop_count	2598	2883	-285	2	2	0	0	0	0	1	1	0	1	1	0
ENSRNOG00000058981	LOC120098360	unchanged_loop_count	2598	2883	-285	2	2	0	0	0	0	1	1	0	1	1	0
ENSRNOG00000070403	LOC120098372	unchanged_loop_count	2598	2883	-285	2	2	0	0	0	0	0	0	0	2	2	0
ENSRNOG00000058384	LOC120098396	unchanged_loop_count	2598	2883	-285	2	2	0	0	0	0	0	0	0	2	2	0
ENSRNOG00000052496	LOC120098445	unchanged_loop_count	2598	2883	-285	2	2	0	0	0	0	0	0	0	2	2	0
ENSRNOG00000051781	LOC120098669	unchanged_loop_count	2598	2883	-285	2	2	0	0	0	0	0	0	0	2	2	0
ENSRNOG00000054676	LOC120098732	increased_loop_count	4632	2883	1749	1	2	1	0	0	0	0	1	1	1	1	0
ENSRNOG00000058615	LOC120100182	unchanged_loop_count	2598	2883	-285	2	2	0	1	1	0	0	0	0	1	1	0
ENSRNOG00000056351	LOC120100209	unchanged_loop_count	2598	2883	-285	2	2	0	0	0	0	0	0	0	2	2	0
ENSRNOG00000064592	LOC120100217	unchanged_loop_count	2598	2883	-285	2	2	0	0	0	0	0	0	0	2	2	0
ENSRNOG00000059438	LOC120100311	unchanged_loop_count	2598	2883	-285	2	2	0	1	1	0	0	0	0	1	1	0
ENSRNOG00000069040	LOC120100403	unchanged_loop_count	2598	2883	-285	2	2	0	2	2	0	0	0	0	0	0	0
ENSRNOG00000035046	LOC120100437	unchanged_loop_count	2598	2883	-285	2	2	0	1	1	0	1	1	0	0	0	0
ENSRNOG00000056695	LOC120100442	new_gene_in_sensitivity	NA	2883	NA	0	2	2	0	0	0	0	0	0	0	2	2
ENSRNOG00000066898	LOC120100471	unchanged_loop_count	2598	2883	-285	2	2	0	0	0	0	1	1	0	1	1	0
ENSRNOG00000067158	LOC120100492	increased_loop_count	4632	2883	1749	1	2	1	0	0	0	0	0	0	1	2	1
ENSRNOG00000069322	LOC120101140	increased_loop_count	4632	2883	1749	1	2	1	0	0	0	0	0	0	1	2	1
ENSRNOG00000065463	LOC120101166	unchanged_loop_count	2598	2883	-285	2	2	0	2	2	0	0	0	0	0	0	0
ENSRNOG00000058113	LOC120101212	new_gene_in_sensitivity	NA	2883	NA	0	2	2	0	0	0	0	0	0	0	2	2
ENSRNOG00000054541	LOC120101326	unchanged_loop_count	2598	2883	-285	2	2	0	0	0	0	0	0	0	2	2	0
ENSRNOG00000051873	LOC120101331	unchanged_loop_count	2598	2883	-285	2	2	0	0	0	0	1	1	0	1	1	0
ENSRNOG00000059609	LOC120101358	increased_loop_count	4632	2883	1749	1	2	1	0	0	0	1	1	0	0	1	1
ENSRNOG00000055839	LOC120101362	increased_loop_count	4632	2883	1749	1	2	1	0	0	0	0	0	0	1	2	1
ENSRNOG00000069926	LOC120101758	unchanged_loop_count	2598	2883	-285	2	2	0	0	0	0	0	0	0	2	2	0
ENSRNOG00000057181	LOC120102010	increased_loop_count	4632	2883	1749	1	2	1	0	0	0	0	0	0	1	2	1
ENSRNOG00000058773	LOC120102104	unchanged_loop_count	2598	2883	-285	2	2	0	0	0	0	0	0	0	2	2	0
ENSRNOG00000068422	LOC120102268	unchanged_loop_count	2598	2883	-285	2	2	0	0	0	0	1	1	0	1	1	0
ENSRNOG00000068282	LOC120102586	unchanged_loop_count	2598	2883	-285	2	2	0	0	0	0	0	0	0	2	2	0
ENSRNOG00000058095	LOC120102708	unchanged_loop_count	2598	2883	-285	2	2	0	0	0	0	0	0	0	2	2	0
ENSRNOG00000056744	LOC120103206	unchanged_loop_count	2598	2883	-285	2	2	0	0	0	0	2	2	0	0	0	0
ENSRNOG00000056078	LOC120103210	unchanged_loop_count	2598	2883	-285	2	2	0	0	0	0	0	0	0	2	2	0
ENSRNOG00000061673	LOC120103213	unchanged_loop_count	2598	2883	-285	2	2	0	0	0	0	1	1	0	1	1	0
ENSRNOG00000063504	LOC120103259	new_gene_in_sensitivity	NA	2883	NA	0	2	2	0	0	0	0	0	0	0	2	2
ENSRNOG00000053078	LOC120103286	unchanged_loop_count	2598	2883	-285	2	2	0	0	0	0	2	2	0	0	0	0
ENSRNOG00000053611	LOC120103297	unchanged_loop_count	2598	2883	-285	2	2	0	0	0	0	0	0	0	2	2	0
ENSRNOG00000053278	LOC120103350	unchanged_loop_count	2598	2883	-285	2	2	0	0	0	0	0	0	0	2	2	0
ENSRNOG00000069228	LOC120103380	new_gene_in_sensitivity	NA	2883	NA	0	2	2	0	0	0	0	0	0	0	2	2
ENSRNOG00000065971	LOC134486984	unchanged_loop_count	2598	2883	-285	2	2	0	0	0	0	2	2	0	0	0	0
ENSRNOG00000010478	LOC299282	decreased_loop_count	1472	2883	-1411	3	2	-1	0	0	0	1	0	-1	2	2	0
ENSRNOG00000057851	LOC680254	unchanged_loop_count	2598	2883	-285	2	2	0	0	0	0	1	1	0	1	1	0
ENSRNOG00000047118	LOC683897	unchanged_loop_count	2598	2883	-285	2	2	0	1	1	0	1	1	0	0	0	0
ENSRNOG00000005457	Lamp5	unchanged_loop_count	2598	2883	-285	2	2	0	0	0	0	2	2	0	0	0	0
ENSRNOG00000003289	Lap3	unchanged_loop_count	2598	2883	-285	2	2	0	0	0	0	0	0	0	2	2	0
ENSRNOG00000004132	Lasp1	unchanged_loop_count	2598	2883	-285	2	2	0	0	0	0	0	0	0	2	2	0
ENSRNOG00000065845	Lce7a	unchanged_loop_count	2598	2883	-285	2	2	0	0	0	0	1	1	0	1	1	0
ENSRNOG00000059166	Ldb3	new_gene_in_sensitivity	NA	2883	NA	0	2	2	0	0	0	0	0	0	0	2	2
ENSRNOG00000013000	Ldhb	unchanged_loop_count	2598	2883	-285	2	2	0	0	0	0	1	1	0	1	1	0
ENSRNOG00000060325	Lefty2	increased_loop_count	4632	2883	1749	1	2	1	0	0	0	0	0	0	1	2	1
ENSRNOG00000018621	Leng9	unchanged_loop_count	2598	2883	-285	2	2	0	0	0	0	0	0	0	2	2	0
ENSRNOG00000069605	Leng9	unchanged_loop_count	2598	2883	-285	2	2	0	0	0	0	0	0	0	2	2	0
ENSRNOG00000001250	Lfng	unchanged_loop_count	2598	2883	-285	2	2	0	1	1	0	1	1	0	0	0	0
ENSRNOG00000018046	Lgals8	unchanged_loop_count	2598	2883	-285	2	2	0	0	0	0	0	0	0	2	2	0
ENSRNOG00000021087	Lgi4	unchanged_loop_count	2598	2883	-285	2	2	0	1	1	0	0	0	0	1	1	0
ENSRNOG00000010551	Lhx2	unchanged_loop_count	2598	2883	-285	2	2	0	0	0	0	0	0	0	2	2	0
ENSRNOG00000001392	Lhx5	unchanged_loop_count	2598	2883	-285	2	2	0	0	0	0	0	0	0	2	2	0
ENSRNOG00000002759	Lias	unchanged_loop_count	2598	2883	-285	2	2	0	0	0	0	0	0	0	2	2	0
ENSRNOG00000007002	Lif	unchanged_loop_count	2598	2883	-285	2	2	0	0	0	0	1	1	0	1	1	0
ENSRNOG00000011696	Lifr	unchanged_loop_count	2598	2883	-285	2	2	0	0	0	0	1	1	0	1	1	0
ENSRNOG00000019077	Lipa	unchanged_loop_count	2598	2883	-285	2	2	0	0	0	0	0	0	0	2	2	0
ENSRNOG00000012988	Lix1	unchanged_loop_count	2598	2883	-285	2	2	0	0	0	0	1	1	0	1	1	0
ENSRNOG00000000230	Lmf1	unchanged_loop_count	2598	2883	-285	2	2	0	0	0	0	1	1	0	1	1	0
ENSRNOG00000025742	Lmnb2	unchanged_loop_count	2598	2883	-285	2	2	0	0	0	0	2	2	0	0	0	0
ENSRNOG00000046502	Lonp1	unchanged_loop_count	2598	2883	-285	2	2	0	1	1	0	1	1	0	0	0	0
ENSRNOG00000013092	Lonrf3	unchanged_loop_count	2598	2883	-285	2	2	0	0	0	0	1	1	0	1	1	0
ENSRNOG00000025053	Lrp1	unchanged_loop_count	2598	2883	-285	2	2	0	1	1	0	1	1	0	0	0	0
ENSRNOG00000011178	Lrp2bp	unchanged_loop_count	2598	2883	-285	2	2	0	0	0	0	1	1	0	1	1	0
ENSRNOG00000023274	Lrrc28	unchanged_loop_count	2598	2883	-285	2	2	0	0	0	0	1	1	0	1	1	0
ENSRNOG00000011555	Lrrc40	new_gene_in_sensitivity	NA	2883	NA	0	2	2	0	0	0	0	1	1	0	1	1
ENSRNOG00000009983	Lrrc42	unchanged_loop_count	2598	2883	-285	2	2	0	0	0	0	1	1	0	1	1	0
ENSRNOG00000029798	Lrrc4c	unchanged_loop_count	2598	2883	-285	2	2	0	0	0	0	1	1	0	1	1	0
ENSRNOG00000068038	Lrrc53	unchanged_loop_count	2598	2883	-285	2	2	0	0	0	0	0	0	0	2	2	0
ENSRNOG00000016697	Lrrc56	unchanged_loop_count	2598	2883	-285	2	2	0	0	0	0	0	0	0	2	2	0
ENSRNOG00000002121	Lrrc8d	unchanged_loop_count	2598	2883	-285	2	2	0	0	0	0	1	1	0	1	1	0
ENSRNOG00000021047	Lrrfip2	unchanged_loop_count	2598	2883	-285	2	2	0	0	0	0	2	2	0	0	0	0
ENSRNOG00000009555	Lrriq3	unchanged_loop_count	2598	2883	-285	2	2	0	0	0	0	0	0	0	2	2	0
ENSRNOG00000026466	Lrrtm3	unchanged_loop_count	2598	2883	-285	2	2	0	0	0	0	0	0	0	2	2	0
ENSRNOG00000023434	Lrtomt	unchanged_loop_count	2598	2883	-285	2	2	0	0	0	0	1	1	0	1	1	0
ENSRNOG00000005450	Lsm11	unchanged_loop_count	2598	2883	-285	2	2	0	0	0	0	1	1	0	1	1	0
ENSRNOG00000020894	Lsm12	unchanged_loop_count	2598	2883	-285	2	2	0	0	0	0	1	1	0	1	1	0
ENSRNOG00000019572	Lsm4	unchanged_loop_count	2598	2883	-285	2	2	0	1	1	0	1	1	0	0	0	0
ENSRNOG00000052634	Lsmem2	unchanged_loop_count	2598	2883	-285	2	2	0	1	1	0	1	1	0	0	0	0
ENSRNOG00000021053	Lsr	increased_loop_count	4632	2883	1749	1	2	1	0	0	0	1	1	0	0	1	1
ENSRNOG00000033090	Ltbp1	unchanged_loop_count	2598	2883	-285	2	2	0	0	0	0	1	1	0	1	1	0
ENSRNOG00000020488	Luc7l	unchanged_loop_count	2598	2883	-285	2	2	0	0	0	0	0	0	0	2	2	0
ENSRNOG00000027516	Ly6g5b	unchanged_loop_count	2598	2883	-285	2	2	0	0	0	0	0	0	0	2	2	0
ENSRNOG00000002950	Lyl1	unchanged_loop_count	2598	2883	-285	2	2	0	0	0	0	1	1	0	1	1	0
ENSRNOG00000016298	Lysmd3	decreased_loop_count	1472	2883	-1411	3	2	-1	1	0	-1	1	1	0	1	1	0
ENSRNOG00000001265	Mad1l1	unchanged_loop_count	2598	2883	-285	2	2	0	0	0	0	1	1	0	1	1	0
ENSRNOG00000019463	Mad2l1bp	unchanged_loop_count	2598	2883	-285	2	2	0	0	0	0	1	1	0	1	1	0
ENSRNOG00000031453	Manbal	unchanged_loop_count	2598	2883	-285	2	2	0	0	0	0	2	2	0	0	0	0
ENSRNOG00000007271	Map3k9	new_gene_in_sensitivity	NA	2883	NA	0	2	2	0	0	0	0	2	2	0	0	0
ENSRNOG00000012701	Map7	unchanged_loop_count	2598	2883	-285	2	2	0	0	0	0	0	0	0	2	2	0
ENSRNOG00000012982	Map9	increased_loop_count	4632	2883	1749	1	2	1	0	0	0	0	1	1	1	1	0
ENSRNOG00000002079	Mapk10	unchanged_loop_count	2598	2883	-285	2	2	0	1	1	0	0	0	0	1	1	0
ENSRNOG00000002823	Mapk9	unchanged_loop_count	2598	2883	-285	2	2	0	0	0	0	0	0	0	2	2	0
ENSRNOG00000004726	Mapkapk2	unchanged_loop_count	2598	2883	-285	2	2	0	0	0	0	0	0	0	2	2	0
ENSRNOG00000000579	Marcks	unchanged_loop_count	2598	2883	-285	2	2	0	0	0	0	1	1	0	1	1	0
ENSRNOG00000013520	Mat2a	decreased_loop_count	831	2883	-2052	4	2	-2	1	0	-1	2	1	-1	1	1	0
ENSRNOG00000006060	Matn2	unchanged_loop_count	2598	2883	-285	2	2	0	0	0	0	1	1	0	1	1	0
ENSRNOG00000025295	Mavs	increased_loop_count	4632	2883	1749	1	2	1	0	0	0	0	0	0	1	2	1
ENSRNOG00000004583	Mb	unchanged_loop_count	2598	2883	-285	2	2	0	0	0	0	1	1	0	1	1	0
ENSRNOG00000024040	Mb21d2	unchanged_loop_count	2598	2883	-285	2	2	0	0	0	0	2	2	0	0	0	0
ENSRNOG00000071078	Mblac1	unchanged_loop_count	2598	2883	-285	2	2	0	0	0	0	0	0	0	2	2	0
ENSRNOG00000050061	Mcart1	decreased_loop_count	1472	2883	-1411	3	2	-1	0	0	0	2	1	-1	1	1	0
ENSRNOG00000013293	Mccc1	increased_loop_count	4632	2883	1749	1	2	1	0	0	0	1	1	0	0	1	1
ENSRNOG00000016327	Mcee	increased_loop_count	4632	2883	1749	1	2	1	0	0	0	0	0	0	1	2	1
ENSRNOG00000018895	Mchr1	unchanged_loop_count	2598	2883	-285	2	2	0	1	1	0	1	1	0	0	0	0
ENSRNOG00000045920	Mcu	unchanged_loop_count	2598	2883	-285	2	2	0	0	0	0	1	1	0	1	1	0
ENSRNOG00000007053	Med7	unchanged_loop_count	2598	2883	-285	2	2	0	0	0	0	2	2	0	0	0	0
ENSRNOG00000000156	Megf6	unchanged_loop_count	2598	2883	-285	2	2	0	1	1	0	0	0	0	1	1	0
ENSRNOG00000067421	Meiosin	unchanged_loop_count	2598	2883	-285	2	2	0	1	1	0	1	1	0	0	0	0
ENSRNOG00000004606	Meis1	increased_loop_count	4632	2883	1749	1	2	1	0	0	0	1	2	1	0	0	0
ENSRNOG00000001739	Meltf	increased_loop_count	4632	2883	1749	1	2	1	1	1	0	0	0	0	0	1	1
ENSRNOG00000012366	Mesd	unchanged_loop_count	2598	2883	-285	2	2	0	0	0	0	0	0	0	2	2	0
ENSRNOG00000012947	Metap1	unchanged_loop_count	2598	2883	-285	2	2	0	0	0	0	0	0	0	2	2	0
ENSRNOG00000003042	Mettl13	unchanged_loop_count	2598	2883	-285	2	2	0	0	0	0	0	0	0	2	2	0
ENSRNOG00000015250	Mettl14	unchanged_loop_count	2598	2883	-285	2	2	0	0	0	0	2	2	0	0	0	0
ENSRNOG00000000589	Mfsd4b2l1	unchanged_loop_count	2598	2883	-285	2	2	0	0	0	0	0	0	0	2	2	0
ENSRNOG00000004234	Mgat2	unchanged_loop_count	2598	2883	-285	2	2	0	0	0	0	0	0	0	2	2	0
ENSRNOG00000003695	Mgat4d	unchanged_loop_count	2598	2883	-285	2	2	0	0	0	0	1	1	0	1	1	0
ENSRNOG00000028196	Mgme1	unchanged_loop_count	2598	2883	-285	2	2	0	0	0	0	1	1	0	1	1	0
ENSRNOG00000061857	Mgst2	unchanged_loop_count	2598	2883	-285	2	2	0	0	0	0	0	0	0	2	2	0
ENSRNOG00000059202	Mia3	new_gene_in_sensitivity	NA	2883	NA	0	2	2	0	1	1	0	1	1	0	0	0
ENSRNOG00000017564	Mib2	unchanged_loop_count	2598	2883	-285	2	2	0	0	0	0	1	1	0	1	1	0
ENSRNOG00000042524	Milr1	increased_loop_count	4632	2883	1749	1	2	1	0	0	0	0	0	0	1	2	1
ENSRNOG00000035532	Mir101-2	unchanged_loop_count	2598	2883	-285	2	2	0	0	0	0	1	1	0	1	1	0
ENSRNOG00000035471	Mir124-1	decreased_loop_count	1472	2883	-1411	3	2	-1	0	0	0	0	0	0	3	2	-1
ENSRNOG00000035643	Mir138-2	unchanged_loop_count	2598	2883	-285	2	2	0	0	0	0	0	0	0	2	2	0
ENSRNOG00000035633	Mir142	unchanged_loop_count	2598	2883	-285	2	2	0	0	0	0	0	0	0	2	2	0
ENSRNOG00000035603	Mir143	new_gene_in_sensitivity	NA	2883	NA	0	2	2	0	1	1	0	1	1	0	0	0
ENSRNOG00000035474	Mir145	unchanged_loop_count	2598	2883	-285	2	2	0	1	1	0	1	1	0	0	0	0
ENSRNOG00000035560	Mir150	unchanged_loop_count	2598	2883	-285	2	2	0	1	1	0	0	0	0	1	1	0
ENSRNOG00000035539	Mir152	decreased_loop_count	1472	2883	-1411	3	2	-1	0	0	0	0	0	0	3	2	-1
ENSRNOG00000041792	Mir1895	unchanged_loop_count	2598	2883	-285	2	2	0	1	1	0	0	0	0	1	1	0
ENSRNOG00000063469	Mir196b	unchanged_loop_count	2598	2883	-285	2	2	0	0	0	0	1	1	0	1	1	0
ENSRNOG00000035510	Mir196c	increased_loop_count	4632	2883	1749	1	2	1	0	0	0	0	0	0	1	2	1
ENSRNOG00000035620	Mir22	unchanged_loop_count	2598	2883	-285	2	2	0	0	0	0	1	1	0	1	1	0
ENSRNOG00000044314	Mir3084c	unchanged_loop_count	2598	2883	-285	2	2	0	0	0	0	0	0	0	2	2	0
ENSRNOG00000035567	Mir30c1	unchanged_loop_count	2598	2883	-285	2	2	0	0	0	0	1	1	0	1	1	0
ENSRNOG00000049574	Mir3102	unchanged_loop_count	2598	2883	-285	2	2	0	0	0	0	1	1	0	1	1	0
ENSRNOG00000035489	Mir3545	unchanged_loop_count	2598	2883	-285	2	2	0	0	0	0	1	1	0	1	1	0
ENSRNOG00000046739	Mir3564	new_gene_in_sensitivity	NA	2883	NA	0	2	2	0	0	0	0	0	0	0	2	2
ENSRNOG00000048292	Mir3593	unchanged_loop_count	2598	2883	-285	2	2	0	0	0	0	1	1	0	1	1	0
ENSRNOG00000035580	Mir3597-3	unchanged_loop_count	2598	2883	-285	2	2	0	1	1	0	0	0	0	1	1	0
ENSRNOG00000035622	Mir449a	unchanged_loop_count	2598	2883	-285	2	2	0	0	0	0	1	1	0	1	1	0
ENSRNOG00000036435	Mir449c	unchanged_loop_count	2598	2883	-285	2	2	0	0	0	0	1	1	0	1	1	0
ENSRNOG00000046320	Mir6315	unchanged_loop_count	2598	2883	-285	2	2	0	0	0	0	1	1	0	1	1	0
ENSRNOG00000046753	Mir6320	unchanged_loop_count	2598	2883	-285	2	2	0	0	0	0	0	0	0	2	2	0
ENSRNOG00000049963	Mir6325	unchanged_loop_count	2598	2883	-285	2	2	0	0	0	0	0	0	0	2	2	0
ENSRNOG00000046282	Mir6326	unchanged_loop_count	2598	2883	-285	2	2	0	0	0	0	1	1	0	1	1	0
ENSRNOG00000047361	Mir6329	unchanged_loop_count	2598	2883	-285	2	2	0	0	0	0	2	2	0	0	0	0
ENSRNOG00000035613	Mir7-1	increased_loop_count	4632	2883	1749	1	2	1	0	0	0	0	0	0	1	2	1
ENSRNOG00000040385	Mir760	unchanged_loop_count	2598	2883	-285	2	2	0	1	1	0	1	1	0	0	0	0
ENSRNOG00000035477	Mir8	unchanged_loop_count	2598	2883	-285	2	2	0	1	1	0	1	1	0	0	0	0
ENSRNOG00000035642	Mirlet7i	unchanged_loop_count	2598	2883	-285	2	2	0	1	1	0	1	1	0	0	0	0
ENSRNOG00000006705	Mkks	unchanged_loop_count	2598	2883	-285	2	2	0	0	0	0	0	0	0	2	2	0
ENSRNOG00000018938	Mkx	increased_loop_count	4632	2883	1749	1	2	1	0	1	1	0	0	0	1	1	0
ENSRNOG00000036608	Mlana	unchanged_loop_count	2598	2883	-285	2	2	0	0	0	0	1	1	0	1	1	0
ENSRNOG00000016589	Mlf2	unchanged_loop_count	2598	2883	-285	2	2	0	1	1	0	1	1	0	0	0	0
ENSRNOG00000019763	Mlph	unchanged_loop_count	2598	2883	-285	2	2	0	0	0	0	0	0	0	2	2	0
ENSRNOG00000001255	Mlxip	unchanged_loop_count	2598	2883	-285	2	2	0	1	1	0	1	1	0	0	0	0
ENSRNOG00000017539	Mmp9	unchanged_loop_count	2598	2883	-285	2	2	0	0	0	0	0	0	0	2	2	0
ENSRNOG00000057867	Mns1	unchanged_loop_count	2598	2883	-285	2	2	0	0	0	0	0	0	0	2	2	0
ENSRNOG00000018700	Mobp	unchanged_loop_count	2598	2883	-285	2	2	0	0	0	0	0	0	0	2	2	0
ENSRNOG00000014692	Mogat1	unchanged_loop_count	2598	2883	-285	2	2	0	0	0	0	1	1	0	1	1	0
ENSRNOG00000012415	Mpc1	unchanged_loop_count	2598	2883	-285	2	2	0	0	0	0	0	0	0	2	2	0
ENSRNOG00000061152	Mphosph8	unchanged_loop_count	2598	2883	-285	2	2	0	1	1	0	0	0	0	1	1	0
ENSRNOG00000010834	Mpped1	unchanged_loop_count	2598	2883	-285	2	2	0	0	0	0	0	0	0	2	2	0
ENSRNOG00000004863	Mpped2	unchanged_loop_count	2598	2883	-285	2	2	0	0	0	0	0	0	0	2	2	0
ENSRNOG00000003226	Mprip	increased_loop_count	4632	2883	1749	1	2	1	0	0	0	1	1	0	0	1	1
ENSRNOG00000005382	Mroh4	increased_loop_count	4632	2883	1749	1	2	1	0	1	1	1	1	0	0	0	0
ENSRNOG00000021005	Mrpl16	unchanged_loop_count	2598	2883	-285	2	2	0	0	0	0	0	0	0	2	2	0
ENSRNOG00000013845	Mrpl21	unchanged_loop_count	2598	2883	-285	2	2	0	0	0	0	1	1	0	1	1	0
ENSRNOG00000042720	Mrpl28	increased_loop_count	4632	2883	1749	1	2	1	0	0	0	0	0	0	1	2	1
ENSRNOG00000020659	Mrpl4	unchanged_loop_count	2598	2883	-285	2	2	0	0	0	0	1	1	0	1	1	0
ENSRNOG00000010540	Mrpl45	decreased_loop_count	1472	2883	-1411	3	2	-1	0	0	0	2	1	-1	1	1	0
ENSRNOG00000020975	Mrpl49	unchanged_loop_count	2598	2883	-285	2	2	0	0	0	0	0	0	0	2	2	0
ENSRNOG00000053615	Mrpl50	unchanged_loop_count	2598	2883	-285	2	2	0	0	0	0	1	1	0	1	1	0
ENSRNOG00000018531	Mrps11	unchanged_loop_count	2598	2883	-285	2	2	0	0	0	0	1	1	0	1	1	0
ENSRNOG00000017272	Mrps27	unchanged_loop_count	2598	2883	-285	2	2	0	0	0	0	1	1	0	1	1	0
ENSRNOG00000032630	Mrps28	unchanged_loop_count	2598	2883	-285	2	2	0	0	0	0	1	1	0	1	1	0
ENSRNOG00000025997	Mrrf	unchanged_loop_count	2598	2883	-285	2	2	0	1	1	0	1	1	0	0	0	0
ENSRNOG00000065772	Msantd7	unchanged_loop_count	2598	2883	-285	2	2	0	0	0	0	0	0	0	2	2	0
ENSRNOG00000013673	Msh3	unchanged_loop_count	2598	2883	-285	2	2	0	0	0	0	1	1	0	1	1	0
ENSRNOG00000004016	Msl3	unchanged_loop_count	2598	2883	-285	2	2	0	0	0	0	0	0	0	2	2	0
ENSRNOG00000030118	Msn	unchanged_loop_count	2598	2883	-285	2	2	0	1	1	0	0	0	0	1	1	0
ENSRNOG00000012440	Msra	increased_loop_count	4632	2883	1749	1	2	1	0	0	0	0	0	0	1	2	1
ENSRNOG00000068566	Msx1	unchanged_loop_count	2598	2883	-285	2	2	0	0	0	0	1	1	0	1	1	0
ENSRNOG00000018958	Mt3	unchanged_loop_count	2598	2883	-285	2	2	0	0	0	0	2	2	0	0	0	0
ENSRNOG00000006615	Mtap	unchanged_loop_count	2598	2883	-285	2	2	0	0	0	0	0	0	0	2	2	0
ENSRNOG00000053240	Mtcl2	unchanged_loop_count	2598	2883	-285	2	2	0	1	1	0	1	1	0	0	0	0
ENSRNOG00000005602	Mthfd1	increased_loop_count	4632	2883	1749	1	2	1	0	0	0	0	1	1	1	1	0
ENSRNOG00000008553	Mthfr	unchanged_loop_count	2598	2883	-285	2	2	0	0	0	0	1	1	0	1	1	0
ENSRNOG00000004161	Mtif2	unchanged_loop_count	2598	2883	-285	2	2	0	0	0	0	1	1	0	1	1	0
ENSRNOG00000028744	Mtnr1a	unchanged_loop_count	2598	2883	-285	2	2	0	1	1	0	1	1	0	0	0	0
ENSRNOG00000008972	Mtnr1b	unchanged_loop_count	2598	2883	-285	2	2	0	0	0	0	1	1	0	1	1	0
ENSRNOG00000037659	Mto1	unchanged_loop_count	2598	2883	-285	2	2	0	0	0	0	1	1	0	1	1	0
ENSRNOG00000017500	Mtss1l	unchanged_loop_count	2598	2883	-285	2	2	0	0	0	0	2	2	0	0	0	0
ENSRNOG00000010655	Mttp	unchanged_loop_count	2598	2883	-285	2	2	0	0	0	0	0	0	0	2	2	0
ENSRNOG00000017887	Mutyh	unchanged_loop_count	2598	2883	-285	2	2	0	0	0	0	0	0	0	2	2	0
ENSRNOG00000015033	Mxd4	new_gene_in_sensitivity	NA	2883	NA	0	2	2	0	1	1	0	1	1	0	0	0
ENSRNOG00000015236	Mybbp1a	unchanged_loop_count	2598	2883	-285	2	2	0	0	0	0	1	1	0	1	1	0
ENSRNOG00000027923	Mynn	unchanged_loop_count	2598	2883	-285	2	2	0	0	0	0	0	0	0	2	2	0
ENSRNOG00000048430	Myo18b	unchanged_loop_count	2598	2883	-285	2	2	0	1	1	0	1	1	0	0	0	0
ENSRNOG00000003276	Myo1d	unchanged_loop_count	2598	2883	-285	2	2	0	0	0	0	2	2	0	0	0	0
ENSRNOG00000016256	Myo9b	unchanged_loop_count	2598	2883	-285	2	2	0	1	1	0	1	1	0	0	0	0
ENSRNOG00000004269	Myt1l	unchanged_loop_count	2598	2883	-285	2	2	0	0	0	0	1	1	0	1	1	0
ENSRNOG00000015121	N4bp1	unchanged_loop_count	2598	2883	-285	2	2	0	0	0	0	0	0	0	2	2	0
ENSRNOG00000050827	NEWGENE	unchanged_loop_count	2598	2883	-285	2	2	0	0	0	0	1	1	0	1	1	0
ENSRNOG00000012959	Nab1	unchanged_loop_count	2598	2883	-285	2	2	0	0	0	0	0	0	0	2	2	0
ENSRNOG00000015416	Nabp1	unchanged_loop_count	2598	2883	-285	2	2	0	0	0	0	0	0	0	2	2	0
ENSRNOG00000002864	Nacc1	unchanged_loop_count	2598	2883	-285	2	2	0	1	1	0	0	0	0	1	1	0
ENSRNOG00000008064	Naga	unchanged_loop_count	2598	2883	-285	2	2	0	0	0	0	1	1	0	1	1	0
ENSRNOG00000038088	Nanos2	unchanged_loop_count	2598	2883	-285	2	2	0	1	1	0	0	0	0	1	1	0
ENSRNOG00000008945	Nans	unchanged_loop_count	2598	2883	-285	2	2	0	0	0	0	1	1	0	1	1	0
ENSRNOG00000001494	Napa	unchanged_loop_count	2598	2883	-285	2	2	0	1	1	0	1	1	0	0	0	0
ENSRNOG00000011476	Nars2	unchanged_loop_count	2598	2883	-285	2	2	0	0	0	0	0	0	0	2	2	0
ENSRNOG00000016454	Nasp	increased_loop_count	4632	2883	1749	1	2	1	0	0	0	0	0	0	1	2	1
ENSRNOG00000019201	Naxe	unchanged_loop_count	2598	2883	-285	2	2	0	0	0	0	2	2	0	0	0	0
ENSRNOG00000065312	Nbea	unchanged_loop_count	2598	2883	-285	2	2	0	0	0	0	0	0	0	2	2	0
ENSRNOG00000002126	Ncam2	unchanged_loop_count	2598	2883	-285	2	2	0	0	0	0	1	1	0	1	1	0
ENSRNOG00000038572	Ncapg	unchanged_loop_count	2598	2883	-285	2	2	0	0	0	0	0	0	0	2	2	0
ENSRNOG00000011751	Ncdn	unchanged_loop_count	2598	2883	-285	2	2	0	0	0	0	1	1	0	1	1	0
ENSRNOG00000013313	Nceh1	unchanged_loop_count	2598	2883	-285	2	2	0	1	1	0	1	1	0	0	0	0
ENSRNOG00000006940	Ncf4	unchanged_loop_count	2598	2883	-285	2	2	0	1	1	0	1	1	0	0	0	0
ENSRNOG00000007975	Ncoa2	unchanged_loop_count	2598	2883	-285	2	2	0	0	0	0	0	0	0	2	2	0
ENSRNOG00000064701	Ncs1	unchanged_loop_count	2598	2883	-285	2	2	0	0	0	0	1	1	0	1	1	0
ENSRNOG00000013562	Ndfip1	unchanged_loop_count	2598	2883	-285	2	2	0	0	0	0	1	1	0	1	1	0
ENSRNOG00000010389	Ndrg2	unchanged_loop_count	2598	2883	-285	2	2	0	0	0	0	1	1	0	1	1	0
ENSRNOG00000011849	Ndufs1	unchanged_loop_count	2598	2883	-285	2	2	0	0	0	0	0	0	0	2	2	0
ENSRNOG00000066027	Necab1	unchanged_loop_count	2598	2883	-285	2	2	0	0	0	0	0	0	0	2	2	0
ENSRNOG00000006403	Nectin1	increased_loop_count	4632	2883	1749	1	2	1	0	0	0	1	1	0	0	1	1
ENSRNOG00000018730	Nectin2	unchanged_loop_count	2598	2883	-285	2	2	0	1	1	0	1	1	0	0	0	0
ENSRNOG00000013658	Nefl	new_gene_in_sensitivity	NA	2883	NA	0	2	2	0	0	0	0	1	1	0	1	1
ENSRNOG00000010418	Nek1	unchanged_loop_count	2598	2883	-285	2	2	0	0	0	0	0	0	0	2	2	0
ENSRNOG00000042432	Nek11	new_gene_in_sensitivity	NA	2883	NA	0	2	2	0	0	0	0	0	0	0	2	2
ENSRNOG00000012866	Nek8	unchanged_loop_count	2598	2883	-285	2	2	0	1	1	0	1	1	0	0	0	0
ENSRNOG00000015474	Nelfa	unchanged_loop_count	2598	2883	-285	2	2	0	0	0	0	0	0	0	2	2	0
ENSRNOG00000016962	Neu2	unchanged_loop_count	2598	2883	-285	2	2	0	0	0	0	0	0	0	2	2	0
ENSRNOG00000027606	Neurl1b	unchanged_loop_count	2598	2883	-285	2	2	0	0	0	0	1	1	0	1	1	0
ENSRNOG00000008830	Nfe2l1	decreased_loop_count	1472	2883	-1411	3	2	-1	0	0	0	0	0	0	3	2	-1
ENSRNOG00000019907	Nfkbie	unchanged_loop_count	2598	2883	-285	2	2	0	1	1	0	1	1	0	0	0	0
ENSRNOG00000000839	Nfkbil1	decreased_loop_count	831	2883	-2052	4	2	-2	2	1	-1	2	1	-1	0	0	0
ENSRNOG00000016653	Ngef	unchanged_loop_count	2598	2883	-285	2	2	0	0	0	0	1	1	0	1	1	0
ENSRNOG00000006143	Ngly1	unchanged_loop_count	2598	2883	-285	2	2	0	0	0	0	1	1	0	1	1	0
ENSRNOG00000005166	Nhlh1	increased_loop_count	4632	2883	1749	1	2	1	0	0	0	0	0	0	1	2	1
ENSRNOG00000010843	Nhlrc3	unchanged_loop_count	2598	2883	-285	2	2	0	0	0	0	0	0	0	2	2	0
ENSRNOG00000070230	Nhlrc3	unchanged_loop_count	2598	2883	-285	2	2	0	0	0	0	0	0	0	2	2	0
ENSRNOG00000031834	Nkain4	increased_loop_count	4632	2883	1749	1	2	1	0	0	0	0	0	0	1	2	1
ENSRNOG00000016103	Nkd2	unchanged_loop_count	2598	2883	-285	2	2	0	1	1	0	0	0	0	1	1	0
ENSRNOG00000008644	Nkx2-1	increased_loop_count	4632	2883	1749	1	2	1	0	0	0	0	0	0	1	2	1
ENSRNOG00000021910	Nkx2-6	unchanged_loop_count	2598	2883	-285	2	2	0	0	0	0	1	1	0	1	1	0
ENSRNOG00000008704	Nlk	unchanged_loop_count	2598	2883	-285	2	2	0	0	0	0	0	0	0	2	2	0
ENSRNOG00000063464	Nme2-ps8	increased_loop_count	4632	2883	1749	1	2	1	0	1	1	1	1	0	0	0	0
ENSRNOG00000007128	Nop56	unchanged_loop_count	2598	2883	-285	2	2	0	0	0	0	0	0	0	2	2	0
ENSRNOG00000042929	Nos1ap	unchanged_loop_count	2598	2883	-285	2	2	0	0	0	0	1	1	0	1	1	0
ENSRNOG00000000442	Notch4	unchanged_loop_count	2598	2883	-285	2	2	0	0	0	0	0	0	0	2	2	0
ENSRNOG00000008176	Nppa	unchanged_loop_count	2598	2883	-285	2	2	0	1	1	0	1	1	0	0	0	0
ENSRNOG00000014684	Npr1	unchanged_loop_count	2598	2883	-285	2	2	0	1	1	0	1	1	0	0	0	0
ENSRNOG00000017820	Nqo2	new_gene_in_sensitivity	NA	2883	NA	0	2	2	0	0	0	0	2	2	0	0	0
ENSRNOG00000050690	Nr2e3	new_gene_in_sensitivity	NA	2883	NA	0	2	2	0	0	0	0	0	0	0	2	2
ENSRNOG00000010308	Nr2f2	unchanged_loop_count	2598	2883	-285	2	2	0	0	0	0	0	0	0	2	2	0
ENSRNOG00000005964	Nr4a3	unchanged_loop_count	2598	2883	-285	2	2	0	0	0	0	0	0	0	2	2	0
ENSRNOG00000023079	Nras	unchanged_loop_count	2598	2883	-285	2	2	0	0	0	0	0	0	0	2	2	0
ENSRNOG00000019093	Nrg2	increased_loop_count	4632	2883	1749	1	2	1	0	0	0	1	1	0	0	1	1
ENSRNOG00000015149	Nrg4	unchanged_loop_count	2598	2883	-285	2	2	0	0	0	0	0	0	0	2	2	0
ENSRNOG00000021103	Nrxn2	unchanged_loop_count	2598	2883	-285	2	2	0	0	0	0	1	1	0	1	1	0
ENSRNOG00000008604	Nsfl1c	unchanged_loop_count	2598	2883	-285	2	2	0	0	0	0	1	1	0	1	1	0
ENSRNOG00000017254	Nsun2	unchanged_loop_count	2598	2883	-285	2	2	0	0	0	0	2	2	0	0	0	0
ENSRNOG00000003650	Nt5c	new_gene_in_sensitivity	NA	2883	NA	0	2	2	0	0	0	0	0	0	0	2	2
ENSRNOG00000015283	Nt5c1a	unchanged_loop_count	2598	2883	-285	2	2	0	1	1	0	1	1	0	0	0	0
ENSRNOG00000068555	Nt5c1a	unchanged_loop_count	2598	2883	-285	2	2	0	1	1	0	1	1	0	0	0	0
ENSRNOG00000021016	Ntn5	unchanged_loop_count	2598	2883	-285	2	2	0	0	0	0	0	0	0	2	2	0
ENSRNOG00000000034	Nuak2	unchanged_loop_count	2598	2883	-285	2	2	0	2	2	0	0	0	0	0	0	0
ENSRNOG00000024929	Nudcd1	unchanged_loop_count	2598	2883	-285	2	2	0	0	0	0	0	0	0	2	2	0
ENSRNOG00000056148	Nudcd3	unchanged_loop_count	2598	2883	-285	2	2	0	0	0	0	1	1	0	1	1	0
ENSRNOG00000001260	Nudt1	unchanged_loop_count	2598	2883	-285	2	2	0	0	0	0	1	1	0	1	1	0
ENSRNOG00000009094	Nudt4	decreased_loop_count	831	2883	-2052	4	2	-2	1	0	-1	2	1	-1	1	1	0
ENSRNOG00000001033	Nufip1	unchanged_loop_count	2598	2883	-285	2	2	0	0	0	0	0	0	0	2	2	0
ENSRNOG00000028215	Nup160	unchanged_loop_count	2598	2883	-285	2	2	0	0	0	0	1	1	0	1	1	0
ENSRNOG00000052129	Nwd1	unchanged_loop_count	2598	2883	-285	2	2	0	0	0	0	0	0	0	2	2	0
ENSRNOG00000042658	Nxnl1	increased_loop_count	4632	2883	1749	1	2	1	0	1	1	1	1	0	0	0	0
ENSRNOG00000027847	Nxpe2	new_gene_in_sensitivity	NA	2883	NA	0	2	2	0	0	0	0	1	1	0	1	1
ENSRNOG00000024641	Nyap1	increased_loop_count	4632	2883	1749	1	2	1	0	1	1	1	1	0	0	0	0
ENSRNOG00000023765	Nyap2	unchanged_loop_count	2598	2883	-285	2	2	0	0	0	0	0	0	0	2	2	0
ENSRNOG00000001031	Ocm	unchanged_loop_count	2598	2883	-285	2	2	0	0	0	0	1	1	0	1	1	0
ENSRNOG00000052140	Ogg1	unchanged_loop_count	2598	2883	-285	2	2	0	0	0	0	0	0	0	2	2	0
ENSRNOG00000016403	Olah	unchanged_loop_count	2598	2883	-285	2	2	0	0	0	0	0	0	0	2	2	0
ENSRNOG00000021988	Olfr225	increased_loop_count	4632	2883	1749	1	2	1	0	0	0	0	0	0	1	2	1
ENSRNOG00000056219	Olr1	new_gene_in_sensitivity	NA	2883	NA	0	2	2	0	0	0	0	1	1	0	1	1
ENSRNOG00000001717	Opa1	unchanged_loop_count	2598	2883	-285	2	2	0	0	0	0	0	0	0	2	2	0
ENSRNOG00000025890	Opa3	decreased_loop_count	1472	2883	-1411	3	2	-1	1	0	-1	1	1	0	1	1	0
ENSRNOG00000064373	Opa3	decreased_loop_count	1472	2883	-1411	3	2	-1	1	0	-1	1	1	0	1	1	0
ENSRNOG00000003778	Opn3	unchanged_loop_count	2598	2883	-285	2	2	0	0	0	0	1	1	0	1	1	0
ENSRNOG00000012689	Opn5	unchanged_loop_count	2598	2883	-285	2	2	0	0	0	0	1	1	0	1	1	0
ENSRNOG00000064488	Or10ad1	unchanged_loop_count	2598	2883	-285	2	2	0	0	0	0	1	1	0	1	1	0
ENSRNOG00000002858	Or11l3	unchanged_loop_count	2598	2883	-285	2	2	0	0	0	0	0	0	0	2	2	0
ENSRNOG00000052378	Or1f12-ps1	unchanged_loop_count	2598	2883	-285	2	2	0	0	0	0	0	0	0	2	2	0
ENSRNOG00000069777	Or2v2c	new_gene_in_sensitivity	NA	2883	NA	0	2	2	0	0	0	0	1	1	0	1	1
ENSRNOG00000066651	Or5a3	new_gene_in_sensitivity	NA	2883	NA	0	2	2	0	0	0	0	0	0	0	2	2
ENSRNOG00000001336	Orai1	increased_loop_count	4632	2883	1749	1	2	1	0	0	0	0	1	1	1	1	0
ENSRNOG00000012558	Orc2	unchanged_loop_count	2598	2883	-285	2	2	0	0	0	0	0	0	0	2	2	0
ENSRNOG00000005021	Orc4	unchanged_loop_count	2598	2883	-285	2	2	0	0	0	0	0	0	0	2	2	0
ENSRNOG00000064999	Ormdl1	increased_loop_count	4632	2883	1749	1	2	1	0	0	0	0	0	0	1	2	1
ENSRNOG00000010011	Osbpl3	unchanged_loop_count	2598	2883	-285	2	2	0	0	0	0	1	1	0	1	1	0
ENSRNOG00000030316	Otogl	new_gene_in_sensitivity	NA	2883	NA	0	2	2	0	0	0	0	0	0	0	2	2
ENSRNOG00000010560	Otp	unchanged_loop_count	2598	2883	-285	2	2	0	0	0	0	1	1	0	1	1	0
ENSRNOG00000017037	Otud3	increased_loop_count	4632	2883	1749	1	2	1	0	1	1	0	0	0	1	1	0
ENSRNOG00000015503	Otud7a	unchanged_loop_count	2598	2883	-285	2	2	0	0	0	0	1	1	0	1	1	0
ENSRNOG00000009713	Oxa1l	unchanged_loop_count	2598	2883	-285	2	2	0	0	0	0	1	1	0	1	1	0
ENSRNOG00000005993	Oxsm	unchanged_loop_count	2598	2883	-285	2	2	0	0	0	0	1	1	0	1	1	0
ENSRNOG00000070777	P2ry4	unchanged_loop_count	2598	2883	-285	2	2	0	0	0	0	0	0	0	2	2	0
ENSRNOG00000036689	P4hb	increased_loop_count	4632	2883	1749	1	2	1	0	0	0	1	1	0	0	1	1
ENSRNOG00000042195	Pabpn1	new_gene_in_sensitivity	NA	2883	NA	0	2	2	0	1	1	0	1	1	0	0	0
ENSRNOG00000054603	Pacsin1	unchanged_loop_count	2598	2883	-285	2	2	0	0	0	0	1	1	0	1	1	0
ENSRNOG00000014204	Pacsin3	unchanged_loop_count	2598	2883	-285	2	2	0	0	0	0	0	0	0	2	2	0
ENSRNOG00000022288	Pafah2	unchanged_loop_count	2598	2883	-285	2	2	0	1	1	0	1	1	0	0	0	0
ENSRNOG00000029784	Pak1	unchanged_loop_count	2598	2883	-285	2	2	0	0	0	0	1	1	0	1	1	0
ENSRNOG00000010107	Palld	unchanged_loop_count	2598	2883	-285	2	2	0	0	0	0	0	0	0	2	2	0
ENSRNOG00000025286	Pank2	decreased_loop_count	1472	2883	-1411	3	2	-1	0	0	0	1	0	-1	2	2	0
ENSRNOG00000055530	Panx2	unchanged_loop_count	2598	2883	-285	2	2	0	0	0	0	0	0	0	2	2	0
ENSRNOG00000032437	Pard3	unchanged_loop_count	2598	2883	-285	2	2	0	0	0	0	1	1	0	1	1	0
ENSRNOG00000017746	Pard6a	unchanged_loop_count	2598	2883	-285	2	2	0	0	0	0	1	1	0	1	1	0
ENSRNOG00000002579	Parm1	unchanged_loop_count	2598	2883	-285	2	2	0	0	0	0	2	2	0	0	0	0
ENSRNOG00000007551	Patj	unchanged_loop_count	2598	2883	-285	2	2	0	0	0	0	1	1	0	1	1	0
ENSRNOG00000070119	Pbx1	unchanged_loop_count	2598	2883	-285	2	2	0	0	0	0	0	0	0	2	2	0
ENSRNOG00000021221	Pced1a	unchanged_loop_count	2598	2883	-285	2	2	0	0	0	0	1	1	0	1	1	0
ENSRNOG00000013250	Pdcd5	unchanged_loop_count	2598	2883	-285	2	2	0	0	0	0	1	1	0	1	1	0
ENSRNOG00000068327	Pdcd5	unchanged_loop_count	2598	2883	-285	2	2	0	0	0	0	1	1	0	1	1	0
ENSRNOG00000013286	Pdcl3	unchanged_loop_count	2598	2883	-285	2	2	0	0	0	0	0	0	0	2	2	0
ENSRNOG00000014443	Pde5a	unchanged_loop_count	2598	2883	-285	2	2	0	0	0	0	1	1	0	1	1	0
ENSRNOG00000017816	Pde6a	new_gene_in_sensitivity	NA	2883	NA	0	2	2	0	0	0	0	0	0	0	2	2
ENSRNOG00000013048	Pde7a	unchanged_loop_count	2598	2883	-285	2	2	0	0	0	0	0	0	0	2	2	0
ENSRNOG00000010695	Pdgfc	unchanged_loop_count	2598	2883	-285	2	2	0	0	0	0	1	1	0	1	1	0
ENSRNOG00000018461	Pdgfrb	unchanged_loop_count	2598	2883	-285	2	2	0	0	0	0	2	2	0	0	0	0
ENSRNOG00000050197	Pdia6	unchanged_loop_count	2598	2883	-285	2	2	0	0	0	0	0	0	0	2	2	0
ENSRNOG00000008543	Pdlim2	unchanged_loop_count	2598	2883	-285	2	2	0	0	0	0	1	1	0	1	1	0
ENSRNOG00000016419	Pdlim5	unchanged_loop_count	2598	2883	-285	2	2	0	1	1	0	1	1	0	0	0	0
ENSRNOG00000002838	Pdzd11	unchanged_loop_count	2598	2883	-285	2	2	0	0	0	0	0	0	0	2	2	0
ENSRNOG00000064140	Pdzd11	unchanged_loop_count	2598	2883	-285	2	2	0	0	0	0	0	0	0	2	2	0
ENSRNOG00000046996	Pea15	unchanged_loop_count	2598	2883	-285	2	2	0	0	0	0	1	1	0	1	1	0
ENSRNOG00000001136	Pebp1	unchanged_loop_count	2598	2883	-285	2	2	0	0	0	0	1	1	0	1	1	0
ENSRNOG00000013972	Pef1	new_gene_in_sensitivity	NA	2883	NA	0	2	2	0	0	0	0	0	0	0	2	2
ENSRNOG00000050386	Pfn4	unchanged_loop_count	2598	2883	-285	2	2	0	0	0	0	1	1	0	1	1	0
ENSRNOG00000060431	Pfpl	new_gene_in_sensitivity	NA	2883	NA	0	2	2	0	0	0	0	0	0	0	2	2
ENSRNOG00000006800	Pgap4	unchanged_loop_count	2598	2883	-285	2	2	0	0	0	0	0	0	0	2	2	0
ENSRNOG00000005650	Pgf	increased_loop_count	4632	2883	1749	1	2	1	0	0	0	1	1	0	0	1	1
ENSRNOG00000019639	Pgpep1	increased_loop_count	4632	2883	1749	1	2	1	1	1	0	0	1	1	0	0	0
ENSRNOG00000006004	Phc2	unchanged_loop_count	2598	2883	-285	2	2	0	0	0	0	1	1	0	1	1	0
ENSRNOG00000042522	Pheta2	unchanged_loop_count	2598	2883	-285	2	2	0	0	0	0	1	1	0	1	1	0
ENSRNOG00000018044	Phyh	unchanged_loop_count	2598	2883	-285	2	2	0	1	1	0	1	1	0	0	0	0
ENSRNOG00000015878	Pif1	new_gene_in_sensitivity	NA	2883	NA	0	2	2	0	1	1	0	1	1	0	0	0
ENSRNOG00000014866	Pign	increased_loop_count	4632	2883	1749	1	2	1	0	1	1	1	1	0	0	0	0
ENSRNOG00000000145	Pik3r3	unchanged_loop_count	2598	2883	-285	2	2	0	1	1	0	1	1	0	0	0	0
ENSRNOG00000048676	Pip5kl1	unchanged_loop_count	2598	2883	-285	2	2	0	0	0	0	1	1	0	1	1	0
ENSRNOG00000019194	Pitx3	increased_loop_count	4632	2883	1749	1	2	1	0	1	1	0	0	0	1	1	0
ENSRNOG00000000934	Piwil1	unchanged_loop_count	2598	2883	-285	2	2	0	1	1	0	1	1	0	0	0	0
ENSRNOG00000001153	Pla2g1b	new_gene_in_sensitivity	NA	2883	NA	0	2	2	0	0	0	0	0	0	0	2	2
ENSRNOG00000011263	Plac9	increased_loop_count	4632	2883	1749	1	2	1	0	0	0	0	1	1	1	1	0
ENSRNOG00000003033	Plcd3	increased_loop_count	4632	2883	1749	1	2	1	0	0	0	1	2	1	0	0	0
ENSRNOG00000010650	Plekhh1	unchanged_loop_count	2598	2883	-285	2	2	0	0	0	0	1	1	0	1	1	0
ENSRNOG00000009980	Plpp1	unchanged_loop_count	2598	2883	-285	2	2	0	0	0	0	1	1	0	1	1	0
ENSRNOG00000027940	Plppr3	new_gene_in_sensitivity	NA	2883	NA	0	2	2	0	0	0	0	2	2	0	0	0
ENSRNOG00000016872	Plppr4	unchanged_loop_count	2598	2883	-285	2	2	0	1	1	0	1	1	0	0	0	0
ENSRNOG00000006655	Plrg1	decreased_loop_count	447	2883	-2436	5	2	-3	2	1	-1	2	1	-1	1	0	-1
ENSRNOG00000005358	Pmm1	unchanged_loop_count	2598	2883	-285	2	2	0	1	1	0	1	1	0	0	0	0
ENSRNOG00000020696	Pmvk	increased_loop_count	4632	2883	1749	1	2	1	0	0	0	1	1	0	0	1	1
ENSRNOG00000008782	Pnisr	unchanged_loop_count	2598	2883	-285	2	2	0	0	0	0	1	1	0	1	1	0
ENSRNOG00000052022	Pnma3	unchanged_loop_count	2598	2883	-285	2	2	0	0	0	0	0	0	0	2	2	0
ENSRNOG00000014231	Pnoc	new_gene_in_sensitivity	NA	2883	NA	0	2	2	0	0	0	0	1	1	0	1	1
ENSRNOG00000024450	Poc1b	unchanged_loop_count	2598	2883	-285	2	2	0	0	0	0	0	0	0	2	2	0
ENSRNOG00000004242	Pole2	unchanged_loop_count	2598	2883	-285	2	2	0	0	0	0	0	0	0	2	2	0
ENSRNOG00000012111	Poli	unchanged_loop_count	2598	2883	-285	2	2	0	0	0	0	1	1	0	1	1	0
ENSRNOG00000019439	Polr2g	unchanged_loop_count	2598	2883	-285	2	2	0	0	0	0	2	2	0	0	0	0
ENSRNOG00000019492	Pomgnt2	unchanged_loop_count	2598	2883	-285	2	2	0	0	0	0	1	1	0	1	1	0
ENSRNOG00000055650	Pou2f2	unchanged_loop_count	2598	2883	-285	2	2	0	0	0	0	1	1	0	1	1	0
ENSRNOG00000063836	Pou3f2	unchanged_loop_count	2598	2883	-285	2	2	0	0	0	0	0	0	0	2	2	0
ENSRNOG00000012091	Ppa2	unchanged_loop_count	2598	2883	-285	2	2	0	0	0	0	1	1	0	1	1	0
ENSRNOG00000020608	Ppan	unchanged_loop_count	2598	2883	-285	2	2	0	0	0	0	0	0	0	2	2	0
ENSRNOG00000018711	Ppcdc	unchanged_loop_count	2598	2883	-285	2	2	0	0	0	0	2	2	0	0	0	0
ENSRNOG00000012722	Ppdpf	unchanged_loop_count	2598	2883	-285	2	2	0	0	0	0	1	1	0	1	1	0
ENSRNOG00000030667	Ppm1b	unchanged_loop_count	2598	2883	-285	2	2	0	1	1	0	1	1	0	0	0	0
ENSRNOG00000004314	Ppm1h	unchanged_loop_count	2598	2883	-285	2	2	0	0	0	0	0	0	0	2	2	0
ENSRNOG00000012481	Ppm1j	unchanged_loop_count	2598	2883	-285	2	2	0	0	0	0	1	1	0	1	1	0
ENSRNOG00000067239	Ppm1l	unchanged_loop_count	2598	2883	-285	2	2	0	0	0	0	1	1	0	1	1	0
ENSRNOG00000053828	Ppp1r12c	unchanged_loop_count	2598	2883	-285	2	2	0	0	0	0	0	0	0	2	2	0
ENSRNOG00000012653	Ppp1r13b	decreased_loop_count	831	2883	-2052	4	2	-2	1	1	0	2	1	-1	1	0	-1
ENSRNOG00000028404	Ppp1r1b	unchanged_loop_count	2598	2883	-285	2	2	0	1	1	0	1	1	0	0	0	0
ENSRNOG00000020620	Ppp1r32	unchanged_loop_count	2598	2883	-285	2	2	0	0	0	0	1	1	0	1	1	0
ENSRNOG00000014904	Ppp1r3e	unchanged_loop_count	2598	2883	-285	2	2	0	0	0	0	0	0	0	2	2	0
ENSRNOG00000016222	Ppp1r3g	unchanged_loop_count	2598	2883	-285	2	2	0	0	0	0	0	0	0	2	2	0
ENSRNOG00000008869	Ppp1r9a	unchanged_loop_count	2598	2883	-285	2	2	0	0	0	0	0	0	0	2	2	0
ENSRNOG00000018851	Ppp2r2b	increased_loop_count	4632	2883	1749	1	2	1	0	0	0	0	1	1	1	1	0
ENSRNOG00000009882	Ppp3ca	unchanged_loop_count	2598	2883	-285	2	2	0	0	0	0	0	0	0	2	2	0
ENSRNOG00000008674	Prdm11	unchanged_loop_count	2598	2883	-285	2	2	0	0	0	0	0	0	0	2	2	0
ENSRNOG00000002004	Prdm8	unchanged_loop_count	2598	2883	-285	2	2	0	0	0	0	0	0	0	2	2	0
ENSRNOG00000021493	Prdm9	unchanged_loop_count	2598	2883	-285	2	2	0	0	0	0	0	0	0	2	2	0
ENSRNOG00000046644	Prelid3b	unchanged_loop_count	2598	2883	-285	2	2	0	0	0	0	1	1	0	1	1	0
ENSRNOG00000003120	Prelp	unchanged_loop_count	2598	2883	-285	2	2	0	1	1	0	1	1	0	0	0	0
ENSRNOG00000007326	Prepl	unchanged_loop_count	2598	2883	-285	2	2	0	0	0	0	1	1	0	1	1	0
ENSRNOG00000009085	Prkag2	unchanged_loop_count	2598	2883	-285	2	2	0	0	0	0	0	0	0	2	2	0
ENSRNOG00000049876	Prkar1a	unchanged_loop_count	2598	2883	-285	2	2	0	0	0	0	0	0	0	2	2	0
ENSRNOG00000009079	Prkar2b	unchanged_loop_count	2598	2883	-285	2	2	0	0	0	0	0	0	0	2	2	0
ENSRNOG00000004873	Prkch	unchanged_loop_count	2598	2883	-285	2	2	0	1	1	0	0	0	0	1	1	0
ENSRNOG00000005289	Prkd3	unchanged_loop_count	2598	2883	-285	2	2	0	0	0	0	1	1	0	1	1	0
ENSRNOG00000014829	Prmt3	unchanged_loop_count	2598	2883	-285	2	2	0	0	0	0	1	1	0	1	1	0
ENSRNOG00000053804	Prmt8	unchanged_loop_count	2598	2883	-285	2	2	0	0	0	0	1	1	0	1	1	0
ENSRNOG00000021266	Prokr2	unchanged_loop_count	2598	2883	-285	2	2	0	0	0	0	0	0	0	2	2	0
ENSRNOG00000003671	Prop1	increased_loop_count	4632	2883	1749	1	2	1	0	0	0	0	0	0	1	2	1
ENSRNOG00000004145	Prorsd1	unchanged_loop_count	2598	2883	-285	2	2	0	0	0	0	1	1	0	1	1	0
ENSRNOG00000010980	Proser1	unchanged_loop_count	2598	2883	-285	2	2	0	0	0	0	0	0	0	2	2	0
ENSRNOG00000025629	Prpf3	increased_loop_count	4632	2883	1749	1	2	1	0	1	1	0	0	0	1	1	0
ENSRNOG00000049162	Prr15l	increased_loop_count	4632	2883	1749	1	2	1	0	1	1	1	1	0	0	0	0
ENSRNOG00000019744	Prr16	unchanged_loop_count	2598	2883	-285	2	2	0	0	0	0	0	0	0	2	2	0
ENSRNOG00000060193	Prr29	increased_loop_count	4632	2883	1749	1	2	1	0	0	0	0	1	1	1	1	0
ENSRNOG00000000852	Prrc2a	unchanged_loop_count	2598	2883	-285	2	2	0	1	1	0	1	1	0	0	0	0
ENSRNOG00000033690	Prss41	increased_loop_count	4632	2883	1749	1	2	1	0	0	0	1	1	0	0	1	1
ENSRNOG00000029814	Prtn3	increased_loop_count	4632	2883	1749	1	2	1	0	0	0	1	2	1	0	0	0
ENSRNOG00000019177	Psd2	unchanged_loop_count	2598	2883	-285	2	2	0	0	0	0	1	1	0	1	1	0
ENSRNOG00000018994	Psmc4	unchanged_loop_count	2598	2883	-285	2	2	0	1	1	0	0	0	0	1	1	0
ENSRNOG00000003117	Psmd12	unchanged_loop_count	2598	2883	-285	2	2	0	0	0	0	0	0	0	2	2	0
ENSRNOG00000014097	Psmd7	new_gene_in_sensitivity	NA	2883	NA	0	2	2	0	0	0	0	1	1	0	1	1
ENSRNOG00000016987	Pstpip2	unchanged_loop_count	2598	2883	-285	2	2	0	0	0	0	1	1	0	1	1	0
ENSRNOG00000013231	Ptafr	increased_loop_count	4632	2883	1749	1	2	1	0	0	0	0	0	0	1	2	1
ENSRNOG00000016334	Ptbp3	unchanged_loop_count	2598	2883	-285	2	2	0	0	0	0	0	0	0	2	2	0
ENSRNOG00000028403	Ptcd2	unchanged_loop_count	2598	2883	-285	2	2	0	0	0	0	1	1	0	1	1	0
ENSRNOG00000013240	Ptger4	unchanged_loop_count	2598	2883	-285	2	2	0	0	0	0	0	0	0	2	2	0
ENSRNOG00000015072	Ptgr1	unchanged_loop_count	2598	2883	-285	2	2	0	0	0	0	1	1	0	1	1	0
ENSRNOG00000016239	Ptgr3	unchanged_loop_count	2598	2883	-285	2	2	0	0	0	0	0	0	0	2	2	0
ENSRNOG00000007628	Ptp4a3	unchanged_loop_count	2598	2883	-285	2	2	0	1	1	0	1	1	0	0	0	0
ENSRNOG00000056915	Ptprq	unchanged_loop_count	2598	2883	-285	2	2	0	0	0	0	0	0	0	2	2	0
ENSRNOG00000004483	Ptprr	unchanged_loop_count	2598	2883	-285	2	2	0	0	0	0	1	1	0	1	1	0
ENSRNOG00000032656	Ptprt	unchanged_loop_count	2598	2883	-285	2	2	0	0	0	0	0	0	0	2	2	0
ENSRNOG00000009960	Puf60	unchanged_loop_count	2598	2883	-285	2	2	0	1	1	0	1	1	0	0	0	0
ENSRNOG00000012480	Pxylp1	unchanged_loop_count	2598	2883	-285	2	2	0	0	0	0	2	2	0	0	0	0
ENSRNOG00000006388	Pygl	unchanged_loop_count	2598	2883	-285	2	2	0	0	0	0	2	2	0	0	0	0
ENSRNOG00000015807	Pyroxd2	unchanged_loop_count	2598	2883	-285	2	2	0	0	0	0	0	0	0	2	2	0
ENSRNOG00000046473	Qrfp	increased_loop_count	4632	2883	1749	1	2	1	0	0	0	0	1	1	1	1	0
ENSRNOG00000026049	Qrsl1	unchanged_loop_count	2598	2883	-285	2	2	0	0	0	0	1	1	0	1	1	0
ENSRNOG00000016777	R3hcc1	new_gene_in_sensitivity	NA	2883	NA	0	2	2	0	1	1	0	1	1	0	0	0
ENSRNOG00000037566	RGD1560398	increased_loop_count	4632	2883	1749	1	2	1	0	0	0	0	1	1	1	1	0
ENSRNOG00000042054	RGD1565959	new_gene_in_sensitivity	NA	2883	NA	0	2	2	0	0	0	0	0	0	0	2	2
ENSRNOG00000051675	RNaseP_nuc	unchanged_loop_count	2598	2883	-285	2	2	0	0	0	0	0	0	0	2	2	0
ENSRNOG00000056093	RNaseP_nuc	unchanged_loop_count	2598	2883	-285	2	2	0	1	1	0	1	1	0	0	0	0
ENSRNOG00000056470	RNaseP_nuc	unchanged_loop_count	2598	2883	-285	2	2	0	0	0	0	1	1	0	1	1	0
ENSRNOG00000060256	RNaseP_nuc	unchanged_loop_count	2598	2883	-285	2	2	0	0	0	0	1	1	0	1	1	0
ENSRNOG00000032708	RT1-Bb	unchanged_loop_count	2598	2883	-285	2	2	0	0	0	0	0	0	0	2	2	0
ENSRNOG00000050183	RT1-CE1	unchanged_loop_count	2598	2883	-285	2	2	0	0	0	0	1	1	0	1	1	0
ENSRNOG00000048951	RT1-CE15	unchanged_loop_count	2598	2883	-285	2	2	0	0	0	0	2	2	0	0	0	0
ENSRNOG00000065311	RT1-CE15	unchanged_loop_count	2598	2883	-285	2	2	0	0	0	0	2	2	0	0	0	0
ENSRNOG00000065254	RT1-CE16	unchanged_loop_count	2598	2883	-285	2	2	0	0	0	0	2	2	0	0	0	0
ENSRNOG00000000723	RT1-CE5	unchanged_loop_count	2598	2883	-285	2	2	0	1	1	0	1	1	0	0	0	0
ENSRNOG00000000454	RT1-DOb	unchanged_loop_count	2598	2883	-285	2	2	0	0	0	0	0	0	0	2	2	0
ENSRNOG00000042189	Rab31	unchanged_loop_count	2598	2883	-285	2	2	0	0	0	0	1	1	0	1	1	0
ENSRNOG00000013035	Rab33b	unchanged_loop_count	2598	2883	-285	2	2	0	0	0	0	0	0	0	2	2	0
ENSRNOG00000001311	Rab36	unchanged_loop_count	2598	2883	-285	2	2	0	0	0	0	1	1	0	1	1	0
ENSRNOG00000008001	Rab3b	unchanged_loop_count	2598	2883	-285	2	2	0	0	0	0	1	1	0	1	1	0
ENSRNOG00000047960	Rab9b	unchanged_loop_count	2598	2883	-285	2	2	0	0	0	0	0	0	0	2	2	0
ENSRNOG00000004424	Rabif	unchanged_loop_count	2598	2883	-285	2	2	0	0	0	0	0	0	0	2	2	0
ENSRNOG00000018729	Rad9a	decreased_loop_count	1472	2883	-1411	3	2	-1	2	1	-1	1	1	0	0	0	0
ENSRNOG00000021480	Rad9b	increased_loop_count	4632	2883	1749	1	2	1	0	0	0	1	2	1	0	0	0
ENSRNOG00000021295	Rae1	unchanged_loop_count	2598	2883	-285	2	2	0	0	0	0	1	1	0	1	1	0
ENSRNOG00000010219	Ralgds	unchanged_loop_count	2598	2883	-285	2	2	0	1	1	0	0	0	0	1	1	0
ENSRNOG00000004980	Rangrf	increased_loop_count	4632	2883	1749	1	2	1	0	0	0	1	2	1	0	0	0
ENSRNOG00000007048	Rap1a	unchanged_loop_count	2598	2883	-285	2	2	0	0	0	0	1	1	0	1	1	0
ENSRNOG00000002652	Rap1gap2	unchanged_loop_count	2598	2883	-285	2	2	0	0	0	0	1	1	0	1	1	0
ENSRNOG00000051564	Rap2a	unchanged_loop_count	2598	2883	-285	2	2	0	0	0	0	1	1	0	1	1	0
ENSRNOG00000065432	Rap2b	unchanged_loop_count	2598	2883	-285	2	2	0	0	0	0	1	1	0	1	1	0
ENSRNOG00000059961	Rapgef3	new_gene_in_sensitivity	NA	2883	NA	0	2	2	0	0	0	0	1	1	0	1	1
ENSRNOG00000001516	Rapgef4	unchanged_loop_count	2598	2883	-285	2	2	0	0	0	0	0	0	0	2	2	0
ENSRNOG00000009995	Rapgef6	unchanged_loop_count	2598	2883	-285	2	2	0	0	0	0	0	0	0	2	2	0
ENSRNOG00000009972	Rara	unchanged_loop_count	2598	2883	-285	2	2	0	1	1	0	0	0	0	1	1	0
ENSRNOG00000014761	Rasd2	unchanged_loop_count	2598	2883	-285	2	2	0	1	1	0	1	1	0	0	0	0
ENSRNOG00000008951	Rasl10a	unchanged_loop_count	2598	2883	-285	2	2	0	1	1	0	1	1	0	0	0	0
ENSRNOG00000005342	Rassf5	unchanged_loop_count	2598	2883	-285	2	2	0	0	0	0	1	1	0	1	1	0
ENSRNOG00000016944	Rax	unchanged_loop_count	2598	2883	-285	2	2	0	0	0	0	0	0	0	2	2	0
ENSRNOG00000057245	Rbbp8nl	unchanged_loop_count	2598	2883	-285	2	2	0	0	0	0	2	2	0	0	0	0
ENSRNOG00000003386	Rbfox3	unchanged_loop_count	2598	2883	-285	2	2	0	0	0	0	2	2	0	0	0	0
ENSRNOG00000006763	Rbm18	unchanged_loop_count	2598	2883	-285	2	2	0	1	1	0	1	1	0	0	0	0
ENSRNOG00000009836	Rbm26	unchanged_loop_count	2598	2883	-285	2	2	0	0	0	0	0	0	0	2	2	0
ENSRNOG00000005468	Rbm28	unchanged_loop_count	2598	2883	-285	2	2	0	1	1	0	1	1	0	0	0	0
ENSRNOG00000013794	Rbp1	unchanged_loop_count	2598	2883	-285	2	2	0	0	0	0	1	1	0	1	1	0
ENSRNOG00000011391	Rbsn	unchanged_loop_count	2598	2883	-285	2	2	0	0	0	0	2	2	0	0	0	0
ENSRNOG00000015054	Rcbtb2	unchanged_loop_count	2598	2883	-285	2	2	0	0	0	0	0	0	0	2	2	0
ENSRNOG00000002546	Rchy1	unchanged_loop_count	2598	2883	-285	2	2	0	0	0	0	0	0	0	2	2	0
ENSRNOG00000043031	Rd3l	unchanged_loop_count	2598	2883	-285	2	2	0	0	0	0	0	0	0	2	2	0
ENSRNOG00000012602	Recql	unchanged_loop_count	2598	2883	-285	2	2	0	0	0	0	0	0	0	2	2	0
ENSRNOG00000015508	Relch	increased_loop_count	4632	2883	1749	1	2	1	0	1	1	1	1	0	0	0	0
ENSRNOG00000002192	Rell1	unchanged_loop_count	2598	2883	-285	2	2	0	0	0	0	0	0	0	2	2	0
ENSRNOG00000025075	Relt	unchanged_loop_count	2598	2883	-285	2	2	0	0	0	0	0	0	0	2	2	0
ENSRNOG00000001840	Rep15	increased_loop_count	4632	2883	1749	1	2	1	0	0	0	0	0	0	1	2	1
ENSRNOG00000059224	Reps1	unchanged_loop_count	2598	2883	-285	2	2	0	0	0	0	1	1	0	1	1	0
ENSRNOG00000017940	Rere	unchanged_loop_count	2598	2883	-285	2	2	0	0	0	0	0	0	0	2	2	0
ENSRNOG00000014751	Ret	unchanged_loop_count	2598	2883	-285	2	2	0	1	1	0	1	1	0	0	0	0
ENSRNOG00000020056	Retreg3	unchanged_loop_count	2598	2883	-285	2	2	0	0	0	0	2	2	0	0	0	0
ENSRNOG00000001816	Rfc4	unchanged_loop_count	2598	2883	-285	2	2	0	0	0	0	1	1	0	1	1	0
ENSRNOG00000050298	Rfng	unchanged_loop_count	2598	2883	-285	2	2	0	1	1	0	1	1	0	0	0	0
ENSRNOG00000015594	Rftn2	unchanged_loop_count	2598	2883	-285	2	2	0	0	0	0	0	0	0	2	2	0
ENSRNOG00000013389	Rgs7bp	unchanged_loop_count	2598	2883	-285	2	2	0	0	0	0	1	1	0	1	1	0
ENSRNOG00000001443	Rhbdd2	unchanged_loop_count	2598	2883	-285	2	2	0	0	0	0	0	0	0	2	2	0
ENSRNOG00000019412	Rhbg	unchanged_loop_count	2598	2883	-285	2	2	0	0	0	0	0	0	0	2	2	0
ENSRNOG00000000633	Rhobtb1	unchanged_loop_count	2598	2883	-285	2	2	0	0	0	0	1	1	0	1	1	0
ENSRNOG00000003081	Ribc1	unchanged_loop_count	2598	2883	-285	2	2	0	0	0	0	0	0	0	2	2	0
ENSRNOG00000030452	Rimbp3	decreased_loop_count	1472	2883	-1411	3	2	-1	1	0	-1	2	2	0	0	0	0
ENSRNOG00000012692	Riok2	unchanged_loop_count	2598	2883	-285	2	2	0	0	0	0	0	0	0	2	2	0
ENSRNOG00000010126	Riox1	unchanged_loop_count	2598	2883	-285	2	2	0	0	0	0	1	1	0	1	1	0
ENSRNOG00000016897	Rlbp1	unchanged_loop_count	2598	2883	-285	2	2	0	0	0	0	0	0	0	2	2	0
ENSRNOG00000060867	Rln1	increased_loop_count	4632	2883	1749	1	2	1	0	0	0	0	0	0	1	2	1
ENSRNOG00000012597	Rmc1	unchanged_loop_count	2598	2883	-285	2	2	0	0	0	0	1	1	0	1	1	0
ENSRNOG00000019108	Rmi1	decreased_loop_count	1472	2883	-1411	3	2	-1	0	0	0	2	2	0	1	0	-1
ENSRNOG00000025625	Rnase4	unchanged_loop_count	2598	2883	-285	2	2	0	0	0	0	1	1	0	1	1	0
ENSRNOG00000060821	Rnf114	unchanged_loop_count	2598	2883	-285	2	2	0	0	0	0	0	0	0	2	2	0
ENSRNOG00000045637	Rnf14	new_gene_in_sensitivity	NA	2883	NA	0	2	2	0	0	0	0	2	2	0	0	0
ENSRNOG00000026408	Rnf169	unchanged_loop_count	2598	2883	-285	2	2	0	0	0	0	1	1	0	1	1	0
ENSRNOG00000043329	Rnf180	unchanged_loop_count	2598	2883	-285	2	2	0	0	0	0	2	2	0	0	0	0
ENSRNOG00000004940	Rnf215	unchanged_loop_count	2598	2883	-285	2	2	0	1	1	0	1	1	0	0	0	0
ENSRNOG00000007720	Rnf26	unchanged_loop_count	2598	2883	-285	2	2	0	0	0	0	0	0	0	2	2	0
ENSRNOG00000000781	Rnf39	unchanged_loop_count	2598	2883	-285	2	2	0	0	0	0	1	1	0	1	1	0
ENSRNOG00000000968	Rnf6	unchanged_loop_count	2598	2883	-285	2	2	0	0	0	0	0	0	0	2	2	0
ENSRNOG00000020705	Rnls	unchanged_loop_count	2598	2883	-285	2	2	0	0	0	0	1	1	0	1	1	0
ENSRNOG00000055436	Rnu1-149	unchanged_loop_count	2598	2883	-285	2	2	0	0	0	0	1	1	0	1	1	0
ENSRNOG00000059004	Rnu2-72	unchanged_loop_count	2598	2883	-285	2	2	0	0	0	0	1	1	0	1	1	0
ENSRNOG00000054059	Rnu6-1267	unchanged_loop_count	2598	2883	-285	2	2	0	0	0	0	0	0	0	2	2	0
ENSRNOG00000052503	Rnu6-81	unchanged_loop_count	2598	2883	-285	2	2	0	0	0	0	0	0	0	2	2	0
ENSRNOG00000057704	Rnu6atac	unchanged_loop_count	2598	2883	-285	2	2	0	0	0	0	2	2	0	0	0	0
ENSRNOG00000013413	Rorb	unchanged_loop_count	2598	2883	-285	2	2	0	0	0	0	0	0	0	2	2	0
ENSRNOG00000008309	Rpa3	unchanged_loop_count	2598	2883	-285	2	2	0	0	0	0	0	0	0	2	2	0
ENSRNOG00000038085	Rpe	unchanged_loop_count	2598	2883	-285	2	2	0	0	0	0	1	1	0	1	1	0
ENSRNOG00000015969	Rpf1	unchanged_loop_count	2598	2883	-285	2	2	0	0	0	0	0	0	0	2	2	0
ENSRNOG00000062474	Rpl21l2	new_gene_in_sensitivity	NA	2883	NA	0	2	2	0	0	0	0	1	1	0	1	1
ENSRNOG00000069581	Rpl22	increased_loop_count	4632	2883	1749	1	2	1	0	0	0	0	1	1	1	1	0
ENSRNOG00000004107	Rpl23	unchanged_loop_count	2598	2883	-285	2	2	0	0	0	0	0	0	0	2	2	0
ENSRNOG00000023344	Rpl23a	unchanged_loop_count	2598	2883	-285	2	2	0	1	1	0	1	1	0	0	0	0
ENSRNOG00000011138	Rpl29	unchanged_loop_count	2598	2883	-285	2	2	0	0	0	0	1	1	0	1	1	0
ENSRNOG00000068679	Rpl30	new_gene_in_sensitivity	NA	2883	NA	0	2	2	0	0	0	0	0	0	0	2	2
ENSRNOG00000032835	Rpl39	new_gene_in_sensitivity	NA	2883	NA	0	2	2	0	0	0	0	0	0	0	2	2
ENSRNOG00000034237	Rpl39-ps12	new_gene_in_sensitivity	NA	2883	NA	0	2	2	0	0	0	0	0	0	0	2	2
ENSRNOG00000025936	Rpl6	unchanged_loop_count	2598	2883	-285	2	2	0	0	0	0	0	0	0	2	2	0
ENSRNOG00000001148	Rplp0	unchanged_loop_count	2598	2883	-285	2	2	0	1	1	0	1	1	0	0	0	0
ENSRNOG00000038025	Rpp38	unchanged_loop_count	2598	2883	-285	2	2	0	0	0	0	0	0	0	2	2	0
ENSRNOG00000063181	Rpp38	unchanged_loop_count	2598	2883	-285	2	2	0	0	0	0	0	0	0	2	2	0
ENSRNOG00000005109	Rprm	unchanged_loop_count	2598	2883	-285	2	2	0	0	0	0	0	0	0	2	2	0
ENSRNOG00000000490	Rps10	unchanged_loop_count	2598	2883	-285	2	2	0	0	0	0	1	1	0	1	1	0
ENSRNOG00000052141	Rps10l1	unchanged_loop_count	2598	2883	-285	2	2	0	0	0	0	0	0	0	2	2	0
ENSRNOG00000066637	Rps10l1	unchanged_loop_count	2598	2883	-285	2	2	0	0	0	0	0	0	0	2	2	0
ENSRNOG00000012174	Rps10l2	unchanged_loop_count	2598	2883	-285	2	2	0	1	1	0	1	1	0	0	0	0
ENSRNOG00000020595	Rps11	unchanged_loop_count	2598	2883	-285	2	2	0	1	1	0	0	0	0	1	1	0
ENSRNOG00000031439	Rps16l1	unchanged_loop_count	2598	2883	-285	2	2	0	0	0	0	0	0	0	2	2	0
ENSRNOG00000050473	Rps27l	unchanged_loop_count	2598	2883	-285	2	2	0	0	0	0	0	0	0	2	2	0
ENSRNOG00000032542	Rps29	increased_loop_count	4632	2883	1749	1	2	1	0	0	0	0	1	1	1	1	0
ENSRNOG00000019453	Rps5	unchanged_loop_count	2598	2883	-285	2	2	0	0	0	0	2	2	0	0	0	0
ENSRNOG00000013194	Rps6ka2	increased_loop_count	4632	2883	1749	1	2	1	0	1	1	0	0	0	1	1	0
ENSRNOG00000011568	Rspo3	unchanged_loop_count	2598	2883	-285	2	2	0	0	0	0	1	1	0	1	1	0
ENSRNOG00000027513	Rtel1	increased_loop_count	4632	2883	1749	1	2	1	0	0	0	0	1	1	1	1	0
ENSRNOG00000005083	Rtfdc1	unchanged_loop_count	2598	2883	-285	2	2	0	0	0	0	1	1	0	1	1	0
ENSRNOG00000000636	Rtkn2	unchanged_loop_count	2598	2883	-285	2	2	0	0	0	0	1	1	0	1	1	0
ENSRNOG00000067849	Rtkn2	unchanged_loop_count	2598	2883	-285	2	2	0	0	0	0	1	1	0	1	1	0
ENSRNOG00000045779	Rtl5	unchanged_loop_count	2598	2883	-285	2	2	0	0	0	0	1	1	0	1	1	0
ENSRNOG00000000279	Rtn4ip1	unchanged_loop_count	2598	2883	-285	2	2	0	0	0	0	1	1	0	1	1	0
ENSRNOG00000030920	Rtn4r	decreased_loop_count	831	2883	-2052	4	2	-2	2	1	-1	2	1	-1	0	0	0
ENSRNOG00000021513	Rtn4rl2	unchanged_loop_count	2598	2883	-285	2	2	0	1	1	0	0	0	0	1	1	0
ENSRNOG00000021992	Rtp1	unchanged_loop_count	2598	2883	-285	2	2	0	0	0	0	0	0	0	2	2	0
ENSRNOG00000038200	Rttn	unchanged_loop_count	2598	2883	-285	2	2	0	0	0	0	1	1	0	1	1	0
ENSRNOG00000003536	Rufy1	unchanged_loop_count	2598	2883	-285	2	2	0	0	0	0	0	0	0	2	2	0
ENSRNOG00000045843	Rusc2	unchanged_loop_count	2598	2883	-285	2	2	0	2	2	0	0	0	0	0	0	0
ENSRNOG00000017060	Ryr2	unchanged_loop_count	2598	2883	-285	2	2	0	0	0	0	1	1	0	1	1	0
ENSRNOG00000007099	S100pbp	unchanged_loop_count	2598	2883	-285	2	2	0	0	0	0	1	1	0	1	1	0
ENSRNOG00000014524	S1pr3	unchanged_loop_count	2598	2883	-285	2	2	0	0	0	0	0	0	0	2	2	0
ENSRNOG00000016432	Samd13	increased_loop_count	4632	2883	1749	1	2	1	0	0	0	1	1	0	0	1	1
ENSRNOG00000002575	Sap30l	unchanged_loop_count	2598	2883	-285	2	2	0	0	0	0	1	1	0	1	1	0
ENSRNOG00000013160	Sash1	unchanged_loop_count	2598	2883	-285	2	2	0	0	0	0	1	1	0	1	1	0
ENSRNOG00000004409	Sash3	new_gene_in_sensitivity	NA	2883	NA	0	2	2	0	0	0	0	0	0	0	2	2
ENSRNOG00000001064	Sbno1	unchanged_loop_count	2598	2883	-285	2	2	0	0	0	0	1	1	0	1	1	0
ENSRNOG00000059389	Scarna13	unchanged_loop_count	2598	2883	-285	2	2	0	0	0	0	1	1	0	1	1	0
ENSRNOG00000053606	Scarna6	unchanged_loop_count	2598	2883	-285	2	2	0	0	0	0	0	0	0	2	2	0
ENSRNOG00000013552	Scd	unchanged_loop_count	2598	2883	-285	2	2	0	0	0	0	0	0	0	2	2	0
ENSRNOG00000026110	Scml4	unchanged_loop_count	2598	2883	-285	2	2	0	0	0	0	0	0	0	2	2	0
ENSRNOG00000053122	Scn1a	increased_loop_count	4632	2883	1749	1	2	1	0	0	0	1	2	1	0	0	0
ENSRNOG00000016221	Scn2b	unchanged_loop_count	2598	2883	-285	2	2	0	1	1	0	0	0	0	1	1	0
ENSRNOG00000063505	Scn2b	unchanged_loop_count	2598	2883	-285	2	2	0	1	1	0	0	0	0	1	1	0
ENSRNOG00000057221	Scn3b	unchanged_loop_count	2598	2883	-285	2	2	0	1	1	0	1	1	0	0	0	0
ENSRNOG00000022229	Sdad1	new_gene_in_sensitivity	NA	2883	NA	0	2	2	0	0	0	0	2	2	0	0	0
ENSRNOG00000059947	Sdc1	unchanged_loop_count	2598	2883	-285	2	2	0	0	0	0	0	0	0	2	2	0
ENSRNOG00000011283	Sdhaf3	unchanged_loop_count	2598	2883	-285	2	2	0	0	0	0	0	0	0	2	2	0
ENSRNOG00000028087	Sdhaf4	unchanged_loop_count	2598	2883	-285	2	2	0	0	0	0	0	0	0	2	2	0
ENSRNOG00000001103	Sdk1	unchanged_loop_count	2598	2883	-285	2	2	0	0	0	0	0	0	0	2	2	0
ENSRNOG00000021014	Sec1	unchanged_loop_count	2598	2883	-285	2	2	0	0	0	0	0	0	0	2	2	0
ENSRNOG00000009042	Sec24c	unchanged_loop_count	2598	2883	-285	2	2	0	0	0	0	0	0	0	2	2	0
ENSRNOG00000005203	Sec61g	unchanged_loop_count	2598	2883	-285	2	2	0	0	0	0	0	0	0	2	2	0
ENSRNOG00000061231	Selenom	unchanged_loop_count	2598	2883	-285	2	2	0	2	2	0	0	0	0	0	0	0
ENSRNOG00000060120	Selenoo	unchanged_loop_count	2598	2883	-285	2	2	0	0	0	0	0	0	0	2	2	0
ENSRNOG00000016512	Sema3b	unchanged_loop_count	2598	2883	-285	2	2	0	1	1	0	1	1	0	0	0	0
ENSRNOG00000011977	Sema5a	unchanged_loop_count	2598	2883	-285	2	2	0	0	0	0	1	1	0	1	1	0
ENSRNOG00000001773	Senp2	increased_loop_count	4632	2883	1749	1	2	1	0	0	0	1	2	1	0	0	0
ENSRNOG00000049244	Sepsecs	unchanged_loop_count	2598	2883	-285	2	2	0	0	0	0	0	0	0	2	2	0
ENSRNOG00000029912	Sept5	increased_loop_count	4632	2883	1749	1	2	1	0	0	0	1	1	0	0	1	1
ENSRNOG00000002807	Septin9	unchanged_loop_count	2598	2883	-285	2	2	0	0	0	0	1	1	0	1	1	0
ENSRNOG00000017889	Serac1	unchanged_loop_count	2598	2883	-285	2	2	0	0	0	0	0	0	0	2	2	0
ENSRNOG00000009552	Serinc3	unchanged_loop_count	2598	2883	-285	2	2	0	1	1	0	1	1	0	0	0	0
ENSRNOG00000011141	Serpina11	unchanged_loop_count	2598	2883	-285	2	2	0	0	0	0	1	1	0	1	1	0
ENSRNOG00000029949	Serpina3a	decreased_loop_count	1472	2883	-1411	3	2	-1	0	0	0	1	0	-1	2	2	0
ENSRNOG00000070387	Serpinb3	unchanged_loop_count	2598	2883	-285	2	2	0	0	0	0	1	1	0	1	1	0
ENSRNOG00000000302	Sesn1	unchanged_loop_count	2598	2883	-285	2	2	0	2	2	0	0	0	0	0	0	0
ENSRNOG00000008173	Sesn3	unchanged_loop_count	2598	2883	-285	2	2	0	0	0	0	0	0	0	2	2	0
ENSRNOG00000016208	Setbp1	unchanged_loop_count	2598	2883	-285	2	2	0	0	0	0	1	1	0	1	1	0
ENSRNOG00000012447	Setd6	unchanged_loop_count	2598	2883	-285	2	2	0	0	0	0	0	0	0	2	2	0
ENSRNOG00000027098	Sez6l2	unchanged_loop_count	2598	2883	-285	2	2	0	0	0	0	0	0	0	2	2	0
ENSRNOG00000009465	Sfrp2	unchanged_loop_count	2598	2883	-285	2	2	0	0	0	0	1	1	0	1	1	0
ENSRNOG00000054957	Sfrp4	unchanged_loop_count	2598	2883	-285	2	2	0	0	0	0	1	1	0	1	1	0
ENSRNOG00000000931	Sfswap	unchanged_loop_count	2598	2883	-285	2	2	0	0	0	0	1	1	0	1	1	0
ENSRNOG00000024140	Sft2d1	unchanged_loop_count	2598	2883	-285	2	2	0	1	1	0	1	1	0	0	0	0
ENSRNOG00000013605	Sh2d6	unchanged_loop_count	2598	2883	-285	2	2	0	0	0	0	1	1	0	1	1	0
ENSRNOG00000004322	Sh3kbp1	unchanged_loop_count	2598	2883	-285	2	2	0	0	0	0	1	1	0	1	1	0
ENSRNOG00000014366	Shc3	unchanged_loop_count	2598	2883	-285	2	2	0	1	1	0	1	1	0	0	0	0
ENSRNOG00000037134	Shc4	unchanged_loop_count	2598	2883	-285	2	2	0	1	1	0	1	1	0	0	0	0
ENSRNOG00000028685	Shf	unchanged_loop_count	2598	2883	-285	2	2	0	0	0	0	0	0	0	2	2	0
ENSRNOG00000012478	Shox2	unchanged_loop_count	2598	2883	-285	2	2	0	0	0	0	0	0	0	2	2	0
ENSRNOG00000002208	Shroom3	unchanged_loop_count	2598	2883	-285	2	2	0	0	0	0	0	0	0	2	2	0
ENSRNOG00000045931	Sik3	increased_loop_count	4632	2883	1749	1	2	1	0	0	0	0	1	1	1	1	0
ENSRNOG00000017866	Sirt5	decreased_loop_count	1472	2883	-1411	3	2	-1	0	0	0	3	2	-1	0	0	0
ENSRNOG00000037680	Skint8	new_gene_in_sensitivity	NA	2883	NA	0	2	2	0	0	0	0	1	1	0	1	1
ENSRNOG00000013959	Skor1	decreased_loop_count	1472	2883	-1411	3	2	-1	0	0	0	0	0	0	3	2	-1
ENSRNOG00000018111	Slc12a5	unchanged_loop_count	2598	2883	-285	2	2	0	0	0	0	0	0	0	2	2	0
ENSRNOG00000005196	Slc12a6	unchanged_loop_count	2598	2883	-285	2	2	0	0	0	0	1	1	0	1	1	0
ENSRNOG00000016372	Slc12a7	increased_loop_count	4632	2883	1749	1	2	1	0	0	0	0	0	0	1	2	1
ENSRNOG00000018748	Slc16a11	decreased_loop_count	447	2883	-2436	5	2	-3	2	1	-1	2	1	-1	1	0	-1
ENSRNOG00000000245	Slc16a6	unchanged_loop_count	2598	2883	-285	2	2	0	0	0	0	1	1	0	1	1	0
ENSRNOG00000001232	Slc19a1	unchanged_loop_count	2598	2883	-285	2	2	0	0	0	0	0	0	0	2	2	0
ENSRNOG00000019490	Slc20a2	increased_loop_count	4632	2883	1749	1	2	1	0	0	0	0	1	1	1	1	0
ENSRNOG00000008169	Slc24a2	unchanged_loop_count	2598	2883	-285	2	2	0	0	0	0	1	1	0	1	1	0
ENSRNOG00000005158	Slc24a5	unchanged_loop_count	2598	2883	-285	2	2	0	0	0	0	0	0	0	2	2	0
ENSRNOG00000068493	Slc25a2	unchanged_loop_count	2598	2883	-285	2	2	0	1	1	0	1	1	0	0	0	0
ENSRNOG00000038398	Slc25a31	unchanged_loop_count	2598	2883	-285	2	2	0	1	1	0	1	1	0	0	0	0
ENSRNOG00000018552	Slc25a38	unchanged_loop_count	2598	2883	-285	2	2	0	1	1	0	0	0	0	1	1	0
ENSRNOG00000039278	Slc25a51l1	decreased_loop_count	1472	2883	-1411	3	2	-1	0	0	0	2	1	-1	1	1	0
ENSRNOG00000042387	Slc25a6	increased_loop_count	4632	2883	1749	1	2	1	0	0	0	0	1	1	1	1	0
ENSRNOG00000019752	Slc29a1	decreased_loop_count	1472	2883	-1411	3	2	-1	1	1	0	0	0	0	2	1	-1
ENSRNOG00000007284	Slc2a1	unchanged_loop_count	2598	2883	-285	2	2	0	0	0	0	0	0	0	2	2	0
ENSRNOG00000008376	Slc2a3	unchanged_loop_count	2598	2883	-285	2	2	0	1	1	0	0	0	0	1	1	0
ENSRNOG00000004749	Slc30a1	unchanged_loop_count	2598	2883	-285	2	2	0	0	0	0	2	2	0	0	0	0
ENSRNOG00000012287	Slc35e1	unchanged_loop_count	2598	2883	-285	2	2	0	0	0	0	0	0	0	2	2	0
ENSRNOG00000003403	Slc35f5	unchanged_loop_count	2598	2883	-285	2	2	0	0	0	0	1	1	0	1	1	0
ENSRNOG00000011455	Slc36a4	unchanged_loop_count	2598	2883	-285	2	2	0	0	0	0	0	0	0	2	2	0
ENSRNOG00000005291	Slc38a1	unchanged_loop_count	2598	2883	-285	2	2	0	1	1	0	0	0	0	1	1	0
ENSRNOG00000010375	Slc39a2	unchanged_loop_count	2598	2883	-285	2	2	0	0	0	0	2	2	0	0	0	0
ENSRNOG00000045821	Slc41a3	unchanged_loop_count	2598	2883	-285	2	2	0	0	0	0	1	1	0	1	1	0
ENSRNOG00000003835	Slc43a2	unchanged_loop_count	2598	2883	-285	2	2	0	2	2	0	0	0	0	0	0	0
ENSRNOG00000042332	Slc44a5	unchanged_loop_count	2598	2883	-285	2	2	0	1	1	0	0	0	0	1	1	0
ENSRNOG00000018229	Slc45a1	unchanged_loop_count	2598	2883	-285	2	2	0	0	0	0	2	2	0	0	0	0
ENSRNOG00000028879	Slc4a8	unchanged_loop_count	2598	2883	-285	2	2	0	0	0	0	1	1	0	1	1	0
ENSRNOG00000018525	Slc4a9	unchanged_loop_count	2598	2883	-285	2	2	0	1	1	0	1	1	0	0	0	0
ENSRNOG00000028889	Slc51b	unchanged_loop_count	2598	2883	-285	2	2	0	1	1	0	1	1	0	0	0	0
ENSRNOG00000017775	Slc5a1	unchanged_loop_count	2598	2883	-285	2	2	0	0	0	0	2	2	0	0	0	0
ENSRNOG00000017302	Slc6a3	unchanged_loop_count	2598	2883	-285	2	2	0	0	0	0	1	1	0	1	1	0
ENSRNOG00000003476	Slc6a4	unchanged_loop_count	2598	2883	-285	2	2	0	0	0	0	2	2	0	0	0	0
ENSRNOG00000018644	Slc6a7	unchanged_loop_count	2598	2883	-285	2	2	0	0	0	0	2	2	0	0	0	0
ENSRNOG00000011339	Slk	increased_loop_count	4632	2883	1749	1	2	1	0	0	0	1	1	0	0	1	1
ENSRNOG00000011307	Slmap	unchanged_loop_count	2598	2883	-285	2	2	0	1	1	0	1	1	0	0	0	0
ENSRNOG00000007430	Slx4ip	unchanged_loop_count	2598	2883	-285	2	2	0	0	0	0	0	0	0	2	2	0
ENSRNOG00000003139	Smc1a	unchanged_loop_count	2598	2883	-285	2	2	0	0	0	0	0	0	0	2	2	0
ENSRNOG00000011162	Smco4	unchanged_loop_count	2598	2883	-285	2	2	0	0	0	0	0	0	0	2	2	0
ENSRNOG00000070907	Smdt1	unchanged_loop_count	2598	2883	-285	2	2	0	0	0	0	1	1	0	1	1	0
ENSRNOG00000031995	Smim15	decreased_loop_count	1472	2883	-1411	3	2	-1	1	0	-1	1	1	0	1	1	0
ENSRNOG00000069860	Smim36	unchanged_loop_count	2598	2883	-285	2	2	0	0	0	0	1	1	0	1	1	0
ENSRNOG00000043197	Smim45	unchanged_loop_count	2598	2883	-285	2	2	0	0	0	0	0	0	0	2	2	0
ENSRNOG00000066597	Smim47	unchanged_loop_count	2598	2883	-285	2	2	0	0	0	0	1	1	0	1	1	0
ENSRNOG00000014833	Smndc1	unchanged_loop_count	2598	2883	-285	2	2	0	0	0	0	1	1	0	1	1	0
ENSRNOG00000025799	Smokl1	unchanged_loop_count	2598	2883	-285	2	2	0	0	0	0	0	0	0	2	2	0
ENSRNOG00000021255	Smox	new_gene_in_sensitivity	NA	2883	NA	0	2	2	0	0	0	0	2	2	0	0	0
ENSRNOG00000031275	Sms-ps2	unchanged_loop_count	2598	2883	-285	2	2	0	0	0	0	0	0	0	2	2	0
ENSRNOG00000007671	Smu1	unchanged_loop_count	2598	2883	-285	2	2	0	0	0	0	0	0	0	2	2	0
ENSRNOG00000001056	Snapc2	unchanged_loop_count	2598	2883	-285	2	2	0	0	0	0	2	2	0	0	0	0
ENSRNOG00000013356	Snapin	unchanged_loop_count	2598	2883	-285	2	2	0	1	1	0	0	0	0	1	1	0
ENSRNOG00000052741	Snora21	unchanged_loop_count	2598	2883	-285	2	2	0	0	0	0	0	0	0	2	2	0
ENSRNOG00000054091	Snora38	unchanged_loop_count	2598	2883	-285	2	2	0	1	1	0	1	1	0	0	0	0
ENSRNOG00000058449	Snora41	unchanged_loop_count	2598	2883	-285	2	2	0	0	0	0	0	0	0	2	2	0
ENSRNOG00000058283	Snora6	unchanged_loop_count	2598	2883	-285	2	2	0	0	0	0	0	0	0	2	2	0
ENSRNOG00000055465	Snora62	unchanged_loop_count	2598	2883	-285	2	2	0	0	0	0	0	0	0	2	2	0
ENSRNOG00000056426	Snora69	unchanged_loop_count	2598	2883	-285	2	2	0	1	1	0	1	1	0	0	0	0
ENSRNOG00000052439	Snora73bl1	unchanged_loop_count	2598	2883	-285	2	2	0	0	0	0	0	0	0	2	2	0
ENSRNOG00000052748	Snora75	unchanged_loop_count	2598	2883	-285	2	2	0	0	0	0	0	0	0	2	2	0
ENSRNOG00000016606	Snorc	unchanged_loop_count	2598	2883	-285	2	2	0	0	0	0	0	0	0	2	2	0
ENSRNOG00000060532	Snord105	unchanged_loop_count	2598	2883	-285	2	2	0	0	0	0	0	0	0	2	2	0
ENSRNOG00000055949	Snord105b	unchanged_loop_count	2598	2883	-285	2	2	0	0	0	0	0	0	0	2	2	0
ENSRNOG00000054739	Snord110	unchanged_loop_count	2598	2883	-285	2	2	0	0	0	0	0	0	0	2	2	0
ENSRNOG00000061186	Snord123	unchanged_loop_count	2598	2883	-285	2	2	0	0	0	0	1	1	0	1	1	0
ENSRNOG00000056200	Snord12c	unchanged_loop_count	2598	2883	-285	2	2	0	0	0	0	1	1	0	1	1	0
ENSRNOG00000070981	Snord13	decreased_loop_count	1472	2883	-1411	3	2	-1	1	0	-1	2	2	0	0	0	0
ENSRNOG00000063162	Snord14a	unchanged_loop_count	2598	2883	-285	2	2	0	1	1	0	0	0	0	1	1	0
ENSRNOG00000067497	Snord14d	increased_loop_count	4632	2883	1749	1	2	1	0	1	1	0	0	0	1	1	0
ENSRNOG00000060216	Snord20	new_gene_in_sensitivity	NA	2883	NA	0	2	2	0	0	0	0	0	0	0	2	2
ENSRNOG00000052300	Snord35b	unchanged_loop_count	2598	2883	-285	2	2	0	1	1	0	0	0	0	1	1	0
ENSRNOG00000056377	Snord42a	unchanged_loop_count	2598	2883	-285	2	2	0	1	1	0	1	1	0	0	0	0
ENSRNOG00000055722	Snord42b	unchanged_loop_count	2598	2883	-285	2	2	0	1	1	0	1	1	0	0	0	0
ENSRNOG00000052611	Snord43	unchanged_loop_count	2598	2883	-285	2	2	0	0	0	0	1	1	0	1	1	0
ENSRNOG00000055429	Snord4a	unchanged_loop_count	2598	2883	-285	2	2	0	1	1	0	1	1	0	0	0	0
ENSRNOG00000052156	Snord51	unchanged_loop_count	2598	2883	-285	2	2	0	0	0	0	0	0	0	2	2	0
ENSRNOG00000055640	Snord65	new_gene_in_sensitivity	NA	2883	NA	0	2	2	0	0	0	0	2	2	0	0	0
ENSRNOG00000065477	Snord88a	unchanged_loop_count	2598	2883	-285	2	2	0	0	0	0	1	1	0	1	1	0
ENSRNOG00000054326	Snord88b	unchanged_loop_count	2598	2883	-285	2	2	0	0	0	0	1	1	0	1	1	0
ENSRNOG00000057316	Snord88c	unchanged_loop_count	2598	2883	-285	2	2	0	0	0	0	1	1	0	1	1	0
ENSRNOG00000066121	Snord93	unchanged_loop_count	2598	2883	-285	2	2	0	0	0	0	1	1	0	1	1	0
ENSRNOG00000012219	Snrnp40	unchanged_loop_count	2598	2883	-285	2	2	0	0	0	0	1	1	0	1	1	0
ENSRNOG00000011932	Snrpa1	unchanged_loop_count	2598	2883	-285	2	2	0	0	0	0	1	1	0	1	1	0
ENSRNOG00000016062	Snta1	unchanged_loop_count	2598	2883	-285	2	2	0	0	0	0	0	0	0	2	2	0
ENSRNOG00000005426	Snupn	unchanged_loop_count	2598	2883	-285	2	2	0	0	0	0	1	1	0	1	1	0
ENSRNOG00000008642	Snx11	increased_loop_count	4632	2883	1749	1	2	1	1	1	0	0	0	0	0	1	1
ENSRNOG00000011116	Snx25	unchanged_loop_count	2598	2883	-285	2	2	0	0	0	0	0	0	0	2	2	0
ENSRNOG00000017132	Snx30	unchanged_loop_count	2598	2883	-285	2	2	0	0	0	0	2	2	0	0	0	0
ENSRNOG00000006077	Snx5	unchanged_loop_count	2598	2883	-285	2	2	0	0	0	0	1	1	0	1	1	0
ENSRNOG00000064634	Sorl1	unchanged_loop_count	2598	2883	-285	2	2	0	0	0	0	1	1	0	1	1	0
ENSRNOG00000060061	Sowaha	unchanged_loop_count	2598	2883	-285	2	2	0	1	1	0	1	1	0	0	0	0
ENSRNOG00000007514	Sox12	unchanged_loop_count	2598	2883	-285	2	2	0	1	1	0	1	1	0	0	0	0
ENSRNOG00000065264	Sox12	unchanged_loop_count	2598	2883	-285	2	2	0	1	1	0	1	1	0	0	0	0
ENSRNOG00000033747	Sp110	unchanged_loop_count	2598	2883	-285	2	2	0	0	0	0	0	0	0	2	2	0
ENSRNOG00000022800	Sp140	unchanged_loop_count	2598	2883	-285	2	2	0	0	0	0	0	0	0	2	2	0
ENSRNOG00000068174	Sp8	unchanged_loop_count	2598	2883	-285	2	2	0	0	0	0	0	0	0	2	2	0
ENSRNOG00000070391	Spaar	new_gene_in_sensitivity	NA	2883	NA	0	2	2	0	0	0	0	0	0	0	2	2
ENSRNOG00000022021	Spag6	unchanged_loop_count	2598	2883	-285	2	2	0	0	0	0	0	0	0	2	2	0
ENSRNOG00000015678	Spata1	unchanged_loop_count	2598	2883	-285	2	2	0	0	0	0	1	1	0	1	1	0
ENSRNOG00000002903	Specc1	decreased_loop_count	1472	2883	-1411	3	2	-1	1	1	0	1	1	0	1	0	-1
ENSRNOG00000033556	Spen	increased_loop_count	4632	2883	1749	1	2	1	1	1	0	0	0	0	0	1	1
ENSRNOG00000008252	Spink4	unchanged_loop_count	2598	2883	-285	2	2	0	0	0	0	1	1	0	1	1	0
ENSRNOG00000025324	Spire1	unchanged_loop_count	2598	2883	-285	2	2	0	1	1	0	0	0	0	1	1	0
ENSRNOG00000036711	Spn	new_gene_in_sensitivity	NA	2883	NA	0	2	2	0	0	0	0	1	1	0	1	1
ENSRNOG00000057040	Spns2	unchanged_loop_count	2598	2883	-285	2	2	0	1	1	0	1	1	0	0	0	0
ENSRNOG00000061544	Spock2	unchanged_loop_count	2598	2883	-285	2	2	0	0	0	0	0	0	0	2	2	0
ENSRNOG00000021330	Sprtn	unchanged_loop_count	2598	2883	-285	2	2	0	0	0	0	1	1	0	1	1	0
ENSRNOG00000017212	Spsb1	increased_loop_count	4632	2883	1749	1	2	1	0	1	1	0	0	0	1	1	0
ENSRNOG00000005434	Sptbn1	unchanged_loop_count	2598	2883	-285	2	2	0	0	0	0	0	0	0	2	2	0
ENSRNOG00000013050	Spz1	new_gene_in_sensitivity	NA	2883	NA	0	2	2	0	1	1	0	1	1	0	0	0
ENSRNOG00000018089	Sra1	unchanged_loop_count	2598	2883	-285	2	2	0	0	0	0	1	1	0	1	1	0
ENSRNOG00000017601	Srd5a1	unchanged_loop_count	2598	2883	-285	2	2	0	0	0	0	2	2	0	0	0	0
ENSRNOG00000007400	Srebf2	unchanged_loop_count	2598	2883	-285	2	2	0	0	0	0	1	1	0	1	1	0
ENSRNOG00000047506	Srek1ip1	unchanged_loop_count	2598	2883	-285	2	2	0	0	0	0	0	0	0	2	2	0
ENSRNOG00000006733	Srgap2	unchanged_loop_count	2598	2883	-285	2	2	0	0	0	0	1	1	0	1	1	0
ENSRNOG00000006509	Srgap3	unchanged_loop_count	2598	2883	-285	2	2	0	0	0	0	0	0	0	2	2	0
ENSRNOG00000000394	Srgn	unchanged_loop_count	2598	2883	-285	2	2	0	1	1	0	1	1	0	0	0	0
ENSRNOG00000032776	Srp54a	unchanged_loop_count	2598	2883	-285	2	2	0	0	0	0	1	1	0	1	1	0
ENSRNOG00000048277	Srrt	decreased_loop_count	1472	2883	-1411	3	2	-1	0	0	0	0	0	0	3	2	-1
ENSRNOG00000050323	Srsf1	unchanged_loop_count	2598	2883	-285	2	2	0	0	0	0	2	2	0	0	0	0
ENSRNOG00000029592	Srsf11	new_gene_in_sensitivity	NA	2883	NA	0	2	2	0	0	0	0	1	1	0	1	1
ENSRNOG00000011148	Ssr3	unchanged_loop_count	2598	2883	-285	2	2	0	0	0	0	1	1	0	1	1	0
ENSRNOG00000053172	Ssr4	unchanged_loop_count	2598	2883	-285	2	2	0	0	0	0	0	0	0	2	2	0
ENSRNOG00000007332	Sstr3	unchanged_loop_count	2598	2883	-285	2	2	0	0	0	0	1	1	0	1	1	0
ENSRNOG00000014002	St7l	unchanged_loop_count	2598	2883	-285	2	2	0	1	1	0	0	0	0	1	1	0
ENSRNOG00000014018	St8sia1	unchanged_loop_count	2598	2883	-285	2	2	0	0	0	0	1	1	0	1	1	0
ENSRNOG00000027447	Stam2	new_gene_in_sensitivity	NA	2883	NA	0	2	2	0	0	0	0	2	2	0	0	0
ENSRNOG00000012227	Stambp	unchanged_loop_count	2598	2883	-285	2	2	0	0	0	0	1	1	0	1	1	0
ENSRNOG00000011511	Stk24	unchanged_loop_count	2598	2883	-285	2	2	0	0	0	0	1	1	0	1	1	0
ENSRNOG00000018181	Stk25	unchanged_loop_count	2598	2883	-285	2	2	0	0	0	0	1	1	0	1	1	0
ENSRNOG00000011705	Stmn2	increased_loop_count	4632	2883	1749	1	2	1	0	0	0	0	0	0	1	2	1
ENSRNOG00000013657	Stmn3	increased_loop_count	4632	2883	1749	1	2	1	0	0	0	0	1	1	1	1	0
ENSRNOG00000015420	Stxbp1	new_gene_in_sensitivity	NA	2883	NA	0	2	2	0	0	0	0	2	2	0	0	0
ENSRNOG00000023366	Styxl1	unchanged_loop_count	2598	2883	-285	2	2	0	0	0	0	0	0	0	2	2	0
ENSRNOG00000033110	Svep1	unchanged_loop_count	2598	2883	-285	2	2	0	0	0	0	1	1	0	1	1	0
ENSRNOG00000018110	Svil	unchanged_loop_count	2598	2883	-285	2	2	0	0	0	0	0	0	0	2	2	0
ENSRNOG00000017108	Syngr1	unchanged_loop_count	2598	2883	-285	2	2	0	1	1	0	0	0	0	1	1	0
ENSRNOG00000019181	Synpo	increased_loop_count	4632	2883	1749	1	2	1	0	0	0	0	0	0	1	2	1
ENSRNOG00000008949	Synpo2l	unchanged_loop_count	2598	2883	-285	2	2	0	0	0	0	0	0	0	2	2	0
ENSRNOG00000006426	Syt1	unchanged_loop_count	2598	2883	-285	2	2	0	0	0	0	1	1	0	1	1	0
ENSRNOG00000056012	Syt16	unchanged_loop_count	2598	2883	-285	2	2	0	0	0	0	0	0	0	2	2	0
ENSRNOG00000028659	Szt2	unchanged_loop_count	2598	2883	-285	2	2	0	0	0	0	1	1	0	1	1	0
ENSRNOG00000027326	Tada2b	unchanged_loop_count	2598	2883	-285	2	2	0	0	0	0	0	0	0	2	2	0
ENSRNOG00000001355	Taf6	unchanged_loop_count	2598	2883	-285	2	2	0	0	0	0	0	0	0	2	2	0
ENSRNOG00000020024	Taf7	unchanged_loop_count	2598	2883	-285	2	2	0	1	1	0	1	1	0	0	0	0
ENSRNOG00000030245	Tango2	unchanged_loop_count	2598	2883	-285	2	2	0	1	1	0	1	1	0	0	0	0
ENSRNOG00000026225	Tas2r138	unchanged_loop_count	2598	2883	-285	2	2	0	0	0	0	1	1	0	1	1	0
ENSRNOG00000008393	Tax1bp1	unchanged_loop_count	2598	2883	-285	2	2	0	0	0	0	1	1	0	1	1	0
ENSRNOG00000000564	Tbata	unchanged_loop_count	2598	2883	-285	2	2	0	0	0	0	1	1	0	1	1	0
ENSRNOG00000023348	Tbc1d2	unchanged_loop_count	2598	2883	-285	2	2	0	1	1	0	0	0	0	1	1	0
ENSRNOG00000003050	Tbc1d9b	unchanged_loop_count	2598	2883	-285	2	2	0	1	1	0	1	1	0	0	0	0
ENSRNOG00000011114	Tbpl1	increased_loop_count	4632	2883	1749	1	2	1	0	0	0	0	1	1	1	1	0
ENSRNOG00000066988	Tbpl1	increased_loop_count	4632	2883	1749	1	2	1	0	0	0	0	1	1	1	1	0
ENSRNOG00000048614	Teddm1	unchanged_loop_count	2598	2883	-285	2	2	0	0	0	0	0	0	0	2	2	0
ENSRNOG00000046786	Teddm1b	unchanged_loop_count	2598	2883	-285	2	2	0	0	0	0	0	0	0	2	2	0
ENSRNOG00000011033	Tekt2	unchanged_loop_count	2598	2883	-285	2	2	0	0	0	0	0	0	0	2	2	0
ENSRNOG00000018792	Tekt4	increased_loop_count	4632	2883	1749	1	2	1	1	1	0	0	0	0	0	1	1
ENSRNOG00000010240	Tent5a	unchanged_loop_count	2598	2883	-285	2	2	0	0	0	0	2	2	0	0	0	0
ENSRNOG00000051952	Tes	unchanged_loop_count	2598	2883	-285	2	2	0	1	1	0	1	1	0	0	0	0
ENSRNOG00000008618	Tex10	increased_loop_count	4632	2883	1749	1	2	1	0	0	0	0	0	0	1	2	1
ENSRNOG00000013201	Tex264	unchanged_loop_count	2598	2883	-285	2	2	0	0	0	0	0	0	0	2	2	0
ENSRNOG00000038921	Tex35	increased_loop_count	4632	2883	1749	1	2	1	0	0	0	0	0	0	1	2	1
ENSRNOG00000005246	Tfap2c	unchanged_loop_count	2598	2883	-285	2	2	0	0	0	0	0	0	0	2	2	0
ENSRNOG00000032395	Tfcp2	unchanged_loop_count	2598	2883	-285	2	2	0	0	0	0	2	2	0	0	0	0
ENSRNOG00000050573	Tgfbr3l	unchanged_loop_count	2598	2883	-285	2	2	0	0	0	0	2	2	0	0	0	0
ENSRNOG00000058724	Thap6	unchanged_loop_count	2598	2883	-285	2	2	0	0	0	0	0	0	0	2	2	0
ENSRNOG00000008456	Thoc5	unchanged_loop_count	2598	2883	-285	2	2	0	0	0	0	0	0	0	2	2	0
ENSRNOG00000006649	Thrb	increased_loop_count	4632	2883	1749	1	2	1	0	0	0	0	0	0	1	2	1
ENSRNOG00000030151	Thsd7a	unchanged_loop_count	2598	2883	-285	2	2	0	0	0	0	0	0	0	2	2	0
ENSRNOG00000018105	Thtpa	unchanged_loop_count	2598	2883	-285	2	2	0	1	1	0	1	1	0	0	0	0
ENSRNOG00000007040	Timm17a	unchanged_loop_count	2598	2883	-285	2	2	0	1	1	0	1	1	0	0	0	0
ENSRNOG00000020189	Tinf2	unchanged_loop_count	2598	2883	-285	2	2	0	1	1	0	1	1	0	0	0	0
ENSRNOG00000037275	Tlcd2	increased_loop_count	4632	2883	1749	1	2	1	0	0	0	0	1	1	1	1	0
ENSRNOG00000009300	Tlk1	unchanged_loop_count	2598	2883	-285	2	2	0	0	0	0	0	0	0	2	2	0
ENSRNOG00000060572	Tlk1	unchanged_loop_count	2598	2883	-285	2	2	0	0	0	0	0	0	0	2	2	0
ENSRNOG00000013519	Tll2	unchanged_loop_count	2598	2883	-285	2	2	0	0	0	0	1	1	0	1	1	0
ENSRNOG00000016630	Tln1	unchanged_loop_count	2598	2883	-285	2	2	0	0	0	0	1	1	0	1	1	0
ENSRNOG00000022067	Tlr5	unchanged_loop_count	2598	2883	-285	2	2	0	0	0	0	1	1	0	1	1	0
ENSRNOG00000002161	Tlr6	unchanged_loop_count	2598	2883	-285	2	2	0	1	1	0	1	1	0	0	0	0
ENSRNOG00000020989	Tm7sf2	unchanged_loop_count	2598	2883	-285	2	2	0	0	0	0	1	1	0	1	1	0
ENSRNOG00000047225	Tma7	unchanged_loop_count	2598	2883	-285	2	2	0	2	2	0	0	0	0	0	0	0
ENSRNOG00000013889	Tmed3	unchanged_loop_count	2598	2883	-285	2	2	0	1	1	0	1	1	0	0	0	0
ENSRNOG00000001441	Tmem120a	unchanged_loop_count	2598	2883	-285	2	2	0	0	0	0	1	1	0	1	1	0
ENSRNOG00000038406	Tmem132b	unchanged_loop_count	2598	2883	-285	2	2	0	0	0	0	0	0	0	2	2	0
ENSRNOG00000007455	Tmem132e	unchanged_loop_count	2598	2883	-285	2	2	0	0	0	0	1	1	0	1	1	0
ENSRNOG00000009220	Tmem17	unchanged_loop_count	2598	2883	-285	2	2	0	0	0	0	1	1	0	1	1	0
ENSRNOG00000018158	Tmem181	unchanged_loop_count	2598	2883	-285	2	2	0	0	0	0	0	0	0	2	2	0
ENSRNOG00000028945	Tmem182	unchanged_loop_count	2598	2883	-285	2	2	0	1	1	0	1	1	0	0	0	0
ENSRNOG00000032018	Tmem200b	unchanged_loop_count	2598	2883	-285	2	2	0	1	1	0	1	1	0	0	0	0
ENSRNOG00000020692	Tmem216	unchanged_loop_count	2598	2883	-285	2	2	0	1	1	0	1	1	0	0	0	0
ENSRNOG00000008757	Tmem218	unchanged_loop_count	2598	2883	-285	2	2	0	1	1	0	0	0	0	1	1	0
ENSRNOG00000008564	Tmem222	unchanged_loop_count	2598	2883	-285	2	2	0	0	0	0	1	1	0	1	1	0
ENSRNOG00000049326	Tmem234	unchanged_loop_count	2598	2883	-285	2	2	0	0	0	0	1	1	0	1	1	0
ENSRNOG00000028085	Tmem255a	increased_loop_count	4632	2883	1749	1	2	1	0	0	0	0	0	0	1	2	1
ENSRNOG00000032740	Tmem258b	unchanged_loop_count	2598	2883	-285	2	2	0	0	0	0	0	0	0	2	2	0
ENSRNOG00000014197	Tmem51	unchanged_loop_count	2598	2883	-285	2	2	0	1	1	0	0	0	0	1	1	0
ENSRNOG00000058653	Tmem52b	unchanged_loop_count	2598	2883	-285	2	2	0	0	0	0	1	1	0	1	1	0
ENSRNOG00000019743	Tmem63b	unchanged_loop_count	2598	2883	-285	2	2	0	0	0	0	1	1	0	1	1	0
ENSRNOG00000021316	Tmem98	increased_loop_count	4632	2883	1749	1	2	1	0	0	0	0	1	1	1	1	0
ENSRNOG00000004585	Tmtc2	unchanged_loop_count	2598	2883	-285	2	2	0	0	0	0	2	2	0	0	0	0
ENSRNOG00000049517	Tnfaip3	unchanged_loop_count	2598	2883	-285	2	2	0	1	1	0	1	1	0	0	0	0
ENSRNOG00000026136	Tnfaip8	unchanged_loop_count	2598	2883	-285	2	2	0	0	0	0	1	1	0	1	1	0
ENSRNOG00000007664	Tnfrsf13c	increased_loop_count	4632	2883	1749	1	2	1	0	1	1	0	0	0	1	1	0
ENSRNOG00000001769	Tnk2	unchanged_loop_count	2598	2883	-285	2	2	0	1	1	0	1	1	0	0	0	0
ENSRNOG00000020276	Tnni2	unchanged_loop_count	2598	2883	-285	2	2	0	0	0	0	0	0	0	2	2	0
ENSRNOG00000028041	Tnnt1	unchanged_loop_count	2598	2883	-285	2	2	0	0	0	0	0	0	0	2	2	0
ENSRNOG00000014999	Tnpo1	unchanged_loop_count	2598	2883	-285	2	2	0	0	0	0	0	0	0	2	2	0
ENSRNOG00000014182	Tns1	unchanged_loop_count	2598	2883	-285	2	2	0	0	0	0	1	1	0	1	1	0
ENSRNOG00000025695	Tns3	unchanged_loop_count	2598	2883	-285	2	2	0	0	0	0	1	1	0	1	1	0
ENSRNOG00000017561	Toe1	unchanged_loop_count	2598	2883	-285	2	2	0	0	0	0	0	0	0	2	2	0
ENSRNOG00000011040	Tomm70-ps1	unchanged_loop_count	2598	2883	-285	2	2	0	0	0	0	1	1	0	1	1	0
ENSRNOG00000007500	Top1mt	unchanged_loop_count	2598	2883	-285	2	2	0	0	0	0	1	1	0	1	1	0
ENSRNOG00000001845	Top3b	unchanged_loop_count	2598	2883	-285	2	2	0	0	0	0	0	0	0	2	2	0
ENSRNOG00000006435	Tor1b	unchanged_loop_count	2598	2883	-285	2	2	0	0	0	0	0	0	0	2	2	0
ENSRNOG00000022514	Tor2a	increased_loop_count	4632	2883	1749	1	2	1	0	0	0	1	1	0	0	1	1
ENSRNOG00000026215	Tp53tg5	unchanged_loop_count	2598	2883	-285	2	2	0	1	1	0	1	1	0	0	0	0
ENSRNOG00000042441	Tpd52l3	new_gene_in_sensitivity	NA	2883	NA	0	2	2	0	0	0	0	0	0	0	2	2
ENSRNOG00000028261	Tppp	unchanged_loop_count	2598	2883	-285	2	2	0	2	2	0	0	0	0	0	0	0
ENSRNOG00000063970	Tprg1	increased_loop_count	4632	2883	1749	1	2	1	0	0	0	0	0	0	1	2	1
ENSRNOG00000008165	Tpx2	unchanged_loop_count	2598	2883	-285	2	2	0	0	0	0	1	1	0	1	1	0
ENSRNOG00000009156	Tra2a	unchanged_loop_count	2598	2883	-285	2	2	0	1	1	0	1	1	0	0	0	0
ENSRNOG00000029095	Trabd	unchanged_loop_count	2598	2883	-285	2	2	0	0	0	0	0	0	0	2	2	0
ENSRNOG00000001003	Trappc5	unchanged_loop_count	2598	2883	-285	2	2	0	0	0	0	1	1	0	1	1	0
ENSRNOG00000026941	Tril	unchanged_loop_count	2598	2883	-285	2	2	0	1	1	0	1	1	0	0	0	0
ENSRNOG00000009449	Trim35	unchanged_loop_count	2598	2883	-285	2	2	0	0	0	0	0	0	0	2	2	0
ENSRNOG00000002388	Trim41	unchanged_loop_count	2598	2883	-285	2	2	0	2	2	0	0	0	0	0	0	0
ENSRNOG00000071001	Trim56	unchanged_loop_count	2598	2883	-285	2	2	0	0	0	0	0	0	0	2	2	0
ENSRNOG00000026430	Trim58	unchanged_loop_count	2598	2883	-285	2	2	0	0	0	0	0	0	0	2	2	0
ENSRNOG00000014373	Trim66	unchanged_loop_count	2598	2883	-285	2	2	0	0	0	0	0	0	0	2	2	0
ENSRNOG00000055524	Trip10	unchanged_loop_count	2598	2883	-285	2	2	0	1	1	0	0	0	0	1	1	0
ENSRNOG00000016121	Trip4	unchanged_loop_count	2598	2883	-285	2	2	0	0	0	0	1	1	0	1	1	0
ENSRNOG00000002914	Trmt1	unchanged_loop_count	2598	2883	-285	2	2	0	1	1	0	0	0	0	1	1	0
ENSRNOG00000060703	Troap	unchanged_loop_count	2598	2883	-285	2	2	0	0	0	0	0	0	0	2	2	0
ENSRNOG00000012727	Trpc7	unchanged_loop_count	2598	2883	-285	2	2	0	1	1	0	0	0	0	1	1	0
ENSRNOG00000027770	Trpm3	unchanged_loop_count	2598	2883	-285	2	2	0	0	0	0	0	0	0	2	2	0
ENSRNOG00000003104	Trpv2	unchanged_loop_count	2598	2883	-285	2	2	0	1	1	0	1	1	0	0	0	0
ENSRNOG00000004598	Tsen54	unchanged_loop_count	2598	2883	-285	2	2	0	1	1	0	1	1	0	0	0	0
ENSRNOG00000016793	Tshb	unchanged_loop_count	2598	2883	-285	2	2	0	0	0	0	0	0	0	2	2	0
ENSRNOG00000016246	Tshz1	unchanged_loop_count	2598	2883	-285	2	2	0	0	0	0	0	0	0	2	2	0
ENSRNOG00000027784	Tsku	unchanged_loop_count	2598	2883	-285	2	2	0	1	1	0	1	1	0	0	0	0
ENSRNOG00000015913	Tspan5	unchanged_loop_count	2598	2883	-285	2	2	0	0	0	0	0	0	0	2	2	0
ENSRNOG00000028765	Ttc24	unchanged_loop_count	2598	2883	-285	2	2	0	0	0	0	0	0	0	2	2	0
ENSRNOG00000022791	Ttc6	unchanged_loop_count	2598	2883	-285	2	2	0	0	0	0	0	0	0	2	2	0
ENSRNOG00000018850	Ttc9b	unchanged_loop_count	2598	2883	-285	2	2	0	1	1	0	1	1	0	0	0	0
ENSRNOG00000023494	Tti2	decreased_loop_count	1472	2883	-1411	3	2	-1	1	0	-1	2	2	0	0	0	0
ENSRNOG00000056362	Ttll13	unchanged_loop_count	2598	2883	-285	2	2	0	0	0	0	0	0	0	2	2	0
ENSRNOG00000069271	Ttn	unchanged_loop_count	2598	2883	-285	2	2	0	0	0	0	0	0	0	2	2	0
ENSRNOG00000053468	Tuba1a	unchanged_loop_count	2598	2883	-285	2	2	0	1	1	0	1	1	0	0	0	0
ENSRNOG00000047505	Tubb4a	increased_loop_count	4632	2883	1749	1	2	1	0	0	0	0	0	0	1	2	1
ENSRNOG00000020213	Tubg1	unchanged_loop_count	2598	2883	-285	2	2	0	0	0	0	2	2	0	0	0	0
ENSRNOG00000017085	Tubgcp3	new_gene_in_sensitivity	NA	2883	NA	0	2	2	0	0	0	0	1	1	0	1	1
ENSRNOG00000006028	Tubgcp6	unchanged_loop_count	2598	2883	-285	2	2	0	0	0	0	1	1	0	1	1	0
ENSRNOG00000020923	Tuft1	unchanged_loop_count	2598	2883	-285	2	2	0	0	0	0	0	0	0	2	2	0
ENSRNOG00000016629	Tut7	unchanged_loop_count	2598	2883	-285	2	2	0	0	0	0	0	0	0	2	2	0
ENSRNOG00000011101	Twist1	increased_loop_count	4632	2883	1749	1	2	1	0	0	0	0	0	0	1	2	1
ENSRNOG00000009088	Txnrd1	unchanged_loop_count	2598	2883	-285	2	2	0	0	0	0	1	1	0	1	1	0
ENSRNOG00000001890	Txnrd2	unchanged_loop_count	2598	2883	-285	2	2	0	0	0	0	0	0	0	2	2	0
ENSRNOG00000059810	Txnrd3	unchanged_loop_count	2598	2883	-285	2	2	0	0	0	0	0	0	0	2	2	0
ENSRNOG00000037225	Tyms	unchanged_loop_count	2598	2883	-285	2	2	0	0	0	0	1	1	0	1	1	0
ENSRNOG00000056693	U1	new_gene_in_sensitivity	NA	2883	NA	0	2	2	0	0	0	0	0	0	0	2	2
ENSRNOG00000056741	U1	unchanged_loop_count	2598	2883	-285	2	2	0	0	0	0	1	1	0	1	1	0
ENSRNOG00000057518	U1	unchanged_loop_count	2598	2883	-285	2	2	0	0	0	0	2	2	0	0	0	0
ENSRNOG00000008187	Ubash3b	unchanged_loop_count	2598	2883	-285	2	2	0	0	0	0	1	1	0	1	1	0
ENSRNOG00000019953	Ube2f	unchanged_loop_count	2598	2883	-285	2	2	0	0	0	0	1	1	0	1	1	0
ENSRNOG00000001222	Ube2g2	new_gene_in_sensitivity	NA	2883	NA	0	2	2	0	0	0	0	0	0	0	2	2
ENSRNOG00000016930	Ube2s	increased_loop_count	4632	2883	1749	1	2	1	0	0	0	0	1	1	1	1	0
ENSRNOG00000065893	Uchl3-ps1	unchanged_loop_count	2598	2883	-285	2	2	0	0	0	0	0	0	0	2	2	0
ENSRNOG00000047394	Ufd1	unchanged_loop_count	2598	2883	-285	2	2	0	0	0	0	0	0	0	2	2	0
ENSRNOG00000051006	Ufsp1	decreased_loop_count	1472	2883	-1411	3	2	-1	0	0	0	0	0	0	3	2	-1
ENSRNOG00000038459	Ulk3	unchanged_loop_count	2598	2883	-285	2	2	0	0	0	0	2	2	0	0	0	0
ENSRNOG00000008237	Unc13b	unchanged_loop_count	2598	2883	-285	2	2	0	0	0	0	0	0	0	2	2	0
ENSRNOG00000030679	Uqcrb-ps2	unchanged_loop_count	2598	2883	-285	2	2	0	0	0	0	1	1	0	1	1	0
ENSRNOG00000012184	Urgcp	unchanged_loop_count	2598	2883	-285	2	2	0	0	0	0	1	1	0	1	1	0
ENSRNOG00000043404	Uroc1	unchanged_loop_count	2598	2883	-285	2	2	0	0	0	0	1	1	0	1	1	0
ENSRNOG00000015956	Usp29	unchanged_loop_count	2598	2883	-285	2	2	0	1	1	0	0	0	0	1	1	0
ENSRNOG00000027711	Usp32	unchanged_loop_count	2598	2883	-285	2	2	0	0	0	0	0	0	0	2	2	0
ENSRNOG00000017644	Usp6nl	unchanged_loop_count	2598	2883	-285	2	2	0	0	0	0	1	1	0	1	1	0
ENSRNOG00000020333	Utp4	unchanged_loop_count	2598	2883	-285	2	2	0	0	0	0	0	0	0	2	2	0
ENSRNOG00000019219	Vamp1	unchanged_loop_count	2598	2883	-285	2	2	0	1	1	0	1	1	0	0	0	0
ENSRNOG00000014765	Vapa	unchanged_loop_count	2598	2883	-285	2	2	0	0	0	0	1	1	0	1	1	0
ENSRNOG00000029212	Vcan	decreased_loop_count	1472	2883	-1411	3	2	-1	0	0	0	0	0	0	3	2	-1
ENSRNOG00000015161	Vdac1-ps11	unchanged_loop_count	2598	2883	-285	2	2	0	0	0	0	1	1	0	1	1	0
ENSRNOG00000013505	Vdac2	unchanged_loop_count	2598	2883	-285	2	2	0	0	0	0	1	1	0	1	1	0
ENSRNOG00000011416	Vegfc	unchanged_loop_count	2598	2883	-285	2	2	0	0	0	0	1	1	0	1	1	0
ENSRNOG00000009819	Vezf1	unchanged_loop_count	2598	2883	-285	2	2	0	0	0	0	1	1	0	1	1	0
ENSRNOG00000018808	Vip	unchanged_loop_count	2598	2883	-285	2	2	0	0	0	0	1	1	0	1	1	0
ENSRNOG00000026508	Vmo1	decreased_loop_count	1472	2883	-1411	3	2	-1	0	0	0	3	2	-1	0	0	0
ENSRNOG00000052348	Vpreb1a	unchanged_loop_count	2598	2883	-285	2	2	0	0	0	0	0	0	0	2	2	0
ENSRNOG00000021222	Vps16	unchanged_loop_count	2598	2883	-285	2	2	0	0	0	0	1	1	0	1	1	0
ENSRNOG00000051179	Vps25	new_gene_in_sensitivity	NA	2883	NA	0	2	2	0	2	2	0	0	0	0	0	0
ENSRNOG00000046439	Vps37c	unchanged_loop_count	2598	2883	-285	2	2	0	0	0	0	1	1	0	1	1	0
ENSRNOG00000009894	Vps50	unchanged_loop_count	2598	2883	-285	2	2	0	0	0	0	1	1	0	1	1	0
ENSRNOG00000006895	Vps53	increased_loop_count	4632	2883	1749	1	2	1	0	0	0	0	1	1	1	1	0
ENSRNOG00000005345	Vsnl1	unchanged_loop_count	2598	2883	-285	2	2	0	0	0	0	0	0	0	2	2	0
ENSRNOG00000018338	Vwa1	unchanged_loop_count	2598	2883	-285	2	2	0	0	0	0	0	0	0	2	2	0
ENSRNOG00000000860	Vwa7	unchanged_loop_count	2598	2883	-285	2	2	0	0	0	0	1	1	0	1	1	0
ENSRNOG00000055684	Wap	unchanged_loop_count	2598	2883	-285	2	2	0	0	0	0	0	0	0	2	2	0
ENSRNOG00000047476	Wasf1	unchanged_loop_count	2598	2883	-285	2	2	0	0	0	0	1	1	0	1	1	0
ENSRNOG00000011678	Wbp4	unchanged_loop_count	2598	2883	-285	2	2	0	0	0	0	1	1	0	1	1	0
ENSRNOG00000010042	Wdfy2	decreased_loop_count	1472	2883	-1411	3	2	-1	1	0	-1	1	1	0	1	1	0
ENSRNOG00000048847	Wdr17	unchanged_loop_count	2598	2883	-285	2	2	0	0	0	0	1	1	0	1	1	0
ENSRNOG00000018967	Wdr59	unchanged_loop_count	2598	2883	-285	2	2	0	0	0	0	0	0	0	2	2	0
ENSRNOG00000008377	Wdtc1	unchanged_loop_count	2598	2883	-285	2	2	0	0	0	0	0	0	0	2	2	0
ENSRNOG00000014739	Wfdc2	unchanged_loop_count	2598	2883	-285	2	2	0	0	0	0	1	1	0	1	1	0
ENSRNOG00000004476	Wif1	increased_loop_count	4632	2883	1749	1	2	1	0	0	0	0	0	0	1	2	1
ENSRNOG00000009956	Wnk1	increased_loop_count	4632	2883	1749	1	2	1	0	1	1	1	1	0	0	0	0
ENSRNOG00000052510	Wnt10a	unchanged_loop_count	2598	2883	-285	2	2	0	0	0	0	0	0	0	2	2	0
ENSRNOG00000017409	Wnt6	unchanged_loop_count	2598	2883	-285	2	2	0	0	0	0	0	0	0	2	2	0
ENSRNOG00000013074	Wt1	unchanged_loop_count	2598	2883	-285	2	2	0	0	0	0	1	1	0	1	1	0
ENSRNOG00000006328	Wwp1	unchanged_loop_count	2598	2883	-285	2	2	0	0	0	0	0	0	0	2	2	0
ENSRNOG00000028636	Xkr5	unchanged_loop_count	2598	2883	-285	2	2	0	0	0	0	0	0	0	2	2	0
ENSRNOG00000013288	Xpo7	unchanged_loop_count	2598	2883	-285	2	2	0	0	0	0	1	1	0	1	1	0
ENSRNOG00000056658	Xylt1	unchanged_loop_count	2598	2883	-285	2	2	0	0	0	0	0	0	0	2	2	0
ENSRNOG00000061624	Y_RNA	increased_loop_count	4632	2883	1749	1	2	1	0	0	0	1	1	0	0	1	1
ENSRNOG00000007213	Yars	unchanged_loop_count	2598	2883	-285	2	2	0	0	0	0	1	1	0	1	1	0
ENSRNOG00000032902	Ybx1-ps20	unchanged_loop_count	2598	2883	-285	2	2	0	1	1	0	1	1	0	0	0	0
ENSRNOG00000058593	Zbtb1	unchanged_loop_count	2598	2883	-285	2	2	0	0	0	0	0	0	0	2	2	0
ENSRNOG00000006441	Zbtb25	unchanged_loop_count	2598	2883	-285	2	2	0	0	0	0	0	0	0	2	2	0
ENSRNOG00000019461	Zbtb3	unchanged_loop_count	2598	2883	-285	2	2	0	0	0	0	2	2	0	0	0	0
ENSRNOG00000004306	Zbtb39	unchanged_loop_count	2598	2883	-285	2	2	0	1	1	0	0	0	0	1	1	0
ENSRNOG00000022356	Zc2hc1a	unchanged_loop_count	2598	2883	-285	2	2	0	0	0	0	1	1	0	1	1	0
ENSRNOG00000011508	Zc3h12b	unchanged_loop_count	2598	2883	-285	2	2	0	0	0	0	1	1	0	1	1	0
ENSRNOG00000005256	Zc3h15	unchanged_loop_count	2598	2883	-285	2	2	0	0	0	0	1	1	0	1	1	0
ENSRNOG00000015229	Zc3h4	decreased_loop_count	1472	2883	-1411	3	2	-1	0	0	0	3	2	-1	0	0	0
ENSRNOG00000012266	Zcchc17	unchanged_loop_count	2598	2883	-285	2	2	0	0	0	0	1	1	0	1	1	0
ENSRNOG00000024114	Zdbf2	unchanged_loop_count	2598	2883	-285	2	2	0	0	0	0	1	1	0	1	1	0
ENSRNOG00000051699	Zdhhc4	unchanged_loop_count	2598	2883	-285	2	2	0	0	0	0	1	1	0	1	1	0
ENSRNOG00000018107	Zfand5	unchanged_loop_count	2598	2883	-285	2	2	0	0	0	0	1	1	0	1	1	0
ENSRNOG00000025634	Zfhx2	unchanged_loop_count	2598	2883	-285	2	2	0	1	1	0	1	1	0	0	0	0
ENSRNOG00000017092	Zfp169	unchanged_loop_count	2598	2883	-285	2	2	0	0	0	0	0	0	0	2	2	0
ENSRNOG00000006972	Zfp189	unchanged_loop_count	2598	2883	-285	2	2	0	0	0	0	1	1	0	1	1	0
ENSRNOG00000007678	Zfp263	unchanged_loop_count	2598	2883	-285	2	2	0	0	0	0	0	0	0	2	2	0
ENSRNOG00000058646	Zfp36l1	unchanged_loop_count	2598	2883	-285	2	2	0	0	0	0	1	1	0	1	1	0
ENSRNOG00000032048	Zfp462	unchanged_loop_count	2598	2883	-285	2	2	0	0	0	0	1	1	0	1	1	0
ENSRNOG00000004572	Zfp472	unchanged_loop_count	2598	2883	-285	2	2	0	0	0	0	0	0	0	2	2	0
ENSRNOG00000056036	Zfp51	unchanged_loop_count	2598	2883	-285	2	2	0	1	1	0	1	1	0	0	0	0
ENSRNOG00000051578	Zfp54	unchanged_loop_count	2598	2883	-285	2	2	0	1	1	0	1	1	0	0	0	0
ENSRNOG00000043053	Zfp639	unchanged_loop_count	2598	2883	-285	2	2	0	0	0	0	1	1	0	1	1	0
ENSRNOG00000002112	Zfp644	unchanged_loop_count	2598	2883	-285	2	2	0	0	0	0	2	2	0	0	0	0
ENSRNOG00000017001	Zfp652	increased_loop_count	4632	2883	1749	1	2	1	0	1	1	1	1	0	0	0	0
ENSRNOG00000033906	Zfp667	unchanged_loop_count	2598	2883	-285	2	2	0	0	0	0	2	2	0	0	0	0
ENSRNOG00000066277	Zfp689	unchanged_loop_count	2598	2883	-285	2	2	0	0	0	0	0	0	0	2	2	0
ENSRNOG00000060956	Zfp706	unchanged_loop_count	2598	2883	-285	2	2	0	0	0	0	0	0	0	2	2	0
ENSRNOG00000014278	Zfp710	unchanged_loop_count	2598	2883	-285	2	2	0	1	1	0	1	1	0	0	0	0
ENSRNOG00000042777	Zfp78	unchanged_loop_count	2598	2883	-285	2	2	0	0	0	0	0	0	0	2	2	0
ENSRNOG00000032552	Zfp799	unchanged_loop_count	2598	2883	-285	2	2	0	0	0	0	1	1	0	1	1	0
ENSRNOG00000030416	Zfp870	unchanged_loop_count	2598	2883	-285	2	2	0	0	0	0	0	0	0	2	2	0
ENSRNOG00000043223	Zfp949	unchanged_loop_count	2598	2883	-285	2	2	0	0	0	0	0	0	0	2	2	0
ENSRNOG00000005417	Zhx2	unchanged_loop_count	2598	2883	-285	2	2	0	0	0	0	1	1	0	1	1	0
ENSRNOG00000054879	Zic2	unchanged_loop_count	2598	2883	-285	2	2	0	0	0	0	0	0	0	2	2	0
ENSRNOG00000053635	Zkscan8	unchanged_loop_count	2598	2883	-285	2	2	0	0	0	0	0	0	0	2	2	0
ENSRNOG00000001434	Zp3	unchanged_loop_count	2598	2883	-285	2	2	0	0	0	0	1	1	0	1	1	0
ENSRNOG00000009990	Zranb2	unchanged_loop_count	2598	2883	-285	2	2	0	0	0	0	0	0	0	2	2	0
ENSRNOG00000024535	Zzef1	increased_loop_count	4632	2883	1749	1	2	1	0	0	0	0	1	1	1	1	0
ENSRNOG00000067434	hist1h2ail2	unchanged_loop_count	2598	2883	-285	2	2	0	0	0	0	0	0	0	2	2	0
ENSRNOG00000013566	1700013G24Rikl	unchanged_loop_count	4632	4948	-316	1	1	0	0	0	0	0	0	0	1	1	0
ENSRNOG00000064423	4930488N24Rikl	unchanged_loop_count	4632	4948	-316	1	1	0	1	1	0	0	0	0	0	0	0
ENSRNOG00000062489	4932414N04Rikl	unchanged_loop_count	4632	4948	-316	1	1	0	0	0	0	0	0	0	1	1	0
ENSRNOG00000004914	4933412E24Rikl	unchanged_loop_count	4632	4948	-316	1	1	0	0	0	0	0	0	0	1	1	0
ENSRNOG00000064232	9130023H24Rik	unchanged_loop_count	4632	4948	-316	1	1	0	0	0	0	1	1	0	0	0	0
ENSRNOG00000014431	AABR07000222.1	unchanged_loop_count	4632	4948	-316	1	1	0	0	0	0	1	1	0	0	0	0
ENSRNOG00000056928	AABR07004134.1	unchanged_loop_count	4632	4948	-316	1	1	0	0	0	0	0	0	0	1	1	0
ENSRNOG00000036633	AABR07006255.1	unchanged_loop_count	4632	4948	-316	1	1	0	0	0	0	1	1	0	0	0	0
ENSRNOG00000046395	AABR07006576	unchanged_loop_count	4632	4948	-316	1	1	0	0	0	0	1	1	0	0	0	0
ENSRNOG00000058869	AABR07006740.1	unchanged_loop_count	4632	4948	-316	1	1	0	0	0	0	0	0	0	1	1	0
ENSRNOG00000056151	AABR07007642.1	new_gene_in_sensitivity	NA	4948	NA	0	1	1	0	0	0	0	1	1	0	0	0
ENSRNOG00000053229	AABR07007905.2	unchanged_loop_count	4632	4948	-316	1	1	0	0	0	0	1	1	0	0	0	0
ENSRNOG00000047236	AABR07008066.2	unchanged_loop_count	4632	4948	-316	1	1	0	0	0	0	1	1	0	0	0	0
ENSRNOG00000011997	AABR07008940.1	unchanged_loop_count	4632	4948	-316	1	1	0	0	0	0	1	1	0	0	0	0
ENSRNOG00000038552	AABR07009978.1	unchanged_loop_count	4632	4948	-316	1	1	0	0	0	0	0	0	0	1	1	0
ENSRNOG00000047188	AABR07012133.1	unchanged_loop_count	4632	4948	-316	1	1	0	0	0	0	0	0	0	1	1	0
ENSRNOG00000030491	AABR07013200	unchanged_loop_count	4632	4948	-316	1	1	0	0	0	0	0	0	0	1	1	0
ENSRNOG00000058991	AABR07016640.3	unchanged_loop_count	4632	4948	-316	1	1	0	0	0	0	0	0	0	1	1	0
ENSRNOG00000052764	AABR07016779	new_gene_in_sensitivity	NA	4948	NA	0	1	1	0	0	0	0	1	1	0	0	0
ENSRNOG00000057291	AABR07019088.1	unchanged_loop_count	4632	4948	-316	1	1	0	0	0	0	1	1	0	0	0	0
ENSRNOG00000026400	AABR07020999.1	unchanged_loop_count	4632	4948	-316	1	1	0	1	1	0	0	0	0	0	0	0
ENSRNOG00000058710	AABR07021465.2	unchanged_loop_count	4632	4948	-316	1	1	0	0	0	0	1	1	0	0	0	0
ENSRNOG00000051166	AABR07021503.1	new_gene_in_sensitivity	NA	4948	NA	0	1	1	0	0	0	0	0	0	0	1	1
ENSRNOG00000046240	AABR07022023.1	unchanged_loop_count	4632	4948	-316	1	1	0	0	0	0	1	1	0	0	0	0
ENSRNOG00000054322	AABR07025051.3	unchanged_loop_count	4632	4948	-316	1	1	0	0	0	0	1	1	0	0	0	0
ENSRNOG00000052858	AABR07025896.1	new_gene_in_sensitivity	NA	4948	NA	0	1	1	0	0	0	0	0	0	0	1	1
ENSRNOG00000056660	AABR07025928.1	unchanged_loop_count	4632	4948	-316	1	1	0	0	0	0	0	0	0	1	1	0
ENSRNOG00000056874	AABR07026565.1	unchanged_loop_count	4632	4948	-316	1	1	0	0	0	0	1	1	0	0	0	0
ENSRNOG00000042026	AABR07026929.1	unchanged_loop_count	4632	4948	-316	1	1	0	0	0	0	0	0	0	1	1	0
ENSRNOG00000046334	AABR07027753.1	unchanged_loop_count	4632	4948	-316	1	1	0	0	0	0	0	0	0	1	1	0
ENSRNOG00000005017	AABR07028839	unchanged_loop_count	4632	4948	-316	1	1	0	0	0	0	0	0	0	1	1	0
ENSRNOG00000009861	AABR07028859	unchanged_loop_count	4632	4948	-316	1	1	0	0	0	0	0	0	0	1	1	0
ENSRNOG00000046330	AABR07029581.1	unchanged_loop_count	4632	4948	-316	1	1	0	0	0	0	0	0	0	1	1	0
ENSRNOG00000061193	AABR07029863.4	unchanged_loop_count	4632	4948	-316	1	1	0	0	0	0	0	0	0	1	1	0
ENSRNOG00000050113	AABR07030019.1	unchanged_loop_count	4632	4948	-316	1	1	0	0	0	0	0	0	0	1	1	0
ENSRNOG00000056057	AABR07030425.1	new_gene_in_sensitivity	NA	4948	NA	0	1	1	0	0	0	0	1	1	0	0	0
ENSRNOG00000029597	AABR07030544.1	unchanged_loop_count	4632	4948	-316	1	1	0	0	0	0	1	1	0	0	0	0
ENSRNOG00000050666	AABR07031947	unchanged_loop_count	4632	4948	-316	1	1	0	0	0	0	0	0	0	1	1	0
ENSRNOG00000048704	AABR07032392	new_gene_in_sensitivity	NA	4948	NA	0	1	1	0	0	0	0	0	0	0	1	1
ENSRNOG00000033808	AABR07032520	unchanged_loop_count	4632	4948	-316	1	1	0	0	0	0	0	0	0	1	1	0
ENSRNOG00000001107	AABR07035428	unchanged_loop_count	4632	4948	-316	1	1	0	0	0	0	0	0	0	1	1	0
ENSRNOG00000059768	AABR07035428.3	unchanged_loop_count	4632	4948	-316	1	1	0	0	0	0	0	0	0	1	1	0
ENSRNOG00000029935	AABR07038981	unchanged_loop_count	4632	4948	-316	1	1	0	0	0	0	0	0	0	1	1	0
ENSRNOG00000003025	AABR07039336.2	new_gene_in_sensitivity	NA	4948	NA	0	1	1	0	0	0	0	0	0	0	1	1
ENSRNOG00000022251	AABR07039336.3	new_gene_in_sensitivity	NA	4948	NA	0	1	1	0	0	0	0	0	0	0	1	1
ENSRNOG00000034150	AABR07041778	unchanged_loop_count	4632	4948	-316	1	1	0	0	0	0	0	0	0	1	1	0
ENSRNOG00000060024	AABR07042733.2	unchanged_loop_count	4632	4948	-316	1	1	0	0	0	0	0	0	0	1	1	0
ENSRNOG00000042370	AABR07044308.1	unchanged_loop_count	4632	4948	-316	1	1	0	0	0	0	0	0	0	1	1	0
ENSRNOG00000051398	AABR07044308.2	unchanged_loop_count	4632	4948	-316	1	1	0	0	0	0	0	0	0	1	1	0
ENSRNOG00000033581	AABR07044388.2	new_gene_in_sensitivity	NA	4948	NA	0	1	1	0	1	1	0	0	0	0	0	0
ENSRNOG00000050998	AABR07044397.1	unchanged_loop_count	4632	4948	-316	1	1	0	0	0	0	1	1	0	0	0	0
ENSRNOG00000058987	AABR07044408.3	unchanged_loop_count	4632	4948	-316	1	1	0	0	0	0	1	1	0	0	0	0
ENSRNOG00000048871	AABR07044495	unchanged_loop_count	4632	4948	-316	1	1	0	0	0	0	1	1	0	0	0	0
ENSRNOG00000051612	AABR07044570.2	unchanged_loop_count	4632	4948	-316	1	1	0	0	0	0	0	0	0	1	1	0
ENSRNOG00000026813	AABR07044933	unchanged_loop_count	4632	4948	-316	1	1	0	0	0	0	0	0	0	1	1	0
ENSRNOG00000049045	AABR07045032	decreased_loop_count	2598	4948	-2350	2	1	-1	0	0	0	0	0	0	2	1	-1
ENSRNOG00000048698	AABR07048031	unchanged_loop_count	4632	4948	-316	1	1	0	0	0	0	0	0	0	1	1	0
ENSRNOG00000005694	AABR07048253.1	unchanged_loop_count	4632	4948	-316	1	1	0	0	0	0	0	0	0	1	1	0
ENSRNOG00000027547	AABR07048308	unchanged_loop_count	4632	4948	-316	1	1	0	0	0	0	0	0	0	1	1	0
ENSRNOG00000006721	AABR07049064	unchanged_loop_count	4632	4948	-316	1	1	0	0	0	0	0	0	0	1	1	0
ENSRNOG00000006956	AABR07049085	unchanged_loop_count	4632	4948	-316	1	1	0	0	0	0	0	0	0	1	1	0
ENSRNOG00000008914	AABR07049348.1	unchanged_loop_count	4632	4948	-316	1	1	0	0	0	0	0	0	0	1	1	0
ENSRNOG00000053013	AABR07049466.1	unchanged_loop_count	4632	4948	-316	1	1	0	0	0	0	0	0	0	1	1	0
ENSRNOG00000011484	AABR07049821	unchanged_loop_count	4632	4948	-316	1	1	0	0	0	0	0	0	0	1	1	0
ENSRNOG00000009382	AABR07052486	unchanged_loop_count	4632	4948	-316	1	1	0	0	0	0	0	0	0	1	1	0
ENSRNOG00000060598	AABR07055864.2	unchanged_loop_count	4632	4948	-316	1	1	0	0	0	0	0	0	0	1	1	0
ENSRNOG00000056727	AABR07057353.2	unchanged_loop_count	4632	4948	-316	1	1	0	0	0	0	0	0	0	1	1	0
ENSRNOG00000032777	AABR07058519	unchanged_loop_count	4632	4948	-316	1	1	0	0	0	0	0	0	0	1	1	0
ENSRNOG00000050564	AABR07060585	unchanged_loop_count	4632	4948	-316	1	1	0	0	0	0	0	0	0	1	1	0
ENSRNOG00000011606	AABR07061825	unchanged_loop_count	4632	4948	-316	1	1	0	0	0	0	1	1	0	0	0	0
ENSRNOG00000015559	AABR07062670.1	unchanged_loop_count	4632	4948	-316	1	1	0	0	0	0	0	0	0	1	1	0
ENSRNOG00000052193	AABR07063323	unchanged_loop_count	4632	4948	-316	1	1	0	0	0	0	0	0	0	1	1	0
ENSRNOG00000038735	AABR07064702.1	new_gene_in_sensitivity	NA	4948	NA	0	1	1	0	0	0	0	0	0	0	1	1
ENSRNOG00000032771	AABR07064811	unchanged_loop_count	4632	4948	-316	1	1	0	0	0	0	0	0	0	1	1	0
ENSRNOG00000031889	AABR07065438	unchanged_loop_count	4632	4948	-316	1	1	0	0	0	0	0	0	0	1	1	0
ENSRNOG00000022934	AABR07066818	unchanged_loop_count	4632	4948	-316	1	1	0	0	0	0	0	0	0	1	1	0
ENSRNOG00000055728	AABR07067583.1	new_gene_in_sensitivity	NA	4948	NA	0	1	1	0	0	0	0	0	0	0	1	1
ENSRNOG00000032289	AABR07067814	unchanged_loop_count	4632	4948	-316	1	1	0	0	0	0	1	1	0	0	0	0
ENSRNOG00000025797	AABR07068417.1	unchanged_loop_count	4632	4948	-316	1	1	0	0	0	0	0	0	0	1	1	0
ENSRNOG00000028869	AABR07069585	unchanged_loop_count	4632	4948	-316	1	1	0	0	0	0	0	0	0	1	1	0
ENSRNOG00000052246	AABR07070085	unchanged_loop_count	4632	4948	-316	1	1	0	0	0	0	0	0	0	1	1	0
ENSRNOG00000000896	AABR07070892.1	unchanged_loop_count	4632	4948	-316	1	1	0	0	0	0	0	0	0	1	1	0
ENSRNOG00000029843	AABR07070957.1	unchanged_loop_count	4632	4948	-316	1	1	0	0	0	0	0	0	0	1	1	0
ENSRNOG00000023330	AABR07071210.1	unchanged_loop_count	4632	4948	-316	1	1	0	0	0	0	0	0	0	1	1	0
ENSRNOG00000059497	AABR07071383.1	unchanged_loop_count	4632	4948	-316	1	1	0	0	0	0	0	0	0	1	1	0
ENSRNOG00000051462	AABR07071739.1	unchanged_loop_count	4632	4948	-316	1	1	0	0	0	0	0	0	0	1	1	0
ENSRNOG00000025014	AABR07072260	unchanged_loop_count	4632	4948	-316	1	1	0	0	0	0	0	0	0	1	1	0
ENSRNOG00000054284	AABR07072639	new_gene_in_sensitivity	NA	4948	NA	0	1	1	0	1	1	0	0	0	0	0	0
ENSRNOG00000060790	AC097575.2	unchanged_loop_count	4632	4948	-316	1	1	0	0	0	0	0	0	0	1	1	0
ENSRNOG00000047108	AC097845.1	unchanged_loop_count	4632	4948	-316	1	1	0	0	0	0	0	0	0	1	1	0
ENSRNOG00000014105	AC103056	unchanged_loop_count	4632	4948	-316	1	1	0	0	0	0	0	0	0	1	1	0
ENSRNOG00000017330	AC103221.1	unchanged_loop_count	4632	4948	-316	1	1	0	0	0	0	0	0	0	1	1	0
ENSRNOG00000045749	AC105515	unchanged_loop_count	4632	4948	-316	1	1	0	0	0	0	0	0	0	1	1	0
ENSRNOG00000061285	AC105604.2	unchanged_loop_count	4632	4948	-316	1	1	0	0	0	0	0	0	0	1	1	0
ENSRNOG00000053768	AC105804.1	new_gene_in_sensitivity	NA	4948	NA	0	1	1	0	0	0	0	0	0	0	1	1
ENSRNOG00000042252	AC106648.1	unchanged_loop_count	4632	4948	-316	1	1	0	0	0	0	1	1	0	0	0	0
ENSRNOG00000053259	AC109844.1	unchanged_loop_count	4632	4948	-316	1	1	0	0	0	0	0	0	0	1	1	0
ENSRNOG00000026991	AC110981.1	unchanged_loop_count	4632	4948	-316	1	1	0	0	0	0	1	1	0	0	0	0
ENSRNOG00000033274	AC113910	unchanged_loop_count	4632	4948	-316	1	1	0	0	0	0	0	0	0	1	1	0
ENSRNOG00000056279	AC115369.1	new_gene_in_sensitivity	NA	4948	NA	0	1	1	0	0	0	0	0	0	0	1	1
ENSRNOG00000021357	AC118772.2	unchanged_loop_count	4632	4948	-316	1	1	0	0	0	0	0	0	0	1	1	0
ENSRNOG00000055573	AC119007.5	unchanged_loop_count	4632	4948	-316	1	1	0	0	0	0	1	1	0	0	0	0
ENSRNOG00000029824	AC123185	unchanged_loop_count	4632	4948	-316	1	1	0	0	0	0	0	0	0	1	1	0
ENSRNOG00000025626	AC123358.1	unchanged_loop_count	4632	4948	-316	1	1	0	0	0	0	0	0	0	1	1	0
ENSRNOG00000028991	AC125757.1	unchanged_loop_count	4632	4948	-316	1	1	0	0	0	0	0	0	0	1	1	0
ENSRNOG00000051278	AC125920.1	unchanged_loop_count	4632	4948	-316	1	1	0	0	0	0	0	0	0	1	1	0
ENSRNOG00000034106	AC127887	decreased_loop_count	2598	4948	-2350	2	1	-1	1	1	0	1	0	-1	0	0	0
ENSRNOG00000054355	AC128212.1	unchanged_loop_count	4632	4948	-316	1	1	0	0	0	0	1	1	0	0	0	0
ENSRNOG00000054663	AC128303	unchanged_loop_count	4632	4948	-316	1	1	0	0	0	0	0	0	0	1	1	0
ENSRNOG00000039470	AC131360.1	unchanged_loop_count	4632	4948	-316	1	1	0	0	0	0	0	0	0	1	1	0
ENSRNOG00000039472	AC131360.2	unchanged_loop_count	4632	4948	-316	1	1	0	0	0	0	0	0	0	1	1	0
ENSRNOG00000017757	AC132020.1	unchanged_loop_count	4632	4948	-316	1	1	0	0	0	0	1	1	0	0	0	0
ENSRNOG00000048439	AC134087.1	decreased_loop_count	2598	4948	-2350	2	1	-1	0	0	0	0	0	0	2	1	-1
ENSRNOG00000053696	AC135294.1	unchanged_loop_count	4632	4948	-316	1	1	0	0	0	0	0	0	0	1	1	0
ENSRNOG00000042940	AC135389	unchanged_loop_count	4632	4948	-316	1	1	0	0	0	0	0	0	0	1	1	0
ENSRNOG00000021435	AC141966.1	unchanged_loop_count	4632	4948	-316	1	1	0	0	0	0	1	1	0	0	0	0
ENSRNOG00000042471	Aadacl2fm3l1	unchanged_loop_count	4632	4948	-316	1	1	0	0	0	0	0	0	0	1	1	0
ENSRNOG00000039494	Aass	unchanged_loop_count	4632	4948	-316	1	1	0	0	0	0	1	1	0	0	0	0
ENSRNOG00000002778	Aatf	unchanged_loop_count	4632	4948	-316	1	1	0	0	0	0	0	0	0	1	1	0
ENSRNOG00000002636	Abat	unchanged_loop_count	4632	4948	-316	1	1	0	0	0	0	0	0	0	1	1	0
ENSRNOG00000043296	Abca14	unchanged_loop_count	4632	4948	-316	1	1	0	0	0	0	0	0	0	1	1	0
ENSRNOG00000014268	Abca2	unchanged_loop_count	4632	4948	-316	1	1	0	0	0	0	0	0	0	1	1	0
ENSRNOG00000012939	Abca7	unchanged_loop_count	4632	4948	-316	1	1	0	0	0	0	0	0	0	1	1	0
ENSRNOG00000017993	Abcb10	unchanged_loop_count	4632	4948	-316	1	1	0	0	0	0	0	0	0	1	1	0
ENSRNOG00000002948	Abcc3	unchanged_loop_count	4632	4948	-316	1	1	0	0	0	0	1	1	0	0	0	0
ENSRNOG00000010064	Abcc4	unchanged_loop_count	4632	4948	-316	1	1	0	0	0	0	1	1	0	0	0	0
ENSRNOG00000011964	Abcd4	unchanged_loop_count	4632	4948	-316	1	1	0	0	0	0	0	0	0	1	1	0
ENSRNOG00000018345	Abce1	decreased_loop_count	2598	4948	-2350	2	1	-1	0	0	0	0	0	0	2	1	-1
ENSRNOG00000001710	Abcf3	decreased_loop_count	2598	4948	-2350	2	1	-1	0	0	0	1	0	-1	1	1	0
ENSRNOG00000054334	Abhd10	new_gene_in_sensitivity	NA	4948	NA	0	1	1	0	0	0	0	1	1	0	0	0
ENSRNOG00000018910	Abhd11	unchanged_loop_count	4632	4948	-316	1	1	0	0	0	0	0	0	0	1	1	0
ENSRNOG00000015002	Abhd15	unchanged_loop_count	4632	4948	-316	1	1	0	0	0	0	0	0	0	1	1	0
ENSRNOG00000015067	Abhd16b	unchanged_loop_count	4632	4948	-316	1	1	0	0	0	0	1	1	0	0	0	0
ENSRNOG00000000221	Abhd5	unchanged_loop_count	4632	4948	-316	1	1	0	0	0	0	0	0	0	1	1	0
ENSRNOG00000000054	Abhd8	unchanged_loop_count	4632	4948	-316	1	1	0	0	0	0	1	1	0	0	0	0
ENSRNOG00000031325	Abi1	unchanged_loop_count	4632	4948	-316	1	1	0	0	0	0	0	0	0	1	1	0
ENSRNOG00000069798	Abol1	unchanged_loop_count	4632	4948	-316	1	1	0	0	0	0	0	0	0	1	1	0
ENSRNOG00000051450	Abracl	unchanged_loop_count	4632	4948	-316	1	1	0	0	0	0	1	1	0	0	0	0
ENSRNOG00000015762	Abtb1	unchanged_loop_count	4632	4948	-316	1	1	0	0	0	0	0	0	0	1	1	0
ENSRNOG00000017642	Acbd5	unchanged_loop_count	4632	4948	-316	1	1	0	0	0	0	0	0	0	1	1	0
ENSRNOG00000003550	Acbd6	new_gene_in_sensitivity	NA	4948	NA	0	1	1	0	0	0	0	0	0	0	1	1
ENSRNOG00000013533	Acin1	unchanged_loop_count	4632	4948	-316	1	1	0	0	0	0	0	0	0	1	1	0
ENSRNOG00000069330	Ackr1	unchanged_loop_count	4632	4948	-316	1	1	0	0	0	0	1	1	0	0	0	0
ENSRNOG00000018415	Acot13	unchanged_loop_count	4632	4948	-316	1	1	0	0	0	0	1	1	0	0	0	0
ENSRNOG00000027960	Acot3	unchanged_loop_count	4632	4948	-316	1	1	0	0	0	0	0	0	0	1	1	0
ENSRNOG00000046864	Acot4	unchanged_loop_count	4632	4948	-316	1	1	0	0	0	0	1	1	0	0	0	0
ENSRNOG00000032508	Acot5	new_gene_in_sensitivity	NA	4948	NA	0	1	1	0	0	0	0	0	0	0	1	1
ENSRNOG00000029637	Acot6	unchanged_loop_count	4632	4948	-316	1	1	0	0	0	0	0	0	0	1	1	0
ENSRNOG00000016179	Acoxl	new_gene_in_sensitivity	NA	4948	NA	0	1	1	0	0	0	0	1	1	0	0	0
ENSRNOG00000005260	Acp1	unchanged_loop_count	4632	4948	-316	1	1	0	0	0	0	0	0	0	1	1	0
ENSRNOG00000017399	Acrbp	unchanged_loop_count	4632	4948	-316	1	1	0	1	1	0	0	0	0	0	0	0
ENSRNOG00000015077	Acsf3	unchanged_loop_count	4632	4948	-316	1	1	0	0	0	0	0	0	0	1	1	0
ENSRNOG00000010633	Acsl1	unchanged_loop_count	4632	4948	-316	1	1	0	0	0	0	0	0	0	1	1	0
ENSRNOG00000019180	Acsl4	unchanged_loop_count	4632	4948	-316	1	1	0	0	0	0	0	0	0	1	1	0
ENSRNOG00000031211	Acsm5	unchanged_loop_count	4632	4948	-316	1	1	0	0	0	0	0	0	0	1	1	0
ENSRNOG00000043292	Actbl2	unchanged_loop_count	4632	4948	-316	1	1	0	0	0	0	1	1	0	0	0	0
ENSRNOG00000036864	Actl10	unchanged_loop_count	4632	4948	-316	1	1	0	1	1	0	0	0	0	0	0	0
ENSRNOG00000011553	Actl6a	unchanged_loop_count	4632	4948	-316	1	1	0	0	0	0	0	0	0	1	1	0
ENSRNOG00000003206	Actr3	unchanged_loop_count	4632	4948	-316	1	1	0	0	0	0	0	0	0	1	1	0
ENSRNOG00000012586	Actrt2	unchanged_loop_count	4632	4948	-316	1	1	0	0	0	0	0	0	0	1	1	0
ENSRNOG00000042980	Adam19	unchanged_loop_count	4632	4948	-316	1	1	0	0	0	0	0	0	0	1	1	0
ENSRNOG00000012424	Adam23	unchanged_loop_count	4632	4948	-316	1	1	0	0	0	0	0	0	0	1	1	0
ENSRNOG00000014054	Adam7	unchanged_loop_count	4632	4948	-316	1	1	0	0	0	0	0	0	0	1	1	0
ENSRNOG00000017897	Adam8	unchanged_loop_count	4632	4948	-316	1	1	0	0	0	0	0	0	0	1	1	0
ENSRNOG00000011575	Adamts18	unchanged_loop_count	4632	4948	-316	1	1	0	0	0	0	0	0	0	1	1	0
ENSRNOG00000003538	Adamts4	unchanged_loop_count	4632	4948	-316	1	1	0	0	0	0	0	0	0	1	1	0
ENSRNOG00000010840	Adamtsl3	unchanged_loop_count	4632	4948	-316	1	1	0	0	0	0	0	0	0	1	1	0
ENSRNOG00000003999	Adcy3	unchanged_loop_count	4632	4948	-316	1	1	0	0	0	0	0	0	0	1	1	0
ENSRNOG00000054757	Adcy6	new_gene_in_sensitivity	NA	4948	NA	0	1	1	0	0	0	0	1	1	0	0	0
ENSRNOG00000032472	Adgrg2	unchanged_loop_count	4632	4948	-316	1	1	0	0	0	0	0	0	0	1	1	0
ENSRNOG00000029134	Adgrl1	unchanged_loop_count	4632	4948	-316	1	1	0	0	0	0	0	0	0	1	1	0
ENSRNOG00000063253	Adgrl2	unchanged_loop_count	4632	4948	-316	1	1	0	0	0	0	0	0	0	1	1	0
ENSRNOG00000065347	Adgrl2	unchanged_loop_count	4632	4948	-316	1	1	0	0	0	0	0	0	0	1	1	0
ENSRNOG00000030149	Adgrl3	unchanged_loop_count	4632	4948	-316	1	1	0	0	0	0	0	0	0	1	1	0
ENSRNOG00000007069	Adhfe1	unchanged_loop_count	4632	4948	-316	1	1	0	0	0	0	0	0	0	1	1	0
ENSRNOG00000021245	Adissp	unchanged_loop_count	4632	4948	-316	1	1	0	1	1	0	0	0	0	0	0	0
ENSRNOG00000010975	Adnp	unchanged_loop_count	4632	4948	-316	1	1	0	0	0	0	1	1	0	0	0	0
ENSRNOG00000001302	Adora2a	unchanged_loop_count	4632	4948	-316	1	1	0	0	0	0	0	0	0	1	1	0
ENSRNOG00000060087	Adra1b	unchanged_loop_count	4632	4948	-316	1	1	0	0	0	0	1	1	0	0	0	0
ENSRNOG00000055984	Adrm1	unchanged_loop_count	4632	4948	-316	1	1	0	0	0	0	1	1	0	0	0	0
ENSRNOG00000046763	Adss1	unchanged_loop_count	4632	4948	-316	1	1	0	0	0	0	1	1	0	0	0	0
ENSRNOG00000014481	Adtrp	decreased_loop_count	2598	4948	-2350	2	1	-1	1	0	-1	0	0	0	1	1	0
ENSRNOG00000019403	Afap1l1	unchanged_loop_count	4632	4948	-316	1	1	0	0	0	0	1	1	0	0	0	0
ENSRNOG00000006965	Aff4	unchanged_loop_count	4632	4948	-316	1	1	0	1	1	0	0	0	0	0	0	0
ENSRNOG00000017462	Afg2a	decreased_loop_count	2598	4948	-2350	2	1	-1	0	0	0	2	1	-1	0	0	0
ENSRNOG00000010397	Agbl3	unchanged_loop_count	4632	4948	-316	1	1	0	0	0	0	0	0	0	1	1	0
ENSRNOG00000015619	Agfg1	unchanged_loop_count	4632	4948	-316	1	1	0	0	0	0	1	1	0	0	0	0
ENSRNOG00000016214	Agl	unchanged_loop_count	4632	4948	-316	1	1	0	0	0	0	0	0	0	1	1	0
ENSRNOG00000001205	Agpat3	unchanged_loop_count	4632	4948	-316	1	1	0	0	0	0	0	0	0	1	1	0
ENSRNOG00000001547	Agps	unchanged_loop_count	4632	4948	-316	1	1	0	0	0	0	0	0	0	1	1	0
ENSRNOG00000008619	Agtrap	unchanged_loop_count	4632	4948	-316	1	1	0	0	0	0	0	0	0	1	1	0
ENSRNOG00000010753	Aig1	unchanged_loop_count	4632	4948	-316	1	1	0	0	0	0	0	0	0	1	1	0
ENSRNOG00000001044	Aimp2	unchanged_loop_count	4632	4948	-316	1	1	0	0	0	0	0	0	0	1	1	0
ENSRNOG00000022289	Aip	unchanged_loop_count	4632	4948	-316	1	1	0	0	0	0	1	1	0	0	0	0
ENSRNOG00000007889	Aipl1	unchanged_loop_count	4632	4948	-316	1	1	0	0	0	0	0	0	0	1	1	0
ENSRNOG00000001213	Aire	unchanged_loop_count	4632	4948	-316	1	1	0	0	0	0	0	0	0	1	1	0
ENSRNOG00000052506	Ak3	unchanged_loop_count	4632	4948	-316	1	1	0	0	0	0	0	0	0	1	1	0
ENSRNOG00000039848	Ak6	unchanged_loop_count	4632	4948	-316	1	1	0	0	0	0	0	0	0	1	1	0
ENSRNOG00000063018	Ak6	unchanged_loop_count	4632	4948	-316	1	1	0	0	0	0	0	0	0	1	1	0
ENSRNOG00000006410	Akap5	unchanged_loop_count	4632	4948	-316	1	1	0	0	0	0	0	0	0	1	1	0
ENSRNOG00000013202	Akap7	unchanged_loop_count	4632	4948	-316	1	1	0	0	0	0	1	1	0	0	0	0
ENSRNOG00000013744	Akip1	unchanged_loop_count	4632	4948	-316	1	1	0	0	0	0	0	0	0	1	1	0
ENSRNOG00000016727	Akr1a1	unchanged_loop_count	4632	4948	-316	1	1	0	0	0	0	0	0	0	1	1	0
ENSRNOG00000033010	Akr1c12	unchanged_loop_count	4632	4948	-316	1	1	0	0	0	0	0	0	0	1	1	0
ENSRNOG00000017531	Akr1c3	unchanged_loop_count	4632	4948	-316	1	1	0	0	0	0	0	0	0	1	1	0
ENSRNOG00000015206	Alad	unchanged_loop_count	4632	4948	-316	1	1	0	0	0	0	0	0	0	1	1	0
ENSRNOG00000020623	Aldh16a1	unchanged_loop_count	4632	4948	-316	1	1	0	0	0	0	1	1	0	0	0	0
ENSRNOG00000017878	Aldh1a7	new_gene_in_sensitivity	NA	4948	NA	0	1	1	0	0	0	0	0	0	0	1	1
ENSRNOG00000011419	Aldh6a1	new_gene_in_sensitivity	NA	4948	NA	0	1	1	0	0	0	0	0	0	0	1	1
ENSRNOG00000014645	Aldh7a1	unchanged_loop_count	4632	4948	-316	1	1	0	0	0	0	0	0	0	1	1	0
ENSRNOG00000014907	Aldh8a1	unchanged_loop_count	4632	4948	-316	1	1	0	0	0	0	1	1	0	0	0	0
ENSRNOG00000014511	Alg10	unchanged_loop_count	4632	4948	-316	1	1	0	0	0	0	0	0	0	1	1	0
ENSRNOG00000012264	Alkbh1	unchanged_loop_count	4632	4948	-316	1	1	0	0	0	0	0	0	0	1	1	0
ENSRNOG00000028584	Alkbh2	unchanged_loop_count	4632	4948	-316	1	1	0	0	0	0	1	1	0	0	0	0
ENSRNOG00000001428	Alkbh4	unchanged_loop_count	4632	4948	-316	1	1	0	0	0	0	1	1	0	0	0	0
ENSRNOG00000024525	Alkbh8	unchanged_loop_count	4632	4948	-316	1	1	0	1	1	0	0	0	0	0	0	0
ENSRNOG00000022343	Alms1	unchanged_loop_count	4632	4948	-316	1	1	0	0	0	0	1	1	0	0	0	0
ENSRNOG00000027037	Alox12	unchanged_loop_count	4632	4948	-316	1	1	0	0	0	0	1	1	0	0	0	0
ENSRNOG00000033921	Als2cl	unchanged_loop_count	4632	4948	-316	1	1	0	0	0	0	0	0	0	1	1	0
ENSRNOG00000036687	Alyref	unchanged_loop_count	4632	4948	-316	1	1	0	0	0	0	0	0	0	1	1	0
ENSRNOG00000018662	Amacr	unchanged_loop_count	4632	4948	-316	1	1	0	0	0	0	1	1	0	0	0	0
ENSRNOG00000006460	Amdhd2	unchanged_loop_count	4632	4948	-316	1	1	0	0	0	0	0	0	0	1	1	0
ENSRNOG00000014850	Amhr2	unchanged_loop_count	4632	4948	-316	1	1	0	0	0	0	1	1	0	0	0	0
ENSRNOG00000045665	Amigo1	unchanged_loop_count	4632	4948	-316	1	1	0	0	0	0	0	0	0	1	1	0
ENSRNOG00000012490	Amph	unchanged_loop_count	4632	4948	-316	1	1	0	1	1	0	0	0	0	0	0	0
ENSRNOG00000059510	Amph	unchanged_loop_count	4632	4948	-316	1	1	0	1	1	0	0	0	0	0	0	0
ENSRNOG00000050214	Amt	unchanged_loop_count	4632	4948	-316	1	1	0	0	0	0	0	0	0	1	1	0
ENSRNOG00000018296	Anapc10	decreased_loop_count	2598	4948	-2350	2	1	-1	0	0	0	0	0	0	2	1	-1
ENSRNOG00000036686	Anapc11	unchanged_loop_count	4632	4948	-316	1	1	0	0	0	0	0	0	0	1	1	0
ENSRNOG00000004130	Anapc4	unchanged_loop_count	4632	4948	-316	1	1	0	0	0	0	0	0	0	1	1	0
ENSRNOG00000025562	Ang2	unchanged_loop_count	4632	4948	-316	1	1	0	0	0	0	1	1	0	0	0	0
ENSRNOG00000005854	Angpt1	unchanged_loop_count	4632	4948	-316	1	1	0	0	0	0	0	0	0	1	1	0
ENSRNOG00000011076	Ank2	unchanged_loop_count	4632	4948	-316	1	1	0	0	0	0	0	0	0	1	1	0
ENSRNOG00000053288	Ank3	unchanged_loop_count	4632	4948	-316	1	1	0	0	0	0	0	0	0	1	1	0
ENSRNOG00000030247	Ankhd1	unchanged_loop_count	4632	4948	-316	1	1	0	0	0	0	0	0	0	1	1	0
ENSRNOG00000005623	Ankmy2	unchanged_loop_count	4632	4948	-316	1	1	0	0	0	0	0	0	0	1	1	0
ENSRNOG00000011340	Ankrd13c	unchanged_loop_count	4632	4948	-316	1	1	0	0	0	0	1	1	0	0	0	0
ENSRNOG00000028168	Ankrd16	unchanged_loop_count	4632	4948	-316	1	1	0	0	0	0	1	1	0	0	0	0
ENSRNOG00000033741	Ankrd34a	unchanged_loop_count	4632	4948	-316	1	1	0	0	0	0	1	1	0	0	0	0
ENSRNOG00000002935	Ankrd40	decreased_loop_count	1472	4948	-3476	3	1	-2	0	0	0	2	1	-1	1	0	-1
ENSRNOG00000063936	Ankrd40	unchanged_loop_count	4632	4948	-316	1	1	0	0	0	0	1	1	0	0	0	0
ENSRNOG00000045669	Ankrd40cl	new_gene_in_sensitivity	NA	4948	NA	0	1	1	0	1	1	0	0	0	0	0	0
ENSRNOG00000013555	Ankrd55	unchanged_loop_count	4632	4948	-316	1	1	0	0	0	0	0	0	0	1	1	0
ENSRNOG00000001048	Ankrd61	unchanged_loop_count	4632	4948	-316	1	1	0	0	0	0	0	0	0	1	1	0
ENSRNOG00000008056	Ankrd9	new_gene_in_sensitivity	NA	4948	NA	0	1	1	0	0	0	0	1	1	0	0	0
ENSRNOG00000070034	Ankub1	unchanged_loop_count	4632	4948	-316	1	1	0	0	0	0	0	0	0	1	1	0
ENSRNOG00000006841	Ano4	unchanged_loop_count	4632	4948	-316	1	1	0	0	0	0	0	0	0	1	1	0
ENSRNOG00000006995	Ano6	unchanged_loop_count	4632	4948	-316	1	1	0	0	0	0	0	0	0	1	1	0
ENSRNOG00000010984	Anxa11	unchanged_loop_count	4632	4948	-316	1	1	0	1	1	0	0	0	0	0	0	0
ENSRNOG00000002045	Anxa3	unchanged_loop_count	4632	4948	-316	1	1	0	0	0	0	0	0	0	1	1	0
ENSRNOG00000069458	Ap1g1	unchanged_loop_count	4632	4948	-316	1	1	0	0	0	0	1	1	0	0	0	0
ENSRNOG00000025619	Ap1g2	unchanged_loop_count	4632	4948	-316	1	1	0	0	0	0	1	1	0	0	0	0
ENSRNOG00000038686	Ap1s2	unchanged_loop_count	4632	4948	-316	1	1	0	0	0	0	0	0	0	1	1	0
ENSRNOG00000049873	Ap1s3	unchanged_loop_count	4632	4948	-316	1	1	0	0	0	0	0	0	0	1	1	0
ENSRNOG00000001709	Ap2m1	unchanged_loop_count	4632	4948	-316	1	1	0	0	0	0	0	0	0	1	1	0
ENSRNOG00000015865	Ap2s1	unchanged_loop_count	4632	4948	-316	1	1	0	0	0	0	1	1	0	0	0	0
ENSRNOG00000019455	Ap4b1	unchanged_loop_count	4632	4948	-316	1	1	0	0	0	0	0	0	0	1	1	0
ENSRNOG00000026114	Ap5b1	unchanged_loop_count	4632	4948	-316	1	1	0	1	1	0	0	0	0	0	0	0
ENSRNOG00000021249	Ap5s1	unchanged_loop_count	4632	4948	-316	1	1	0	0	0	0	0	0	0	1	1	0
ENSRNOG00000056768	Ap5z1	unchanged_loop_count	4632	4948	-316	1	1	0	0	0	0	0	0	0	1	1	0
ENSRNOG00000070609	Apeg3	unchanged_loop_count	4632	4948	-316	1	1	0	0	0	0	0	0	0	1	1	0
ENSRNOG00000009663	Apex1	unchanged_loop_count	4632	4948	-316	1	1	0	0	0	0	0	0	0	1	1	0
ENSRNOG00000026046	Apex2l1	unchanged_loop_count	4632	4948	-316	1	1	0	0	0	0	1	1	0	0	0	0
ENSRNOG00000003984	Apln	unchanged_loop_count	4632	4948	-316	1	1	0	0	0	0	0	0	0	1	1	0
ENSRNOG00000009227	Aplnr	unchanged_loop_count	4632	4948	-316	1	1	0	0	0	0	0	0	0	1	1	0
ENSRNOG00000045679	Apoa1	unchanged_loop_count	4632	4948	-316	1	1	0	0	0	0	0	0	0	1	1	0
ENSRNOG00000012303	Apobec2	unchanged_loop_count	4632	4948	-316	1	1	0	0	0	0	0	0	0	1	1	0
ENSRNOG00000047503	Apoc3	unchanged_loop_count	4632	4948	-316	1	1	0	0	0	0	0	0	0	1	1	0
ENSRNOG00000046918	Apoo	unchanged_loop_count	4632	4948	-316	1	1	0	0	0	0	0	0	0	1	1	0
ENSRNOG00000004452	Aqp12a	unchanged_loop_count	4632	4948	-316	1	1	0	0	0	0	0	0	0	1	1	0
ENSRNOG00000016043	Aqp4	unchanged_loop_count	4632	4948	-316	1	1	0	0	0	0	0	0	0	1	1	0
ENSRNOG00000051970	Aqp5	unchanged_loop_count	4632	4948	-316	1	1	0	0	0	0	1	1	0	0	0	0
ENSRNOG00000009686	Aqp7	unchanged_loop_count	4632	4948	-316	1	1	0	0	0	0	0	0	0	1	1	0
ENSRNOG00000019555	Arap1	unchanged_loop_count	4632	4948	-316	1	1	0	0	0	0	0	0	0	1	1	0
ENSRNOG00000056826	Arap2	unchanged_loop_count	4632	4948	-316	1	1	0	0	0	0	0	0	0	1	1	0
ENSRNOG00000061108	Arcn1	unchanged_loop_count	4632	4948	-316	1	1	0	0	0	0	0	0	0	1	1	0
ENSRNOG00000060229	Arf1	unchanged_loop_count	4632	4948	-316	1	1	0	0	0	0	1	1	0	0	0	0
ENSRNOG00000012623	Arf4	unchanged_loop_count	4632	4948	-316	1	1	0	0	0	0	1	1	0	0	0	0
ENSRNOG00000005703	Arfgef1	unchanged_loop_count	4632	4948	-316	1	1	0	0	0	0	0	0	0	1	1	0
ENSRNOG00000011460	Arfgef3	unchanged_loop_count	4632	4948	-316	1	1	0	0	0	0	0	0	0	1	1	0
ENSRNOG00000008115	Arhgap11a	unchanged_loop_count	4632	4948	-316	1	1	0	0	0	0	0	0	0	1	1	0
ENSRNOG00000017791	Arhgap12	unchanged_loop_count	4632	4948	-316	1	1	0	0	0	0	1	1	0	0	0	0
ENSRNOG00000031168	Arhgap15	unchanged_loop_count	4632	4948	-316	1	1	0	0	0	0	0	0	0	1	1	0
ENSRNOG00000011245	Arhgap18	unchanged_loop_count	4632	4948	-316	1	1	0	0	0	0	0	0	0	1	1	0
ENSRNOG00000009347	Arhgap25	unchanged_loop_count	4632	4948	-316	1	1	0	0	0	0	0	0	0	1	1	0
ENSRNOG00000058545	Arhgap4	decreased_loop_count	2598	4948	-2350	2	1	-1	0	0	0	0	0	0	2	1	-1
ENSRNOG00000036688	Arhgdia	unchanged_loop_count	4632	4948	-316	1	1	0	0	0	0	0	0	0	1	1	0
ENSRNOG00000020130	Arhgef1	new_gene_in_sensitivity	NA	4948	NA	0	1	1	0	0	0	0	1	1	0	0	0
ENSRNOG00000005034	Arhgef25	new_gene_in_sensitivity	NA	4948	NA	0	1	1	0	0	0	0	1	1	0	0	0
ENSRNOG00000014549	Arhgef26	unchanged_loop_count	4632	4948	-316	1	1	0	0	0	0	0	0	0	1	1	0
ENSRNOG00000016544	Arhgef28	unchanged_loop_count	4632	4948	-316	1	1	0	0	0	0	0	0	0	1	1	0
ENSRNOG00000012934	Arhgef7	unchanged_loop_count	4632	4948	-316	1	1	0	0	0	0	0	0	0	1	1	0
ENSRNOG00000017030	Arid1b	unchanged_loop_count	4632	4948	-316	1	1	0	0	0	0	0	0	0	1	1	0
ENSRNOG00000026239	Arid4a	unchanged_loop_count	4632	4948	-316	1	1	0	1	1	0	0	0	0	0	0	0
ENSRNOG00000016391	Arid4b	unchanged_loop_count	4632	4948	-316	1	1	0	0	0	0	0	0	0	1	1	0
ENSRNOG00000025590	Arl14epl	unchanged_loop_count	4632	4948	-316	1	1	0	0	0	0	0	0	0	1	1	0
ENSRNOG00000006839	Arl5a	unchanged_loop_count	4632	4948	-316	1	1	0	0	0	0	0	0	0	1	1	0
ENSRNOG00000036880	Arl5c	new_gene_in_sensitivity	NA	4948	NA	0	1	1	0	0	0	0	1	1	0	0	0
ENSRNOG00000019935	Armc5	unchanged_loop_count	4632	4948	-316	1	1	0	0	0	0	1	1	0	0	0	0
ENSRNOG00000046862	Armcx1	unchanged_loop_count	4632	4948	-316	1	1	0	0	0	0	0	0	0	1	1	0
ENSRNOG00000025730	Armcx3	unchanged_loop_count	4632	4948	-316	1	1	0	0	0	0	1	1	0	0	0	0
ENSRNOG00000013017	Arnt2	unchanged_loop_count	4632	4948	-316	1	1	0	0	0	0	1	1	0	0	0	0
ENSRNOG00000008919	Arpp21	unchanged_loop_count	4632	4948	-316	1	1	0	0	0	0	0	0	0	1	1	0
ENSRNOG00000000001	Arsj	unchanged_loop_count	4632	4948	-316	1	1	0	0	0	0	0	0	0	1	1	0
ENSRNOG00000020251	Art1	unchanged_loop_count	4632	4948	-316	1	1	0	0	0	0	0	0	0	1	1	0
ENSRNOG00000002256	Art3	decreased_loop_count	2598	4948	-2350	2	1	-1	1	0	-1	1	1	0	0	0	0
ENSRNOG00000020242	Art5	unchanged_loop_count	4632	4948	-316	1	1	0	0	0	0	0	0	0	1	1	0
ENSRNOG00000003452	Asb11	unchanged_loop_count	4632	4948	-316	1	1	0	0	0	0	0	0	0	1	1	0
ENSRNOG00000013346	Asb14	unchanged_loop_count	4632	4948	-316	1	1	0	0	0	0	0	0	0	1	1	0
ENSRNOG00000013795	Asb7	unchanged_loop_count	4632	4948	-316	1	1	0	0	0	0	0	0	0	1	1	0
ENSRNOG00000005115	Asf1b	unchanged_loop_count	4632	4948	-316	1	1	0	0	0	0	1	1	0	0	0	0
ENSRNOG00000019985	Asic4	unchanged_loop_count	4632	4948	-316	1	1	0	0	0	0	0	0	0	1	1	0
ENSRNOG00000000903	Asl	unchanged_loop_count	4632	4948	-316	1	1	0	0	0	0	0	0	0	1	1	0
ENSRNOG00000012843	Aspg	new_gene_in_sensitivity	NA	4948	NA	0	1	1	0	0	0	0	0	0	0	1	1
ENSRNOG00000020202	Asrgl1	unchanged_loop_count	4632	4948	-316	1	1	0	0	0	0	0	0	0	1	1	0
ENSRNOG00000018118	Atad3a	unchanged_loop_count	4632	4948	-316	1	1	0	0	0	0	1	1	0	0	0	0
ENSRNOG00000024414	Ate1	unchanged_loop_count	4632	4948	-316	1	1	0	0	0	0	0	0	0	1	1	0
ENSRNOG00000001597	Atf2	unchanged_loop_count	4632	4948	-316	1	1	0	0	0	0	0	0	0	1	1	0
ENSRNOG00000020060	Atf5	unchanged_loop_count	4632	4948	-316	1	1	0	0	0	0	0	0	0	1	1	0
ENSRNOG00000000431	Atf6b	unchanged_loop_count	4632	4948	-316	1	1	0	0	0	0	1	1	0	0	0	0
ENSRNOG00000016342	Atg10	unchanged_loop_count	4632	4948	-316	1	1	0	0	0	0	0	0	0	1	1	0
ENSRNOG00000007756	Atg101	unchanged_loop_count	4632	4948	-316	1	1	0	1	1	0	0	0	0	0	0	0
ENSRNOG00000019413	Atg16l2	unchanged_loop_count	4632	4948	-316	1	1	0	0	0	0	1	1	0	0	0	0
ENSRNOG00000015511	Atic	unchanged_loop_count	4632	4948	-316	1	1	0	0	0	0	0	0	0	1	1	0
ENSRNOG00000006523	Atl2	unchanged_loop_count	4632	4948	-316	1	1	0	0	0	0	0	0	0	1	1	0
ENSRNOG00000058522	Atosa	unchanged_loop_count	4632	4948	-316	1	1	0	0	0	0	1	1	0	0	0	0
ENSRNOG00000011501	Atp1b3	unchanged_loop_count	4632	4948	-316	1	1	0	0	0	0	0	0	0	1	1	0
ENSRNOG00000001285	Atp2a2	unchanged_loop_count	4632	4948	-316	1	1	0	0	0	0	0	0	0	1	1	0
ENSRNOG00000061304	Atp2b3	unchanged_loop_count	4632	4948	-316	1	1	0	0	0	0	0	0	0	1	1	0
ENSRNOG00000002840	Atp5f1b	unchanged_loop_count	4632	4948	-316	1	1	0	0	0	0	0	0	0	1	1	0
ENSRNOG00000013300	Atp5if1	unchanged_loop_count	4632	4948	-316	1	1	0	0	0	0	0	0	0	1	1	0
ENSRNOG00000028884	Atp5mg	unchanged_loop_count	4632	4948	-316	1	1	0	0	0	0	0	0	0	1	1	0
ENSRNOG00000062020	Atp5mgl3	unchanged_loop_count	4632	4948	-316	1	1	0	0	0	0	1	1	0	0	0	0
ENSRNOG00000066701	Atp5mj-ps1	unchanged_loop_count	4632	4948	-316	1	1	0	0	0	0	0	0	0	1	1	0
ENSRNOG00000052704	Atp6v0a2	unchanged_loop_count	4632	4948	-316	1	1	0	0	0	0	0	0	0	1	1	0
ENSRNOG00000013573	Atp6v1b1	unchanged_loop_count	4632	4948	-316	1	1	0	0	0	0	1	1	0	0	0	0
ENSRNOG00000061367	Atp7a	unchanged_loop_count	4632	4948	-316	1	1	0	0	0	0	0	0	0	1	1	0
ENSRNOG00000024975	Atp8b3	unchanged_loop_count	4632	4948	-316	1	1	0	0	0	0	0	0	0	1	1	0
ENSRNOG00000006326	Atraid	unchanged_loop_count	4632	4948	-316	1	1	0	0	0	0	1	1	0	0	0	0
ENSRNOG00000021240	Atrn	unchanged_loop_count	4632	4948	-316	1	1	0	0	0	0	1	1	0	0	0	0
ENSRNOG00000017406	Atrnl1	unchanged_loop_count	4632	4948	-316	1	1	0	0	0	0	0	0	0	1	1	0
ENSRNOG00000000885	Auts2	decreased_loop_count	2598	4948	-2350	2	1	-1	0	0	0	1	1	0	1	0	-1
ENSRNOG00000013314	Avl9	unchanged_loop_count	4632	4948	-316	1	1	0	0	0	0	0	0	0	1	1	0
ENSRNOG00000062714	Axin1	new_gene_in_sensitivity	NA	4948	NA	0	1	1	0	0	0	0	0	0	0	1	1
ENSRNOG00000007625	B3galt1	unchanged_loop_count	4632	4948	-316	1	1	0	0	0	0	0	0	0	1	1	0
ENSRNOG00000046852	B3gat2	unchanged_loop_count	4632	4948	-316	1	1	0	0	0	0	0	0	0	1	1	0
ENSRNOG00000061346	B3glct	unchanged_loop_count	4632	4948	-316	1	1	0	0	0	0	0	0	0	1	1	0
ENSRNOG00000018267	B3gnt7	unchanged_loop_count	4632	4948	-316	1	1	0	0	0	0	0	0	0	1	1	0
ENSRNOG00000008283	B4galt5	unchanged_loop_count	4632	4948	-316	1	1	0	0	0	0	1	1	0	0	0	0
ENSRNOG00000021886	B4galt7	unchanged_loop_count	4632	4948	-316	1	1	0	0	0	0	1	1	0	0	0	0
ENSRNOG00000007395	Baat	unchanged_loop_count	4632	4948	-316	1	1	0	0	0	0	0	0	0	1	1	0
ENSRNOG00000004364	Babam2	unchanged_loop_count	4632	4948	-316	1	1	0	0	0	0	0	0	0	1	1	0
ENSRNOG00000008277	Bag1	new_gene_in_sensitivity	NA	4948	NA	0	1	1	0	0	0	0	1	1	0	0	0
ENSRNOG00000020298	Bag3	unchanged_loop_count	4632	4948	-316	1	1	0	0	0	0	1	1	0	0	0	0
ENSRNOG00000042560	Bag4	unchanged_loop_count	4632	4948	-316	1	1	0	0	0	0	0	0	0	1	1	0
ENSRNOG00000012215	Baiap2l2	unchanged_loop_count	4632	4948	-316	1	1	0	0	0	0	0	0	0	1	1	0
ENSRNOG00000003716	Batf3	unchanged_loop_count	4632	4948	-316	1	1	0	0	0	0	0	0	0	1	1	0
ENSRNOG00000062473	Bbc3	unchanged_loop_count	4632	4948	-316	1	1	0	0	0	0	1	1	0	0	0	0
ENSRNOG00000068263	Bbs12	unchanged_loop_count	4632	4948	-316	1	1	0	0	0	0	1	1	0	0	0	0
ENSRNOG00000015816	Bbs7	unchanged_loop_count	4632	4948	-316	1	1	0	0	0	0	0	0	0	1	1	0
ENSRNOG00000015189	Bbs9	unchanged_loop_count	4632	4948	-316	1	1	0	1	1	0	0	0	0	0	0	0
ENSRNOG00000020956	Bcat2	unchanged_loop_count	4632	4948	-316	1	1	0	0	0	0	0	0	0	1	1	0
ENSRNOG00000009928	Bckdhb	unchanged_loop_count	4632	4948	-316	1	1	0	0	0	0	0	0	0	1	1	0
ENSRNOG00000007049	Bcl11a	unchanged_loop_count	4632	4948	-316	1	1	0	0	0	0	0	0	0	1	1	0
ENSRNOG00000028632	Bcl2l14	unchanged_loop_count	4632	4948	-316	1	1	0	0	0	0	1	1	0	0	0	0
ENSRNOG00000017516	Bcl9	unchanged_loop_count	4632	4948	-316	1	1	0	0	1	1	1	0	-1	0	0	0
ENSRNOG00000058050	Bclaf1	new_gene_in_sensitivity	NA	4948	NA	0	1	1	0	0	0	0	0	0	0	1	1
ENSRNOG00000004488	Bdkrb1	unchanged_loop_count	4632	4948	-316	1	1	0	0	0	0	0	0	0	1	1	0
ENSRNOG00000020513	Becn1	unchanged_loop_count	4632	4948	-316	1	1	0	0	0	0	1	1	0	0	0	0
ENSRNOG00000038076	Becn2	unchanged_loop_count	4632	4948	-316	1	1	0	0	0	0	0	0	0	1	1	0
ENSRNOG00000018749	Best4	unchanged_loop_count	4632	4948	-316	1	1	0	0	0	0	0	0	0	1	1	0
ENSRNOG00000032729	Bex2	unchanged_loop_count	4632	4948	-316	1	1	0	0	0	0	0	0	0	1	1	0
ENSRNOG00000005707	Bfsp1	unchanged_loop_count	4632	4948	-316	1	1	0	0	0	0	1	1	0	0	0	0
ENSRNOG00000055962	Bgn	unchanged_loop_count	4632	4948	-316	1	1	0	0	0	0	0	0	0	1	1	0
ENSRNOG00000016031	Bicd2	unchanged_loop_count	4632	4948	-316	1	1	0	1	1	0	0	0	0	0	0	0
ENSRNOG00000012439	Bid	decreased_loop_count	2598	4948	-2350	2	1	-1	0	0	0	2	1	-1	0	0	0
ENSRNOG00000012852	Bin1	unchanged_loop_count	4632	4948	-316	1	1	0	0	0	0	0	0	0	1	1	0
ENSRNOG00000010602	Birc2	unchanged_loop_count	4632	4948	-316	1	1	0	0	0	0	1	1	0	0	0	0
ENSRNOG00000005731	Birc3	decreased_loop_count	2598	4948	-2350	2	1	-1	0	0	0	0	0	0	2	1	-1
ENSRNOG00000007784	Bloc1s1	unchanged_loop_count	4632	4948	-316	1	1	0	0	0	0	0	0	0	1	1	0
ENSRNOG00000012684	Bloc1s2	decreased_loop_count	2598	4948	-2350	2	1	-1	0	0	0	0	0	0	2	1	-1
ENSRNOG00000016497	Bloc1s5	unchanged_loop_count	4632	4948	-316	1	1	0	0	0	0	0	0	0	1	1	0
ENSRNOG00000038436	Bltp1	unchanged_loop_count	4632	4948	-316	1	1	0	0	0	0	0	0	0	1	1	0
ENSRNOG00000002884	Blzf1	unchanged_loop_count	4632	4948	-316	1	1	0	0	0	0	0	0	0	1	1	0
ENSRNOG00000010917	Bmp5	unchanged_loop_count	4632	4948	-316	1	1	0	0	0	0	0	0	0	1	1	0
ENSRNOG00000016289	Bmpr1b	unchanged_loop_count	4632	4948	-316	1	1	0	0	0	0	0	0	0	1	1	0
ENSRNOG00000006576	Bms1	unchanged_loop_count	4632	4948	-316	1	1	0	0	0	0	0	0	0	1	1	0
ENSRNOG00000042556	Bmyc	unchanged_loop_count	4632	4948	-316	1	1	0	0	0	0	0	0	0	1	1	0
ENSRNOG00000006553	Bnc2	unchanged_loop_count	4632	4948	-316	1	1	0	0	0	0	0	0	0	1	1	0
ENSRNOG00000047988	Bola2	unchanged_loop_count	4632	4948	-316	1	1	0	0	0	0	0	0	0	1	1	0
ENSRNOG00000021866	Bola3	unchanged_loop_count	4632	4948	-316	1	1	0	0	0	0	1	1	0	0	0	0
ENSRNOG00000020427	Borcs8	unchanged_loop_count	4632	4948	-316	1	1	0	0	0	0	1	1	0	0	0	0
ENSRNOG00000034195	Bpi	unchanged_loop_count	4632	4948	-316	1	1	0	0	0	0	1	1	0	0	0	0
ENSRNOG00000020701	Brca1	unchanged_loop_count	4632	4948	-316	1	1	0	0	0	0	0	0	0	1	1	0
ENSRNOG00000009611	Bricd5	unchanged_loop_count	4632	4948	-316	1	1	0	0	0	0	0	0	0	1	1	0
ENSRNOG00000018021	Brix1	unchanged_loop_count	4632	4948	-316	1	1	0	0	0	0	0	0	0	1	1	0
ENSRNOG00000017673	Brsk1	unchanged_loop_count	4632	4948	-316	1	1	0	0	0	0	1	1	0	0	0	0
ENSRNOG00000006543	Bsnd	unchanged_loop_count	4632	4948	-316	1	1	0	1	1	0	0	0	0	0	0	0
ENSRNOG00000019529	Btbd1	unchanged_loop_count	4632	4948	-316	1	1	0	0	0	0	0	0	0	1	1	0
ENSRNOG00000042163	Btbd19	unchanged_loop_count	4632	4948	-316	1	1	0	0	0	0	0	0	0	1	1	0
ENSRNOG00000008088	Btbd3	unchanged_loop_count	4632	4948	-316	1	1	0	0	0	0	1	1	0	0	0	0
ENSRNOG00000017514	Btn1a1	unchanged_loop_count	4632	4948	-316	1	1	0	0	0	0	1	1	0	0	0	0
ENSRNOG00000032778	Bub1	unchanged_loop_count	4632	4948	-316	1	1	0	0	0	0	1	1	0	0	0	0
ENSRNOG00000007906	Bub1b	unchanged_loop_count	4632	4948	-316	1	1	0	0	0	0	0	0	0	1	1	0
ENSRNOG00000020643	Bub3	unchanged_loop_count	4632	4948	-316	1	1	0	0	0	0	0	0	0	1	1	0
ENSRNOG00000033700	Bud23	unchanged_loop_count	4632	4948	-316	1	1	0	0	0	0	1	1	0	0	0	0
ENSRNOG00000049121	Bysl	unchanged_loop_count	4632	4948	-316	1	1	0	1	1	0	0	0	0	0	0	0
ENSRNOG00000064206	C10h17orf67	unchanged_loop_count	4632	4948	-316	1	1	0	0	0	0	1	1	0	0	0	0
ENSRNOG00000000237	C10h17orf75	unchanged_loop_count	4632	4948	-316	1	1	0	0	0	0	0	0	0	1	1	0
ENSRNOG00000063811	C11h3orf70	unchanged_loop_count	4632	4948	-316	1	1	0	0	0	0	1	1	0	0	0	0
ENSRNOG00000026523	C13h1orf105	unchanged_loop_count	4632	4948	-316	1	1	0	0	0	0	0	0	0	1	1	0
ENSRNOG00000038427	C14h4orf50	unchanged_loop_count	4632	4948	-316	1	1	0	0	0	0	1	1	0	0	0	0
ENSRNOG00000008351	C15h8orf58	new_gene_in_sensitivity	NA	4948	NA	0	1	1	0	1	1	0	0	0	0	0	0
ENSRNOG00000013738	C18h5orf63	unchanged_loop_count	4632	4948	-316	1	1	0	0	0	0	0	0	0	1	1	0
ENSRNOG00000017867	C19h16orf86	unchanged_loop_count	4632	4948	-316	1	1	0	0	0	0	0	0	0	1	1	0
ENSRNOG00000017090	C19h16orf87	new_gene_in_sensitivity	NA	4948	NA	0	1	1	0	0	0	0	0	0	0	1	1
ENSRNOG00000049931	C19h19orf53	unchanged_loop_count	4632	4948	-316	1	1	0	0	0	0	1	1	0	0	0	0
ENSRNOG00000052273	C1h15orf40	unchanged_loop_count	4632	4948	-316	1	1	0	0	0	0	0	0	0	1	1	0
ENSRNOG00000056651	C1h19orf33	unchanged_loop_count	4632	4948	-316	1	1	0	0	0	0	1	1	0	0	0	0
ENSRNOG00000070184	C1h6orf120	unchanged_loop_count	4632	4948	-316	1	1	0	0	0	0	0	0	0	1	1	0
ENSRNOG00000025644	C1h9orf40	unchanged_loop_count	4632	4948	-316	1	1	0	0	0	0	0	0	0	1	1	0
ENSRNOG00000046863	C1ql2	unchanged_loop_count	4632	4948	-316	1	1	0	0	0	0	0	0	0	1	1	0
ENSRNOG00000003259	C1qtnf1	unchanged_loop_count	4632	4948	-316	1	1	0	0	0	0	0	0	0	1	1	0
ENSRNOG00000005094	C1qtnf7	unchanged_loop_count	4632	4948	-316	1	1	0	0	0	0	0	0	0	1	1	0
ENSRNOG00000011718	C1rl	unchanged_loop_count	4632	4948	-316	1	1	0	0	0	0	1	1	0	0	0	0
ENSRNOG00000034236	C2cd4a	unchanged_loop_count	4632	4948	-316	1	1	0	0	0	0	0	0	0	1	1	0
ENSRNOG00000020832	C2cd4d	unchanged_loop_count	4632	4948	-316	1	1	0	0	0	0	0	0	0	1	1	0
ENSRNOG00000014382	C2cd5	unchanged_loop_count	4632	4948	-316	1	1	0	1	1	0	0	0	0	0	0	0
ENSRNOG00000024623	C2h4orf17	unchanged_loop_count	4632	4948	-316	1	1	0	0	0	0	1	1	0	0	0	0
ENSRNOG00000014654	C2h4orf3	unchanged_loop_count	4632	4948	-316	1	1	0	0	0	0	0	0	0	1	1	0
ENSRNOG00000063384	C2h4orf54	unchanged_loop_count	4632	4948	-316	1	1	0	0	0	0	1	1	0	0	0	0
ENSRNOG00000010963	C3h11orf91	unchanged_loop_count	4632	4948	-316	1	1	0	0	0	0	0	0	0	1	1	0
ENSRNOG00000016583	C3h20orf144	unchanged_loop_count	4632	4948	-316	1	1	0	1	1	0	0	0	0	0	0	0
ENSRNOG00000017380	C4h2orf42	unchanged_loop_count	4632	4948	-316	1	1	0	0	0	0	0	0	0	1	1	0
ENSRNOG00000022155	C4h3orf20	unchanged_loop_count	4632	4948	-316	1	1	0	0	0	0	0	0	0	1	1	0
ENSRNOG00000054734	C5h1orf232	unchanged_loop_count	4632	4948	-316	1	1	0	0	0	0	1	1	0	0	0	0
ENSRNOG00000009178	C5h6orf163	unchanged_loop_count	4632	4948	-316	1	1	0	0	0	0	0	0	0	1	1	0
ENSRNOG00000024506	C5h9orf43	unchanged_loop_count	4632	4948	-316	1	1	0	0	0	0	0	0	0	1	1	0
ENSRNOG00000038943	C7h12orf42	decreased_loop_count	2598	4948	-2350	2	1	-1	0	0	0	0	0	0	2	1	-1
ENSRNOG00000023824	C7h12orf56	unchanged_loop_count	4632	4948	-316	1	1	0	0	0	0	0	0	0	1	1	0
ENSRNOG00000006370	C7h8orf76	unchanged_loop_count	4632	4948	-316	1	1	0	0	0	0	0	0	0	1	1	0
ENSRNOG00000028701	C8g	unchanged_loop_count	4632	4948	-316	1	1	0	0	0	0	1	1	0	0	0	0
ENSRNOG00000025463	C8h11orf87	unchanged_loop_count	4632	4948	-316	1	1	0	0	0	0	0	0	0	1	1	0
ENSRNOG00000009203	C8h11orf97	unchanged_loop_count	4632	4948	-316	1	1	0	0	0	0	1	1	0	0	0	0
ENSRNOG00000018689	C8h15orf39	unchanged_loop_count	4632	4948	-316	1	1	0	0	0	0	0	0	0	1	1	0
ENSRNOG00000033256	C8h19orf38	unchanged_loop_count	4632	4948	-316	1	1	0	0	0	0	0	0	0	1	1	0
ENSRNOG00000067303	C9h2orf66	unchanged_loop_count	4632	4948	-316	1	1	0	0	0	0	0	0	0	1	1	0
ENSRNOG00000038738	C9h2orf88	new_gene_in_sensitivity	NA	4948	NA	0	1	1	0	0	0	0	1	1	0	0	0
ENSRNOG00000048967	C9h6orf141	unchanged_loop_count	4632	4948	-316	1	1	0	0	0	0	0	0	0	1	1	0
ENSRNOG00000005840	Cacfd1	new_gene_in_sensitivity	NA	4948	NA	0	1	1	0	0	0	0	1	1	0	0	0
ENSRNOG00000010514	Cachd1	unchanged_loop_count	4632	4948	-316	1	1	0	0	0	0	0	0	0	1	1	0
ENSRNOG00000007090	Cacna1c	unchanged_loop_count	4632	4948	-316	1	1	0	0	0	0	0	0	0	1	1	0
ENSRNOG00000060528	Cacna1g	unchanged_loop_count	4632	4948	-316	1	1	0	0	0	0	1	1	0	0	0	0
ENSRNOG00000033531	Cacna2d1	unchanged_loop_count	4632	4948	-316	1	1	0	0	0	0	0	0	0	1	1	0
ENSRNOG00000004518	Cacnb1	new_gene_in_sensitivity	NA	4948	NA	0	1	1	0	0	0	0	1	1	0	0	0
ENSRNOG00000007666	Cacnb4	unchanged_loop_count	4632	4948	-316	1	1	0	0	0	0	0	0	0	1	1	0
ENSRNOG00000003262	Cacng4	unchanged_loop_count	4632	4948	-316	1	1	0	0	0	0	0	0	0	1	1	0
ENSRNOG00000056257	Cacng7	unchanged_loop_count	4632	4948	-316	1	1	0	0	0	0	0	0	0	1	1	0
ENSRNOG00000002572	Cacybp	unchanged_loop_count	4632	4948	-316	1	1	0	0	0	0	0	0	0	1	1	0
ENSRNOG00000026474	Cad	unchanged_loop_count	4632	4948	-316	1	1	0	0	0	0	1	1	0	0	0	0
ENSRNOG00000018778	Cadm1	unchanged_loop_count	4632	4948	-316	1	1	0	0	0	0	1	1	0	0	0	0
ENSRNOG00000007456	Calb1	unchanged_loop_count	4632	4948	-316	1	1	0	0	0	0	0	0	0	1	1	0
ENSRNOG00000010233	Cald1	unchanged_loop_count	4632	4948	-316	1	1	0	0	0	0	0	0	0	1	1	0
ENSRNOG00000000580	Calhm4	unchanged_loop_count	4632	4948	-316	1	1	0	0	0	0	0	0	0	1	1	0
ENSRNOG00000018337	Caly	unchanged_loop_count	4632	4948	-316	1	1	0	0	0	0	1	1	0	0	0	0
ENSRNOG00000017882	Camk1d	unchanged_loop_count	4632	4948	-316	1	1	0	0	0	0	0	0	0	1	1	0
ENSRNOG00000017883	Camsap1	unchanged_loop_count	4632	4948	-316	1	1	0	0	0	0	0	0	0	1	1	0
ENSRNOG00000003239	Cant1	unchanged_loop_count	4632	4948	-316	1	1	0	0	0	0	0	0	0	1	1	0
ENSRNOG00000043350	Cap2	unchanged_loop_count	4632	4948	-316	1	1	0	0	0	0	1	1	0	0	0	0
ENSRNOG00000002626	Car10	unchanged_loop_count	4632	4948	-316	1	1	0	0	0	0	0	0	0	1	1	0
ENSRNOG00000023162	Car14	unchanged_loop_count	4632	4948	-316	1	1	0	1	1	0	0	0	0	0	0	0
ENSRNOG00000031129	Carm1	unchanged_loop_count	4632	4948	-316	1	1	0	0	0	0	0	0	0	1	1	0
ENSRNOG00000003195	Caskin1	unchanged_loop_count	4632	4948	-316	1	1	0	0	0	0	1	1	0	0	0	0
ENSRNOG00000012331	Casp8	unchanged_loop_count	4632	4948	-316	1	1	0	0	0	0	1	1	0	0	0	0
ENSRNOG00000021001	Cblif	new_gene_in_sensitivity	NA	4948	NA	0	1	1	0	0	0	0	0	0	0	1	1
ENSRNOG00000049215	Cbx2	unchanged_loop_count	4632	4948	-316	1	1	0	0	0	0	0	0	0	1	1	0
ENSRNOG00000036841	Cbx5	unchanged_loop_count	4632	4948	-316	1	1	0	0	0	0	1	1	0	0	0	0
ENSRNOG00000046955	Cbx6	unchanged_loop_count	4632	4948	-316	1	1	0	1	1	0	0	0	0	0	0	0
ENSRNOG00000013892	Cby1	unchanged_loop_count	4632	4948	-316	1	1	0	0	0	0	0	0	0	1	1	0
ENSRNOG00000008634	Cc2d1b	unchanged_loop_count	4632	4948	-316	1	1	0	0	0	0	0	0	0	1	1	0
ENSRNOG00000002905	Ccdc103	unchanged_loop_count	4632	4948	-316	1	1	0	0	0	0	0	0	0	1	1	0
ENSRNOG00000007375	Ccdc105	unchanged_loop_count	4632	4948	-316	1	1	0	0	0	0	1	1	0	0	0	0
ENSRNOG00000003559	Ccdc112	unchanged_loop_count	4632	4948	-316	1	1	0	0	0	0	0	0	0	1	1	0
ENSRNOG00000020946	Ccdc12	unchanged_loop_count	4632	4948	-316	1	1	0	0	0	0	1	1	0	0	0	0
ENSRNOG00000030948	Ccdc121l2	unchanged_loop_count	4632	4948	-316	1	1	0	0	0	0	0	0	0	1	1	0
ENSRNOG00000007262	Ccdc134	unchanged_loop_count	4632	4948	-316	1	1	0	0	0	0	1	1	0	0	0	0
ENSRNOG00000057740	Ccdc148	unchanged_loop_count	4632	4948	-316	1	1	0	0	0	0	0	0	0	1	1	0
ENSRNOG00000013263	Ccdc151	unchanged_loop_count	4632	4948	-316	1	1	0	0	0	0	1	1	0	0	0	0
ENSRNOG00000039473	Ccdc152	unchanged_loop_count	4632	4948	-316	1	1	0	0	0	0	0	0	0	1	1	0
ENSRNOG00000002204	Ccdc158	new_gene_in_sensitivity	NA	4948	NA	0	1	1	0	0	0	0	1	1	0	0	0
ENSRNOG00000022953	Ccdc163	unchanged_loop_count	4632	4948	-316	1	1	0	0	0	0	0	0	0	1	1	0
ENSRNOG00000024545	Ccdc18	new_gene_in_sensitivity	NA	4948	NA	0	1	1	0	0	0	0	0	0	0	1	1
ENSRNOG00000010446	Ccdc182	unchanged_loop_count	4632	4948	-316	1	1	0	0	0	0	0	0	0	1	1	0
ENSRNOG00000068230	Ccdc182	unchanged_loop_count	4632	4948	-316	1	1	0	0	0	0	0	0	0	1	1	0
ENSRNOG00000021945	Ccdc184	new_gene_in_sensitivity	NA	4948	NA	0	1	1	0	0	0	0	0	0	0	1	1
ENSRNOG00000051680	Ccdc186	unchanged_loop_count	4632	4948	-316	1	1	0	0	0	0	0	0	0	1	1	0
ENSRNOG00000027392	Ccdc187	unchanged_loop_count	4632	4948	-316	1	1	0	0	0	0	0	0	0	1	1	0
ENSRNOG00000025005	Ccdc190	unchanged_loop_count	4632	4948	-316	1	1	0	0	0	0	0	0	0	1	1	0
ENSRNOG00000057815	Ccdc191	unchanged_loop_count	4632	4948	-316	1	1	0	0	0	0	0	0	0	1	1	0
ENSRNOG00000062469	Ccdc194	unchanged_loop_count	4632	4948	-316	1	1	0	0	0	0	1	1	0	0	0	0
ENSRNOG00000033423	Ccdc196	unchanged_loop_count	4632	4948	-316	1	1	0	0	0	0	1	1	0	0	0	0
ENSRNOG00000062766	Ccdc198	new_gene_in_sensitivity	NA	4948	NA	0	1	1	0	0	0	0	0	0	0	1	1
ENSRNOG00000068472	Ccdc201	new_gene_in_sensitivity	NA	4948	NA	0	1	1	0	0	0	0	1	1	0	0	0
ENSRNOG00000047578	Ccdc28b	unchanged_loop_count	4632	4948	-316	1	1	0	0	0	0	0	0	0	1	1	0
ENSRNOG00000017933	Ccdc3	unchanged_loop_count	4632	4948	-316	1	1	0	0	0	0	0	0	0	1	1	0
ENSRNOG00000021892	Ccdc38	unchanged_loop_count	4632	4948	-316	1	1	0	0	0	0	0	0	0	1	1	0
ENSRNOG00000011440	Ccdc39	unchanged_loop_count	4632	4948	-316	1	1	0	0	0	0	0	0	0	1	1	0
ENSRNOG00000004075	Ccdc42	unchanged_loop_count	4632	4948	-316	1	1	0	0	0	0	0	0	0	1	1	0
ENSRNOG00000047531	Ccdc57	unchanged_loop_count	4632	4948	-316	1	1	0	0	0	0	0	0	0	1	1	0
ENSRNOG00000028380	Ccdc66	unchanged_loop_count	4632	4948	-316	1	1	0	0	0	0	0	0	0	1	1	0
ENSRNOG00000048718	Ccdc71	unchanged_loop_count	4632	4948	-316	1	1	0	0	0	0	0	0	0	1	1	0
ENSRNOG00000065213	Ccdc85c	unchanged_loop_count	4632	4948	-316	1	1	0	0	0	0	1	1	0	0	0	0
ENSRNOG00000025247	Ccdc87	unchanged_loop_count	4632	4948	-316	1	1	0	0	0	0	0	0	0	1	1	0
ENSRNOG00000004057	Ccdc88a	unchanged_loop_count	4632	4948	-316	1	1	0	0	0	0	0	0	0	1	1	0
ENSRNOG00000048071	Ccdc89	unchanged_loop_count	4632	4948	-316	1	1	0	0	0	0	0	0	0	1	1	0
ENSRNOG00000019321	Cck	unchanged_loop_count	4632	4948	-316	1	1	0	1	1	0	0	0	0	0	0	0
ENSRNOG00000007159	Ccl2	unchanged_loop_count	4632	4948	-316	1	1	0	0	0	0	0	0	0	1	1	0
ENSRNOG00000034290	Ccl21	new_gene_in_sensitivity	NA	4948	NA	0	1	1	0	0	0	0	1	1	0	0	0
ENSRNOG00000039530	Ccl27	unchanged_loop_count	4632	4948	-316	1	1	0	0	0	0	0	0	0	1	1	0
ENSRNOG00000007719	Ccnc	unchanged_loop_count	4632	4948	-316	1	1	0	0	0	0	0	0	0	1	1	0
ENSRNOG00000007483	Ccnf	unchanged_loop_count	4632	4948	-316	1	1	0	0	0	0	0	0	0	1	1	0
ENSRNOG00000002089	Ccng2	unchanged_loop_count	4632	4948	-316	1	1	0	1	1	0	0	0	0	0	0	0
ENSRNOG00000003893	Ccnjl	unchanged_loop_count	4632	4948	-316	1	1	0	1	1	0	0	0	0	0	0	0
ENSRNOG00000011586	Ccnl1	unchanged_loop_count	4632	4948	-316	1	1	0	0	0	0	0	0	0	1	1	0
ENSRNOG00000053054	Ccnt1	unchanged_loop_count	4632	4948	-316	1	1	0	0	0	0	1	1	0	0	0	0
ENSRNOG00000018123	Ccny	unchanged_loop_count	4632	4948	-316	1	1	0	0	0	0	0	0	0	1	1	0
ENSRNOG00000027405	Ccp110	new_gene_in_sensitivity	NA	4948	NA	0	1	1	0	0	0	0	0	0	0	1	1
ENSRNOG00000020275	Ccr10	decreased_loop_count	2598	4948	-2350	2	1	-1	0	0	0	1	1	0	1	0	-1
ENSRNOG00000047816	Ccs	unchanged_loop_count	4632	4948	-316	1	1	0	0	0	0	0	0	0	1	1	0
ENSRNOG00000069794	Cct6a-ps7	unchanged_loop_count	4632	4948	-316	1	1	0	0	0	0	0	0	0	1	1	0
ENSRNOG00000001032	Ccz1	new_gene_in_sensitivity	NA	4948	NA	0	1	1	0	0	0	0	0	0	0	1	1
ENSRNOG00000039048	Cd200r1	unchanged_loop_count	4632	4948	-316	1	1	0	0	0	0	1	1	0	0	0	0
ENSRNOG00000020837	Cd300lg	new_gene_in_sensitivity	NA	4948	NA	0	1	1	0	0	0	0	1	1	0	0	0
ENSRNOG00000018488	Cd40	unchanged_loop_count	4632	4948	-316	1	1	0	0	0	0	0	0	0	1	1	0
ENSRNOG00000004737	Cd48	unchanged_loop_count	4632	4948	-316	1	1	0	0	0	0	0	0	0	1	1	0
ENSRNOG00000036674	Cd7	unchanged_loop_count	4632	4948	-316	1	1	0	0	0	0	1	1	0	0	0	0
ENSRNOG00000014515	Cdc14a	unchanged_loop_count	4632	4948	-316	1	1	0	0	0	0	1	1	0	0	0	0
ENSRNOG00000017536	Cdc16	unchanged_loop_count	4632	4948	-316	1	1	0	0	0	0	1	1	0	0	0	0
ENSRNOG00000024241	Cdc23	new_gene_in_sensitivity	NA	4948	NA	0	1	1	0	0	0	0	1	1	0	0	0
ENSRNOG00000029785	Cdc26	unchanged_loop_count	4632	4948	-316	1	1	0	0	0	0	0	0	0	1	1	0
ENSRNOG00000033426	Cdc37	unchanged_loop_count	4632	4948	-316	1	1	0	0	0	0	1	1	0	0	0	0
ENSRNOG00000020904	Cdc42ep2	unchanged_loop_count	4632	4948	-316	1	1	0	1	1	0	0	0	0	0	0	0
ENSRNOG00000027787	Cdc6	unchanged_loop_count	4632	4948	-316	1	1	0	0	0	0	1	1	0	0	0	0
ENSRNOG00000025302	Cdca2	unchanged_loop_count	4632	4948	-316	1	1	0	0	0	0	0	0	0	1	1	0
ENSRNOG00000005410	Cdca7l	unchanged_loop_count	4632	4948	-316	1	1	0	0	0	0	0	0	0	1	1	0
ENSRNOG00000020151	Cdh1	unchanged_loop_count	4632	4948	-316	1	1	0	0	0	0	0	0	0	1	1	0
ENSRNOG00000015602	Cdh2	unchanged_loop_count	4632	4948	-316	1	1	0	0	0	0	0	0	0	1	1	0
ENSRNOG00000018557	Cdh22	unchanged_loop_count	4632	4948	-316	1	1	0	0	0	0	1	1	0	0	0	0
ENSRNOG00000056643	Cdh8	unchanged_loop_count	4632	4948	-316	1	1	0	0	0	0	0	0	0	1	1	0
ENSRNOG00000047455	Cdhr3	unchanged_loop_count	4632	4948	-316	1	1	0	0	0	0	0	0	0	1	1	0
ENSRNOG00000024144	Cdipt	unchanged_loop_count	4632	4948	-316	1	1	0	0	0	0	0	0	0	1	1	0
ENSRNOG00000057003	Cdiptos	unchanged_loop_count	4632	4948	-316	1	1	0	0	0	0	0	0	0	1	1	0
ENSRNOG00000013620	Cdk13	unchanged_loop_count	4632	4948	-316	1	1	0	0	0	0	1	1	0	0	0	0
ENSRNOG00000022899	Cdk15	new_gene_in_sensitivity	NA	4948	NA	0	1	1	0	0	0	0	1	1	0	0	0
ENSRNOG00000008578	Cdk16	unchanged_loop_count	4632	4948	-316	1	1	0	0	0	0	0	0	0	1	1	0
ENSRNOG00000059485	Cdkl3	unchanged_loop_count	4632	4948	-316	1	1	0	0	0	0	0	0	0	1	1	0
ENSRNOG00000000521	Cdkn1a	unchanged_loop_count	4632	4948	-316	1	1	0	1	1	0	0	0	0	0	0	0
ENSRNOG00000007249	Cdkn1b	unchanged_loop_count	4632	4948	-316	1	1	0	0	0	0	1	1	0	0	0	0
ENSRNOG00000059837	Cdkn2a	unchanged_loop_count	4632	4948	-316	1	1	0	0	0	0	0	0	0	1	1	0
ENSRNOG00000006735	Cdkn2b	unchanged_loop_count	4632	4948	-316	1	1	0	0	0	0	0	0	0	1	1	0
ENSRNOG00000064248	Cdkn2d	unchanged_loop_count	4632	4948	-316	1	1	0	0	0	0	1	1	0	0	0	0
ENSRNOG00000000158	Cdo1	unchanged_loop_count	4632	4948	-316	1	1	0	0	0	0	0	0	0	1	1	0
ENSRNOG00000021265	Cds2	unchanged_loop_count	4632	4948	-316	1	1	0	0	0	0	1	1	0	0	0	0
ENSRNOG00000060334	Cdx1	unchanged_loop_count	4632	4948	-316	1	1	0	0	0	0	1	1	0	0	0	0
ENSRNOG00000032215	Cdyl	unchanged_loop_count	4632	4948	-316	1	1	0	0	0	0	0	0	0	1	1	0
ENSRNOG00000019260	Ceacam20	unchanged_loop_count	4632	4948	-316	1	1	0	0	0	0	0	0	0	1	1	0
ENSRNOG00000010918	Cebpa	unchanged_loop_count	4632	4948	-316	1	1	0	0	0	0	1	1	0	0	0	0
ENSRNOG00000014282	Cebpe	decreased_loop_count	831	4948	-4117	4	1	-3	2	1	-1	1	0	-1	1	0	-1
ENSRNOG00000014503	Celf4	unchanged_loop_count	4632	4948	-316	1	1	0	0	0	0	0	0	0	1	1	0
ENSRNOG00000009339	Cenpe	unchanged_loop_count	4632	4948	-316	1	1	0	0	0	0	0	0	0	1	1	0
ENSRNOG00000033335	Cenpi	unchanged_loop_count	4632	4948	-316	1	1	0	0	0	0	0	0	0	1	1	0
ENSRNOG00000038789	Cenpl	unchanged_loop_count	4632	4948	-316	1	1	0	0	0	0	0	0	0	1	1	0
ENSRNOG00000024178	Cenpt	unchanged_loop_count	4632	4948	-316	1	1	0	0	0	0	0	0	0	1	1	0
ENSRNOG00000004430	Cep131	unchanged_loop_count	4632	4948	-316	1	1	0	0	0	0	1	1	0	0	0	0
ENSRNOG00000010608	Cep162	unchanged_loop_count	4632	4948	-316	1	1	0	0	0	0	0	0	0	1	1	0
ENSRNOG00000019340	Cep250	unchanged_loop_count	4632	4948	-316	1	1	0	0	0	0	0	1	1	1	0	-1
ENSRNOG00000033143	Cep295nl	unchanged_loop_count	4632	4948	-316	1	1	0	1	1	0	0	0	0	0	0	0
ENSRNOG00000027282	Cep68	decreased_loop_count	2598	4948	-2350	2	1	-1	0	0	0	0	0	0	2	1	-1
ENSRNOG00000015465	Cep72	unchanged_loop_count	4632	4948	-316	1	1	0	0	0	0	0	0	0	1	1	0
ENSRNOG00000000414	Cep85l	unchanged_loop_count	4632	4948	-316	1	1	0	0	0	0	1	1	0	0	0	0
ENSRNOG00000024595	Cers6	unchanged_loop_count	4632	4948	-316	1	1	0	0	0	0	0	0	0	1	1	0
ENSRNOG00000012034	Ces2a	new_gene_in_sensitivity	NA	4948	NA	0	1	1	0	1	1	0	0	0	0	0	0
ENSRNOG00000013808	Ces2g	unchanged_loop_count	4632	4948	-316	1	1	0	1	1	0	0	0	0	0	0	0
ENSRNOG00000070043	Ces2g	unchanged_loop_count	4632	4948	-316	1	1	0	1	1	0	0	0	0	0	0	0
ENSRNOG00000014257	Ces4a	decreased_loop_count	2598	4948	-2350	2	1	-1	0	0	0	2	1	-1	0	0	0
ENSRNOG00000026162	Cetn4	unchanged_loop_count	4632	4948	-316	1	1	0	0	0	0	1	1	0	0	0	0
ENSRNOG00000034221	Cfap126	decreased_loop_count	1472	4948	-3476	3	1	-2	0	0	0	3	1	-2	0	0	0
ENSRNOG00000021399	Cfap298	unchanged_loop_count	4632	4948	-316	1	1	0	0	0	0	0	0	0	1	1	0
ENSRNOG00000006114	Cfap69	decreased_loop_count	2598	4948	-2350	2	1	-1	0	0	0	0	0	0	2	1	-1
ENSRNOG00000056407	Cfap73	unchanged_loop_count	4632	4948	-316	1	1	0	0	0	0	0	0	0	1	1	0
ENSRNOG00000002976	Cfap91	unchanged_loop_count	4632	4948	-316	1	1	0	0	0	0	0	0	0	1	1	0
ENSRNOG00000058434	Cfap99	unchanged_loop_count	4632	4948	-316	1	1	0	0	0	0	1	1	0	0	0	0
ENSRNOG00000042646	Cfc1	unchanged_loop_count	4632	4948	-316	1	1	0	0	0	0	0	0	0	1	1	0
ENSRNOG00000019326	Cfdp1	unchanged_loop_count	4632	4948	-316	1	1	0	0	0	0	0	0	0	1	1	0
ENSRNOG00000051180	Chchd2l3	unchanged_loop_count	4632	4948	-316	1	1	0	0	0	0	0	0	0	1	1	0
ENSRNOG00000003143	Chct1	unchanged_loop_count	4632	4948	-316	1	1	0	0	0	0	0	0	0	1	1	0
ENSRNOG00000018309	Chd4	unchanged_loop_count	4632	4948	-316	1	1	0	0	0	0	0	0	0	1	1	0
ENSRNOG00000052549	Chga	new_gene_in_sensitivity	NA	4948	NA	0	1	1	0	0	0	0	0	0	0	1	1
ENSRNOG00000008672	Chmp5	new_gene_in_sensitivity	NA	4948	NA	0	1	1	0	0	0	0	1	1	0	0	0
ENSRNOG00000017939	Chn1	unchanged_loop_count	4632	4948	-316	1	1	0	0	0	0	0	0	0	1	1	0
ENSRNOG00000020038	Chpf	unchanged_loop_count	4632	4948	-316	1	1	0	0	0	0	0	0	0	1	1	0
ENSRNOG00000058271	Chpt1	unchanged_loop_count	4632	4948	-316	1	1	0	1	1	0	0	0	0	0	0	0
ENSRNOG00000018385	Chrm1	unchanged_loop_count	4632	4948	-316	1	1	0	0	0	0	1	1	0	0	0	0
ENSRNOG00000046972	Chrm2	unchanged_loop_count	4632	4948	-316	1	1	0	0	0	0	0	0	0	1	1	0
ENSRNOG00000017556	Chrm4	unchanged_loop_count	4632	4948	-316	1	1	0	0	0	0	1	1	0	0	0	0
ENSRNOG00000020293	Chrna10	unchanged_loop_count	4632	4948	-316	1	1	0	0	0	0	0	0	0	1	1	0
ENSRNOG00000012448	Chrnb3	unchanged_loop_count	4632	4948	-316	1	1	0	0	0	0	1	1	0	0	0	0
ENSRNOG00000001252	Chst12	unchanged_loop_count	4632	4948	-316	1	1	0	0	0	0	0	0	0	1	1	0
ENSRNOG00000004258	Chst7	unchanged_loop_count	4632	4948	-316	1	1	0	0	0	0	0	0	0	1	1	0
ENSRNOG00000050152	Chsy3	unchanged_loop_count	4632	4948	-316	1	1	0	0	0	0	0	0	0	1	1	0
ENSRNOG00000019174	Chtf18	new_gene_in_sensitivity	NA	4948	NA	0	1	1	0	0	0	0	0	0	0	1	1
ENSRNOG00000007336	Churc1	unchanged_loop_count	4632	4948	-316	1	1	0	0	0	0	0	0	0	1	1	0
ENSRNOG00000011865	Ciao2b	unchanged_loop_count	4632	4948	-316	1	1	0	1	1	0	0	0	0	0	0	0
ENSRNOG00000042717	Ciart	unchanged_loop_count	4632	4948	-316	1	1	0	0	0	0	0	0	0	1	1	0
ENSRNOG00000056118	Cic	unchanged_loop_count	4632	4948	-316	1	1	0	1	1	0	0	0	0	0	0	0
ENSRNOG00000065204	Cimip2b	unchanged_loop_count	4632	4948	-316	1	1	0	0	0	0	0	0	0	1	1	0
ENSRNOG00000009905	Cimip2c	unchanged_loop_count	4632	4948	-316	1	1	0	0	0	0	0	0	0	1	1	0
ENSRNOG00000011111	Cipc	unchanged_loop_count	4632	4948	-316	1	1	0	1	1	0	0	0	0	0	0	0
ENSRNOG00000048258	Cisd2	unchanged_loop_count	4632	4948	-316	1	1	0	0	0	0	0	0	0	1	1	0
ENSRNOG00000013442	Ciz1	unchanged_loop_count	4632	4948	-316	1	1	0	0	0	0	0	0	0	1	1	0
ENSRNOG00000026143	Ckap2l	unchanged_loop_count	4632	4948	-316	1	1	0	0	0	0	0	0	0	1	1	0
ENSRNOG00000008016	Ckap4	unchanged_loop_count	4632	4948	-316	1	1	0	0	0	0	0	0	0	1	1	0
ENSRNOG00000002376	Clasp1	unchanged_loop_count	4632	4948	-316	1	1	0	0	0	0	0	0	0	1	1	0
ENSRNOG00000009161	Clasp2	unchanged_loop_count	4632	4948	-316	1	1	0	0	0	0	0	0	0	1	1	0
ENSRNOG00000013771	Clca2	decreased_loop_count	2598	4948	-2350	2	1	-1	0	0	0	2	1	-1	0	0	0
ENSRNOG00000036877	Clca4l	unchanged_loop_count	4632	4948	-316	1	1	0	0	0	0	0	0	0	1	1	0
ENSRNOG00000010682	Clcn3	unchanged_loop_count	4632	4948	-316	1	1	0	0	0	0	0	0	0	1	1	0
ENSRNOG00000052368	Clcnka	unchanged_loop_count	4632	4948	-316	1	1	0	0	0	0	0	0	0	1	1	0
ENSRNOG00000011424	Cldn23	unchanged_loop_count	4632	4948	-316	1	1	0	0	0	0	0	0	0	1	1	0
ENSRNOG00000001657	Cldnd1	unchanged_loop_count	4632	4948	-316	1	1	0	0	0	0	1	1	0	0	0	0
ENSRNOG00000059538	Clec2g	decreased_loop_count	1472	4948	-3476	3	1	-2	1	1	0	2	0	-2	0	0	0
ENSRNOG00000012238	Clec3a	unchanged_loop_count	4632	4948	-316	1	1	0	0	0	0	0	0	0	1	1	0
ENSRNOG00000070954	Clec3a	unchanged_loop_count	4632	4948	-316	1	1	0	0	0	0	0	0	0	1	1	0
ENSRNOG00000018109	Clic4	unchanged_loop_count	4632	4948	-316	1	1	0	1	1	0	0	0	0	0	0	0
ENSRNOG00000020500	Clk2	unchanged_loop_count	4632	4948	-316	1	1	0	0	0	0	0	0	0	1	1	0
ENSRNOG00000019103	Cln3	unchanged_loop_count	4632	4948	-316	1	1	0	0	0	0	0	0	0	1	1	0
ENSRNOG00000016398	Clstn1	unchanged_loop_count	4632	4948	-316	1	1	0	1	1	0	0	0	0	0	0	0
ENSRNOG00000043085	Clstn2	unchanged_loop_count	4632	4948	-316	1	1	0	0	0	0	0	0	0	1	1	0
ENSRNOG00000059237	Clul1	unchanged_loop_count	4632	4948	-316	1	1	0	0	0	0	1	1	0	0	0	0
ENSRNOG00000006919	Clvs1	unchanged_loop_count	4632	4948	-316	1	1	0	0	0	0	0	0	0	1	1	0
ENSRNOG00000013816	Cmas	unchanged_loop_count	4632	4948	-316	1	1	0	0	0	0	0	0	0	1	1	0
ENSRNOG00000010149	Cmc1	unchanged_loop_count	4632	4948	-316	1	1	0	0	0	0	0	0	0	1	1	0
ENSRNOG00000013178	Cmip	unchanged_loop_count	4632	4948	-316	1	1	0	0	0	0	0	0	0	1	1	0
ENSRNOG00000010691	Cmtm3	unchanged_loop_count	4632	4948	-316	1	1	0	0	0	0	1	1	0	0	0	0
ENSRNOG00000010986	Cmtm7	unchanged_loop_count	4632	4948	-316	1	1	0	0	0	0	0	0	0	1	1	0
ENSRNOG00000067317	Cmtm7	unchanged_loop_count	4632	4948	-316	1	1	0	0	0	0	0	0	0	1	1	0
ENSRNOG00000056330	Cnbd1	unchanged_loop_count	4632	4948	-316	1	1	0	0	0	0	0	0	0	1	1	0
ENSRNOG00000010239	Cnbp	new_gene_in_sensitivity	NA	4948	NA	0	1	1	0	0	0	0	1	1	0	0	0
ENSRNOG00000027739	Cndp1	unchanged_loop_count	4632	4948	-316	1	1	0	0	0	0	0	0	0	1	1	0
ENSRNOG00000015534	Cnep1r1	unchanged_loop_count	4632	4948	-316	1	1	0	0	0	0	0	0	0	1	1	0
ENSRNOG00000031773	Cngb1	new_gene_in_sensitivity	NA	4948	NA	0	1	1	0	0	0	0	0	0	0	1	1
ENSRNOG00000022838	Cnksr1	new_gene_in_sensitivity	NA	4948	NA	0	1	1	0	0	0	0	1	1	0	0	0
ENSRNOG00000007014	Cnksr2	unchanged_loop_count	4632	4948	-316	1	1	0	0	0	0	0	0	0	1	1	0
ENSRNOG00000015886	Cnnm4	unchanged_loop_count	4632	4948	-316	1	1	0	0	0	0	0	0	0	1	1	0
ENSRNOG00000023220	Cnot11	unchanged_loop_count	4632	4948	-316	1	1	0	0	0	0	0	0	0	1	1	0
ENSRNOG00000053234	Cnot3	unchanged_loop_count	4632	4948	-316	1	1	0	0	0	0	0	0	0	1	1	0
ENSRNOG00000009260	Cnr2	unchanged_loop_count	4632	4948	-316	1	1	0	0	0	0	0	0	0	1	1	0
ENSRNOG00000043151	Cntln	unchanged_loop_count	4632	4948	-316	1	1	0	0	0	0	0	0	0	1	1	0
ENSRNOG00000007038	Cntn5	unchanged_loop_count	4632	4948	-316	1	1	0	0	0	0	0	0	0	1	1	0
ENSRNOG00000020277	Cntnap1	decreased_loop_count	2598	4948	-2350	2	1	-1	0	0	0	1	1	0	1	0	-1
ENSRNOG00000052701	Coa6	unchanged_loop_count	4632	4948	-316	1	1	0	0	0	0	0	0	0	1	1	0
ENSRNOG00000062808	Coa6	unchanged_loop_count	4632	4948	-316	1	1	0	0	0	0	0	0	0	1	1	0
ENSRNOG00000019918	Coasy	unchanged_loop_count	4632	4948	-316	1	1	0	0	0	0	0	0	0	1	1	0
ENSRNOG00000004281	Cobl	unchanged_loop_count	4632	4948	-316	1	1	0	0	0	0	0	0	0	1	1	0
ENSRNOG00000005286	Coch	unchanged_loop_count	4632	4948	-316	1	1	0	0	0	0	0	0	0	1	1	0
ENSRNOG00000002795	Cog1	unchanged_loop_count	4632	4948	-316	1	1	0	0	0	0	0	0	0	1	1	0
ENSRNOG00000060008	Cog7	unchanged_loop_count	4632	4948	-316	1	1	0	0	0	0	0	0	0	1	1	0
ENSRNOG00000000552	Col13a1	unchanged_loop_count	4632	4948	-316	1	1	0	0	0	0	0	0	0	1	1	0
ENSRNOG00000012110	Col17a1	unchanged_loop_count	4632	4948	-316	1	1	0	0	0	0	0	0	0	1	1	0
ENSRNOG00000050706	Col25a1	unchanged_loop_count	4632	4948	-316	1	1	0	0	0	0	0	0	0	1	1	0
ENSRNOG00000020525	Col5a3	new_gene_in_sensitivity	NA	4948	NA	0	1	1	0	0	0	0	0	0	0	1	1
ENSRNOG00000031782	Col6a4	unchanged_loop_count	4632	4948	-316	1	1	0	0	0	0	0	0	0	1	1	0
ENSRNOG00000016366	Colec12	unchanged_loop_count	4632	4948	-316	1	1	0	0	0	0	1	1	0	0	0	0
ENSRNOG00000043386	Commd2	unchanged_loop_count	4632	4948	-316	1	1	0	0	0	0	0	0	0	1	1	0
ENSRNOG00000018671	Commd4	unchanged_loop_count	4632	4948	-316	1	1	0	0	0	0	0	0	0	1	1	0
ENSRNOG00000038012	Commd6	unchanged_loop_count	4632	4948	-316	1	1	0	0	0	0	1	1	0	0	0	0
ENSRNOG00000002320	Commd8	unchanged_loop_count	4632	4948	-316	1	1	0	0	0	0	0	0	0	1	1	0
ENSRNOG00000013968	Comtd1	unchanged_loop_count	4632	4948	-316	1	1	0	0	0	0	0	0	0	1	1	0
ENSRNOG00000006247	Copa	unchanged_loop_count	4632	4948	-316	1	1	0	0	0	0	0	0	0	1	1	0
ENSRNOG00000000111	Coprs	unchanged_loop_count	4632	4948	-316	1	1	0	0	0	0	0	0	0	1	1	0
ENSRNOG00000008744	Cops2	unchanged_loop_count	4632	4948	-316	1	1	0	0	0	0	0	0	0	1	1	0
ENSRNOG00000023650	Cops4	unchanged_loop_count	4632	4948	-316	1	1	0	0	0	0	0	0	0	1	1	0
ENSRNOG00000001346	Cops6	unchanged_loop_count	4632	4948	-316	1	1	0	0	0	0	0	0	0	1	1	0
ENSRNOG00000019635	Cops8	unchanged_loop_count	4632	4948	-316	1	1	0	0	0	0	0	0	0	1	1	0
ENSRNOG00000036835	Copz1	unchanged_loop_count	4632	4948	-316	1	1	0	1	1	0	0	0	0	0	0	0
ENSRNOG00000009974	Coq3	unchanged_loop_count	4632	4948	-316	1	1	0	1	1	0	0	0	0	0	0	0
ENSRNOG00000019430	Coro1a	unchanged_loop_count	4632	4948	-316	1	1	0	0	0	0	0	0	0	1	1	0
ENSRNOG00000000697	Coro1c	unchanged_loop_count	4632	4948	-316	1	1	0	0	0	0	1	1	0	0	0	0
ENSRNOG00000014496	Coro6	unchanged_loop_count	4632	4948	-316	1	1	0	0	0	0	0	0	0	1	1	0
ENSRNOG00000004146	Coro7	unchanged_loop_count	4632	4948	-316	1	1	0	0	0	0	0	0	0	1	1	0
ENSRNOG00000052096	Cox11	unchanged_loop_count	4632	4948	-316	1	1	0	0	0	0	0	0	0	1	1	0
ENSRNOG00000047115	Cox16	unchanged_loop_count	4632	4948	-316	1	1	0	0	0	0	0	0	0	1	1	0
ENSRNOG00000038951	Cox17	unchanged_loop_count	4632	4948	-316	1	1	0	0	0	0	0	0	0	1	1	0
ENSRNOG00000007827	Cox4i2	new_gene_in_sensitivity	NA	4948	NA	0	1	1	0	0	0	0	1	1	0	0	0
ENSRNOG00000016660	Cox5b	unchanged_loop_count	4632	4948	-316	1	1	0	0	0	0	1	1	0	0	0	0
ENSRNOG00000010807	Cox6c	decreased_loop_count	2598	4948	-2350	2	1	-1	0	0	0	0	0	0	2	1	-1
ENSRNOG00000004526	Cox7a2l	unchanged_loop_count	4632	4948	-316	1	1	0	0	0	0	0	0	0	1	1	0
ENSRNOG00000054689	Cox7b	unchanged_loop_count	4632	4948	-316	1	1	0	0	0	0	0	0	0	1	1	0
ENSRNOG00000020689	Cpeb3	unchanged_loop_count	4632	4948	-316	1	1	0	0	0	0	0	0	0	1	1	0
ENSRNOG00000034134	Cpm	unchanged_loop_count	4632	4948	-316	1	1	0	0	0	0	0	0	0	1	1	0
ENSRNOG00000066159	Cpm	unchanged_loop_count	4632	4948	-316	1	1	0	0	0	0	0	0	0	1	1	0
ENSRNOG00000069087	Cpne1	new_gene_in_sensitivity	NA	4948	NA	0	1	1	0	0	0	0	0	0	0	1	1
ENSRNOG00000043286	Cpne2	unchanged_loop_count	4632	4948	-316	1	1	0	0	0	0	1	1	0	0	0	0
ENSRNOG00000001654	Cpox	decreased_loop_count	2598	4948	-2350	2	1	-1	0	0	0	1	0	-1	1	1	0
ENSRNOG00000014254	Cpt1a	unchanged_loop_count	4632	4948	-316	1	1	0	0	0	0	0	0	0	1	1	0
ENSRNOG00000012443	Cpt2	unchanged_loop_count	4632	4948	-316	1	1	0	0	0	0	0	0	0	1	1	0
ENSRNOG00000023633	Crabp1	new_gene_in_sensitivity	NA	4948	NA	0	1	1	0	0	0	0	0	0	0	1	1
ENSRNOG00000022101	Crabp2	unchanged_loop_count	4632	4948	-316	1	1	0	0	0	0	0	0	0	1	1	0
ENSRNOG00000032202	Creb3l3	new_gene_in_sensitivity	NA	4948	NA	0	1	1	0	0	0	0	1	1	0	0	0
ENSRNOG00000008622	Creb5	unchanged_loop_count	4632	4948	-316	1	1	0	0	0	0	0	0	0	1	1	0
ENSRNOG00000005330	Crebbp	unchanged_loop_count	4632	4948	-316	1	1	0	0	0	0	0	0	0	1	1	0
ENSRNOG00000007115	Crebl2	new_gene_in_sensitivity	NA	4948	NA	0	1	1	0	0	0	0	0	0	0	1	1
ENSRNOG00000067300	Crebl2	new_gene_in_sensitivity	NA	4948	NA	0	1	1	0	0	0	0	0	0	0	1	1
ENSRNOG00000003291	Creg1	unchanged_loop_count	4632	4948	-316	1	1	0	0	0	0	1	1	0	0	0	0
ENSRNOG00000013991	Creg2	unchanged_loop_count	4632	4948	-316	1	1	0	0	0	0	1	1	0	0	0	0
ENSRNOG00000014900	Crem	unchanged_loop_count	4632	4948	-316	1	1	0	0	0	0	0	0	0	1	1	0
ENSRNOG00000027990	Crip1	unchanged_loop_count	4632	4948	-316	1	1	0	0	0	0	1	1	0	0	0	0
ENSRNOG00000020030	Crlf1	unchanged_loop_count	4632	4948	-316	1	1	0	0	0	0	0	0	0	1	1	0
ENSRNOG00000008721	Crnn	new_gene_in_sensitivity	NA	4948	NA	0	1	1	0	0	0	0	1	1	0	0	0
ENSRNOG00000063752	Crocc2	unchanged_loop_count	4632	4948	-316	1	1	0	0	0	0	0	0	0	1	1	0
ENSRNOG00000000053	Crp	unchanged_loop_count	4632	4948	-316	1	1	0	0	0	0	0	0	0	1	1	0
ENSRNOG00000011975	Crtc3	unchanged_loop_count	4632	4948	-316	1	1	0	0	0	0	0	0	0	1	1	0
ENSRNOG00000047175	Cryaa	unchanged_loop_count	4632	4948	-316	1	1	0	0	1	1	1	0	-1	0	0	0
ENSRNOG00000017996	Cryba2	new_gene_in_sensitivity	NA	4948	NA	0	1	1	0	0	0	0	0	0	0	1	1
ENSRNOG00000050023	Crybb2	new_gene_in_sensitivity	NA	4948	NA	0	1	1	0	0	0	0	0	0	0	1	1
ENSRNOG00000014790	Cryga	unchanged_loop_count	4632	4948	-316	1	1	0	0	0	0	1	1	0	0	0	0
ENSRNOG00000061215	Crym	unchanged_loop_count	4632	4948	-316	1	1	0	0	0	0	0	0	0	1	1	0
ENSRNOG00000005332	Csdc2	new_gene_in_sensitivity	NA	4948	NA	0	1	1	0	0	0	0	0	0	0	1	1
ENSRNOG00000018659	Csf1	unchanged_loop_count	4632	4948	-316	1	1	0	0	0	0	0	0	0	1	1	0
ENSRNOG00000018414	Csf1r	unchanged_loop_count	4632	4948	-316	1	1	0	0	0	0	1	1	0	0	0	0
ENSRNOG00000008525	Csf3	unchanged_loop_count	4632	4948	-316	1	1	0	0	0	0	0	0	0	1	1	0
ENSRNOG00000030719	Csmd1	unchanged_loop_count	4632	4948	-316	1	1	0	0	0	0	0	0	0	1	1	0
ENSRNOG00000033433	Csrnp1	unchanged_loop_count	4632	4948	-316	1	1	0	1	1	0	0	0	0	0	0	0
ENSRNOG00000005545	Cst5	new_gene_in_sensitivity	NA	4948	NA	0	1	1	0	0	0	0	0	0	0	1	1
ENSRNOG00000020455	Cst6	unchanged_loop_count	4632	4948	-316	1	1	0	0	0	0	1	1	0	0	0	0
ENSRNOG00000004858	Cstdc1	unchanged_loop_count	4632	4948	-316	1	1	0	0	0	0	0	0	0	1	1	0
ENSRNOG00000056845	Ct47b1	new_gene_in_sensitivity	NA	4948	NA	0	1	1	0	0	0	0	0	0	0	1	1
ENSRNOG00000022141	Ctdspl2	decreased_loop_count	2598	4948	-2350	2	1	-1	0	0	0	0	0	0	2	1	-1
ENSRNOG00000000373	Ctnna3	unchanged_loop_count	4632	4948	-316	1	1	0	0	0	0	1	1	0	0	0	0
ENSRNOG00000015857	Ctsa	unchanged_loop_count	4632	4948	-316	1	1	0	0	0	0	1	1	0	0	0	0
ENSRNOG00000019708	Ctsf	unchanged_loop_count	4632	4948	-316	1	1	0	0	0	0	1	1	0	0	0	0
ENSRNOG00000018566	Ctsl	unchanged_loop_count	4632	4948	-316	1	1	0	0	0	0	1	1	0	0	0	0
ENSRNOG00000018334	Ctu1	unchanged_loop_count	4632	4948	-316	1	1	0	0	0	0	1	1	0	0	0	0
ENSRNOG00000005310	Cul1	unchanged_loop_count	4632	4948	-316	1	1	0	0	0	0	0	0	0	1	1	0
ENSRNOG00000017857	Cul7	unchanged_loop_count	4632	4948	-316	1	1	0	0	0	0	0	0	0	1	1	0
ENSRNOG00000018372	Cul9	unchanged_loop_count	4632	4948	-316	1	1	0	0	0	0	0	0	0	1	1	0
ENSRNOG00000065301	Cux1-ps1	decreased_loop_count	2598	4948	-2350	2	1	-1	0	0	0	1	0	-1	1	1	0
ENSRNOG00000008490	Cwc15	unchanged_loop_count	4632	4948	-316	1	1	0	0	0	0	0	0	0	1	1	0
ENSRNOG00000016326	Cx3cl1	unchanged_loop_count	4632	4948	-316	1	1	0	0	0	0	1	1	0	0	0	0
ENSRNOG00000024899	Cxcl13	unchanged_loop_count	4632	4948	-316	1	1	0	0	0	0	0	0	0	1	1	0
ENSRNOG00000022242	Cxcl9	unchanged_loop_count	4632	4948	-316	1	1	0	0	0	0	1	1	0	0	0	0
ENSRNOG00000060462	Cxhxorf49l1	unchanged_loop_count	4632	4948	-316	1	1	0	0	0	0	0	0	0	1	1	0
ENSRNOG00000051365	Cxhxorf58	unchanged_loop_count	4632	4948	-316	1	1	0	0	0	0	0	0	0	1	1	0
ENSRNOG00000003954	Cxhxorf65	unchanged_loop_count	4632	4948	-316	1	1	0	0	0	0	0	0	0	1	1	0
ENSRNOG00000052232	Cyb561d1	unchanged_loop_count	4632	4948	-316	1	1	0	1	1	0	0	0	0	0	0	0
ENSRNOG00000021887	Cyb561d2	unchanged_loop_count	4632	4948	-316	1	1	0	0	0	0	0	0	0	1	1	0
ENSRNOG00000070068	Cyb5a	unchanged_loop_count	4632	4948	-316	1	1	0	0	0	0	1	1	0	0	0	0
ENSRNOG00000024553	Cyb5d2	unchanged_loop_count	4632	4948	-316	1	1	0	0	0	0	0	0	0	1	1	0
ENSRNOG00000010024	Cyb5r4	unchanged_loop_count	4632	4948	-316	1	1	0	0	0	0	0	0	0	1	1	0
ENSRNOG00000012457	Cyc1	unchanged_loop_count	4632	4948	-316	1	1	0	0	0	0	0	0	0	1	1	0
ENSRNOG00000020035	Cyp17a1	unchanged_loop_count	4632	4948	-316	1	1	0	0	0	0	1	1	0	0	0	0
ENSRNOG00000008988	Cyp2d2	unchanged_loop_count	4632	4948	-316	1	1	0	0	0	0	0	0	0	1	1	0
ENSRNOG00000011367	Cyp2r1	unchanged_loop_count	4632	4948	-316	1	1	0	0	0	0	0	0	0	1	1	0
ENSRNOG00000051770	Cyp2w1	decreased_loop_count	2598	4948	-2350	2	1	-1	0	0	0	0	0	0	2	1	-1
ENSRNOG00000026958	Cyren	unchanged_loop_count	4632	4948	-316	1	1	0	0	0	0	0	0	0	1	1	0
ENSRNOG00000061246	Cyrib	unchanged_loop_count	4632	4948	-316	1	1	0	0	0	0	0	0	0	1	1	0
ENSRNOG00000018775	Cystm1	new_gene_in_sensitivity	NA	4948	NA	0	1	1	0	0	0	0	0	0	0	1	1
ENSRNOG00000012724	Czib	unchanged_loop_count	4632	4948	-316	1	1	0	0	0	0	0	0	0	1	1	0
ENSRNOG00000028930	Dab2	unchanged_loop_count	4632	4948	-316	1	1	0	0	0	0	0	0	0	1	1	0
ENSRNOG00000052256	Dact3	unchanged_loop_count	4632	4948	-316	1	1	0	1	1	0	0	0	0	0	0	0
ENSRNOG00000027264	Dagla	unchanged_loop_count	4632	4948	-316	1	1	0	1	1	0	0	0	0	0	0	0
ENSRNOG00000001079	Daglb	unchanged_loop_count	4632	4948	-316	1	1	0	0	0	0	0	0	0	1	1	0
ENSRNOG00000033368	Dand5	unchanged_loop_count	4632	4948	-316	1	1	0	0	0	0	0	0	0	1	1	0
ENSRNOG00000010747	Dap	unchanged_loop_count	4632	4948	-316	1	1	0	0	0	0	0	0	0	1	1	0
ENSRNOG00000017332	Dapk2	unchanged_loop_count	4632	4948	-316	1	1	0	0	0	0	1	1	0	0	0	0
ENSRNOG00000002813	Dars2	unchanged_loop_count	4632	4948	-316	1	1	0	0	0	0	0	0	0	1	1	0
ENSRNOG00000031387	Dazap1	new_gene_in_sensitivity	NA	4948	NA	0	1	1	0	1	1	0	0	0	0	0	0
ENSRNOG00000046889	Dbi	new_gene_in_sensitivity	NA	4948	NA	0	1	1	0	0	0	0	1	1	0	0	0
ENSRNOG00000013841	Dcaf1	decreased_loop_count	2598	4948	-2350	2	1	-1	1	0	-1	0	0	0	1	1	0
ENSRNOG00000009403	Dcaf17	unchanged_loop_count	4632	4948	-316	1	1	0	0	0	0	0	0	0	1	1	0
ENSRNOG00000004556	Dcaf5	unchanged_loop_count	4632	4948	-316	1	1	0	0	0	0	1	1	0	0	0	0
ENSRNOG00000033099	Dcc	unchanged_loop_count	4632	4948	-316	1	1	0	0	0	0	0	0	0	1	1	0
ENSRNOG00000064585	Dcdc2b	unchanged_loop_count	4632	4948	-316	1	1	0	0	0	0	0	0	0	1	1	0
ENSRNOG00000016550	Dclk2	unchanged_loop_count	4632	4948	-316	1	1	0	0	0	0	1	1	0	0	0	0
ENSRNOG00000019367	Dclre1b	unchanged_loop_count	4632	4948	-316	1	1	0	0	0	0	0	0	0	1	1	0
ENSRNOG00000015980	Dclre1c	unchanged_loop_count	4632	4948	-316	1	1	0	0	0	0	1	1	0	0	0	0
ENSRNOG00000017850	Dctpp1	unchanged_loop_count	4632	4948	-316	1	1	0	0	0	0	0	0	0	1	1	0
ENSRNOG00000039417	Dda1	unchanged_loop_count	4632	4948	-316	1	1	0	0	0	0	1	1	0	0	0	0
ENSRNOG00000009481	Ddhd1	unchanged_loop_count	4632	4948	-316	1	1	0	0	0	0	0	0	0	1	1	0
ENSRNOG00000059605	Ddn	unchanged_loop_count	4632	4948	-316	1	1	0	0	0	0	0	0	0	1	1	0
ENSRNOG00000060154	Ddx23	unchanged_loop_count	4632	4948	-316	1	1	0	0	0	0	0	0	0	1	1	0
ENSRNOG00000009166	Ddx24	unchanged_loop_count	4632	4948	-316	1	1	0	1	1	0	0	0	0	0	0	0
ENSRNOG00000012771	Ddx41	unchanged_loop_count	4632	4948	-316	1	1	0	0	0	0	0	0	0	1	1	0
ENSRNOG00000001043	Ddx55	unchanged_loop_count	4632	4948	-316	1	1	0	0	0	0	0	0	0	1	1	0
ENSRNOG00000036898	Defb19	unchanged_loop_count	4632	4948	-316	1	1	0	0	0	0	1	1	0	0	0	0
ENSRNOG00000036895	Defb25	new_gene_in_sensitivity	NA	4948	NA	0	1	1	0	0	0	0	1	1	0	0	0
ENSRNOG00000036896	Defb27	new_gene_in_sensitivity	NA	4948	NA	0	1	1	0	0	0	0	1	1	0	0	0
ENSRNOG00000023195	Defb29	unchanged_loop_count	4632	4948	-316	1	1	0	0	0	0	0	0	0	1	1	0
ENSRNOG00000003601	Degs1l2	new_gene_in_sensitivity	NA	4948	NA	0	1	1	0	0	0	0	1	1	0	0	0
ENSRNOG00000011716	Degs2	unchanged_loop_count	4632	4948	-316	1	1	0	0	0	0	1	1	0	0	0	0
ENSRNOG00000022373	Dennd4b	decreased_loop_count	2598	4948	-2350	2	1	-1	0	0	0	1	1	0	1	0	-1
ENSRNOG00000010701	Depdc1b	unchanged_loop_count	4632	4948	-316	1	1	0	0	0	0	0	0	0	1	1	0
ENSRNOG00000018144	Depdc5	unchanged_loop_count	4632	4948	-316	1	1	0	0	0	0	0	0	0	1	1	0
ENSRNOG00000005577	Desi1	unchanged_loop_count	4632	4948	-316	1	1	0	0	0	0	0	0	0	1	1	0
ENSRNOG00000004524	Desi2	unchanged_loop_count	4632	4948	-316	1	1	0	0	0	0	1	1	0	0	0	0
ENSRNOG00000028711	Dgat1	unchanged_loop_count	4632	4948	-316	1	1	0	0	0	0	1	1	0	0	0	0
ENSRNOG00000016573	Dgat2	unchanged_loop_count	4632	4948	-316	1	1	0	0	0	0	1	1	0	0	0	0
ENSRNOG00000030771	Dgkb	unchanged_loop_count	4632	4948	-316	1	1	0	1	1	0	0	0	0	0	0	0
ENSRNOG00000023238	Dgkd	unchanged_loop_count	4632	4948	-316	1	1	0	0	0	0	1	1	0	0	0	0
ENSRNOG00000002338	Dgke	unchanged_loop_count	4632	4948	-316	1	1	0	0	0	0	1	1	0	0	0	0
ENSRNOG00000001796	Dgkg	new_gene_in_sensitivity	NA	4948	NA	0	1	1	0	0	0	0	0	0	0	1	1
ENSRNOG00000011617	Dguok	unchanged_loop_count	4632	4948	-316	1	1	0	0	0	0	1	1	0	0	0	0
ENSRNOG00000020776	Dhcr7	unchanged_loop_count	4632	4948	-316	1	1	0	0	0	0	1	1	0	0	0	0
ENSRNOG00000020883	Dhdh	unchanged_loop_count	4632	4948	-316	1	1	0	0	0	0	0	0	0	1	1	0
ENSRNOG00000009673	Dhrs13	unchanged_loop_count	4632	4948	-316	1	1	0	0	0	0	1	1	0	0	0	0
ENSRNOG00000028323	Dhrsx	unchanged_loop_count	4632	4948	-316	1	1	0	0	0	0	0	0	0	1	1	0
ENSRNOG00000030157	Dhx16	decreased_loop_count	2598	4948	-2350	2	1	-1	2	1	-1	0	0	0	0	0	0
ENSRNOG00000010369	Dhx29	unchanged_loop_count	4632	4948	-316	1	1	0	0	0	0	0	0	0	1	1	0
ENSRNOG00000018247	Dhx58	new_gene_in_sensitivity	NA	4948	NA	0	1	1	0	0	0	0	1	1	0	0	0
ENSRNOG00000010711	Dicer1	unchanged_loop_count	4632	4948	-316	1	1	0	0	0	0	0	0	0	1	1	0
ENSRNOG00000004789	Diexf	new_gene_in_sensitivity	NA	4948	NA	0	1	1	0	0	0	0	0	0	0	1	1
ENSRNOG00000048688	Dkk1	unchanged_loop_count	4632	4948	-316	1	1	0	0	0	0	0	0	0	1	1	0
ENSRNOG00000011360	Dkk2	unchanged_loop_count	4632	4948	-316	1	1	0	0	0	0	0	0	0	1	1	0
ENSRNOG00000020686	Dkkl1	unchanged_loop_count	4632	4948	-316	1	1	0	0	0	0	1	1	0	0	0	0
ENSRNOG00000010780	Dlc1	unchanged_loop_count	4632	4948	-316	1	1	0	0	0	0	1	1	0	0	0	0
ENSRNOG00000038597	Dlg1	unchanged_loop_count	4632	4948	-316	1	1	0	0	0	0	0	0	0	1	1	0
ENSRNOG00000002767	Dlg3	unchanged_loop_count	4632	4948	-316	1	1	0	0	0	0	0	0	0	1	1	0
ENSRNOG00000049187	Dlg5l17	decreased_loop_count	2598	4948	-2350	2	1	-1	1	0	-1	1	1	0	0	0	0
ENSRNOG00000012573	Dlgap2	unchanged_loop_count	4632	4948	-316	1	1	0	0	0	0	0	0	0	1	1	0
ENSRNOG00000063630	Dlx6	unchanged_loop_count	4632	4948	-316	1	1	0	0	0	0	0	0	0	1	1	0
ENSRNOG00000010835	Dmbx1	unchanged_loop_count	4632	4948	-316	1	1	0	0	0	0	0	0	0	1	1	0
ENSRNOG00000068045	Dmrta2	unchanged_loop_count	4632	4948	-316	1	1	0	0	0	0	0	0	0	1	1	0
ENSRNOG00000005908	Dmtf1	unchanged_loop_count	4632	4948	-316	1	1	0	0	0	0	0	0	0	1	1	0
ENSRNOG00000038600	Dnaaf3	unchanged_loop_count	4632	4948	-316	1	1	0	0	0	0	0	0	0	1	1	0
ENSRNOG00000059865	Dnah12	unchanged_loop_count	4632	4948	-316	1	1	0	0	0	0	0	0	0	1	1	0
ENSRNOG00000027630	Dnai7	unchanged_loop_count	4632	4948	-316	1	1	0	0	0	0	0	0	0	1	1	0
ENSRNOG00000003855	Dnaja3	unchanged_loop_count	4632	4948	-316	1	1	0	0	0	0	0	0	0	1	1	0
ENSRNOG00000049819	Dnajc19	unchanged_loop_count	4632	4948	-316	1	1	0	0	0	0	0	0	0	1	1	0
ENSRNOG00000017876	Dnajc21	unchanged_loop_count	4632	4948	-316	1	1	0	0	0	0	1	1	0	0	0	0
ENSRNOG00000053498	Dnajc22	unchanged_loop_count	4632	4948	-316	1	1	0	0	0	0	1	1	0	0	0	0
ENSRNOG00000015340	Dnajc25	unchanged_loop_count	4632	4948	-316	1	1	0	0	0	0	0	0	0	1	1	0
ENSRNOG00000031721	Dnajc30	unchanged_loop_count	4632	4948	-316	1	1	0	0	0	0	1	1	0	0	0	0
ENSRNOG00000012851	Dnajc5b	new_gene_in_sensitivity	NA	4948	NA	0	1	1	0	0	0	0	0	0	0	1	1
ENSRNOG00000013255	Dnajc8	unchanged_loop_count	4632	4948	-316	1	1	0	0	0	0	0	0	0	1	1	0
ENSRNOG00000006619	Dnajc9	unchanged_loop_count	4632	4948	-316	1	1	0	0	0	0	0	0	0	1	1	0
ENSRNOG00000042333	Dnal1	unchanged_loop_count	4632	4948	-316	1	1	0	0	0	0	0	0	0	1	1	0
ENSRNOG00000024957	Dnali1	unchanged_loop_count	4632	4948	-316	1	1	0	0	0	0	1	1	0	0	0	0
ENSRNOG00000042352	Dnase1l2	new_gene_in_sensitivity	NA	4948	NA	0	1	1	0	0	0	0	0	0	0	1	1
ENSRNOG00000033835	Dnm1	new_gene_in_sensitivity	NA	4948	NA	0	1	1	0	0	0	0	0	0	0	1	1
ENSRNOG00000007649	Dnm2	unchanged_loop_count	4632	4948	-316	1	1	0	0	0	0	0	0	0	1	1	0
ENSRNOG00000026490	Dnm3	unchanged_loop_count	4632	4948	-316	1	1	0	0	0	0	0	0	0	1	1	0
ENSRNOG00000050742	Dnmbp	unchanged_loop_count	4632	4948	-316	1	1	0	0	0	0	0	0	0	1	1	0
ENSRNOG00000001212	Dnmt3l	unchanged_loop_count	4632	4948	-316	1	1	0	0	0	0	0	0	0	1	1	0
ENSRNOG00000018397	Dnph1	unchanged_loop_count	4632	4948	-316	1	1	0	0	0	0	0	0	0	1	1	0
ENSRNOG00000060054	Doc2b	unchanged_loop_count	4632	4948	-316	1	1	0	0	0	0	0	0	0	1	1	0
ENSRNOG00000024703	Dock5	unchanged_loop_count	4632	4948	-316	1	1	0	0	0	0	0	0	0	1	1	0
ENSRNOG00000004259	Dohh	unchanged_loop_count	4632	4948	-316	1	1	0	0	0	0	1	1	0	0	0	0
ENSRNOG00000013196	Dok5	unchanged_loop_count	4632	4948	-316	1	1	0	0	0	0	0	0	0	1	1	0
ENSRNOG00000038190	Dok6	unchanged_loop_count	4632	4948	-316	1	1	0	0	0	0	0	0	0	1	1	0
ENSRNOG00000016989	Dolk	unchanged_loop_count	4632	4948	-316	1	1	0	0	0	0	1	1	0	0	0	0
ENSRNOG00000002012	Donson	unchanged_loop_count	4632	4948	-316	1	1	0	0	0	0	0	0	0	1	1	0
ENSRNOG00000017241	Dpcd	unchanged_loop_count	4632	4948	-316	1	1	0	0	0	0	0	0	0	1	1	0
ENSRNOG00000020892	Dpf2	unchanged_loop_count	4632	4948	-316	1	1	0	0	0	0	0	0	0	1	1	0
ENSRNOG00000013719	Dph5	unchanged_loop_count	4632	4948	-316	1	1	0	0	0	0	1	1	0	0	0	0
ENSRNOG00000008996	Dpysl5	unchanged_loop_count	4632	4948	-316	1	1	0	0	0	0	0	0	0	1	1	0
ENSRNOG00000024905	Drc1	unchanged_loop_count	4632	4948	-316	1	1	0	0	0	0	1	1	0	0	0	0
ENSRNOG00000039086	Drc12	unchanged_loop_count	4632	4948	-316	1	1	0	0	0	0	1	1	0	0	0	0
ENSRNOG00000020045	Drgx	new_gene_in_sensitivity	NA	4948	NA	0	1	1	0	0	0	0	0	0	0	1	1
ENSRNOG00000050848	Dtx1	unchanged_loop_count	4632	4948	-316	1	1	0	0	0	0	0	0	0	1	1	0
ENSRNOG00000001432	Dtx2	unchanged_loop_count	4632	4948	-316	1	1	0	0	0	0	0	0	0	1	1	0
ENSRNOG00000017395	Duox2	new_gene_in_sensitivity	NA	4948	NA	0	1	1	0	0	0	0	0	0	0	1	1
ENSRNOG00000017805	Duoxa2	new_gene_in_sensitivity	NA	4948	NA	0	1	1	0	0	0	0	0	0	0	1	1
ENSRNOG00000006628	Dusp16	new_gene_in_sensitivity	NA	4948	NA	0	1	1	0	0	0	0	0	0	0	1	1
ENSRNOG00000008868	Dusp19	new_gene_in_sensitivity	NA	4948	NA	0	1	1	0	0	0	0	1	1	0	0	0
ENSRNOG00000014061	Dusp5	unchanged_loop_count	4632	4948	-316	1	1	0	0	0	0	0	0	0	1	1	0
ENSRNOG00000010789	Dusp7	unchanged_loop_count	4632	4948	-316	1	1	0	0	0	0	1	1	0	0	0	0
ENSRNOG00000001708	Dvl3	unchanged_loop_count	4632	4948	-316	1	1	0	0	0	0	0	0	0	1	1	0
ENSRNOG00000011222	Dynll1	unchanged_loop_count	4632	4948	-316	1	1	0	0	0	0	1	1	0	0	0	0
ENSRNOG00000052174	Dynll1l1	unchanged_loop_count	4632	4948	-316	1	1	0	0	0	0	0	0	0	1	1	0
ENSRNOG00000025715	Dynlrb1	unchanged_loop_count	4632	4948	-316	1	1	0	0	0	0	0	0	0	1	1	0
ENSRNOG00000018207	Dynlt1	unchanged_loop_count	4632	4948	-316	1	1	0	0	0	0	0	0	0	1	1	0
ENSRNOG00000001758	Dynlt2b	unchanged_loop_count	4632	4948	-316	1	1	0	1	1	0	0	0	0	0	0	0
ENSRNOG00000018463	Dynlt4	unchanged_loop_count	4632	4948	-316	1	1	0	0	0	0	0	0	0	1	1	0
ENSRNOG00000001662	Dyrk1a	unchanged_loop_count	4632	4948	-316	1	1	0	0	0	0	1	1	0	0	0	0
ENSRNOG00000053178	Dyrk4	unchanged_loop_count	4632	4948	-316	1	1	0	0	0	0	0	0	0	1	1	0
ENSRNOG00000032788	Dysf	unchanged_loop_count	4632	4948	-316	1	1	0	0	0	0	1	1	0	0	0	0
ENSRNOG00000065422	E130218I03Rik	unchanged_loop_count	4632	4948	-316	1	1	0	0	0	0	1	1	0	0	0	0
ENSRNOG00000024567	E130309D02Rik	unchanged_loop_count	4632	4948	-316	1	1	0	0	0	0	0	0	0	1	1	0
ENSRNOG00000009738	ENSRNOG00000009738	unchanged_loop_count	4632	4948	-316	1	1	0	0	0	0	0	0	0	1	1	0
ENSRNOG00000030354	ENSRNOG00000030354	unchanged_loop_count	4632	4948	-316	1	1	0	0	0	0	0	0	0	1	1	0
ENSRNOG00000030963	ENSRNOG00000030963	unchanged_loop_count	4632	4948	-316	1	1	0	0	0	0	0	0	0	1	1	0
ENSRNOG00000031115	ENSRNOG00000031115	unchanged_loop_count	4632	4948	-316	1	1	0	0	0	0	1	1	0	0	0	0
ENSRNOG00000032427	ENSRNOG00000032427	unchanged_loop_count	4632	4948	-316	1	1	0	0	0	0	0	0	0	1	1	0
ENSRNOG00000053594	ENSRNOG00000053594	unchanged_loop_count	4632	4948	-316	1	1	0	0	0	0	0	0	0	1	1	0
ENSRNOG00000055485	ENSRNOG00000055485	unchanged_loop_count	4632	4948	-316	1	1	0	0	0	0	0	0	0	1	1	0
ENSRNOG00000056621	ENSRNOG00000056621	unchanged_loop_count	4632	4948	-316	1	1	0	0	0	0	0	0	0	1	1	0
ENSRNOG00000062327	ENSRNOG00000062327	unchanged_loop_count	4632	4948	-316	1	1	0	0	0	0	0	0	0	1	1	0
ENSRNOG00000062369	ENSRNOG00000062369	unchanged_loop_count	4632	4948	-316	1	1	0	0	0	0	1	1	0	0	0	0
ENSRNOG00000062386	ENSRNOG00000062386	unchanged_loop_count	4632	4948	-316	1	1	0	0	0	0	0	0	0	1	1	0
ENSRNOG00000062419	ENSRNOG00000062419	unchanged_loop_count	4632	4948	-316	1	1	0	0	0	0	0	0	0	1	1	0
ENSRNOG00000062445	ENSRNOG00000062445	unchanged_loop_count	4632	4948	-316	1	1	0	0	0	0	0	0	0	1	1	0
ENSRNOG00000062446	ENSRNOG00000062446	unchanged_loop_count	4632	4948	-316	1	1	0	0	0	0	1	1	0	0	0	0
ENSRNOG00000062453	ENSRNOG00000062453	unchanged_loop_count	4632	4948	-316	1	1	0	0	0	0	1	1	0	0	0	0
ENSRNOG00000062486	ENSRNOG00000062486	unchanged_loop_count	4632	4948	-316	1	1	0	0	0	0	0	0	0	1	1	0
ENSRNOG00000062501	ENSRNOG00000062501	unchanged_loop_count	4632	4948	-316	1	1	0	0	0	0	0	0	0	1	1	0
ENSRNOG00000062509	ENSRNOG00000062509	unchanged_loop_count	4632	4948	-316	1	1	0	0	0	0	0	0	0	1	1	0
ENSRNOG00000062584	ENSRNOG00000062584	unchanged_loop_count	4632	4948	-316	1	1	0	0	0	0	0	0	0	1	1	0
ENSRNOG00000062597	ENSRNOG00000062597	new_gene_in_sensitivity	NA	4948	NA	0	1	1	0	0	0	0	1	1	0	0	0
ENSRNOG00000062613	ENSRNOG00000062613	new_gene_in_sensitivity	NA	4948	NA	0	1	1	0	0	0	0	1	1	0	0	0
ENSRNOG00000062620	ENSRNOG00000062620	unchanged_loop_count	4632	4948	-316	1	1	0	0	0	0	0	0	0	1	1	0
ENSRNOG00000062671	ENSRNOG00000062671	unchanged_loop_count	4632	4948	-316	1	1	0	0	0	0	1	1	0	0	0	0
ENSRNOG00000062674	ENSRNOG00000062674	unchanged_loop_count	4632	4948	-316	1	1	0	0	0	0	0	0	0	1	1	0
ENSRNOG00000062694	ENSRNOG00000062694	unchanged_loop_count	4632	4948	-316	1	1	0	0	0	0	1	1	0	0	0	0
ENSRNOG00000062703	ENSRNOG00000062703	unchanged_loop_count	4632	4948	-316	1	1	0	0	0	0	0	0	0	1	1	0
ENSRNOG00000062740	ENSRNOG00000062740	unchanged_loop_count	4632	4948	-316	1	1	0	0	0	0	0	0	0	1	1	0
ENSRNOG00000062747	ENSRNOG00000062747	unchanged_loop_count	4632	4948	-316	1	1	0	0	0	0	0	0	0	1	1	0
ENSRNOG00000062778	ENSRNOG00000062778	unchanged_loop_count	4632	4948	-316	1	1	0	0	0	0	0	0	0	1	1	0
ENSRNOG00000062835	ENSRNOG00000062835	unchanged_loop_count	4632	4948	-316	1	1	0	0	0	0	0	0	0	1	1	0
ENSRNOG00000062843	ENSRNOG00000062843	unchanged_loop_count	4632	4948	-316	1	1	0	0	0	0	0	0	0	1	1	0
ENSRNOG00000062858	ENSRNOG00000062858	new_gene_in_sensitivity	NA	4948	NA	0	1	1	0	0	0	0	1	1	0	0	0
ENSRNOG00000062955	ENSRNOG00000062955	unchanged_loop_count	4632	4948	-316	1	1	0	0	0	0	0	0	0	1	1	0
ENSRNOG00000062960	ENSRNOG00000062960	unchanged_loop_count	4632	4948	-316	1	1	0	0	0	0	0	0	0	1	1	0
ENSRNOG00000063007	ENSRNOG00000063007	unchanged_loop_count	4632	4948	-316	1	1	0	0	0	0	0	0	0	1	1	0
ENSRNOG00000063063	ENSRNOG00000063063	unchanged_loop_count	4632	4948	-316	1	1	0	0	0	0	1	1	0	0	0	0
ENSRNOG00000063071	ENSRNOG00000063071	new_gene_in_sensitivity	NA	4948	NA	0	1	1	0	0	0	0	1	1	0	0	0
ENSRNOG00000063097	ENSRNOG00000063097	unchanged_loop_count	4632	4948	-316	1	1	0	0	0	0	0	0	0	1	1	0
ENSRNOG00000063114	ENSRNOG00000063114	unchanged_loop_count	4632	4948	-316	1	1	0	0	0	0	0	0	0	1	1	0
ENSRNOG00000063122	ENSRNOG00000063122	unchanged_loop_count	4632	4948	-316	1	1	0	0	0	0	1	1	0	0	0	0
ENSRNOG00000063123	ENSRNOG00000063123	unchanged_loop_count	4632	4948	-316	1	1	0	0	0	0	1	1	0	0	0	0
ENSRNOG00000063191	ENSRNOG00000063191	unchanged_loop_count	4632	4948	-316	1	1	0	0	0	0	0	0	0	1	1	0
ENSRNOG00000063207	ENSRNOG00000063207	unchanged_loop_count	4632	4948	-316	1	1	0	0	0	0	1	1	0	0	0	0
ENSRNOG00000063238	ENSRNOG00000063238	unchanged_loop_count	4632	4948	-316	1	1	0	0	0	0	0	0	0	1	1	0
ENSRNOG00000063268	ENSRNOG00000063268	unchanged_loop_count	4632	4948	-316	1	1	0	0	0	0	0	0	0	1	1	0
ENSRNOG00000063363	ENSRNOG00000063363	new_gene_in_sensitivity	NA	4948	NA	0	1	1	0	0	0	0	0	0	0	1	1
ENSRNOG00000063368	ENSRNOG00000063368	unchanged_loop_count	4632	4948	-316	1	1	0	0	0	0	0	0	0	1	1	0
ENSRNOG00000063392	ENSRNOG00000063392	unchanged_loop_count	4632	4948	-316	1	1	0	0	0	0	0	0	0	1	1	0
ENSRNOG00000063397	ENSRNOG00000063397	unchanged_loop_count	4632	4948	-316	1	1	0	0	0	0	0	0	0	1	1	0
ENSRNOG00000063460	ENSRNOG00000063460	unchanged_loop_count	4632	4948	-316	1	1	0	0	0	0	0	0	0	1	1	0
ENSRNOG00000063463	ENSRNOG00000063463	new_gene_in_sensitivity	NA	4948	NA	0	1	1	0	0	0	0	1	1	0	0	0
ENSRNOG00000063471	ENSRNOG00000063471	unchanged_loop_count	4632	4948	-316	1	1	0	0	0	0	0	0	0	1	1	0
ENSRNOG00000063475	ENSRNOG00000063475	unchanged_loop_count	4632	4948	-316	1	1	0	0	0	0	1	1	0	0	0	0
ENSRNOG00000063484	ENSRNOG00000063484	unchanged_loop_count	4632	4948	-316	1	1	0	0	0	0	0	0	0	1	1	0
ENSRNOG00000063486	ENSRNOG00000063486	unchanged_loop_count	4632	4948	-316	1	1	0	0	0	0	0	0	0	1	1	0
ENSRNOG00000063535	ENSRNOG00000063535	unchanged_loop_count	4632	4948	-316	1	1	0	0	0	0	0	0	0	1	1	0
ENSRNOG00000063536	ENSRNOG00000063536	unchanged_loop_count	4632	4948	-316	1	1	0	0	0	0	0	0	0	1	1	0
ENSRNOG00000063555	ENSRNOG00000063555	unchanged_loop_count	4632	4948	-316	1	1	0	0	0	0	1	1	0	0	0	0
ENSRNOG00000063564	ENSRNOG00000063564	unchanged_loop_count	4632	4948	-316	1	1	0	0	0	0	0	0	0	1	1	0
ENSRNOG00000063571	ENSRNOG00000063571	unchanged_loop_count	4632	4948	-316	1	1	0	0	0	0	0	0	0	1	1	0
ENSRNOG00000063594	ENSRNOG00000063594	unchanged_loop_count	4632	4948	-316	1	1	0	0	0	0	0	0	0	1	1	0
ENSRNOG00000063597	ENSRNOG00000063597	unchanged_loop_count	4632	4948	-316	1	1	0	0	0	0	0	0	0	1	1	0
ENSRNOG00000063607	ENSRNOG00000063607	unchanged_loop_count	4632	4948	-316	1	1	0	0	0	0	0	0	0	1	1	0
ENSRNOG00000063639	ENSRNOG00000063639	unchanged_loop_count	4632	4948	-316	1	1	0	0	0	0	0	0	0	1	1	0
ENSRNOG00000063680	ENSRNOG00000063680	unchanged_loop_count	4632	4948	-316	1	1	0	0	0	0	1	1	0	0	0	0
ENSRNOG00000063689	ENSRNOG00000063689	unchanged_loop_count	4632	4948	-316	1	1	0	0	0	0	0	0	0	1	1	0
ENSRNOG00000063703	ENSRNOG00000063703	new_gene_in_sensitivity	NA	4948	NA	0	1	1	0	0	0	0	1	1	0	0	0
ENSRNOG00000063757	ENSRNOG00000063757	unchanged_loop_count	4632	4948	-316	1	1	0	0	0	0	1	1	0	0	0	0
ENSRNOG00000063760	ENSRNOG00000063760	unchanged_loop_count	4632	4948	-316	1	1	0	0	0	0	1	1	0	0	0	0
ENSRNOG00000063771	ENSRNOG00000063771	unchanged_loop_count	4632	4948	-316	1	1	0	0	0	0	0	0	0	1	1	0
ENSRNOG00000063814	ENSRNOG00000063814	unchanged_loop_count	4632	4948	-316	1	1	0	0	0	0	0	0	0	1	1	0
ENSRNOG00000063821	ENSRNOG00000063821	unchanged_loop_count	4632	4948	-316	1	1	0	0	0	0	0	0	0	1	1	0
ENSRNOG00000063835	ENSRNOG00000063835	unchanged_loop_count	4632	4948	-316	1	1	0	0	0	0	0	0	0	1	1	0
ENSRNOG00000063848	ENSRNOG00000063848	unchanged_loop_count	4632	4948	-316	1	1	0	0	0	0	0	0	0	1	1	0
ENSRNOG00000063856	ENSRNOG00000063856	new_gene_in_sensitivity	NA	4948	NA	0	1	1	0	0	0	0	0	0	0	1	1
ENSRNOG00000063870	ENSRNOG00000063870	unchanged_loop_count	4632	4948	-316	1	1	0	0	0	0	0	0	0	1	1	0
ENSRNOG00000063885	ENSRNOG00000063885	unchanged_loop_count	4632	4948	-316	1	1	0	0	0	0	1	1	0	0	0	0
ENSRNOG00000063888	ENSRNOG00000063888	unchanged_loop_count	4632	4948	-316	1	1	0	0	0	0	1	1	0	0	0	0
ENSRNOG00000063891	ENSRNOG00000063891	unchanged_loop_count	4632	4948	-316	1	1	0	0	0	0	0	0	0	1	1	0
ENSRNOG00000063899	ENSRNOG00000063899	unchanged_loop_count	4632	4948	-316	1	1	0	0	0	0	0	0	0	1	1	0
ENSRNOG00000063932	ENSRNOG00000063932	unchanged_loop_count	4632	4948	-316	1	1	0	0	0	0	0	0	0	1	1	0
ENSRNOG00000063935	ENSRNOG00000063935	unchanged_loop_count	4632	4948	-316	1	1	0	0	0	0	0	0	0	1	1	0
ENSRNOG00000063950	ENSRNOG00000063950	unchanged_loop_count	4632	4948	-316	1	1	0	0	0	0	0	0	0	1	1	0
ENSRNOG00000063961	ENSRNOG00000063961	unchanged_loop_count	4632	4948	-316	1	1	0	0	0	0	0	0	0	1	1	0
ENSRNOG00000063978	ENSRNOG00000063978	unchanged_loop_count	4632	4948	-316	1	1	0	0	0	0	0	0	0	1	1	0
ENSRNOG00000064066	ENSRNOG00000064066	unchanged_loop_count	4632	4948	-316	1	1	0	0	0	0	0	0	0	1	1	0
ENSRNOG00000064076	ENSRNOG00000064076	unchanged_loop_count	4632	4948	-316	1	1	0	0	0	0	0	0	0	1	1	0
ENSRNOG00000064084	ENSRNOG00000064084	unchanged_loop_count	4632	4948	-316	1	1	0	0	0	0	0	0	0	1	1	0
ENSRNOG00000064128	ENSRNOG00000064128	unchanged_loop_count	4632	4948	-316	1	1	0	0	0	0	0	0	0	1	1	0
ENSRNOG00000064133	ENSRNOG00000064133	unchanged_loop_count	4632	4948	-316	1	1	0	0	0	0	1	1	0	0	0	0
ENSRNOG00000064176	ENSRNOG00000064176	new_gene_in_sensitivity	NA	4948	NA	0	1	1	0	0	0	0	1	1	0	0	0
ENSRNOG00000064209	ENSRNOG00000064209	decreased_loop_count	2598	4948	-2350	2	1	-1	0	0	0	1	0	-1	1	1	0
ENSRNOG00000064235	ENSRNOG00000064235	unchanged_loop_count	4632	4948	-316	1	1	0	0	0	0	0	0	0	1	1	0
ENSRNOG00000064257	ENSRNOG00000064257	unchanged_loop_count	4632	4948	-316	1	1	0	0	0	0	1	1	0	0	0	0
ENSRNOG00000064269	ENSRNOG00000064269	unchanged_loop_count	4632	4948	-316	1	1	0	0	0	0	0	0	0	1	1	0
ENSRNOG00000064288	ENSRNOG00000064288	new_gene_in_sensitivity	NA	4948	NA	0	1	1	0	0	0	0	0	0	0	1	1
ENSRNOG00000064308	ENSRNOG00000064308	unchanged_loop_count	4632	4948	-316	1	1	0	0	0	0	0	0	0	1	1	0
ENSRNOG00000064408	ENSRNOG00000064408	unchanged_loop_count	4632	4948	-316	1	1	0	0	0	0	0	0	0	1	1	0
ENSRNOG00000064413	ENSRNOG00000064413	unchanged_loop_count	4632	4948	-316	1	1	0	0	0	0	0	0	0	1	1	0
ENSRNOG00000064414	ENSRNOG00000064414	unchanged_loop_count	4632	4948	-316	1	1	0	1	1	0	0	0	0	0	0	0
ENSRNOG00000064451	ENSRNOG00000064451	unchanged_loop_count	4632	4948	-316	1	1	0	0	0	0	1	1	0	0	0	0
ENSRNOG00000064525	ENSRNOG00000064525	unchanged_loop_count	4632	4948	-316	1	1	0	0	0	0	0	0	0	1	1	0
ENSRNOG00000064540	ENSRNOG00000064540	decreased_loop_count	2598	4948	-2350	2	1	-1	1	1	0	1	0	-1	0	0	0
ENSRNOG00000064546	ENSRNOG00000064546	unchanged_loop_count	4632	4948	-316	1	1	0	0	0	0	1	1	0	0	0	0
ENSRNOG00000064548	ENSRNOG00000064548	decreased_loop_count	2598	4948	-2350	2	1	-1	0	0	0	2	1	-1	0	0	0
ENSRNOG00000064563	ENSRNOG00000064563	unchanged_loop_count	4632	4948	-316	1	1	0	0	0	0	0	0	0	1	1	0
ENSRNOG00000064568	ENSRNOG00000064568	unchanged_loop_count	4632	4948	-316	1	1	0	0	0	0	0	0	0	1	1	0
ENSRNOG00000064602	ENSRNOG00000064602	unchanged_loop_count	4632	4948	-316	1	1	0	0	0	0	0	0	0	1	1	0
ENSRNOG00000064604	ENSRNOG00000064604	unchanged_loop_count	4632	4948	-316	1	1	0	0	0	0	0	0	0	1	1	0
ENSRNOG00000064699	ENSRNOG00000064699	unchanged_loop_count	4632	4948	-316	1	1	0	1	1	0	0	0	0	0	0	0
ENSRNOG00000064705	ENSRNOG00000064705	unchanged_loop_count	4632	4948	-316	1	1	0	0	0	0	0	0	0	1	1	0
ENSRNOG00000064815	ENSRNOG00000064815	unchanged_loop_count	4632	4948	-316	1	1	0	0	0	0	0	0	0	1	1	0
ENSRNOG00000064821	ENSRNOG00000064821	unchanged_loop_count	4632	4948	-316	1	1	0	0	0	0	0	0	0	1	1	0
ENSRNOG00000064835	ENSRNOG00000064835	decreased_loop_count	2598	4948	-2350	2	1	-1	0	0	0	1	0	-1	1	1	0
ENSRNOG00000064841	ENSRNOG00000064841	unchanged_loop_count	4632	4948	-316	1	1	0	1	1	0	0	0	0	0	0	0
ENSRNOG00000064849	ENSRNOG00000064849	unchanged_loop_count	4632	4948	-316	1	1	0	0	0	0	1	1	0	0	0	0
ENSRNOG00000064858	ENSRNOG00000064858	new_gene_in_sensitivity	NA	4948	NA	0	1	1	0	0	0	0	0	0	0	1	1
ENSRNOG00000064909	ENSRNOG00000064909	unchanged_loop_count	4632	4948	-316	1	1	0	1	1	0	0	0	0	0	0	0
ENSRNOG00000064997	ENSRNOG00000064997	unchanged_loop_count	4632	4948	-316	1	1	0	0	0	0	1	1	0	0	0	0
ENSRNOG00000065023	ENSRNOG00000065023	unchanged_loop_count	4632	4948	-316	1	1	0	0	0	0	0	0	0	1	1	0
ENSRNOG00000065037	ENSRNOG00000065037	unchanged_loop_count	4632	4948	-316	1	1	0	0	0	0	0	0	0	1	1	0
ENSRNOG00000065038	ENSRNOG00000065038	unchanged_loop_count	4632	4948	-316	1	1	0	0	0	0	0	0	0	1	1	0
ENSRNOG00000065045	ENSRNOG00000065045	unchanged_loop_count	4632	4948	-316	1	1	0	0	0	0	0	0	0	1	1	0
ENSRNOG00000065056	ENSRNOG00000065056	unchanged_loop_count	4632	4948	-316	1	1	0	0	0	0	0	0	0	1	1	0
ENSRNOG00000065088	ENSRNOG00000065088	unchanged_loop_count	4632	4948	-316	1	1	0	0	0	0	0	0	0	1	1	0
ENSRNOG00000065090	ENSRNOG00000065090	unchanged_loop_count	4632	4948	-316	1	1	0	0	0	0	0	0	0	1	1	0
ENSRNOG00000065105	ENSRNOG00000065105	unchanged_loop_count	4632	4948	-316	1	1	0	0	0	0	1	1	0	0	0	0
ENSRNOG00000065110	ENSRNOG00000065110	unchanged_loop_count	4632	4948	-316	1	1	0	0	0	0	1	1	0	0	0	0
ENSRNOG00000065113	ENSRNOG00000065113	unchanged_loop_count	4632	4948	-316	1	1	0	0	0	0	1	1	0	0	0	0
ENSRNOG00000065127	ENSRNOG00000065127	unchanged_loop_count	4632	4948	-316	1	1	0	0	0	0	0	0	0	1	1	0
ENSRNOG00000065129	ENSRNOG00000065129	unchanged_loop_count	4632	4948	-316	1	1	0	0	0	0	0	0	0	1	1	0
ENSRNOG00000065141	ENSRNOG00000065141	unchanged_loop_count	4632	4948	-316	1	1	0	0	0	0	1	1	0	0	0	0
ENSRNOG00000065145	ENSRNOG00000065145	unchanged_loop_count	4632	4948	-316	1	1	0	0	0	0	1	1	0	0	0	0
ENSRNOG00000065146	ENSRNOG00000065146	unchanged_loop_count	4632	4948	-316	1	1	0	0	0	0	1	1	0	0	0	0
ENSRNOG00000065156	ENSRNOG00000065156	unchanged_loop_count	4632	4948	-316	1	1	0	0	0	0	0	0	0	1	1	0
ENSRNOG00000065160	ENSRNOG00000065160	new_gene_in_sensitivity	NA	4948	NA	0	1	1	0	0	0	0	1	1	0	0	0
ENSRNOG00000065176	ENSRNOG00000065176	new_gene_in_sensitivity	NA	4948	NA	0	1	1	0	0	0	0	1	1	0	0	0
ENSRNOG00000065188	ENSRNOG00000065188	unchanged_loop_count	4632	4948	-316	1	1	0	0	0	0	1	1	0	0	0	0
ENSRNOG00000065241	ENSRNOG00000065241	unchanged_loop_count	4632	4948	-316	1	1	0	0	0	0	0	0	0	1	1	0
ENSRNOG00000065247	ENSRNOG00000065247	unchanged_loop_count	4632	4948	-316	1	1	0	0	0	0	1	1	0	0	0	0
ENSRNOG00000065259	ENSRNOG00000065259	unchanged_loop_count	4632	4948	-316	1	1	0	0	0	0	0	0	0	1	1	0
ENSRNOG00000065265	ENSRNOG00000065265	new_gene_in_sensitivity	NA	4948	NA	0	1	1	0	0	0	0	0	0	0	1	1
ENSRNOG00000065318	ENSRNOG00000065318	unchanged_loop_count	4632	4948	-316	1	1	0	0	0	0	1	1	0	0	0	0
ENSRNOG00000065326	ENSRNOG00000065326	unchanged_loop_count	4632	4948	-316	1	1	0	0	0	0	0	0	0	1	1	0
ENSRNOG00000065414	ENSRNOG00000065414	new_gene_in_sensitivity	NA	4948	NA	0	1	1	0	0	0	0	0	0	0	1	1
ENSRNOG00000065435	ENSRNOG00000065435	unchanged_loop_count	4632	4948	-316	1	1	0	0	0	0	0	0	0	1	1	0
ENSRNOG00000065450	ENSRNOG00000065450	new_gene_in_sensitivity	NA	4948	NA	0	1	1	0	0	0	0	0	0	0	1	1
ENSRNOG00000065452	ENSRNOG00000065452	unchanged_loop_count	4632	4948	-316	1	1	0	0	0	0	0	0	0	1	1	0
ENSRNOG00000065460	ENSRNOG00000065460	unchanged_loop_count	4632	4948	-316	1	1	0	0	0	0	0	0	0	1	1	0
ENSRNOG00000065512	ENSRNOG00000065512	new_gene_in_sensitivity	NA	4948	NA	0	1	1	0	0	0	0	0	0	0	1	1
ENSRNOG00000065518	ENSRNOG00000065518	unchanged_loop_count	4632	4948	-316	1	1	0	0	0	0	0	0	0	1	1	0
ENSRNOG00000065543	ENSRNOG00000065543	unchanged_loop_count	4632	4948	-316	1	1	0	0	0	0	0	0	0	1	1	0
ENSRNOG00000065556	ENSRNOG00000065556	unchanged_loop_count	4632	4948	-316	1	1	0	0	0	0	0	0	0	1	1	0
ENSRNOG00000065577	ENSRNOG00000065577	unchanged_loop_count	4632	4948	-316	1	1	0	0	0	0	1	1	0	0	0	0
ENSRNOG00000065578	ENSRNOG00000065578	new_gene_in_sensitivity	NA	4948	NA	0	1	1	0	0	0	0	0	0	0	1	1
ENSRNOG00000065584	ENSRNOG00000065584	unchanged_loop_count	4632	4948	-316	1	1	0	0	0	0	0	0	0	1	1	0
ENSRNOG00000065585	ENSRNOG00000065585	new_gene_in_sensitivity	NA	4948	NA	0	1	1	0	0	0	0	0	0	0	1	1
ENSRNOG00000065587	ENSRNOG00000065587	unchanged_loop_count	4632	4948	-316	1	1	0	0	0	0	1	1	0	0	0	0
ENSRNOG00000065600	ENSRNOG00000065600	unchanged_loop_count	4632	4948	-316	1	1	0	0	0	0	0	0	0	1	1	0
ENSRNOG00000065623	ENSRNOG00000065623	unchanged_loop_count	4632	4948	-316	1	1	0	0	0	0	0	0	0	1	1	0
ENSRNOG00000065639	ENSRNOG00000065639	unchanged_loop_count	4632	4948	-316	1	1	0	0	0	0	1	1	0	0	0	0
ENSRNOG00000065642	ENSRNOG00000065642	decreased_loop_count	2598	4948	-2350	2	1	-1	2	1	-1	0	0	0	0	0	0
ENSRNOG00000065652	ENSRNOG00000065652	unchanged_loop_count	4632	4948	-316	1	1	0	0	0	0	1	1	0	0	0	0
ENSRNOG00000065700	ENSRNOG00000065700	unchanged_loop_count	4632	4948	-316	1	1	0	0	0	0	0	0	0	1	1	0
ENSRNOG00000065768	ENSRNOG00000065768	new_gene_in_sensitivity	NA	4948	NA	0	1	1	0	0	0	0	1	1	0	0	0
ENSRNOG00000065873	ENSRNOG00000065873	new_gene_in_sensitivity	NA	4948	NA	0	1	1	0	0	0	0	1	1	0	0	0
ENSRNOG00000065874	ENSRNOG00000065874	unchanged_loop_count	4632	4948	-316	1	1	0	0	0	0	1	1	0	0	0	0
ENSRNOG00000065880	ENSRNOG00000065880	unchanged_loop_count	4632	4948	-316	1	1	0	0	0	0	0	0	0	1	1	0
ENSRNOG00000065910	ENSRNOG00000065910	unchanged_loop_count	4632	4948	-316	1	1	0	0	0	0	0	0	0	1	1	0
ENSRNOG00000065945	ENSRNOG00000065945	unchanged_loop_count	4632	4948	-316	1	1	0	0	0	0	1	1	0	0	0	0
ENSRNOG00000065964	ENSRNOG00000065964	unchanged_loop_count	4632	4948	-316	1	1	0	0	0	0	0	0	0	1	1	0
ENSRNOG00000065985	ENSRNOG00000065985	unchanged_loop_count	4632	4948	-316	1	1	0	0	0	0	0	0	0	1	1	0
ENSRNOG00000066056	ENSRNOG00000066056	unchanged_loop_count	4632	4948	-316	1	1	0	1	1	0	0	0	0	0	0	0
ENSRNOG00000066075	ENSRNOG00000066075	unchanged_loop_count	4632	4948	-316	1	1	0	0	0	0	0	0	0	1	1	0
ENSRNOG00000066080	ENSRNOG00000066080	unchanged_loop_count	4632	4948	-316	1	1	0	0	0	0	0	0	0	1	1	0
ENSRNOG00000066084	ENSRNOG00000066084	unchanged_loop_count	4632	4948	-316	1	1	0	0	0	0	1	1	0	0	0	0
ENSRNOG00000066124	ENSRNOG00000066124	unchanged_loop_count	4632	4948	-316	1	1	0	0	0	0	0	0	0	1	1	0
ENSRNOG00000066144	ENSRNOG00000066144	unchanged_loop_count	4632	4948	-316	1	1	0	0	0	0	0	0	0	1	1	0
ENSRNOG00000066199	ENSRNOG00000066199	unchanged_loop_count	4632	4948	-316	1	1	0	0	0	0	0	0	0	1	1	0
ENSRNOG00000066205	ENSRNOG00000066205	unchanged_loop_count	4632	4948	-316	1	1	0	0	0	0	0	0	0	1	1	0
ENSRNOG00000066220	ENSRNOG00000066220	unchanged_loop_count	4632	4948	-316	1	1	0	0	0	0	0	0	0	1	1	0
ENSRNOG00000066236	ENSRNOG00000066236	unchanged_loop_count	4632	4948	-316	1	1	0	0	0	0	0	0	0	1	1	0
ENSRNOG00000066289	ENSRNOG00000066289	unchanged_loop_count	4632	4948	-316	1	1	0	0	0	0	1	1	0	0	0	0
ENSRNOG00000066293	ENSRNOG00000066293	new_gene_in_sensitivity	NA	4948	NA	0	1	1	0	0	0	0	1	1	0	0	0
ENSRNOG00000066297	ENSRNOG00000066297	unchanged_loop_count	4632	4948	-316	1	1	0	0	0	0	0	0	0	1	1	0
ENSRNOG00000066300	ENSRNOG00000066300	unchanged_loop_count	4632	4948	-316	1	1	0	0	0	0	1	1	0	0	0	0
ENSRNOG00000066307	ENSRNOG00000066307	unchanged_loop_count	4632	4948	-316	1	1	0	1	1	0	0	0	0	0	0	0
ENSRNOG00000066318	ENSRNOG00000066318	unchanged_loop_count	4632	4948	-316	1	1	0	0	0	0	0	0	0	1	1	0
ENSRNOG00000066359	ENSRNOG00000066359	unchanged_loop_count	4632	4948	-316	1	1	0	0	0	0	0	0	0	1	1	0
ENSRNOG00000066399	ENSRNOG00000066399	decreased_loop_count	2598	4948	-2350	2	1	-1	1	1	0	1	0	-1	0	0	0
ENSRNOG00000066439	ENSRNOG00000066439	unchanged_loop_count	4632	4948	-316	1	1	0	0	0	0	1	1	0	0	0	0
ENSRNOG00000066454	ENSRNOG00000066454	unchanged_loop_count	4632	4948	-316	1	1	0	0	0	0	0	0	0	1	1	0
ENSRNOG00000066455	ENSRNOG00000066455	unchanged_loop_count	4632	4948	-316	1	1	0	0	0	0	0	0	0	1	1	0
ENSRNOG00000066478	ENSRNOG00000066478	unchanged_loop_count	4632	4948	-316	1	1	0	1	1	0	0	0	0	0	0	0
ENSRNOG00000066482	ENSRNOG00000066482	unchanged_loop_count	4632	4948	-316	1	1	0	0	0	0	0	0	0	1	1	0
ENSRNOG00000066498	ENSRNOG00000066498	unchanged_loop_count	4632	4948	-316	1	1	0	0	0	0	0	0	0	1	1	0
ENSRNOG00000066512	ENSRNOG00000066512	unchanged_loop_count	4632	4948	-316	1	1	0	0	0	0	0	0	0	1	1	0
ENSRNOG00000066560	ENSRNOG00000066560	unchanged_loop_count	4632	4948	-316	1	1	0	0	0	0	0	0	0	1	1	0
ENSRNOG00000066562	ENSRNOG00000066562	unchanged_loop_count	4632	4948	-316	1	1	0	0	0	0	1	1	0	0	0	0
ENSRNOG00000066568	ENSRNOG00000066568	unchanged_loop_count	4632	4948	-316	1	1	0	0	0	0	0	0	0	1	1	0
ENSRNOG00000066609	ENSRNOG00000066609	unchanged_loop_count	4632	4948	-316	1	1	0	0	0	0	0	0	0	1	1	0
ENSRNOG00000066634	ENSRNOG00000066634	unchanged_loop_count	4632	4948	-316	1	1	0	0	0	0	0	0	0	1	1	0
ENSRNOG00000066659	ENSRNOG00000066659	unchanged_loop_count	4632	4948	-316	1	1	0	0	0	0	0	0	0	1	1	0
ENSRNOG00000066750	ENSRNOG00000066750	unchanged_loop_count	4632	4948	-316	1	1	0	0	0	0	1	1	0	0	0	0
ENSRNOG00000066829	ENSRNOG00000066829	unchanged_loop_count	4632	4948	-316	1	1	0	0	0	0	0	0	0	1	1	0
ENSRNOG00000066866	ENSRNOG00000066866	unchanged_loop_count	4632	4948	-316	1	1	0	0	0	0	0	0	0	1	1	0
ENSRNOG00000066899	ENSRNOG00000066899	unchanged_loop_count	4632	4948	-316	1	1	0	0	0	0	0	0	0	1	1	0
ENSRNOG00000066914	ENSRNOG00000066914	unchanged_loop_count	4632	4948	-316	1	1	0	0	0	0	0	0	0	1	1	0
ENSRNOG00000066930	ENSRNOG00000066930	unchanged_loop_count	4632	4948	-316	1	1	0	0	0	0	0	0	0	1	1	0
ENSRNOG00000066956	ENSRNOG00000066956	unchanged_loop_count	4632	4948	-316	1	1	0	0	0	0	0	0	0	1	1	0
ENSRNOG00000066974	ENSRNOG00000066974	unchanged_loop_count	4632	4948	-316	1	1	0	0	0	0	0	0	0	1	1	0
ENSRNOG00000066992	ENSRNOG00000066992	unchanged_loop_count	4632	4948	-316	1	1	0	0	0	0	0	0	0	1	1	0
ENSRNOG00000067002	ENSRNOG00000067002	unchanged_loop_count	4632	4948	-316	1	1	0	0	0	0	0	0	0	1	1	0
ENSRNOG00000067016	ENSRNOG00000067016	unchanged_loop_count	4632	4948	-316	1	1	0	0	0	0	0	0	0	1	1	0
ENSRNOG00000067038	ENSRNOG00000067038	unchanged_loop_count	4632	4948	-316	1	1	0	0	0	0	0	0	0	1	1	0
ENSRNOG00000067053	ENSRNOG00000067053	new_gene_in_sensitivity	NA	4948	NA	0	1	1	0	0	0	0	0	0	0	1	1
ENSRNOG00000067059	ENSRNOG00000067059	new_gene_in_sensitivity	NA	4948	NA	0	1	1	0	0	0	0	0	0	0	1	1
ENSRNOG00000067062	ENSRNOG00000067062	unchanged_loop_count	4632	4948	-316	1	1	0	0	0	0	0	0	0	1	1	0
ENSRNOG00000067128	ENSRNOG00000067128	unchanged_loop_count	4632	4948	-316	1	1	0	0	0	0	0	0	0	1	1	0
ENSRNOG00000067152	ENSRNOG00000067152	unchanged_loop_count	4632	4948	-316	1	1	0	0	0	0	0	0	0	1	1	0
ENSRNOG00000067154	ENSRNOG00000067154	new_gene_in_sensitivity	NA	4948	NA	0	1	1	0	0	0	0	0	0	0	1	1
ENSRNOG00000067189	ENSRNOG00000067189	unchanged_loop_count	4632	4948	-316	1	1	0	0	0	0	0	0	0	1	1	0
ENSRNOG00000067214	ENSRNOG00000067214	unchanged_loop_count	4632	4948	-316	1	1	0	0	0	0	1	1	0	0	0	0
ENSRNOG00000067226	ENSRNOG00000067226	unchanged_loop_count	4632	4948	-316	1	1	0	0	0	0	0	0	0	1	1	0
ENSRNOG00000067238	ENSRNOG00000067238	unchanged_loop_count	4632	4948	-316	1	1	0	0	0	0	0	0	0	1	1	0
ENSRNOG00000067256	ENSRNOG00000067256	unchanged_loop_count	4632	4948	-316	1	1	0	1	1	0	0	0	0	0	0	0
ENSRNOG00000067261	ENSRNOG00000067261	unchanged_loop_count	4632	4948	-316	1	1	0	0	0	0	0	0	0	1	1	0
ENSRNOG00000067268	ENSRNOG00000067268	new_gene_in_sensitivity	NA	4948	NA	0	1	1	0	0	0	0	1	1	0	0	0
ENSRNOG00000067291	ENSRNOG00000067291	unchanged_loop_count	4632	4948	-316	1	1	0	0	0	0	0	0	0	1	1	0
ENSRNOG00000067297	ENSRNOG00000067297	unchanged_loop_count	4632	4948	-316	1	1	0	0	0	0	0	0	0	1	1	0
ENSRNOG00000067325	ENSRNOG00000067325	unchanged_loop_count	4632	4948	-316	1	1	0	0	0	0	0	0	0	1	1	0
ENSRNOG00000067326	ENSRNOG00000067326	unchanged_loop_count	4632	4948	-316	1	1	0	0	0	0	1	1	0	0	0	0
ENSRNOG00000067334	ENSRNOG00000067334	unchanged_loop_count	4632	4948	-316	1	1	0	0	0	0	0	0	0	1	1	0
ENSRNOG00000067342	ENSRNOG00000067342	new_gene_in_sensitivity	NA	4948	NA	0	1	1	0	0	0	0	0	0	0	1	1
ENSRNOG00000067362	ENSRNOG00000067362	unchanged_loop_count	4632	4948	-316	1	1	0	0	0	0	0	0	0	1	1	0
ENSRNOG00000067366	ENSRNOG00000067366	unchanged_loop_count	4632	4948	-316	1	1	0	0	0	0	0	0	0	1	1	0
ENSRNOG00000067367	ENSRNOG00000067367	unchanged_loop_count	4632	4948	-316	1	1	0	0	0	0	0	0	0	1	1	0
ENSRNOG00000067374	ENSRNOG00000067374	unchanged_loop_count	4632	4948	-316	1	1	0	0	0	0	1	1	0	0	0	0
ENSRNOG00000067382	ENSRNOG00000067382	new_gene_in_sensitivity	NA	4948	NA	0	1	1	0	0	0	0	1	1	0	0	0
ENSRNOG00000067397	ENSRNOG00000067397	unchanged_loop_count	4632	4948	-316	1	1	0	0	0	0	0	0	0	1	1	0
ENSRNOG00000067400	ENSRNOG00000067400	decreased_loop_count	2598	4948	-2350	2	1	-1	0	0	0	2	1	-1	0	0	0
ENSRNOG00000067415	ENSRNOG00000067415	unchanged_loop_count	4632	4948	-316	1	1	0	0	0	0	1	1	0	0	0	0
ENSRNOG00000067425	ENSRNOG00000067425	new_gene_in_sensitivity	NA	4948	NA	0	1	1	0	0	0	0	1	1	0	0	0
ENSRNOG00000067426	ENSRNOG00000067426	unchanged_loop_count	4632	4948	-316	1	1	0	0	0	0	0	0	0	1	1	0
ENSRNOG00000067459	ENSRNOG00000067459	unchanged_loop_count	4632	4948	-316	1	1	0	0	0	0	0	0	0	1	1	0
ENSRNOG00000067473	ENSRNOG00000067473	unchanged_loop_count	4632	4948	-316	1	1	0	0	0	0	0	0	0	1	1	0
ENSRNOG00000067494	ENSRNOG00000067494	new_gene_in_sensitivity	NA	4948	NA	0	1	1	0	0	0	0	0	0	0	1	1
ENSRNOG00000067526	ENSRNOG00000067526	unchanged_loop_count	4632	4948	-316	1	1	0	0	0	0	1	1	0	0	0	0
ENSRNOG00000067542	ENSRNOG00000067542	unchanged_loop_count	4632	4948	-316	1	1	0	0	0	0	0	0	0	1	1	0
ENSRNOG00000067561	ENSRNOG00000067561	unchanged_loop_count	4632	4948	-316	1	1	0	0	0	0	0	0	0	1	1	0
ENSRNOG00000067573	ENSRNOG00000067573	unchanged_loop_count	4632	4948	-316	1	1	0	0	0	0	1	1	0	0	0	0
ENSRNOG00000067599	ENSRNOG00000067599	unchanged_loop_count	4632	4948	-316	1	1	0	0	0	0	0	0	0	1	1	0
ENSRNOG00000067609	ENSRNOG00000067609	unchanged_loop_count	4632	4948	-316	1	1	0	0	0	0	0	0	0	1	1	0
ENSRNOG00000067645	ENSRNOG00000067645	new_gene_in_sensitivity	NA	4948	NA	0	1	1	0	0	0	0	0	0	0	1	1
ENSRNOG00000067652	ENSRNOG00000067652	unchanged_loop_count	4632	4948	-316	1	1	0	0	0	0	0	0	0	1	1	0
ENSRNOG00000067663	ENSRNOG00000067663	unchanged_loop_count	4632	4948	-316	1	1	0	0	0	0	0	0	0	1	1	0
ENSRNOG00000067692	ENSRNOG00000067692	new_gene_in_sensitivity	NA	4948	NA	0	1	1	0	0	0	0	0	0	0	1	1
ENSRNOG00000067704	ENSRNOG00000067704	unchanged_loop_count	4632	4948	-316	1	1	0	0	0	0	0	0	0	1	1	0
ENSRNOG00000067726	ENSRNOG00000067726	unchanged_loop_count	4632	4948	-316	1	1	0	0	0	0	0	0	0	1	1	0
ENSRNOG00000067727	ENSRNOG00000067727	unchanged_loop_count	4632	4948	-316	1	1	0	0	0	0	0	0	0	1	1	0
ENSRNOG00000067750	ENSRNOG00000067750	unchanged_loop_count	4632	4948	-316	1	1	0	0	0	0	1	1	0	0	0	0
ENSRNOG00000067754	ENSRNOG00000067754	unchanged_loop_count	4632	4948	-316	1	1	0	0	0	0	0	0	0	1	1	0
ENSRNOG00000067775	ENSRNOG00000067775	unchanged_loop_count	4632	4948	-316	1	1	0	0	0	0	0	0	0	1	1	0
ENSRNOG00000067785	ENSRNOG00000067785	unchanged_loop_count	4632	4948	-316	1	1	0	0	0	0	0	0	0	1	1	0
ENSRNOG00000067858	ENSRNOG00000067858	unchanged_loop_count	4632	4948	-316	1	1	0	0	0	0	1	1	0	0	0	0
ENSRNOG00000067873	ENSRNOG00000067873	unchanged_loop_count	4632	4948	-316	1	1	0	0	0	0	1	1	0	0	0	0
ENSRNOG00000067886	ENSRNOG00000067886	unchanged_loop_count	4632	4948	-316	1	1	0	0	0	0	0	0	0	1	1	0
ENSRNOG00000067907	ENSRNOG00000067907	unchanged_loop_count	4632	4948	-316	1	1	0	0	0	0	0	0	0	1	1	0
ENSRNOG00000067923	ENSRNOG00000067923	unchanged_loop_count	4632	4948	-316	1	1	0	0	0	0	0	0	0	1	1	0
ENSRNOG00000067930	ENSRNOG00000067930	unchanged_loop_count	4632	4948	-316	1	1	0	0	0	0	0	0	0	1	1	0
ENSRNOG00000067932	ENSRNOG00000067932	unchanged_loop_count	4632	4948	-316	1	1	0	0	0	0	0	0	0	1	1	0
ENSRNOG00000067974	ENSRNOG00000067974	unchanged_loop_count	4632	4948	-316	1	1	0	0	0	0	1	1	0	0	0	0
ENSRNOG00000067986	ENSRNOG00000067986	unchanged_loop_count	4632	4948	-316	1	1	0	0	0	0	0	0	0	1	1	0
ENSRNOG00000067991	ENSRNOG00000067991	unchanged_loop_count	4632	4948	-316	1	1	0	0	0	0	0	0	0	1	1	0
ENSRNOG00000068009	ENSRNOG00000068009	unchanged_loop_count	4632	4948	-316	1	1	0	0	0	0	0	0	0	1	1	0
ENSRNOG00000068023	ENSRNOG00000068023	new_gene_in_sensitivity	NA	4948	NA	0	1	1	0	0	0	0	1	1	0	0	0
ENSRNOG00000068041	ENSRNOG00000068041	unchanged_loop_count	4632	4948	-316	1	1	0	0	0	0	0	0	0	1	1	0
ENSRNOG00000068084	ENSRNOG00000068084	unchanged_loop_count	4632	4948	-316	1	1	0	0	0	0	0	0	0	1	1	0
ENSRNOG00000068089	ENSRNOG00000068089	unchanged_loop_count	4632	4948	-316	1	1	0	0	0	0	0	0	0	1	1	0
ENSRNOG00000068109	ENSRNOG00000068109	unchanged_loop_count	4632	4948	-316	1	1	0	0	0	0	0	0	0	1	1	0
ENSRNOG00000068110	ENSRNOG00000068110	unchanged_loop_count	4632	4948	-316	1	1	0	0	0	0	0	0	0	1	1	0
ENSRNOG00000068181	ENSRNOG00000068181	unchanged_loop_count	4632	4948	-316	1	1	0	0	0	0	0	0	0	1	1	0
ENSRNOG00000068235	ENSRNOG00000068235	unchanged_loop_count	4632	4948	-316	1	1	0	0	0	0	0	0	0	1	1	0
ENSRNOG00000068262	ENSRNOG00000068262	unchanged_loop_count	4632	4948	-316	1	1	0	0	0	0	0	0	0	1	1	0
ENSRNOG00000068271	ENSRNOG00000068271	unchanged_loop_count	4632	4948	-316	1	1	0	0	0	0	1	1	0	0	0	0
ENSRNOG00000068276	ENSRNOG00000068276	unchanged_loop_count	4632	4948	-316	1	1	0	0	0	0	0	0	0	1	1	0
ENSRNOG00000068332	ENSRNOG00000068332	decreased_loop_count	2598	4948	-2350	2	1	-1	0	0	0	1	0	-1	1	1	0
ENSRNOG00000068334	ENSRNOG00000068334	unchanged_loop_count	4632	4948	-316	1	1	0	0	0	0	1	1	0	0	0	0
ENSRNOG00000068361	ENSRNOG00000068361	unchanged_loop_count	4632	4948	-316	1	1	0	0	0	0	1	1	0	0	0	0
ENSRNOG00000068379	ENSRNOG00000068379	unchanged_loop_count	4632	4948	-316	1	1	0	0	0	0	0	0	0	1	1	0
ENSRNOG00000068381	ENSRNOG00000068381	unchanged_loop_count	4632	4948	-316	1	1	0	0	0	0	0	0	0	1	1	0
ENSRNOG00000068402	ENSRNOG00000068402	unchanged_loop_count	4632	4948	-316	1	1	0	0	0	0	0	0	0	1	1	0
ENSRNOG00000068403	ENSRNOG00000068403	unchanged_loop_count	4632	4948	-316	1	1	0	0	0	0	0	0	0	1	1	0
ENSRNOG00000068419	ENSRNOG00000068419	new_gene_in_sensitivity	NA	4948	NA	0	1	1	0	0	0	0	0	0	0	1	1
ENSRNOG00000068471	ENSRNOG00000068471	unchanged_loop_count	4632	4948	-316	1	1	0	1	1	0	0	0	0	0	0	0
ENSRNOG00000068484	ENSRNOG00000068484	unchanged_loop_count	4632	4948	-316	1	1	0	1	1	0	0	0	0	0	0	0
ENSRNOG00000068496	ENSRNOG00000068496	unchanged_loop_count	4632	4948	-316	1	1	0	0	0	0	1	1	0	0	0	0
ENSRNOG00000068500	ENSRNOG00000068500	new_gene_in_sensitivity	NA	4948	NA	0	1	1	0	1	1	0	0	0	0	0	0
ENSRNOG00000068511	ENSRNOG00000068511	new_gene_in_sensitivity	NA	4948	NA	0	1	1	0	0	0	0	1	1	0	0	0
ENSRNOG00000068513	ENSRNOG00000068513	unchanged_loop_count	4632	4948	-316	1	1	0	0	0	0	1	1	0	0	0	0
ENSRNOG00000068525	ENSRNOG00000068525	unchanged_loop_count	4632	4948	-316	1	1	0	0	0	0	0	0	0	1	1	0
ENSRNOG00000068528	ENSRNOG00000068528	new_gene_in_sensitivity	NA	4948	NA	0	1	1	0	0	0	0	0	0	0	1	1
ENSRNOG00000068542	ENSRNOG00000068542	unchanged_loop_count	4632	4948	-316	1	1	0	0	0	0	1	1	0	0	0	0
ENSRNOG00000068560	ENSRNOG00000068560	unchanged_loop_count	4632	4948	-316	1	1	0	0	0	0	0	0	0	1	1	0
ENSRNOG00000068587	ENSRNOG00000068587	unchanged_loop_count	4632	4948	-316	1	1	0	0	0	0	1	1	0	0	0	0
ENSRNOG00000068600	ENSRNOG00000068600	unchanged_loop_count	4632	4948	-316	1	1	0	0	0	0	0	0	0	1	1	0
ENSRNOG00000068673	ENSRNOG00000068673	unchanged_loop_count	4632	4948	-316	1	1	0	0	0	0	1	1	0	0	0	0
ENSRNOG00000068675	ENSRNOG00000068675	unchanged_loop_count	4632	4948	-316	1	1	0	0	0	0	0	0	0	1	1	0
ENSRNOG00000068689	ENSRNOG00000068689	unchanged_loop_count	4632	4948	-316	1	1	0	0	0	0	0	0	0	1	1	0
ENSRNOG00000068706	ENSRNOG00000068706	decreased_loop_count	2598	4948	-2350	2	1	-1	0	0	0	2	1	-1	0	0	0
ENSRNOG00000068713	ENSRNOG00000068713	unchanged_loop_count	4632	4948	-316	1	1	0	0	0	0	0	0	0	1	1	0
ENSRNOG00000068716	ENSRNOG00000068716	unchanged_loop_count	4632	4948	-316	1	1	0	0	0	0	0	0	0	1	1	0
ENSRNOG00000068753	ENSRNOG00000068753	new_gene_in_sensitivity	NA	4948	NA	0	1	1	0	0	0	0	1	1	0	0	0
ENSRNOG00000068765	ENSRNOG00000068765	unchanged_loop_count	4632	4948	-316	1	1	0	0	0	0	0	0	0	1	1	0
ENSRNOG00000068766	ENSRNOG00000068766	unchanged_loop_count	4632	4948	-316	1	1	0	0	0	0	0	0	0	1	1	0
ENSRNOG00000068830	ENSRNOG00000068830	unchanged_loop_count	4632	4948	-316	1	1	0	0	0	0	0	0	0	1	1	0
ENSRNOG00000068842	ENSRNOG00000068842	unchanged_loop_count	4632	4948	-316	1	1	0	0	0	0	1	1	0	0	0	0
ENSRNOG00000068868	ENSRNOG00000068868	unchanged_loop_count	4632	4948	-316	1	1	0	0	0	0	0	0	0	1	1	0
ENSRNOG00000068880	ENSRNOG00000068880	unchanged_loop_count	4632	4948	-316	1	1	0	0	0	0	0	0	0	1	1	0
ENSRNOG00000068903	ENSRNOG00000068903	unchanged_loop_count	4632	4948	-316	1	1	0	0	0	0	1	1	0	0	0	0
ENSRNOG00000068932	ENSRNOG00000068932	unchanged_loop_count	4632	4948	-316	1	1	0	0	0	0	0	0	0	1	1	0
ENSRNOG00000068954	ENSRNOG00000068954	unchanged_loop_count	4632	4948	-316	1	1	0	0	0	0	0	0	0	1	1	0
ENSRNOG00000068959	ENSRNOG00000068959	unchanged_loop_count	4632	4948	-316	1	1	0	0	0	0	1	1	0	0	0	0
ENSRNOG00000068976	ENSRNOG00000068976	unchanged_loop_count	4632	4948	-316	1	1	0	0	0	0	0	0	0	1	1	0
ENSRNOG00000069003	ENSRNOG00000069003	unchanged_loop_count	4632	4948	-316	1	1	0	0	0	0	0	0	0	1	1	0
ENSRNOG00000069014	ENSRNOG00000069014	unchanged_loop_count	4632	4948	-316	1	1	0	0	0	0	0	0	0	1	1	0
ENSRNOG00000069048	ENSRNOG00000069048	unchanged_loop_count	4632	4948	-316	1	1	0	0	0	0	0	0	0	1	1	0
ENSRNOG00000069051	ENSRNOG00000069051	unchanged_loop_count	4632	4948	-316	1	1	0	0	0	0	0	0	0	1	1	0
ENSRNOG00000069054	ENSRNOG00000069054	unchanged_loop_count	4632	4948	-316	1	1	0	0	0	0	0	0	0	1	1	0
ENSRNOG00000069090	ENSRNOG00000069090	decreased_loop_count	2598	4948	-2350	2	1	-1	0	0	0	0	0	0	2	1	-1
ENSRNOG00000069101	ENSRNOG00000069101	unchanged_loop_count	4632	4948	-316	1	1	0	0	0	0	1	1	0	0	0	0
ENSRNOG00000069110	ENSRNOG00000069110	unchanged_loop_count	4632	4948	-316	1	1	0	0	0	0	1	1	0	0	0	0
ENSRNOG00000069120	ENSRNOG00000069120	unchanged_loop_count	4632	4948	-316	1	1	0	0	0	0	0	0	0	1	1	0
ENSRNOG00000069125	ENSRNOG00000069125	unchanged_loop_count	4632	4948	-316	1	1	0	0	0	0	1	1	0	0	0	0
ENSRNOG00000069138	ENSRNOG00000069138	unchanged_loop_count	4632	4948	-316	1	1	0	0	0	0	0	0	0	1	1	0
ENSRNOG00000069146	ENSRNOG00000069146	new_gene_in_sensitivity	NA	4948	NA	0	1	1	0	1	1	0	0	0	0	0	0
ENSRNOG00000069163	ENSRNOG00000069163	new_gene_in_sensitivity	NA	4948	NA	0	1	1	0	0	0	0	1	1	0	0	0
ENSRNOG00000069171	ENSRNOG00000069171	unchanged_loop_count	4632	4948	-316	1	1	0	0	0	0	0	0	0	1	1	0
ENSRNOG00000069186	ENSRNOG00000069186	unchanged_loop_count	4632	4948	-316	1	1	0	0	0	0	0	0	0	1	1	0
ENSRNOG00000069213	ENSRNOG00000069213	unchanged_loop_count	4632	4948	-316	1	1	0	0	0	0	1	1	0	0	0	0
ENSRNOG00000069247	ENSRNOG00000069247	unchanged_loop_count	4632	4948	-316	1	1	0	0	0	0	1	1	0	0	0	0
ENSRNOG00000069308	ENSRNOG00000069308	unchanged_loop_count	4632	4948	-316	1	1	0	0	0	0	1	1	0	0	0	0
ENSRNOG00000069351	ENSRNOG00000069351	unchanged_loop_count	4632	4948	-316	1	1	0	0	0	0	0	0	0	1	1	0
ENSRNOG00000069378	ENSRNOG00000069378	unchanged_loop_count	4632	4948	-316	1	1	0	0	0	0	0	0	0	1	1	0
ENSRNOG00000069383	ENSRNOG00000069383	unchanged_loop_count	4632	4948	-316	1	1	0	0	0	0	1	1	0	0	0	0
ENSRNOG00000069416	ENSRNOG00000069416	unchanged_loop_count	4632	4948	-316	1	1	0	0	0	0	1	1	0	0	0	0
ENSRNOG00000069434	ENSRNOG00000069434	unchanged_loop_count	4632	4948	-316	1	1	0	0	0	0	1	1	0	0	0	0
ENSRNOG00000069436	ENSRNOG00000069436	unchanged_loop_count	4632	4948	-316	1	1	0	0	0	0	0	0	0	1	1	0
ENSRNOG00000069445	ENSRNOG00000069445	unchanged_loop_count	4632	4948	-316	1	1	0	0	0	0	1	1	0	0	0	0
ENSRNOG00000069457	ENSRNOG00000069457	unchanged_loop_count	4632	4948	-316	1	1	0	1	1	0	0	0	0	0	0	0
ENSRNOG00000069500	ENSRNOG00000069500	unchanged_loop_count	4632	4948	-316	1	1	0	0	0	0	1	1	0	0	0	0
ENSRNOG00000069502	ENSRNOG00000069502	unchanged_loop_count	4632	4948	-316	1	1	0	0	0	0	0	0	0	1	1	0
ENSRNOG00000069523	ENSRNOG00000069523	unchanged_loop_count	4632	4948	-316	1	1	0	0	0	0	0	0	0	1	1	0
ENSRNOG00000069533	ENSRNOG00000069533	unchanged_loop_count	4632	4948	-316	1	1	0	0	0	0	0	0	0	1	1	0
ENSRNOG00000069534	ENSRNOG00000069534	unchanged_loop_count	4632	4948	-316	1	1	0	0	0	0	0	0	0	1	1	0
ENSRNOG00000069541	ENSRNOG00000069541	unchanged_loop_count	4632	4948	-316	1	1	0	0	0	0	0	0	0	1	1	0
ENSRNOG00000069544	ENSRNOG00000069544	unchanged_loop_count	4632	4948	-316	1	1	0	0	0	0	0	0	0	1	1	0
ENSRNOG00000069558	ENSRNOG00000069558	unchanged_loop_count	4632	4948	-316	1	1	0	0	0	0	1	1	0	0	0	0
ENSRNOG00000069563	ENSRNOG00000069563	unchanged_loop_count	4632	4948	-316	1	1	0	0	0	0	0	0	0	1	1	0
ENSRNOG00000069588	ENSRNOG00000069588	unchanged_loop_count	4632	4948	-316	1	1	0	0	0	0	0	0	0	1	1	0
ENSRNOG00000069638	ENSRNOG00000069638	unchanged_loop_count	4632	4948	-316	1	1	0	0	0	0	1	1	0	0	0	0
ENSRNOG00000069642	ENSRNOG00000069642	unchanged_loop_count	4632	4948	-316	1	1	0	0	0	0	0	0	0	1	1	0
ENSRNOG00000069652	ENSRNOG00000069652	unchanged_loop_count	4632	4948	-316	1	1	0	0	0	0	1	1	0	0	0	0
ENSRNOG00000069653	ENSRNOG00000069653	unchanged_loop_count	4632	4948	-316	1	1	0	1	1	0	0	0	0	0	0	0
ENSRNOG00000069655	ENSRNOG00000069655	unchanged_loop_count	4632	4948	-316	1	1	0	0	0	0	0	0	0	1	1	0
ENSRNOG00000069703	ENSRNOG00000069703	new_gene_in_sensitivity	NA	4948	NA	0	1	1	0	0	0	0	0	0	0	1	1
ENSRNOG00000069729	ENSRNOG00000069729	new_gene_in_sensitivity	NA	4948	NA	0	1	1	0	0	0	0	1	1	0	0	0
ENSRNOG00000069786	ENSRNOG00000069786	unchanged_loop_count	4632	4948	-316	1	1	0	0	0	0	1	1	0	0	0	0
ENSRNOG00000069788	ENSRNOG00000069788	unchanged_loop_count	4632	4948	-316	1	1	0	0	0	0	0	0	0	1	1	0
ENSRNOG00000069799	ENSRNOG00000069799	unchanged_loop_count	4632	4948	-316	1	1	0	0	0	0	0	0	0	1	1	0
ENSRNOG00000069812	ENSRNOG00000069812	unchanged_loop_count	4632	4948	-316	1	1	0	0	0	0	0	0	0	1	1	0
ENSRNOG00000069818	ENSRNOG00000069818	new_gene_in_sensitivity	NA	4948	NA	0	1	1	0	0	0	0	1	1	0	0	0
ENSRNOG00000069841	ENSRNOG00000069841	unchanged_loop_count	4632	4948	-316	1	1	0	0	0	0	0	0	0	1	1	0
ENSRNOG00000069855	ENSRNOG00000069855	unchanged_loop_count	4632	4948	-316	1	1	0	1	1	0	0	0	0	0	0	0
ENSRNOG00000069862	ENSRNOG00000069862	unchanged_loop_count	4632	4948	-316	1	1	0	0	0	0	1	1	0	0	0	0
ENSRNOG00000069867	ENSRNOG00000069867	unchanged_loop_count	4632	4948	-316	1	1	0	0	0	0	0	0	0	1	1	0
ENSRNOG00000069879	ENSRNOG00000069879	unchanged_loop_count	4632	4948	-316	1	1	0	0	0	0	0	0	0	1	1	0
ENSRNOG00000069887	ENSRNOG00000069887	unchanged_loop_count	4632	4948	-316	1	1	0	0	0	0	0	0	0	1	1	0
ENSRNOG00000069893	ENSRNOG00000069893	new_gene_in_sensitivity	NA	4948	NA	0	1	1	0	0	0	0	0	0	0	1	1
ENSRNOG00000069895	ENSRNOG00000069895	unchanged_loop_count	4632	4948	-316	1	1	0	0	0	0	1	1	0	0	0	0
ENSRNOG00000069938	ENSRNOG00000069938	unchanged_loop_count	4632	4948	-316	1	1	0	0	0	0	0	0	0	1	1	0
ENSRNOG00000069941	ENSRNOG00000069941	unchanged_loop_count	4632	4948	-316	1	1	0	0	0	0	0	0	0	1	1	0
ENSRNOG00000069968	ENSRNOG00000069968	unchanged_loop_count	4632	4948	-316	1	1	0	0	0	0	1	1	0	0	0	0
ENSRNOG00000070003	ENSRNOG00000070003	unchanged_loop_count	4632	4948	-316	1	1	0	0	0	0	1	1	0	0	0	0
ENSRNOG00000070027	ENSRNOG00000070027	unchanged_loop_count	4632	4948	-316	1	1	0	0	0	0	0	0	0	1	1	0
ENSRNOG00000070076	ENSRNOG00000070076	unchanged_loop_count	4632	4948	-316	1	1	0	0	0	0	0	0	0	1	1	0
ENSRNOG00000070098	ENSRNOG00000070098	unchanged_loop_count	4632	4948	-316	1	1	0	0	0	0	0	0	0	1	1	0
ENSRNOG00000070101	ENSRNOG00000070101	unchanged_loop_count	4632	4948	-316	1	1	0	0	0	0	0	0	0	1	1	0
ENSRNOG00000070109	ENSRNOG00000070109	unchanged_loop_count	4632	4948	-316	1	1	0	0	0	0	1	1	0	0	0	0
ENSRNOG00000070189	ENSRNOG00000070189	unchanged_loop_count	4632	4948	-316	1	1	0	0	0	0	1	1	0	0	0	0
ENSRNOG00000070219	ENSRNOG00000070219	unchanged_loop_count	4632	4948	-316	1	1	0	0	0	0	1	1	0	0	0	0
ENSRNOG00000070233	ENSRNOG00000070233	decreased_loop_count	2598	4948	-2350	2	1	-1	1	0	-1	1	1	0	0	0	0
ENSRNOG00000070239	ENSRNOG00000070239	unchanged_loop_count	4632	4948	-316	1	1	0	0	0	0	0	0	0	1	1	0
ENSRNOG00000070297	ENSRNOG00000070297	new_gene_in_sensitivity	NA	4948	NA	0	1	1	0	0	0	0	0	0	0	1	1
ENSRNOG00000070307	ENSRNOG00000070307	unchanged_loop_count	4632	4948	-316	1	1	0	0	0	0	1	1	0	0	0	0
ENSRNOG00000070318	ENSRNOG00000070318	unchanged_loop_count	4632	4948	-316	1	1	0	0	0	0	0	0	0	1	1	0
ENSRNOG00000070364	ENSRNOG00000070364	unchanged_loop_count	4632	4948	-316	1	1	0	0	0	0	0	0	0	1	1	0
ENSRNOG00000070383	ENSRNOG00000070383	unchanged_loop_count	4632	4948	-316	1	1	0	0	0	0	0	0	0	1	1	0
ENSRNOG00000070426	ENSRNOG00000070426	unchanged_loop_count	4632	4948	-316	1	1	0	0	0	0	0	0	0	1	1	0
ENSRNOG00000070436	ENSRNOG00000070436	unchanged_loop_count	4632	4948	-316	1	1	0	0	0	0	0	0	0	1	1	0
ENSRNOG00000070502	ENSRNOG00000070502	unchanged_loop_count	4632	4948	-316	1	1	0	0	0	0	0	0	0	1	1	0
ENSRNOG00000070524	ENSRNOG00000070524	unchanged_loop_count	4632	4948	-316	1	1	0	0	0	0	0	0	0	1	1	0
ENSRNOG00000070527	ENSRNOG00000070527	new_gene_in_sensitivity	NA	4948	NA	0	1	1	0	0	0	0	1	1	0	0	0
ENSRNOG00000070551	ENSRNOG00000070551	unchanged_loop_count	4632	4948	-316	1	1	0	0	0	0	0	0	0	1	1	0
ENSRNOG00000070579	ENSRNOG00000070579	unchanged_loop_count	4632	4948	-316	1	1	0	0	0	0	0	0	0	1	1	0
ENSRNOG00000070583	ENSRNOG00000070583	unchanged_loop_count	4632	4948	-316	1	1	0	0	0	0	1	1	0	0	0	0
ENSRNOG00000070595	ENSRNOG00000070595	unchanged_loop_count	4632	4948	-316	1	1	0	0	0	0	0	0	0	1	1	0
ENSRNOG00000070666	ENSRNOG00000070666	unchanged_loop_count	4632	4948	-316	1	1	0	0	0	0	0	0	0	1	1	0
ENSRNOG00000070698	ENSRNOG00000070698	unchanged_loop_count	4632	4948	-316	1	1	0	0	0	0	1	1	0	0	0	0
ENSRNOG00000070699	ENSRNOG00000070699	unchanged_loop_count	4632	4948	-316	1	1	0	0	0	0	1	1	0	0	0	0
ENSRNOG00000070715	ENSRNOG00000070715	unchanged_loop_count	4632	4948	-316	1	1	0	0	0	0	0	0	0	1	1	0
ENSRNOG00000070742	ENSRNOG00000070742	unchanged_loop_count	4632	4948	-316	1	1	0	0	0	0	1	1	0	0	0	0
ENSRNOG00000070757	ENSRNOG00000070757	new_gene_in_sensitivity	NA	4948	NA	0	1	1	0	1	1	0	0	0	0	0	0
ENSRNOG00000070797	ENSRNOG00000070797	unchanged_loop_count	4632	4948	-316	1	1	0	0	0	0	0	0	0	1	1	0
ENSRNOG00000070817	ENSRNOG00000070817	unchanged_loop_count	4632	4948	-316	1	1	0	0	0	0	0	0	0	1	1	0
ENSRNOG00000070829	ENSRNOG00000070829	unchanged_loop_count	4632	4948	-316	1	1	0	0	0	0	0	0	0	1	1	0
ENSRNOG00000070855	ENSRNOG00000070855	unchanged_loop_count	4632	4948	-316	1	1	0	0	0	0	0	0	0	1	1	0
ENSRNOG00000070862	ENSRNOG00000070862	unchanged_loop_count	4632	4948	-316	1	1	0	0	0	0	0	0	0	1	1	0
ENSRNOG00000070878	ENSRNOG00000070878	unchanged_loop_count	4632	4948	-316	1	1	0	0	0	0	0	0	0	1	1	0
ENSRNOG00000070893	ENSRNOG00000070893	unchanged_loop_count	4632	4948	-316	1	1	0	0	0	0	0	0	0	1	1	0
ENSRNOG00000070909	ENSRNOG00000070909	unchanged_loop_count	4632	4948	-316	1	1	0	0	0	0	1	1	0	0	0	0
ENSRNOG00000070918	ENSRNOG00000070918	unchanged_loop_count	4632	4948	-316	1	1	0	0	0	0	0	0	0	1	1	0
ENSRNOG00000070938	ENSRNOG00000070938	unchanged_loop_count	4632	4948	-316	1	1	0	0	0	0	1	1	0	0	0	0
ENSRNOG00000070939	ENSRNOG00000070939	unchanged_loop_count	4632	4948	-316	1	1	0	0	0	0	0	0	0	1	1	0
ENSRNOG00000070940	ENSRNOG00000070940	unchanged_loop_count	4632	4948	-316	1	1	0	0	0	0	0	0	0	1	1	0
ENSRNOG00000070976	ENSRNOG00000070976	unchanged_loop_count	4632	4948	-316	1	1	0	0	0	0	0	0	0	1	1	0
ENSRNOG00000071014	ENSRNOG00000071014	new_gene_in_sensitivity	NA	4948	NA	0	1	1	0	0	0	0	1	1	0	0	0
ENSRNOG00000071053	ENSRNOG00000071053	unchanged_loop_count	4632	4948	-316	1	1	0	0	0	0	1	1	0	0	0	0
ENSRNOG00000071084	ENSRNOG00000071084	unchanged_loop_count	4632	4948	-316	1	1	0	0	0	0	1	1	0	0	0	0
ENSRNOG00000071113	ENSRNOG00000071113	unchanged_loop_count	4632	4948	-316	1	1	0	0	0	0	0	0	0	1	1	0
ENSRNOG00000071115	ENSRNOG00000071115	unchanged_loop_count	4632	4948	-316	1	1	0	0	0	0	0	0	0	1	1	0
ENSRNOG00000071141	ENSRNOG00000071141	unchanged_loop_count	4632	4948	-316	1	1	0	0	0	0	0	0	0	1	1	0
ENSRNOG00000071161	ENSRNOG00000071161	unchanged_loop_count	4632	4948	-316	1	1	0	0	0	0	0	0	0	1	1	0
ENSRNOG00000071175	ENSRNOG00000071175	unchanged_loop_count	4632	4948	-316	1	1	0	0	0	0	0	0	0	1	1	0
ENSRNOG00000071189	ENSRNOG00000071189	unchanged_loop_count	4632	4948	-316	1	1	0	0	0	0	0	0	0	1	1	0
ENSRNOG00000011548	Ebf2	unchanged_loop_count	4632	4948	-316	1	1	0	0	0	0	1	1	0	0	0	0
ENSRNOG00000016102	Ebf3	unchanged_loop_count	4632	4948	-316	1	1	0	0	0	0	0	0	0	1	1	0
ENSRNOG00000020308	Ech1	unchanged_loop_count	4632	4948	-316	1	1	0	1	1	0	0	0	0	0	0	0
ENSRNOG00000032208	Eda	unchanged_loop_count	4632	4948	-316	1	1	0	0	0	0	0	0	0	1	1	0
ENSRNOG00000016272	Edf1	decreased_loop_count	2598	4948	-2350	2	1	-1	0	0	0	2	1	-1	0	0	0
ENSRNOG00000033064	Edil3	new_gene_in_sensitivity	NA	4948	NA	0	1	1	0	0	0	0	0	0	0	1	1
ENSRNOG00000014361	Edn1	unchanged_loop_count	4632	4948	-316	1	1	0	0	0	0	0	0	0	1	1	0
ENSRNOG00000009439	Eef1a1	unchanged_loop_count	4632	4948	-316	1	1	0	1	1	0	0	0	0	0	0	0
ENSRNOG00000011624	Eef1a2	unchanged_loop_count	4632	4948	-316	1	1	0	0	0	0	0	0	0	1	1	0
ENSRNOG00000012477	Eef1a2	unchanged_loop_count	4632	4948	-316	1	1	0	0	0	0	0	0	0	1	1	0
ENSRNOG00000047631	Eef1akmt3	unchanged_loop_count	4632	4948	-316	1	1	0	0	0	0	0	0	0	1	1	0
ENSRNOG00000016390	Eef1e1	new_gene_in_sensitivity	NA	4948	NA	0	1	1	0	0	0	0	0	0	0	1	1
ENSRNOG00000066344	Eef1e1	new_gene_in_sensitivity	NA	4948	NA	0	1	1	0	0	0	0	0	0	0	1	1
ENSRNOG00000012954	Eefsec	unchanged_loop_count	4632	4948	-316	1	1	0	0	0	0	0	0	0	1	1	0
ENSRNOG00000027540	Eeig2	unchanged_loop_count	4632	4948	-316	1	1	0	0	0	0	1	1	0	0	0	0
ENSRNOG00000010091	Efcab14	unchanged_loop_count	4632	4948	-316	1	1	0	0	0	0	0	0	0	1	1	0
ENSRNOG00000011094	Efcab6	unchanged_loop_count	4632	4948	-316	1	1	0	0	0	0	0	0	0	1	1	0
ENSRNOG00000009782	Efcab7	unchanged_loop_count	4632	4948	-316	1	1	0	0	0	0	0	0	0	1	1	0
ENSRNOG00000004142	Efcab9	unchanged_loop_count	4632	4948	-316	1	1	0	0	0	0	1	1	0	0	0	0
ENSRNOG00000013783	Efhd2	new_gene_in_sensitivity	NA	4948	NA	0	1	1	0	0	0	0	0	0	0	1	1
ENSRNOG00000020573	Efna1	unchanged_loop_count	4632	4948	-316	1	1	0	1	1	0	0	0	0	0	0	0
ENSRNOG00000016203	Efna2	unchanged_loop_count	4632	4948	-316	1	1	0	1	1	0	0	0	0	0	0	0
ENSRNOG00000012950	Efr3b	unchanged_loop_count	4632	4948	-316	1	1	0	0	0	0	1	1	0	0	0	0
ENSRNOG00000042029	Efs	unchanged_loop_count	4632	4948	-316	1	1	0	0	0	0	0	0	0	1	1	0
ENSRNOG00000063609	Egln1	new_gene_in_sensitivity	NA	4948	NA	0	1	1	0	0	0	0	1	1	0	0	0
ENSRNOG00000056038	Ehbp1l1	unchanged_loop_count	4632	4948	-316	1	1	0	0	0	0	1	1	0	0	0	0
ENSRNOG00000007744	Ehd3	unchanged_loop_count	4632	4948	-316	1	1	0	0	0	0	1	1	0	0	0	0
ENSRNOG00000007584	Ehd4	unchanged_loop_count	4632	4948	-316	1	1	0	1	1	0	0	0	0	0	0	0
ENSRNOG00000008452	Eid1	unchanged_loop_count	4632	4948	-316	1	1	0	0	0	0	0	0	0	1	1	0
ENSRNOG00000031421	Eif1a	unchanged_loop_count	4632	4948	-316	1	1	0	1	1	0	0	0	0	0	0	0
ENSRNOG00000004910	Eif2d	unchanged_loop_count	4632	4948	-316	1	1	0	1	1	0	0	0	0	0	0	0
ENSRNOG00000011020	Eif3l	unchanged_loop_count	4632	4948	-316	1	1	0	0	0	0	1	1	0	0	0	0
ENSRNOG00000046740	Eif4a1-ps8	unchanged_loop_count	4632	4948	-316	1	1	0	0	0	0	0	0	0	1	1	0
ENSRNOG00000001815	Eif4a2	unchanged_loop_count	4632	4948	-316	1	1	0	0	0	0	0	0	0	1	1	0
ENSRNOG00000052343	Eif4e	unchanged_loop_count	4632	4948	-316	1	1	0	0	0	0	0	0	0	1	1	0
ENSRNOG00000010301	Eif4e3	unchanged_loop_count	4632	4948	-316	1	1	0	0	0	0	0	0	0	1	1	0
ENSRNOG00000055391	Eif4ebp2	unchanged_loop_count	4632	4948	-316	1	1	0	0	0	0	0	0	0	1	1	0
ENSRNOG00000023601	Elavl4	unchanged_loop_count	4632	4948	-316	1	1	0	0	0	0	0	0	0	1	1	0
ENSRNOG00000010815	Elf2	unchanged_loop_count	4632	4948	-316	1	1	0	0	0	0	1	1	0	0	0	0
ENSRNOG00000022767	Elfn1	unchanged_loop_count	4632	4948	-316	1	1	0	0	0	0	0	0	0	1	1	0
ENSRNOG00000010171	Elk1	unchanged_loop_count	4632	4948	-316	1	1	0	0	0	0	0	0	0	1	1	0
ENSRNOG00000004367	Elk3	decreased_loop_count	2598	4948	-2350	2	1	-1	0	0	0	0	0	0	2	1	-1
ENSRNOG00000018747	Elmo2	unchanged_loop_count	4632	4948	-316	1	1	0	0	0	0	0	0	0	1	1	0
ENSRNOG00000062517	Elobl7	unchanged_loop_count	4632	4948	-316	1	1	0	0	0	0	1	1	0	0	0	0
ENSRNOG00000014702	Elovl2	unchanged_loop_count	4632	4948	-316	1	1	0	0	0	0	0	0	0	1	1	0
ENSRNOG00000048949	Elovl6	unchanged_loop_count	4632	4948	-316	1	1	0	0	0	0	0	0	0	1	1	0
ENSRNOG00000010450	Elovl7	unchanged_loop_count	4632	4948	-316	1	1	0	0	0	0	0	0	0	1	1	0
ENSRNOG00000020847	Elp6	unchanged_loop_count	4632	4948	-316	1	1	0	0	0	0	1	1	0	0	0	0
ENSRNOG00000005884	Emc7	unchanged_loop_count	4632	4948	-316	1	1	0	0	0	0	0	0	0	1	1	0
ENSRNOG00000043143	Eml1	unchanged_loop_count	4632	4948	-316	1	1	0	0	0	0	0	0	0	1	1	0
ENSRNOG00000019873	Eml3	unchanged_loop_count	4632	4948	-316	1	1	0	0	0	0	0	0	0	1	1	0
ENSRNOG00000030294	Eml4	unchanged_loop_count	4632	4948	-316	1	1	0	0	0	0	1	1	0	0	0	0
ENSRNOG00000008676	Emp1	decreased_loop_count	831	4948	-4117	4	1	-3	2	0	-2	1	0	-1	1	1	0
ENSRNOG00000006846	En2	new_gene_in_sensitivity	NA	4948	NA	0	1	1	0	0	0	0	0	0	0	1	1
ENSRNOG00000016033	Endog	unchanged_loop_count	4632	4948	-316	1	1	0	0	0	0	0	0	0	1	1	0
ENSRNOG00000056446	Endou	unchanged_loop_count	4632	4948	-316	1	1	0	0	0	0	0	0	0	1	1	0
ENSRNOG00000003699	Endov	unchanged_loop_count	4632	4948	-316	1	1	0	0	0	0	0	0	0	1	1	0
ENSRNOG00000024364	Enkd1	unchanged_loop_count	4632	4948	-316	1	1	0	0	0	0	0	0	0	1	1	0
ENSRNOG00000010232	Enpp5	unchanged_loop_count	4632	4948	-316	1	1	0	0	0	0	0	0	0	1	1	0
ENSRNOG00000014574	Entpd1	unchanged_loop_count	4632	4948	-316	1	1	0	0	0	0	0	0	0	1	1	0
ENSRNOG00000016321	Entpd4	unchanged_loop_count	4632	4948	-316	1	1	0	0	0	0	1	1	0	0	0	0
ENSRNOG00000007427	Entpd6	unchanged_loop_count	4632	4948	-316	1	1	0	0	0	0	0	0	0	1	1	0
ENSRNOG00000023496	Entrep2	unchanged_loop_count	4632	4948	-316	1	1	0	0	0	0	0	0	0	1	1	0
ENSRNOG00000020518	Entrep3	unchanged_loop_count	4632	4948	-316	1	1	0	0	0	0	0	0	0	1	1	0
ENSRNOG00000000190	Ep300	unchanged_loop_count	4632	4948	-316	1	1	0	0	0	0	0	0	0	1	1	0
ENSRNOG00000021318	Epas1	unchanged_loop_count	4632	4948	-316	1	1	0	0	0	0	0	0	0	1	1	0
ENSRNOG00000012346	Epb41l2	unchanged_loop_count	4632	4948	-316	1	1	0	0	0	0	0	0	0	1	1	0
ENSRNOG00000026050	Epb41l4a	unchanged_loop_count	4632	4948	-316	1	1	0	0	0	0	0	0	0	1	1	0
ENSRNOG00000056550	Epb41l4b	unchanged_loop_count	4632	4948	-316	1	1	0	0	0	0	0	0	0	1	1	0
ENSRNOG00000014834	Epc1	unchanged_loop_count	4632	4948	-316	1	1	0	0	0	0	1	1	0	0	0	0
ENSRNOG00000060141	Epdr1	unchanged_loop_count	4632	4948	-316	1	1	0	0	0	0	0	0	0	1	1	0
ENSRNOG00000029184	Epha6	unchanged_loop_count	4632	4948	-316	1	1	0	0	0	0	0	0	0	1	1	0
ENSRNOG00000007030	Epha7	unchanged_loop_count	4632	4948	-316	1	1	0	0	0	0	0	0	0	1	1	0
ENSRNOG00000012531	Ephb2	unchanged_loop_count	4632	4948	-316	1	1	0	0	0	0	0	0	0	1	1	0
ENSRNOG00000003515	Ephx1	unchanged_loop_count	4632	4948	-316	1	1	0	0	0	0	0	0	0	1	1	0
ENSRNOG00000043006	Epm2aip1	unchanged_loop_count	4632	4948	-316	1	1	0	0	0	0	1	1	0	0	0	0
ENSRNOG00000015753	Epn1	unchanged_loop_count	4632	4948	-316	1	1	0	0	0	0	0	0	0	1	1	0
ENSRNOG00000028908	Eppin	unchanged_loop_count	4632	4948	-316	1	1	0	0	0	0	1	1	0	0	0	0
ENSRNOG00000010299	Eps15	unchanged_loop_count	4632	4948	-316	1	1	0	0	0	0	1	1	0	0	0	0
ENSRNOG00000027942	Eps8l1	unchanged_loop_count	4632	4948	-316	1	1	0	0	0	0	0	0	0	1	1	0
ENSRNOG00000004717	Epyc	unchanged_loop_count	4632	4948	-316	1	1	0	0	0	0	1	1	0	0	0	0
ENSRNOG00000010673	Eral1	unchanged_loop_count	4632	4948	-316	1	1	0	0	0	0	0	0	0	1	1	0
ENSRNOG00000042470	Eras	new_gene_in_sensitivity	NA	4948	NA	0	1	1	0	0	0	0	0	0	0	1	1
ENSRNOG00000047137	Erbin	unchanged_loop_count	4632	4948	-316	1	1	0	0	0	0	0	0	0	1	1	0
ENSRNOG00000070542	Ercc4	unchanged_loop_count	4632	4948	-316	1	1	0	0	0	0	0	0	0	1	1	0
ENSRNOG00000003208	Ercc6l	unchanged_loop_count	4632	4948	-316	1	1	0	0	0	0	0	0	0	1	1	0
ENSRNOG00000002771	Ereg	unchanged_loop_count	4632	4948	-316	1	1	0	0	0	0	0	0	0	1	1	0
ENSRNOG00000020426	Erf	unchanged_loop_count	4632	4948	-316	1	1	0	1	1	0	0	0	0	0	0	0
ENSRNOG00000001852	Ergic2	new_gene_in_sensitivity	NA	4948	NA	0	1	1	0	0	0	0	0	0	0	1	1
ENSRNOG00000042114	Erich1	new_gene_in_sensitivity	NA	4948	NA	0	1	1	0	0	0	0	0	0	0	1	1
ENSRNOG00000037798	Erich4	unchanged_loop_count	4632	4948	-316	1	1	0	0	0	0	0	0	0	1	1	0
ENSRNOG00000013662	Erich6	unchanged_loop_count	4632	4948	-316	1	1	0	0	0	0	0	0	0	1	1	0
ENSRNOG00000000335	Ermap	unchanged_loop_count	4632	4948	-316	1	1	0	0	0	0	0	0	0	1	1	0
ENSRNOG00000006462	Ero1a	unchanged_loop_count	4632	4948	-316	1	1	0	0	0	0	1	1	0	0	0	0
ENSRNOG00000033217	Esam	unchanged_loop_count	4632	4948	-316	1	1	0	0	0	0	0	0	0	1	1	0
ENSRNOG00000010259	Esrrb	unchanged_loop_count	4632	4948	-316	1	1	0	0	0	0	0	0	0	1	1	0
ENSRNOG00000022704	Esyt3	unchanged_loop_count	4632	4948	-316	1	1	0	0	0	0	0	0	0	1	1	0
ENSRNOG00000007118	Eva1a	unchanged_loop_count	4632	4948	-316	1	1	0	0	0	0	1	1	0	0	0	0
ENSRNOG00000001034	Evi5l	unchanged_loop_count	4632	4948	-316	1	1	0	0	0	0	0	0	0	1	1	0
ENSRNOG00000037432	Exo5	unchanged_loop_count	4632	4948	-316	1	1	0	0	0	0	0	0	0	1	1	0
ENSRNOG00000039776	Exoc3	unchanged_loop_count	4632	4948	-316	1	1	0	0	0	0	0	0	0	1	1	0
ENSRNOG00000010111	Exoc3l4	unchanged_loop_count	4632	4948	-316	1	1	0	0	0	0	0	0	0	1	1	0
ENSRNOG00000036601	Exoc6	unchanged_loop_count	4632	4948	-316	1	1	0	0	0	0	0	0	0	1	1	0
ENSRNOG00000014801	Exog	unchanged_loop_count	4632	4948	-316	1	1	0	0	0	0	0	0	0	1	1	0
ENSRNOG00000012348	Exosc4	unchanged_loop_count	4632	4948	-316	1	1	0	0	0	0	1	1	0	0	0	0
ENSRNOG00000060337	Exosc7	unchanged_loop_count	4632	4948	-316	1	1	0	0	0	0	0	0	0	1	1	0
ENSRNOG00000014674	Exosc9	unchanged_loop_count	4632	4948	-316	1	1	0	0	0	0	0	0	0	1	1	0
ENSRNOG00000016776	Extl1	unchanged_loop_count	4632	4948	-316	1	1	0	0	0	0	0	0	0	1	1	0
ENSRNOG00000019203	Eya2	unchanged_loop_count	4632	4948	-316	1	1	0	1	1	0	0	0	0	0	0	0
ENSRNOG00000006048	Ezh2	unchanged_loop_count	4632	4948	-316	1	1	0	0	0	0	0	0	0	1	1	0
ENSRNOG00000018524	Ezr	unchanged_loop_count	4632	4948	-316	1	1	0	0	0	0	0	0	0	1	1	0
ENSRNOG00000015139	F12	unchanged_loop_count	4632	4948	-316	1	1	0	0	0	0	0	0	0	1	1	0
ENSRNOG00000011800	F3	unchanged_loop_count	4632	4948	-316	1	1	0	0	0	0	0	0	0	1	1	0
ENSRNOG00000002918	FAM187A	unchanged_loop_count	4632	4948	-316	1	1	0	0	0	0	0	0	0	1	1	0
ENSRNOG00000018950	Fa2h	unchanged_loop_count	4632	4948	-316	1	1	0	0	0	0	1	1	0	0	0	0
ENSRNOG00000024947	Fabp2	decreased_loop_count	2598	4948	-2350	2	1	-1	0	0	0	0	0	0	2	1	-1
ENSRNOG00000048535	Fabp5-ps3	unchanged_loop_count	4632	4948	-316	1	1	0	0	0	0	0	0	0	1	1	0
ENSRNOG00000002851	Fam104a	unchanged_loop_count	4632	4948	-316	1	1	0	0	0	0	0	0	0	1	1	0
ENSRNOG00000050946	Fam110a	unchanged_loop_count	4632	4948	-316	1	1	0	0	0	0	0	0	0	1	1	0
ENSRNOG00000038872	Fam115e	unchanged_loop_count	4632	4948	-316	1	1	0	0	0	0	0	0	0	1	1	0
ENSRNOG00000016779	Fam120a	unchanged_loop_count	4632	4948	-316	1	1	0	0	0	0	0	0	0	1	1	0
ENSRNOG00000058790	Fam120b	unchanged_loop_count	4632	4948	-316	1	1	0	0	0	0	0	0	0	1	1	0
ENSRNOG00000009802	Fam124a	unchanged_loop_count	4632	4948	-316	1	1	0	0	0	0	1	1	0	0	0	0
ENSRNOG00000002403	Fam129a	unchanged_loop_count	4632	4948	-316	1	1	0	0	0	0	0	0	0	1	1	0
ENSRNOG00000015845	Fam129b	unchanged_loop_count	4632	4948	-316	1	1	0	1	1	0	0	0	0	0	0	0
ENSRNOG00000038066	Fam155b	unchanged_loop_count	4632	4948	-316	1	1	0	0	0	0	0	0	0	1	1	0
ENSRNOG00000019087	Fam174a	unchanged_loop_count	4632	4948	-316	1	1	0	0	0	0	0	0	0	1	1	0
ENSRNOG00000021060	Fam187b	unchanged_loop_count	4632	4948	-316	1	1	0	0	0	0	1	1	0	0	0	0
ENSRNOG00000017841	Fam192a	unchanged_loop_count	4632	4948	-316	1	1	0	0	0	0	0	0	0	1	1	0
ENSRNOG00000010183	Fam198b	unchanged_loop_count	4632	4948	-316	1	1	0	0	0	0	1	1	0	0	0	0
ENSRNOG00000025453	Fam221b	unchanged_loop_count	4632	4948	-316	1	1	0	1	1	0	0	0	0	0	0	0
ENSRNOG00000001198	Fam222a	unchanged_loop_count	4632	4948	-316	1	1	0	0	0	0	0	0	0	1	1	0
ENSRNOG00000021795	Fam227a	unchanged_loop_count	4632	4948	-316	1	1	0	0	0	0	0	0	0	1	1	0
ENSRNOG00000042787	Fam229a	unchanged_loop_count	4632	4948	-316	1	1	0	0	0	0	1	1	0	0	0	0
ENSRNOG00000000551	Fam241b	unchanged_loop_count	4632	4948	-316	1	1	0	1	1	0	0	0	0	0	0	0
ENSRNOG00000055025	Fam25a	unchanged_loop_count	4632	4948	-316	1	1	0	0	0	0	0	0	0	1	1	0
ENSRNOG00000029371	Fam71a	unchanged_loop_count	4632	4948	-316	1	1	0	0	0	0	1	1	0	0	0	0
ENSRNOG00000068017	Fam78b	unchanged_loop_count	4632	4948	-316	1	1	0	0	0	0	0	0	0	1	1	0
ENSRNOG00000015794	Fam83d	unchanged_loop_count	4632	4948	-316	1	1	0	0	0	0	1	1	0	0	0	0
ENSRNOG00000021039	Fam83e	unchanged_loop_count	4632	4948	-316	1	1	0	0	0	0	0	0	0	1	1	0
ENSRNOG00000024239	Fam89b	unchanged_loop_count	4632	4948	-316	1	1	0	0	0	0	1	1	0	0	0	0
ENSRNOG00000030328	Fam98a	unchanged_loop_count	4632	4948	-316	1	1	0	0	0	0	0	0	0	1	1	0
ENSRNOG00000023968	Fancf	unchanged_loop_count	4632	4948	-316	1	1	0	0	0	0	0	0	0	1	1	0
ENSRNOG00000011203	Farp1	unchanged_loop_count	4632	4948	-316	1	1	0	0	0	0	1	1	0	0	0	0
ENSRNOG00000027422	Fastkd3	unchanged_loop_count	4632	4948	-316	1	1	0	0	0	0	0	0	0	1	1	0
ENSRNOG00000030954	Fat1	unchanged_loop_count	4632	4948	-316	1	1	0	0	0	0	1	1	0	0	0	0
ENSRNOG00000018549	Fbh1	unchanged_loop_count	4632	4948	-316	1	1	0	0	0	0	1	1	0	0	0	0
ENSRNOG00000017637	Fbp2	unchanged_loop_count	4632	4948	-316	1	1	0	0	0	0	0	0	0	1	1	0
ENSRNOG00000070828	Fbxl14	new_gene_in_sensitivity	NA	4948	NA	0	1	1	0	0	0	0	0	0	0	1	1
ENSRNOG00000000021	Fbxl14-ps1	unchanged_loop_count	4632	4948	-316	1	1	0	0	0	0	0	0	0	1	1	0
ENSRNOG00000018986	Fbxl19	unchanged_loop_count	4632	4948	-316	1	1	0	0	0	0	1	1	0	0	0	0
ENSRNOG00000016396	Fbxo11	unchanged_loop_count	4632	4948	-316	1	1	0	0	0	0	0	0	0	1	1	0
ENSRNOG00000022702	Fbxo22	unchanged_loop_count	4632	4948	-316	1	1	0	0	0	0	0	0	0	1	1	0
ENSRNOG00000042464	Fbxo25	unchanged_loop_count	4632	4948	-316	1	1	0	0	0	0	0	0	0	1	1	0
ENSRNOG00000006738	Fbxo32	unchanged_loop_count	4632	4948	-316	1	1	0	0	0	0	0	0	0	1	1	0
ENSRNOG00000019063	Fbxo38	unchanged_loop_count	4632	4948	-316	1	1	0	0	0	0	0	0	0	1	1	0
ENSRNOG00000015622	Fbxo4	unchanged_loop_count	4632	4948	-316	1	1	0	0	0	0	1	1	0	0	0	0
ENSRNOG00000014305	Fbxo42	new_gene_in_sensitivity	NA	4948	NA	0	1	1	0	1	1	0	0	0	0	0	0
ENSRNOG00000010459	Fbxo43	unchanged_loop_count	4632	4948	-316	1	1	0	0	0	0	1	1	0	0	0	0
ENSRNOG00000061515	Fbxo45	unchanged_loop_count	4632	4948	-316	1	1	0	0	0	0	0	0	0	1	1	0
ENSRNOG00000067589	Fbxo45	unchanged_loop_count	4632	4948	-316	1	1	0	0	0	0	0	0	0	1	1	0
ENSRNOG00000028674	Fbxw5	unchanged_loop_count	4632	4948	-316	1	1	0	0	0	0	1	1	0	0	0	0
ENSRNOG00000004393	Fcamr	unchanged_loop_count	4632	4948	-316	1	1	0	0	0	0	0	0	0	1	1	0
ENSRNOG00000001005	Fcer2	new_gene_in_sensitivity	NA	4948	NA	0	1	1	0	0	0	0	0	0	0	1	1
ENSRNOG00000019129	Fcgbp	unchanged_loop_count	4632	4948	-316	1	1	0	0	0	0	0	0	0	1	1	0
ENSRNOG00000024382	Fcgr3a	unchanged_loop_count	4632	4948	-316	1	1	0	0	0	0	0	0	0	1	1	0
ENSRNOG00000033912	Fcho1	unchanged_loop_count	4632	4948	-316	1	1	0	0	0	0	0	0	0	1	1	0
ENSRNOG00000015334	Fcho2	unchanged_loop_count	4632	4948	-316	1	1	0	0	0	0	0	0	0	1	1	0
ENSRNOG00000039415	Fchsd1	unchanged_loop_count	4632	4948	-316	1	1	0	0	0	0	0	0	0	1	1	0
ENSRNOG00000000055	Fcrl6	unchanged_loop_count	4632	4948	-316	1	1	0	0	0	0	0	0	0	1	1	0
ENSRNOG00000003135	Fcrlb	unchanged_loop_count	4632	4948	-316	1	1	0	1	1	0	0	0	0	0	0	0
ENSRNOG00000059453	Fcsk	unchanged_loop_count	4632	4948	-316	1	1	0	0	0	0	1	1	0	0	0	0
ENSRNOG00000058497	Fdxr	new_gene_in_sensitivity	NA	4948	NA	0	1	1	0	1	1	0	0	0	0	0	0
ENSRNOG00000050646	Fem1a	unchanged_loop_count	4632	4948	-316	1	1	0	0	0	0	0	0	0	1	1	0
ENSRNOG00000066151	Fem1a	unchanged_loop_count	4632	4948	-316	1	1	0	0	0	0	0	0	0	1	1	0
ENSRNOG00000024201	Fer1l5	unchanged_loop_count	4632	4948	-316	1	1	0	0	0	0	0	0	0	1	1	0
ENSRNOG00000021161	Fermt3	unchanged_loop_count	4632	4948	-316	1	1	0	0	0	0	1	1	0	0	0	0
ENSRNOG00000055036	Ferry3	unchanged_loop_count	4632	4948	-316	1	1	0	0	0	0	0	0	0	1	1	0
ENSRNOG00000017856	Fev	new_gene_in_sensitivity	NA	4948	NA	0	1	1	0	0	0	0	0	0	0	1	1
ENSRNOG00000004577	Fez2	unchanged_loop_count	4632	4948	-316	1	1	0	0	0	0	0	0	0	1	1	0
ENSRNOG00000009206	Fezf2	new_gene_in_sensitivity	NA	4948	NA	0	1	1	0	0	0	0	0	0	0	1	1
ENSRNOG00000021763	Ffar4	unchanged_loop_count	4632	4948	-316	1	1	0	0	0	0	0	0	0	1	1	0
ENSRNOG00000000528	Fgd2	unchanged_loop_count	4632	4948	-316	1	1	0	0	0	0	0	0	0	1	1	0
ENSRNOG00000042753	Fgf13	unchanged_loop_count	4632	4948	-316	1	1	0	0	0	0	0	0	0	1	1	0
ENSRNOG00000017392	Fgf2	unchanged_loop_count	4632	4948	-316	1	1	0	1	1	0	0	0	0	0	0	0
ENSRNOG00000066556	Fgf23	unchanged_loop_count	4632	4948	-316	1	1	0	0	0	0	0	0	0	1	1	0
ENSRNOG00000016763	Fgfr4	unchanged_loop_count	4632	4948	-316	1	1	0	0	0	0	0	0	0	1	1	0
ENSRNOG00000003653	Fh	unchanged_loop_count	4632	4948	-316	1	1	0	0	0	0	0	0	0	1	1	0
ENSRNOG00000064939	Fhit	unchanged_loop_count	4632	4948	-316	1	1	0	0	0	0	0	0	0	1	1	0
ENSRNOG00000000875	Fhl1	unchanged_loop_count	4632	4948	-316	1	1	0	0	0	0	0	0	0	1	1	0
ENSRNOG00000007680	Fhl5	unchanged_loop_count	4632	4948	-316	1	1	0	0	0	0	0	0	0	1	1	0
ENSRNOG00000059276	Firrm	unchanged_loop_count	4632	4948	-316	1	1	0	0	0	0	1	1	0	0	0	0
ENSRNOG00000047143	Fkbp1b	new_gene_in_sensitivity	NA	4948	NA	0	1	1	0	0	0	0	1	1	0	0	0
ENSRNOG00000000432	Fkbpl	new_gene_in_sensitivity	NA	4948	NA	0	1	1	0	0	0	0	1	1	0	0	0
ENSRNOG00000008904	Fli1	unchanged_loop_count	4632	4948	-316	1	1	0	0	0	0	0	0	0	1	1	0
ENSRNOG00000000826	Flot1	unchanged_loop_count	4632	4948	-316	1	1	0	1	1	0	0	0	0	0	0	0
ENSRNOG00000009681	Flot2	unchanged_loop_count	4632	4948	-316	1	1	0	0	0	0	1	1	0	0	0	0
ENSRNOG00000022428	Flrt1	unchanged_loop_count	4632	4948	-316	1	1	0	0	0	0	1	1	0	0	0	0
ENSRNOG00000003732	Flrt2	unchanged_loop_count	4632	4948	-316	1	1	0	0	0	0	0	0	0	1	1	0
ENSRNOG00000004874	Flrt3	unchanged_loop_count	4632	4948	-316	1	1	0	0	0	0	0	0	0	1	1	0
ENSRNOG00000003183	Fmod	unchanged_loop_count	4632	4948	-316	1	1	0	0	0	0	0	0	0	1	1	0
ENSRNOG00000036659	Fn3k	unchanged_loop_count	4632	4948	-316	1	1	0	0	0	0	1	1	0	0	0	0
ENSRNOG00000008258	Fnbp1	unchanged_loop_count	4632	4948	-316	1	1	0	0	0	0	0	0	0	1	1	0
ENSRNOG00000014256	Foxa3	unchanged_loop_count	4632	4948	-316	1	1	0	1	1	0	0	0	0	0	0	0
ENSRNOG00000023497	Foxe1	unchanged_loop_count	4632	4948	-316	1	1	0	0	0	0	0	0	0	1	1	0
ENSRNOG00000006491	Foxi3	unchanged_loop_count	4632	4948	-316	1	1	0	0	0	0	0	0	0	1	1	0
ENSRNOG00000009000	Foxj2	unchanged_loop_count	4632	4948	-316	1	1	0	0	0	0	0	0	0	1	1	0
ENSRNOG00000017190	Foxl2	unchanged_loop_count	4632	4948	-316	1	1	0	0	0	0	0	0	0	1	1	0
ENSRNOG00000005936	Foxm1	unchanged_loop_count	4632	4948	-316	1	1	0	0	0	0	1	1	0	0	0	0
ENSRNOG00000040110	Foxn2	unchanged_loop_count	4632	4948	-316	1	1	0	0	0	0	1	1	0	0	0	0
ENSRNOG00000021752	Foxq1	unchanged_loop_count	4632	4948	-316	1	1	0	0	0	0	1	1	0	0	0	0
ENSRNOG00000062314	Foxq1	unchanged_loop_count	4632	4948	-316	1	1	0	0	0	0	1	1	0	0	0	0
ENSRNOG00000045543	Frat2	unchanged_loop_count	4632	4948	-316	1	1	0	1	1	0	0	0	0	0	0	0
ENSRNOG00000000964	Frg1l1	unchanged_loop_count	4632	4948	-316	1	1	0	0	0	0	0	0	0	1	1	0
ENSRNOG00000007329	Frmd6	unchanged_loop_count	4632	4948	-316	1	1	0	0	0	0	0	0	0	1	1	0
ENSRNOG00000012546	Frmpd1	unchanged_loop_count	4632	4948	-316	1	1	0	0	0	0	0	0	0	1	1	0
ENSRNOG00000005642	Frs2	unchanged_loop_count	4632	4948	-316	1	1	0	0	0	0	1	1	0	0	0	0
ENSRNOG00000000894	Fry	unchanged_loop_count	4632	4948	-316	1	1	0	0	0	0	0	0	0	1	1	0
ENSRNOG00000006565	Fstl4	unchanged_loop_count	4632	4948	-316	1	1	0	0	0	0	0	0	0	1	1	0
ENSRNOG00000067596	Fthl17fl	unchanged_loop_count	4632	4948	-316	1	1	0	0	0	0	0	0	0	1	1	0
ENSRNOG00000020843	Ftl1	unchanged_loop_count	4632	4948	-316	1	1	0	0	0	0	0	0	0	1	1	0
ENSRNOG00000009139	Fubp3	unchanged_loop_count	4632	4948	-316	1	1	0	0	0	0	0	0	0	1	1	0
ENSRNOG00000050857	Fut10	unchanged_loop_count	4632	4948	-316	1	1	0	0	0	0	0	0	0	1	1	0
ENSRNOG00000070149	Fut9	unchanged_loop_count	4632	4948	-316	1	1	0	0	0	0	0	0	0	1	1	0
ENSRNOG00000021062	Fxyd5	unchanged_loop_count	4632	4948	-316	1	1	0	0	0	0	0	0	0	1	1	0
ENSRNOG00000016412	Fxyd6	unchanged_loop_count	4632	4948	-316	1	1	0	0	0	0	0	0	0	1	1	0
ENSRNOG00000021067	Fxyd7	decreased_loop_count	2598	4948	-2350	2	1	-1	0	0	0	1	0	-1	1	1	0
ENSRNOG00000016242	Fzd1	unchanged_loop_count	4632	4948	-316	1	1	0	0	0	0	0	0	0	1	1	0
ENSRNOG00000062541	Fzd1	unchanged_loop_count	4632	4948	-316	1	1	0	0	0	0	0	0	0	1	1	0
ENSRNOG00000063590	Fzd4	unchanged_loop_count	4632	4948	-316	1	1	0	0	0	0	0	0	0	1	1	0
ENSRNOG00000004169	Fzr1	new_gene_in_sensitivity	NA	4948	NA	0	1	1	0	0	0	0	1	1	0	0	0
ENSRNOG00000006019	G0s2	unchanged_loop_count	4632	4948	-316	1	1	0	1	1	0	0	0	0	0	0	0
ENSRNOG00000020902	G6pc3	unchanged_loop_count	4632	4948	-316	1	1	0	0	0	0	0	0	0	1	1	0
ENSRNOG00000019425	Gabarapl2	unchanged_loop_count	4632	4948	-316	1	1	0	0	0	0	1	1	0	0	0	0
ENSRNOG00000000774	Gabbr1	decreased_loop_count	1472	4948	-3476	3	1	-2	0	0	0	2	0	-2	1	1	0
ENSRNOG00000021105	Gabpb2	unchanged_loop_count	4632	4948	-316	1	1	0	1	1	0	0	0	0	0	0	0
ENSRNOG00000010803	Gabra5	unchanged_loop_count	4632	4948	-316	1	1	0	0	0	0	0	0	0	1	1	0
ENSRNOG00000016385	Gabrd	unchanged_loop_count	4632	4948	-316	1	1	0	0	0	0	1	1	0	0	0	0
ENSRNOG00000018200	Gad2	unchanged_loop_count	4632	4948	-316	1	1	0	0	0	0	0	0	0	1	1	0
ENSRNOG00000003011	Gadd45gip1	new_gene_in_sensitivity	NA	4948	NA	0	1	1	0	0	0	0	0	0	0	1	1
ENSRNOG00000028743	Gal3st3	unchanged_loop_count	4632	4948	-316	1	1	0	0	0	0	1	1	0	0	0	0
ENSRNOG00000009289	Galk2	unchanged_loop_count	4632	4948	-316	1	1	0	0	0	0	0	0	0	1	1	0
ENSRNOG00000014461	Galns	unchanged_loop_count	4632	4948	-316	1	1	0	0	0	0	0	0	0	1	1	0
ENSRNOG00000007951	Galnt14	unchanged_loop_count	4632	4948	-316	1	1	0	0	0	0	1	1	0	0	0	0
ENSRNOG00000024435	Galnt17	unchanged_loop_count	4632	4948	-316	1	1	0	0	0	0	0	0	0	1	1	0
ENSRNOG00000005727	Galnt3	unchanged_loop_count	4632	4948	-316	1	1	0	0	0	0	0	0	0	1	1	0
ENSRNOG00000012037	Galnt7	unchanged_loop_count	4632	4948	-316	1	1	0	0	0	0	0	0	0	1	1	0
ENSRNOG00000037476	Galnt9	unchanged_loop_count	4632	4948	-316	1	1	0	0	0	0	1	1	0	0	0	0
ENSRNOG00000016654	Galr1	unchanged_loop_count	4632	4948	-316	1	1	0	0	0	0	0	0	0	1	1	0
ENSRNOG00000014766	Galt	decreased_loop_count	2598	4948	-2350	2	1	-1	1	0	-1	0	0	0	1	1	0
ENSRNOG00000018630	Gapdhl3	unchanged_loop_count	4632	4948	-316	1	1	0	0	0	0	1	1	0	0	0	0
ENSRNOG00000057044	Garnl3	unchanged_loop_count	4632	4948	-316	1	1	0	0	0	0	0	0	0	1	1	0
ENSRNOG00000045621	Gatc	decreased_loop_count	2598	4948	-2350	2	1	-1	0	0	0	1	1	0	1	0	-1
ENSRNOG00000049281	Gba	unchanged_loop_count	4632	4948	-316	1	1	0	0	0	0	0	0	0	1	1	0
ENSRNOG00000032240	Gbp5	decreased_loop_count	831	4948	-4117	4	1	-3	1	0	-1	2	1	-1	1	0	-1
ENSRNOG00000013369	Gbx1	unchanged_loop_count	4632	4948	-316	1	1	0	0	0	0	1	1	0	0	0	0
ENSRNOG00000019495	Gbx2	unchanged_loop_count	4632	4948	-316	1	1	0	0	0	0	0	0	0	1	1	0
ENSRNOG00000006302	Gclc	unchanged_loop_count	4632	4948	-316	1	1	0	0	0	0	0	0	0	1	1	0
ENSRNOG00000007932	Gcm1	unchanged_loop_count	4632	4948	-316	1	1	0	0	0	0	0	0	0	1	1	0
ENSRNOG00000021871	Gcn1	unchanged_loop_count	4632	4948	-316	1	1	0	0	0	0	1	1	0	0	0	0
ENSRNOG00000023778	Gcnt2	unchanged_loop_count	4632	4948	-316	1	1	0	0	0	0	0	0	0	1	1	0
ENSRNOG00000063099	Gcnt7	new_gene_in_sensitivity	NA	4948	NA	0	1	1	0	0	0	0	0	0	0	1	1
ENSRNOG00000050445	Gde1	new_gene_in_sensitivity	NA	4948	NA	0	1	1	0	0	0	0	0	0	0	1	1
ENSRNOG00000019661	Gdf15	new_gene_in_sensitivity	NA	4948	NA	0	1	1	0	1	1	0	0	0	0	0	0
ENSRNOG00000007810	Gdf6	unchanged_loop_count	4632	4948	-316	1	1	0	0	0	0	0	0	0	1	1	0
ENSRNOG00000067800	Gdf6	unchanged_loop_count	4632	4948	-316	1	1	0	0	0	0	0	0	0	1	1	0
ENSRNOG00000004667	Gen1	unchanged_loop_count	4632	4948	-316	1	1	0	0	0	0	0	0	0	1	1	0
ENSRNOG00000017438	Gfra1	new_gene_in_sensitivity	NA	4948	NA	0	1	1	0	0	0	0	0	0	0	1	1
ENSRNOG00000027040	Ggact	unchanged_loop_count	4632	4948	-316	1	1	0	0	0	0	1	1	0	0	0	0
ENSRNOG00000007351	Ggh	unchanged_loop_count	4632	4948	-316	1	1	0	0	0	0	0	0	0	1	1	0
ENSRNOG00000016767	Ggps1	unchanged_loop_count	4632	4948	-316	1	1	0	0	0	0	0	0	0	1	1	0
ENSRNOG00000011207	Gh1	unchanged_loop_count	4632	4948	-316	1	1	0	0	0	0	1	1	0	0	0	0
ENSRNOG00000001410	Gigyf1	unchanged_loop_count	4632	4948	-316	1	1	0	0	0	0	0	0	0	1	1	0
ENSRNOG00000024569	Gimap9	new_gene_in_sensitivity	NA	4948	NA	0	1	1	0	0	0	0	0	0	0	1	1
ENSRNOG00000006478	Gja10	unchanged_loop_count	4632	4948	-316	1	1	0	0	0	0	0	0	0	1	1	0
ENSRNOG00000008847	Gja3	unchanged_loop_count	4632	4948	-316	1	1	0	0	0	0	0	0	0	1	1	0
ENSRNOG00000010196	Glb1	unchanged_loop_count	4632	4948	-316	1	1	0	0	0	0	1	1	0	0	0	0
ENSRNOG00000025372	Glce	unchanged_loop_count	4632	4948	-316	1	1	0	0	0	0	0	0	0	1	1	0
ENSRNOG00000025120	Gli1	unchanged_loop_count	4632	4948	-316	1	1	0	0	0	0	1	1	0	0	0	0
ENSRNOG00000026644	Glipr1	unchanged_loop_count	4632	4948	-316	1	1	0	0	0	0	0	0	0	1	1	0
ENSRNOG00000033579	Glt8d2	unchanged_loop_count	4632	4948	-316	1	1	0	1	1	0	0	0	0	0	0	0
ENSRNOG00000026488	Gltpd2	decreased_loop_count	2598	4948	-2350	2	1	-1	0	0	0	2	1	-1	0	0	0
ENSRNOG00000070553	Gltpd2	decreased_loop_count	2598	4948	-2350	2	1	-1	0	0	0	2	1	-1	0	0	0
ENSRNOG00000012387	Glyatl2	unchanged_loop_count	4632	4948	-316	1	1	0	0	0	0	0	0	0	1	1	0
ENSRNOG00000046307	Glyctk	unchanged_loop_count	4632	4948	-316	1	1	0	0	0	0	0	0	0	1	1	0
ENSRNOG00000003065	Glyr1	unchanged_loop_count	4632	4948	-316	1	1	0	0	0	0	0	0	0	1	1	0
ENSRNOG00000057749	Gm22598	unchanged_loop_count	4632	4948	-316	1	1	0	0	0	0	0	0	0	1	1	0
ENSRNOG00000067340	Gm47791	unchanged_loop_count	4632	4948	-316	1	1	0	0	0	0	0	0	0	1	1	0
ENSRNOG00000059872	Gm50450	unchanged_loop_count	4632	4948	-316	1	1	0	0	0	0	0	0	0	1	1	0
ENSRNOG00000062695	Gm56820	unchanged_loop_count	4632	4948	-316	1	1	0	0	0	0	0	0	0	1	1	0
ENSRNOG00000013339	Gmeb2	unchanged_loop_count	4632	4948	-316	1	1	0	0	0	0	0	0	0	1	1	0
ENSRNOG00000019946	Gmppa	unchanged_loop_count	4632	4948	-316	1	1	0	0	0	0	0	0	0	1	1	0
ENSRNOG00000036745	Gna13	unchanged_loop_count	4632	4948	-316	1	1	0	0	0	0	1	1	0	0	0	0
ENSRNOG00000063135	Gna13	unchanged_loop_count	4632	4948	-316	1	1	0	0	0	0	1	1	0	0	0	0
ENSRNOG00000014183	Gnaq	unchanged_loop_count	4632	4948	-316	1	1	0	0	0	0	0	0	0	1	1	0
ENSRNOG00000019296	Gnat2	unchanged_loop_count	4632	4948	-316	1	1	0	0	0	0	1	1	0	0	0	0
ENSRNOG00000047799	Gnb5	unchanged_loop_count	4632	4948	-316	1	1	0	0	0	0	0	0	0	1	1	0
ENSRNOG00000050231	Gng12	decreased_loop_count	2598	4948	-2350	2	1	-1	0	0	0	2	1	-1	0	0	0
ENSRNOG00000039350	Gng13	unchanged_loop_count	4632	4948	-316	1	1	0	0	0	0	0	0	0	1	1	0
ENSRNOG00000047213	Gnpda1	unchanged_loop_count	4632	4948	-316	1	1	0	0	0	0	1	1	0	0	0	0
ENSRNOG00000066847	Gnrh1	unchanged_loop_count	4632	4948	-316	1	1	0	0	0	0	0	0	0	1	1	0
ENSRNOG00000014493	Golga1	decreased_loop_count	2598	4948	-2350	2	1	-1	0	0	0	1	0	-1	1	1	0
ENSRNOG00000011884	Golga2	unchanged_loop_count	4632	4948	-316	1	1	0	0	0	0	1	1	0	0	0	0
ENSRNOG00000061046	Golga3-ps1	unchanged_loop_count	4632	4948	-316	1	1	0	0	0	0	0	0	0	1	1	0
ENSRNOG00000029910	Golga4	new_gene_in_sensitivity	NA	4948	NA	0	1	1	0	0	0	0	1	1	0	0	0
ENSRNOG00000024213	Golim4	unchanged_loop_count	4632	4948	-316	1	1	0	0	0	0	1	1	0	0	0	0
ENSRNOG00000012186	Golph3	unchanged_loop_count	4632	4948	-316	1	1	0	1	1	0	0	0	0	0	0	0
ENSRNOG00000058386	Golt1b	unchanged_loop_count	4632	4948	-316	1	1	0	0	0	0	0	0	0	1	1	0
ENSRNOG00000046085	Gon7	new_gene_in_sensitivity	NA	4948	NA	0	1	1	0	0	0	0	0	0	0	1	1
ENSRNOG00000003506	Gosr2	unchanged_loop_count	4632	4948	-316	1	1	0	0	0	0	0	0	0	1	1	0
ENSRNOG00000003740	Gpa33	unchanged_loop_count	4632	4948	-316	1	1	0	0	0	0	0	0	0	1	1	0
ENSRNOG00000013002	Gpbp1	decreased_loop_count	2598	4948	-2350	2	1	-1	0	0	0	0	0	0	2	1	-1
ENSRNOG00000002413	Gpc4	unchanged_loop_count	4632	4948	-316	1	1	0	0	0	0	0	0	0	1	1	0
ENSRNOG00000039832	Gpr12	new_gene_in_sensitivity	NA	4948	NA	0	1	1	0	0	0	0	0	0	0	1	1
ENSRNOG00000004499	Gpr135	unchanged_loop_count	4632	4948	-316	1	1	0	0	0	0	0	0	0	1	1	0
ENSRNOG00000026328	Gpr137c	unchanged_loop_count	4632	4948	-316	1	1	0	0	0	0	1	1	0	0	0	0
ENSRNOG00000023863	Gpr139	unchanged_loop_count	4632	4948	-316	1	1	0	0	0	0	1	1	0	0	0	0
ENSRNOG00000024446	Gpr142	unchanged_loop_count	4632	4948	-316	1	1	0	0	0	0	1	1	0	0	0	0
ENSRNOG00000039680	Gpr15	unchanged_loop_count	4632	4948	-316	1	1	0	0	0	0	1	1	0	0	0	0
ENSRNOG00000026944	Gpr150	unchanged_loop_count	4632	4948	-316	1	1	0	0	0	0	0	0	0	1	1	0
ENSRNOG00000025297	Gpr171	unchanged_loop_count	4632	4948	-316	1	1	0	0	0	0	0	0	0	1	1	0
ENSRNOG00000029245	Gpr179	new_gene_in_sensitivity	NA	4948	NA	0	1	1	0	0	0	0	1	1	0	0	0
ENSRNOG00000007126	Gpr19	unchanged_loop_count	4632	4948	-316	1	1	0	0	0	0	1	1	0	0	0	0
ENSRNOG00000008603	Gpr25	unchanged_loop_count	4632	4948	-316	1	1	0	0	0	0	0	0	0	1	1	0
ENSRNOG00000016446	Gpr45	unchanged_loop_count	4632	4948	-316	1	1	0	0	0	0	0	0	0	1	1	0
ENSRNOG00000013894	Gpr87	new_gene_in_sensitivity	NA	4948	NA	0	1	1	0	0	0	0	1	1	0	0	0
ENSRNOG00000049985	Gprasp1	unchanged_loop_count	4632	4948	-316	1	1	0	0	0	0	0	0	0	1	1	0
ENSRNOG00000023657	Gprin3	unchanged_loop_count	4632	4948	-316	1	1	0	0	0	0	0	0	0	1	1	0
ENSRNOG00000010461	Gpx8	unchanged_loop_count	4632	4948	-316	1	1	0	0	0	0	1	1	0	0	0	0
ENSRNOG00000021106	Gramd1a	unchanged_loop_count	4632	4948	-316	1	1	0	0	0	0	0	0	0	1	1	0
ENSRNOG00000004290	Grb10	unchanged_loop_count	4632	4948	-316	1	1	0	0	0	0	0	0	0	1	1	0
ENSRNOG00000026053	Grem1	unchanged_loop_count	4632	4948	-316	1	1	0	0	0	0	0	0	0	1	1	0
ENSRNOG00000006174	Grid2	unchanged_loop_count	4632	4948	-316	1	1	0	0	0	0	0	0	0	1	1	0
ENSRNOG00000030910	Grik4	unchanged_loop_count	4632	4948	-316	1	1	0	0	0	0	0	0	0	1	1	0
ENSRNOG00000003280	Grin2c	new_gene_in_sensitivity	NA	4948	NA	0	1	1	0	1	1	0	0	0	0	0	0
ENSRNOG00000018985	Grk2	new_gene_in_sensitivity	NA	4948	NA	0	1	1	0	0	0	0	1	1	0	0	0
ENSRNOG00000011847	Grk4	unchanged_loop_count	4632	4948	-316	1	1	0	0	0	0	0	0	0	1	1	0
ENSRNOG00000005519	Grm3	unchanged_loop_count	4632	4948	-316	1	1	0	0	0	0	0	0	0	1	1	0
ENSRNOG00000000487	Grm4	unchanged_loop_count	4632	4948	-316	1	1	0	0	0	0	1	1	0	0	0	0
ENSRNOG00000021031	Grn	unchanged_loop_count	4632	4948	-316	1	1	0	0	0	0	1	1	0	0	0	0
ENSRNOG00000003392	Grsf1	unchanged_loop_count	4632	4948	-316	1	1	0	0	0	0	1	1	0	0	0	0
ENSRNOG00000038891	Grxcr1	unchanged_loop_count	4632	4948	-316	1	1	0	0	0	0	0	0	0	1	1	0
ENSRNOG00000054576	Gsdmc	unchanged_loop_count	4632	4948	-316	1	1	0	0	0	0	0	0	0	1	1	0
ENSRNOG00000059240	Gsdmdl1	unchanged_loop_count	4632	4948	-316	1	1	0	0	0	0	0	0	0	1	1	0
ENSRNOG00000002833	Gsk3b	unchanged_loop_count	4632	4948	-316	1	1	0	0	0	0	0	0	0	1	1	0
ENSRNOG00000046271	Gspt1	unchanged_loop_count	4632	4948	-316	1	1	0	0	0	0	0	0	0	1	1	0
ENSRNOG00000019017	Gstm6	unchanged_loop_count	4632	4948	-316	1	1	0	0	0	0	0	0	0	1	1	0
ENSRNOG00000019332	Gtpbp2	new_gene_in_sensitivity	NA	4948	NA	0	1	1	0	0	0	0	0	0	0	1	1
ENSRNOG00000015623	Guca1b	unchanged_loop_count	4632	4948	-316	1	1	0	0	0	0	0	0	0	1	1	0
ENSRNOG00000012302	Gucy1a1	unchanged_loop_count	4632	4948	-316	1	1	0	0	0	0	0	0	0	1	1	0
ENSRNOG00000029876	Gucy1a2	unchanged_loop_count	4632	4948	-316	1	1	0	0	0	0	0	0	0	1	1	0
ENSRNOG00000012060	Gucy1b1	unchanged_loop_count	4632	4948	-316	1	1	0	0	0	0	0	0	0	1	1	0
ENSRNOG00000015058	Gucy2d	unchanged_loop_count	4632	4948	-316	1	1	0	0	0	0	1	1	0	0	0	0
ENSRNOG00000019086	Gucy2f	unchanged_loop_count	4632	4948	-316	1	1	0	0	0	0	0	0	0	1	1	0
ENSRNOG00000000913	Gusb	unchanged_loop_count	4632	4948	-316	1	1	0	0	0	0	0	0	0	1	1	0
ENSRNOG00000069498	Gvinp1	unchanged_loop_count	4632	4948	-316	1	1	0	0	0	0	1	1	0	0	0	0
ENSRNOG00000011146	Gyg1	unchanged_loop_count	4632	4948	-316	1	1	0	1	1	0	0	0	0	0	0	0
ENSRNOG00000017175	H1f1	unchanged_loop_count	4632	4948	-316	1	1	0	0	0	0	0	0	0	1	1	0
ENSRNOG00000027722	H1f10	unchanged_loop_count	4632	4948	-316	1	1	0	0	0	0	0	0	0	1	1	0
ENSRNOG00000063108	H3f3a-ps3	unchanged_loop_count	4632	4948	-316	1	1	0	0	0	0	0	0	0	1	1	0
ENSRNOG00000006532	H3f3b	unchanged_loop_count	4632	4948	-316	1	1	0	0	0	0	0	0	0	1	1	0
ENSRNOG00000048264	H4f3	unchanged_loop_count	4632	4948	-316	1	1	0	0	0	0	0	0	0	1	1	0
ENSRNOG00000002582	Hand1	unchanged_loop_count	4632	4948	-316	1	1	0	0	0	0	0	0	0	1	1	0
ENSRNOG00000002545	Hapstr1	unchanged_loop_count	4632	4948	-316	1	1	0	0	0	0	0	0	0	1	1	0
ENSRNOG00000039284	Haus4	unchanged_loop_count	4632	4948	-316	1	1	0	0	0	0	0	0	0	1	1	0
ENSRNOG00000047321	Hba-a2	unchanged_loop_count	4632	4948	-316	1	1	0	0	0	0	1	1	0	0	0	0
ENSRNOG00000029286	Hbe1	unchanged_loop_count	4632	4948	-316	1	1	0	0	0	0	0	0	0	1	1	0
ENSRNOG00000030784	Hbe2	unchanged_loop_count	4632	4948	-316	1	1	0	0	0	0	0	0	0	1	1	0
ENSRNOG00000018646	Hbegf	new_gene_in_sensitivity	NA	4948	NA	0	1	1	0	1	1	0	0	0	0	0	0
ENSRNOG00000030879	Hbg1	new_gene_in_sensitivity	NA	4948	NA	0	1	1	0	0	0	0	0	0	0	1	1
ENSRNOG00000008927	Hbp1	unchanged_loop_count	4632	4948	-316	1	1	0	0	0	0	0	0	0	1	1	0
ENSRNOG00000020849	Hcst	unchanged_loop_count	4632	4948	-316	1	1	0	0	0	0	1	1	0	0	0	0
ENSRNOG00000031915	Hdac10	unchanged_loop_count	4632	4948	-316	1	1	0	0	0	0	1	1	0	0	0	0
ENSRNOG00000000604	Hdac2	new_gene_in_sensitivity	NA	4948	NA	0	1	1	0	0	0	0	0	0	0	1	1
ENSRNOG00000004158	Hdac9	unchanged_loop_count	4632	4948	-316	1	1	0	0	0	0	0	0	0	1	1	0
ENSRNOG00000010262	Hdc	unchanged_loop_count	4632	4948	-316	1	1	0	0	0	0	0	0	0	1	1	0
ENSRNOG00000021442	Hddc2	unchanged_loop_count	4632	4948	-316	1	1	0	0	0	0	0	0	0	1	1	0
ENSRNOG00000019740	Hdgfl3	new_gene_in_sensitivity	NA	4948	NA	0	1	1	0	0	0	0	0	0	0	1	1
ENSRNOG00000015195	Hdhd3	unchanged_loop_count	4632	4948	-316	1	1	0	0	0	0	0	0	0	1	1	0
ENSRNOG00000064638	Hdhd3	unchanged_loop_count	4632	4948	-316	1	1	0	0	0	0	0	0	0	1	1	0
ENSRNOG00000011338	Hdhd5	unchanged_loop_count	4632	4948	-316	1	1	0	0	0	0	0	0	0	1	1	0
ENSRNOG00000015459	Heatr3	unchanged_loop_count	4632	4948	-316	1	1	0	0	0	0	0	0	0	1	1	0
ENSRNOG00000053735	Hebp2	unchanged_loop_count	4632	4948	-316	1	1	0	0	0	0	0	0	0	1	1	0
ENSRNOG00000009711	Hepacam2	unchanged_loop_count	4632	4948	-316	1	1	0	0	0	0	0	0	0	1	1	0
ENSRNOG00000056092	Hephl1	unchanged_loop_count	4632	4948	-316	1	1	0	0	0	0	1	1	0	0	0	0
ENSRNOG00000061040	Herc4	unchanged_loop_count	4632	4948	-316	1	1	0	0	0	0	1	1	0	0	0	0
ENSRNOG00000018796	Herpud1	unchanged_loop_count	4632	4948	-316	1	1	0	1	1	0	0	0	0	0	0	0
ENSRNOG00000029995	Herpud2	unchanged_loop_count	4632	4948	-316	1	1	0	0	0	0	0	0	0	1	1	0
ENSRNOG00000013850	Hes5	unchanged_loop_count	4632	4948	-316	1	1	0	0	0	0	0	0	0	1	1	0
ENSRNOG00000003203	Hexim1	unchanged_loop_count	4632	4948	-316	1	1	0	1	1	0	0	0	0	0	0	0
ENSRNOG00000003925	Hhat	unchanged_loop_count	4632	4948	-316	1	1	0	0	0	0	0	0	0	1	1	0
ENSRNOG00000028390	Hhipl1	unchanged_loop_count	4632	4948	-316	1	1	0	0	0	0	0	0	0	1	1	0
ENSRNOG00000008063	Hibadh	unchanged_loop_count	4632	4948	-316	1	1	0	0	0	0	1	1	0	0	0	0
ENSRNOG00000008292	Hif1a	unchanged_loop_count	4632	4948	-316	1	1	0	0	0	0	0	0	0	1	1	0
ENSRNOG00000014234	Hif1an	unchanged_loop_count	4632	4948	-316	1	1	0	0	0	0	0	0	0	1	1	0
ENSRNOG00000003008	Higd1al1	unchanged_loop_count	4632	4948	-316	1	1	0	0	0	0	0	0	0	1	1	0
ENSRNOG00000046069	Higd1c	unchanged_loop_count	4632	4948	-316	1	1	0	0	0	0	1	1	0	0	0	0
ENSRNOG00000070930	Hilpda	unchanged_loop_count	4632	4948	-316	1	1	0	0	0	0	1	1	0	0	0	0
ENSRNOG00000024041	Hils1	unchanged_loop_count	4632	4948	-316	1	1	0	0	0	0	0	0	0	1	1	0
ENSRNOG00000019333	Hipk1	new_gene_in_sensitivity	NA	4948	NA	0	1	1	0	0	0	0	0	0	0	1	1
ENSRNOG00000059748	Hist1h2ac	decreased_loop_count	2598	4948	-2350	2	1	-1	1	1	0	1	0	-1	0	0	0
ENSRNOG00000054296	Hist1h2bo	decreased_loop_count	2598	4948	-2350	2	1	-1	1	1	0	1	0	-1	0	0	0
ENSRNOG00000064011	Hist1h2bq	unchanged_loop_count	4632	4948	-316	1	1	0	0	0	0	0	0	0	1	1	0
ENSRNOG00000066473	Hist1h4m	unchanged_loop_count	4632	4948	-316	1	1	0	0	0	0	0	0	0	1	1	0
ENSRNOG00000064521	Hist2h3c2	unchanged_loop_count	4632	4948	-316	1	1	0	0	0	0	0	0	0	1	1	0
ENSRNOG00000046891	Hk1	new_gene_in_sensitivity	NA	4948	NA	0	1	1	0	0	0	0	0	0	0	1	1
ENSRNOG00000001686	Hlcs	unchanged_loop_count	4632	4948	-316	1	1	0	0	0	0	0	0	0	1	1	0
ENSRNOG00000000082	Hltf	unchanged_loop_count	4632	4948	-316	1	1	0	0	0	0	0	0	0	1	1	0
ENSRNOG00000000488	Hmga1	unchanged_loop_count	4632	4948	-316	1	1	0	0	0	0	0	0	0	1	1	0
ENSRNOG00000016122	Hmgcr	unchanged_loop_count	4632	4948	-316	1	1	0	0	0	0	0	0	0	1	1	0
ENSRNOG00000016552	Hmgcs1	unchanged_loop_count	4632	4948	-316	1	1	0	1	1	0	0	0	0	0	0	0
ENSRNOG00000001183	Hnf1a	unchanged_loop_count	4632	4948	-316	1	1	0	0	0	0	0	0	0	1	1	0
ENSRNOG00000008895	Hnf4a	unchanged_loop_count	4632	4948	-316	1	1	0	0	0	0	0	0	0	1	1	0
ENSRNOG00000008971	Hnf4g	unchanged_loop_count	4632	4948	-316	1	1	0	0	0	0	0	0	0	1	1	0
ENSRNOG00000036839	Hnrnpa1	unchanged_loop_count	4632	4948	-316	1	1	0	0	0	0	1	1	0	0	0	0
ENSRNOG00000002292	Hnrnpd	unchanged_loop_count	4632	4948	-316	1	1	0	0	0	0	1	1	0	0	0	0
ENSRNOG00000006929	Hnrnpll	unchanged_loop_count	4632	4948	-316	1	1	0	0	0	0	1	1	0	0	0	0
ENSRNOG00000033790	Hnrnpu	unchanged_loop_count	4632	4948	-316	1	1	0	1	1	0	0	0	0	0	0	0
ENSRNOG00000019507	Hnrnpul2	new_gene_in_sensitivity	NA	4948	NA	0	1	1	0	0	0	0	1	1	0	0	0
ENSRNOG00000065199	Hoxa10	unchanged_loop_count	4632	4948	-316	1	1	0	0	0	0	0	0	0	1	1	0
ENSRNOG00000053884	Hoxa11	unchanged_loop_count	4632	4948	-316	1	1	0	0	0	0	0	0	0	1	1	0
ENSRNOG00000059870	Hoxa11	unchanged_loop_count	4632	4948	-316	1	1	0	0	0	0	0	0	0	1	1	0
ENSRNOG00000027365	Hoxa4	unchanged_loop_count	4632	4948	-316	1	1	0	0	0	0	1	1	0	0	0	0
ENSRNOG00000008313	Hoxb3	unchanged_loop_count	4632	4948	-316	1	1	0	0	0	0	0	0	0	1	1	0
ENSRNOG00000008191	Hoxb4	unchanged_loop_count	4632	4948	-316	1	1	0	0	0	0	0	0	0	1	1	0
ENSRNOG00000016149	Hoxc10	unchanged_loop_count	4632	4948	-316	1	1	0	0	0	0	0	0	0	1	1	0
ENSRNOG00000016116	Hoxc12	unchanged_loop_count	4632	4948	-316	1	1	0	0	0	0	0	0	0	1	1	0
ENSRNOG00000028679	Hoxc13	unchanged_loop_count	4632	4948	-316	1	1	0	0	0	0	0	0	0	1	1	0
ENSRNOG00000028619	Hoxc8	unchanged_loop_count	4632	4948	-316	1	1	0	0	0	0	1	1	0	0	0	0
ENSRNOG00000001572	Hoxd1	unchanged_loop_count	4632	4948	-316	1	1	0	0	0	0	0	0	0	1	1	0
ENSRNOG00000001581	Hoxd10	unchanged_loop_count	4632	4948	-316	1	1	0	0	0	0	0	0	0	1	1	0
ENSRNOG00000069591	Hoxd11	unchanged_loop_count	4632	4948	-316	1	1	0	0	0	0	0	0	0	1	1	0
ENSRNOG00000001587	Hoxd12	unchanged_loop_count	4632	4948	-316	1	1	0	0	0	0	0	0	0	1	1	0
ENSRNOG00000001577	Hoxd3	unchanged_loop_count	4632	4948	-316	1	1	0	0	0	0	0	0	0	1	1	0
ENSRNOG00000006583	Hpgds	unchanged_loop_count	4632	4948	-316	1	1	0	0	0	0	0	0	0	1	1	0
ENSRNOG00000045838	Hps1	unchanged_loop_count	4632	4948	-316	1	1	0	0	0	0	0	0	0	1	1	0
ENSRNOG00000012549	Hs2st1	unchanged_loop_count	4632	4948	-316	1	1	0	0	0	0	0	0	0	1	1	0
ENSRNOG00000063290	Hs3st4	unchanged_loop_count	4632	4948	-316	1	1	0	0	0	0	0	0	0	1	1	0
ENSRNOG00000030880	Hs6st2	unchanged_loop_count	4632	4948	-316	1	1	0	0	0	0	0	0	0	1	1	0
ENSRNOG00000019830	Hsd17b1	unchanged_loop_count	4632	4948	-316	1	1	0	0	0	0	0	0	0	1	1	0
ENSRNOG00000020949	Hsd17b14	unchanged_loop_count	4632	4948	-316	1	1	0	0	0	0	0	0	0	1	1	0
ENSRNOG00000015840	Hsd17b4	unchanged_loop_count	4632	4948	-316	1	1	0	0	0	0	1	1	0	0	0	0
ENSRNOG00000000466	Hsd17b8	unchanged_loop_count	4632	4948	-316	1	1	0	0	0	0	0	0	0	1	1	0
ENSRNOG00000000808	Hsf2	unchanged_loop_count	4632	4948	-316	1	1	0	0	0	0	0	0	0	1	1	0
ENSRNOG00000023614	Hsh2d	unchanged_loop_count	4632	4948	-316	1	1	0	0	0	0	0	0	0	1	1	0
ENSRNOG00000006472	Hspa2	new_gene_in_sensitivity	NA	4948	NA	0	1	1	0	0	0	0	1	1	0	0	0
ENSRNOG00000017795	Hspbp1	unchanged_loop_count	4632	4948	-316	1	1	0	0	0	0	1	1	0	0	0	0
ENSRNOG00000027761	Htatsf1	unchanged_loop_count	4632	4948	-316	1	1	0	0	0	0	0	0	0	1	1	0
ENSRNOG00000018827	Htr7	unchanged_loop_count	4632	4948	-316	1	1	0	0	0	0	0	0	0	1	1	0
ENSRNOG00000008182	Htra3	unchanged_loop_count	4632	4948	-316	1	1	0	0	0	0	0	0	0	1	1	0
ENSRNOG00000002092	Hunk	unchanged_loop_count	4632	4948	-316	1	1	0	0	0	0	1	1	0	0	0	0
ENSRNOG00000061262	Huwe1	unchanged_loop_count	4632	4948	-316	1	1	0	0	0	0	0	0	0	1	1	0
ENSRNOG00000007212	Hyal4	unchanged_loop_count	4632	4948	-316	1	1	0	0	0	0	0	0	0	1	1	0
ENSRNOG00000022725	Iba57	unchanged_loop_count	4632	4948	-316	1	1	0	0	0	0	0	0	0	1	1	0
ENSRNOG00000068756	Iba57	unchanged_loop_count	4632	4948	-316	1	1	0	0	0	0	0	0	0	1	1	0
ENSRNOG00000017258	Ica1l	unchanged_loop_count	4632	4948	-316	1	1	0	0	0	0	0	0	0	1	1	0
ENSRNOG00000025143	Icam2	unchanged_loop_count	4632	4948	-316	1	1	0	0	0	0	0	0	0	1	1	0
ENSRNOG00000016690	Idi1	unchanged_loop_count	4632	4948	-316	1	1	0	0	0	0	0	0	0	1	1	0
ENSRNOG00000001465	Ids	unchanged_loop_count	4632	4948	-316	1	1	0	0	0	0	0	0	0	1	1	0
ENSRNOG00000000043	Idua	unchanged_loop_count	4632	4948	-316	1	1	0	0	0	0	1	1	0	0	0	0
ENSRNOG00000059406	Ier5	unchanged_loop_count	4632	4948	-316	1	1	0	0	0	0	1	1	0	0	0	0
ENSRNOG00000020678	Ifi35	unchanged_loop_count	4632	4948	-316	1	1	0	0	0	0	0	0	0	1	1	0
ENSRNOG00000014936	Ifitm2	unchanged_loop_count	4632	4948	-316	1	1	0	0	0	0	1	1	0	0	0	0
ENSRNOG00000015078	Ifitm3	unchanged_loop_count	4632	4948	-316	1	1	0	1	1	0	0	0	0	0	0	0
ENSRNOG00000045668	Ifnar2	unchanged_loop_count	4632	4948	-316	1	1	0	0	0	0	0	0	0	1	1	0
ENSRNOG00000007468	Ifng	unchanged_loop_count	4632	4948	-316	1	1	0	0	0	0	1	1	0	0	0	0
ENSRNOG00000033984	Ifnlr1	unchanged_loop_count	4632	4948	-316	1	1	0	0	0	0	0	0	0	1	1	0
ENSRNOG00000010952	Ift122	unchanged_loop_count	4632	4948	-316	1	1	0	1	1	0	0	0	0	0	0	0
ENSRNOG00000013919	Ift46	unchanged_loop_count	4632	4948	-316	1	1	0	0	0	0	0	0	0	1	1	0
ENSRNOG00000052519	Ift70a2	new_gene_in_sensitivity	NA	4948	NA	0	1	1	0	0	0	0	0	0	0	1	1
ENSRNOG00000009808	Ift80	unchanged_loop_count	4632	4948	-316	1	1	0	0	0	0	0	0	0	1	1	0
ENSRNOG00000037567	Iftap	unchanged_loop_count	4632	4948	-316	1	1	0	0	0	0	0	0	0	1	1	0
ENSRNOG00000009052	Igf2bp3	decreased_loop_count	2598	4948	-2350	2	1	-1	0	0	0	0	0	0	2	1	-1
ENSRNOG00000002050	Igfbp7	unchanged_loop_count	4632	4948	-316	1	1	0	1	1	0	0	0	0	0	0	0
ENSRNOG00000017251	Ik	unchanged_loop_count	4632	4948	-316	1	1	0	0	0	0	0	0	0	1	1	0
ENSRNOG00000027430	Ikzf2	unchanged_loop_count	4632	4948	-316	1	1	0	0	0	0	1	1	0	0	0	0
ENSRNOG00000015068	Il11ra1	unchanged_loop_count	4632	4948	-316	1	1	0	0	0	0	0	0	0	1	1	0
ENSRNOG00000051120	Il17d	unchanged_loop_count	4632	4948	-316	1	1	0	0	0	0	1	1	0	0	0	0
ENSRNOG00000021966	Il17rd	unchanged_loop_count	4632	4948	-316	1	1	0	0	0	0	1	1	0	0	0	0
ENSRNOG00000009848	Il18	unchanged_loop_count	4632	4948	-316	1	1	0	0	0	0	0	0	0	1	1	0
ENSRNOG00000015027	Il18r1	unchanged_loop_count	4632	4948	-316	1	1	0	0	0	0	1	1	0	0	0	0
ENSRNOG00000014504	Il1r1	unchanged_loop_count	4632	4948	-316	1	1	0	0	0	0	0	0	0	1	1	0
ENSRNOG00000017376	Il21	new_gene_in_sensitivity	NA	4948	NA	0	1	1	0	0	0	0	0	0	0	1	1
ENSRNOG00000001325	Il3ra	unchanged_loop_count	4632	4948	-316	1	1	0	0	0	0	0	0	0	1	1	0
ENSRNOG00000020148	Il4i1	unchanged_loop_count	4632	4948	-316	1	1	0	0	0	0	0	0	0	1	1	0
ENSRNOG00000015441	Il4r	unchanged_loop_count	4632	4948	-316	1	1	0	0	0	0	0	0	0	1	1	0
ENSRNOG00000008111	Il5	unchanged_loop_count	4632	4948	-316	1	1	0	0	0	0	0	0	0	1	1	0
ENSRNOG00000025151	Ildr2	new_gene_in_sensitivity	NA	4948	NA	0	1	1	0	0	0	0	1	1	0	0	0
ENSRNOG00000022741	Ilf3	decreased_loop_count	2598	4948	-2350	2	1	-1	2	1	-1	0	0	0	0	0	0
ENSRNOG00000018993	Ilk	unchanged_loop_count	4632	4948	-316	1	1	0	0	0	0	0	0	0	1	1	0
ENSRNOG00000028512	Ilvbl	unchanged_loop_count	4632	4948	-316	1	1	0	0	0	0	0	0	0	1	1	0
ENSRNOG00000049661	Inafm1	unchanged_loop_count	4632	4948	-316	1	1	0	0	0	0	0	0	0	1	1	0
ENSRNOG00000023363	Ing4	unchanged_loop_count	4632	4948	-316	1	1	0	1	1	0	0	0	0	0	0	0
ENSRNOG00000020097	Inha	unchanged_loop_count	4632	4948	-316	1	1	0	0	0	0	1	1	0	0	0	0
ENSRNOG00000019730	Inppl1	unchanged_loop_count	4632	4948	-316	1	1	0	0	0	0	0	0	0	1	1	0
ENSRNOG00000055331	Ints10	unchanged_loop_count	4632	4948	-316	1	1	0	0	0	0	0	0	0	1	1	0
ENSRNOG00000019758	Ipo13	unchanged_loop_count	4632	4948	-316	1	1	0	0	0	0	0	0	0	1	1	0
ENSRNOG00000016183	Ipp	unchanged_loop_count	4632	4948	-316	1	1	0	0	0	0	0	0	0	1	1	0
ENSRNOG00000048553	Iqcc	unchanged_loop_count	4632	4948	-316	1	1	0	0	0	0	0	0	0	1	1	0
ENSRNOG00000025406	Iqgap2	unchanged_loop_count	4632	4948	-316	1	1	0	0	0	0	0	0	0	1	1	0
ENSRNOG00000017767	Irag1	unchanged_loop_count	4632	4948	-316	1	1	0	0	0	0	0	0	0	1	1	0
ENSRNOG00000021817	Irak2	unchanged_loop_count	4632	4948	-316	1	1	0	0	0	0	1	1	0	0	0	0
ENSRNOG00000005965	Irak4	unchanged_loop_count	4632	4948	-316	1	1	0	0	0	0	0	0	0	1	1	0
ENSRNOG00000008144	Irf1	new_gene_in_sensitivity	NA	4948	NA	0	1	1	0	1	1	0	0	0	0	0	0
ENSRNOG00000012556	Isl1	unchanged_loop_count	4632	4948	-316	1	1	0	0	0	0	0	0	0	1	1	0
ENSRNOG00000050348	Isoc2a	unchanged_loop_count	4632	4948	-316	1	1	0	0	0	0	0	0	0	1	1	0
ENSRNOG00000016829	Isoc2b	unchanged_loop_count	4632	4948	-316	1	1	0	0	0	0	0	0	0	1	1	0
ENSRNOG00000015144	Ist1	unchanged_loop_count	4632	4948	-316	1	1	0	0	0	0	0	0	0	1	1	0
ENSRNOG00000021217	Itga10	unchanged_loop_count	4632	4948	-316	1	1	0	0	0	0	0	0	0	1	1	0
ENSRNOG00000001518	Itga6	unchanged_loop_count	4632	4948	-316	1	1	0	0	0	0	1	1	0	0	0	0
ENSRNOG00000059402	Itgb1bp1	unchanged_loop_count	4632	4948	-316	1	1	0	0	0	0	0	0	0	1	1	0
ENSRNOG00000009116	Itgb3bp	unchanged_loop_count	4632	4948	-316	1	1	0	0	0	0	0	0	0	1	1	0
ENSRNOG00000006569	Itgb8	unchanged_loop_count	4632	4948	-316	1	1	0	0	0	0	0	0	0	1	1	0
ENSRNOG00000001066	Itih2	unchanged_loop_count	4632	4948	-316	1	1	0	0	0	0	0	0	0	1	1	0
ENSRNOG00000016271	Itm2b	unchanged_loop_count	4632	4948	-316	1	1	0	0	0	0	1	1	0	0	0	0
ENSRNOG00000017359	Itm2c	unchanged_loop_count	4632	4948	-316	1	1	0	1	1	0	0	0	0	0	0	0
ENSRNOG00000069633	Itpripl2	unchanged_loop_count	4632	4948	-316	1	1	0	0	0	0	0	0	0	1	1	0
ENSRNOG00000031950	Izumo4	unchanged_loop_count	4632	4948	-316	1	1	0	0	0	0	0	0	0	1	1	0
ENSRNOG00000004956	Jade2	unchanged_loop_count	4632	4948	-316	1	1	0	0	0	0	0	0	0	1	1	0
ENSRNOG00000004998	Jakmip1	unchanged_loop_count	4632	4948	-316	1	1	0	0	0	0	1	1	0	0	0	0
ENSRNOG00000019159	Jakmip2	unchanged_loop_count	4632	4948	-316	1	1	0	0	0	0	0	0	0	1	1	0
ENSRNOG00000042848	Jam2	unchanged_loop_count	4632	4948	-316	1	1	0	0	0	0	1	1	0	0	0	0
ENSRNOG00000045918	Jarid2	unchanged_loop_count	4632	4948	-316	1	1	0	0	0	0	0	0	0	1	1	0
ENSRNOG00000008138	Jhy	unchanged_loop_count	4632	4948	-316	1	1	0	0	0	0	1	1	0	0	0	0
ENSRNOG00000050343	Jmy	unchanged_loop_count	4632	4948	-316	1	1	0	0	0	0	0	0	0	1	1	0
ENSRNOG00000025589	Jph4	unchanged_loop_count	4632	4948	-316	1	1	0	0	0	0	1	1	0	0	0	0
ENSRNOG00000027238	Jrk	unchanged_loop_count	4632	4948	-316	1	1	0	0	0	0	0	0	0	1	1	0
ENSRNOG00000019568	Jund	unchanged_loop_count	4632	4948	-316	1	1	0	0	0	0	1	1	0	0	0	0
ENSRNOG00000028149	Kansl1l	unchanged_loop_count	4632	4948	-316	1	1	0	0	0	0	0	0	0	1	1	0
ENSRNOG00000015417	Kansl3	unchanged_loop_count	4632	4948	-316	1	1	0	0	0	0	0	0	0	1	1	0
ENSRNOG00000025378	Kash5	unchanged_loop_count	4632	4948	-316	1	1	0	0	0	0	1	1	0	0	0	0
ENSRNOG00000011871	Kat2b	unchanged_loop_count	4632	4948	-316	1	1	0	0	0	0	0	0	0	1	1	0
ENSRNOG00000022664	Kat7	unchanged_loop_count	4632	4948	-316	1	1	0	0	0	0	1	1	0	0	0	0
ENSRNOG00000009397	Kbtbd4	unchanged_loop_count	4632	4948	-316	1	1	0	0	0	0	1	1	0	0	0	0
ENSRNOG00000052486	Kcna6	unchanged_loop_count	4632	4948	-316	1	1	0	0	0	0	1	1	0	0	0	0
ENSRNOG00000011550	Kcnab2	new_gene_in_sensitivity	NA	4948	NA	0	1	1	0	0	0	0	0	0	0	1	1
ENSRNOG00000017054	Kcne3	new_gene_in_sensitivity	NA	4948	NA	0	1	1	0	0	0	0	0	0	0	1	1
ENSRNOG00000019176	Kcne5	unchanged_loop_count	4632	4948	-316	1	1	0	0	0	0	0	0	0	1	1	0
ENSRNOG00000009542	Kcnh5	unchanged_loop_count	4632	4948	-316	1	1	0	0	0	0	0	0	0	1	1	0
ENSRNOG00000005369	Kcnj3	unchanged_loop_count	4632	4948	-316	1	1	0	0	0	0	0	0	0	1	1	0
ENSRNOG00000007645	Kcnj9	unchanged_loop_count	4632	4948	-316	1	1	0	0	0	0	1	1	0	0	0	0
ENSRNOG00000020784	Kcnk7	unchanged_loop_count	4632	4948	-316	1	1	0	0	0	0	1	1	0	0	0	0
ENSRNOG00000020706	Kcnn3	unchanged_loop_count	4632	4948	-316	1	1	0	0	0	0	0	0	0	1	1	0
ENSRNOG00000060435	Kcnq4	unchanged_loop_count	4632	4948	-316	1	1	0	0	0	0	0	0	0	1	1	0
ENSRNOG00000004117	Kcnv1	unchanged_loop_count	4632	4948	-316	1	1	0	0	0	0	0	0	0	1	1	0
ENSRNOG00000020010	Kctd13	unchanged_loop_count	4632	4948	-316	1	1	0	0	0	0	0	0	0	1	1	0
ENSRNOG00000050996	Kctd4	unchanged_loop_count	4632	4948	-316	1	1	0	0	0	0	1	1	0	0	0	0
ENSRNOG00000012951	Kctd9	unchanged_loop_count	4632	4948	-316	1	1	0	0	0	0	0	0	0	1	1	0
ENSRNOG00000007177	Kdelc2	unchanged_loop_count	4632	4948	-316	1	1	0	0	0	0	1	1	0	0	0	0
ENSRNOG00000019956	Kdm4a	unchanged_loop_count	4632	4948	-316	1	1	0	0	0	0	1	1	0	0	0	0
ENSRNOG00000045905	Kdm4d	unchanged_loop_count	4632	4948	-316	1	1	0	0	0	0	0	0	0	1	1	0
ENSRNOG00000054460	Khdc3	new_gene_in_sensitivity	NA	4948	NA	0	1	1	0	0	0	0	0	0	0	1	1
ENSRNOG00000042309	Kiaa0408L	unchanged_loop_count	4632	4948	-316	1	1	0	0	0	0	0	0	0	1	1	0
ENSRNOG00000008244	Kiaa0586	unchanged_loop_count	4632	4948	-316	1	1	0	0	0	0	0	0	0	1	1	0
ENSRNOG00000013729	Kiaa1549	new_gene_in_sensitivity	NA	4948	NA	0	1	1	0	0	0	0	1	1	0	0	0
ENSRNOG00000016780	Kiaa1958	unchanged_loop_count	4632	4948	-316	1	1	0	0	0	0	1	1	0	0	0	0
ENSRNOG00000013089	Kif13b	unchanged_loop_count	4632	4948	-316	1	1	0	0	0	0	0	0	0	1	1	0
ENSRNOG00000008471	Kif21b	unchanged_loop_count	4632	4948	-316	1	1	0	0	0	0	0	0	0	1	1	0
ENSRNOG00000011394	Kif3c	unchanged_loop_count	4632	4948	-316	1	1	0	0	0	0	0	0	0	1	1	0
ENSRNOG00000064692	Kif4b	unchanged_loop_count	4632	4948	-316	1	1	0	0	0	0	0	0	0	1	1	0
ENSRNOG00000017466	Kif5b	unchanged_loop_count	4632	4948	-316	1	1	0	1	1	0	0	0	0	0	0	0
ENSRNOG00000026857	Kif7	new_gene_in_sensitivity	NA	4948	NA	0	1	1	0	0	0	0	1	1	0	0	0
ENSRNOG00000005386	Kitlg	unchanged_loop_count	4632	4948	-316	1	1	0	0	0	0	0	0	0	1	1	0
ENSRNOG00000018101	Klc3	new_gene_in_sensitivity	NA	4948	NA	0	1	1	0	0	0	0	0	0	0	1	1
ENSRNOG00000018168	Klc4	unchanged_loop_count	4632	4948	-316	1	1	0	0	0	0	0	0	0	1	1	0
ENSRNOG00000017808	Klf15	unchanged_loop_count	4632	4948	-316	1	1	0	1	1	0	0	0	0	0	0	0
ENSRNOG00000014205	Klf2	unchanged_loop_count	4632	4948	-316	1	1	0	0	0	0	1	1	0	0	0	0
ENSRNOG00000067705	Klf2	unchanged_loop_count	4632	4948	-316	1	1	0	0	0	0	1	1	0	0	0	0
ENSRNOG00000008785	Klf5	unchanged_loop_count	4632	4948	-316	1	1	0	0	0	0	0	0	0	1	1	0
ENSRNOG00000016921	Klhl11	unchanged_loop_count	4632	4948	-316	1	1	0	0	0	0	0	0	0	1	1	0
ENSRNOG00000010959	Klhl25	unchanged_loop_count	4632	4948	-316	1	1	0	0	0	0	0	0	0	1	1	0
ENSRNOG00000017365	Klhl35	unchanged_loop_count	4632	4948	-316	1	1	0	0	0	0	0	0	0	1	1	0
ENSRNOG00000061499	Kmt2d	unchanged_loop_count	4632	4948	-316	1	1	0	0	0	0	1	1	0	0	0	0
ENSRNOG00000016790	Kmt5b	unchanged_loop_count	4632	4948	-316	1	1	0	1	1	0	0	0	0	0	0	0
ENSRNOG00000027240	Kndc1	unchanged_loop_count	4632	4948	-316	1	1	0	0	0	0	1	1	0	0	0	0
ENSRNOG00000051711	Kpna1	unchanged_loop_count	4632	4948	-316	1	1	0	0	0	0	0	0	0	1	1	0
ENSRNOG00000030109	Kpna5	unchanged_loop_count	4632	4948	-316	1	1	0	0	0	0	0	0	0	1	1	0
ENSRNOG00000001493	Kptn	unchanged_loop_count	4632	4948	-316	1	1	0	0	0	0	0	0	0	1	1	0
ENSRNOG00000007405	Krba1	unchanged_loop_count	4632	4948	-316	1	1	0	0	0	0	0	0	0	1	1	0
ENSRNOG00000063118	Krbox1	new_gene_in_sensitivity	NA	4948	NA	0	1	1	0	0	0	0	1	1	0	0	0
ENSRNOG00000051487	Kremen1	unchanged_loop_count	4632	4948	-316	1	1	0	0	0	0	1	1	0	0	0	0
ENSRNOG00000057447	Kri1	unchanged_loop_count	4632	4948	-316	1	1	0	0	0	0	1	1	0	0	0	0
ENSRNOG00000011986	Krt12	unchanged_loop_count	4632	4948	-316	1	1	0	0	0	0	0	0	0	1	1	0
ENSRNOG00000027139	Krt20	unchanged_loop_count	4632	4948	-316	1	1	0	0	0	0	0	0	0	1	1	0
ENSRNOG00000062912	Krt33a	unchanged_loop_count	4632	4948	-316	1	1	0	0	0	0	0	0	0	1	1	0
ENSRNOG00000008819	Krt84	decreased_loop_count	2598	4948	-2350	2	1	-1	0	0	0	2	1	-1	0	0	0
ENSRNOG00000042473	Krtap17-1	unchanged_loop_count	4632	4948	-316	1	1	0	0	0	0	0	0	0	1	1	0
ENSRNOG00000069027	Krtap28-13	unchanged_loop_count	4632	4948	-316	1	1	0	0	0	0	1	1	0	0	0	0
ENSRNOG00000012544	Krtap3-1	new_gene_in_sensitivity	NA	4948	NA	0	1	1	0	0	0	0	1	1	0	0	0
ENSRNOG00000028630	Ksr2	new_gene_in_sensitivity	NA	4948	NA	0	1	1	0	0	0	0	1	1	0	0	0
ENSRNOG00000070073	Kti12	unchanged_loop_count	4632	4948	-316	1	1	0	0	0	0	0	0	0	1	1	0
ENSRNOG00000004503	L3hypdh	unchanged_loop_count	4632	4948	-316	1	1	0	0	0	0	0	0	0	1	1	0
ENSRNOG00000015597	LOC100125364	unchanged_loop_count	4632	4948	-316	1	1	0	0	0	0	0	0	0	1	1	0
ENSRNOG00000046342	LOC100359503	unchanged_loop_count	4632	4948	-316	1	1	0	0	0	0	0	0	0	1	1	0
ENSRNOG00000048456	LOC100360117	new_gene_in_sensitivity	NA	4948	NA	0	1	1	0	0	0	0	0	0	0	1	1
ENSRNOG00000013874	LOC100360522	unchanged_loop_count	4632	4948	-316	1	1	0	0	0	0	0	0	0	1	1	0
ENSRNOG00000022601	LOC100360821	unchanged_loop_count	4632	4948	-316	1	1	0	0	0	0	0	0	0	1	1	0
ENSRNOG00000034180	LOC100360841	unchanged_loop_count	4632	4948	-316	1	1	0	0	0	0	0	0	0	1	1	0
ENSRNOG00000047004	LOC100365450	unchanged_loop_count	4632	4948	-316	1	1	0	0	0	0	0	0	0	1	1	0
ENSRNOG00000014581	LOC100909916	unchanged_loop_count	4632	4948	-316	1	1	0	0	0	0	0	0	0	1	1	0
ENSRNOG00000070985	LOC100909928	decreased_loop_count	1472	4948	-3476	3	1	-2	1	0	-1	1	0	-1	1	1	0
ENSRNOG00000002217	LOC100910270	unchanged_loop_count	4632	4948	-316	1	1	0	0	0	0	0	0	0	1	1	0
ENSRNOG00000049229	LOC100911238	unchanged_loop_count	4632	4948	-316	1	1	0	0	0	0	0	0	0	1	1	0
ENSRNOG00000057650	LOC100911668	unchanged_loop_count	4632	4948	-316	1	1	0	0	0	0	0	0	0	1	1	0
ENSRNOG00000022766	LOC100911776	unchanged_loop_count	4632	4948	-316	1	1	0	0	0	0	0	0	0	1	1	0
ENSRNOG00000059441	LOC100912266	unchanged_loop_count	4632	4948	-316	1	1	0	0	0	0	0	0	0	1	1	0
ENSRNOG00000057690	LOC100912489	unchanged_loop_count	4632	4948	-316	1	1	0	0	0	0	0	0	0	1	1	0
ENSRNOG00000060994	LOC100912537	unchanged_loop_count	4632	4948	-316	1	1	0	0	0	0	0	0	0	1	1	0
ENSRNOG00000068101	LOC100912991	unchanged_loop_count	4632	4948	-316	1	1	0	0	0	0	0	0	0	1	1	0
ENSRNOG00000066404	LOC102546414	unchanged_loop_count	4632	4948	-316	1	1	0	0	0	0	0	0	0	1	1	0
ENSRNOG00000064015	LOC102547042	unchanged_loop_count	4632	4948	-316	1	1	0	0	0	0	0	0	0	1	1	0
ENSRNOG00000069833	LOC102547276	unchanged_loop_count	4632	4948	-316	1	1	0	0	0	0	1	1	0	0	0	0
ENSRNOG00000068862	LOC102548326	unchanged_loop_count	4632	4948	-316	1	1	0	0	0	0	0	0	0	1	1	0
ENSRNOG00000045644	LOC102548682	unchanged_loop_count	4632	4948	-316	1	1	0	0	0	0	0	0	0	1	1	0
ENSRNOG00000065150	LOC102549277	unchanged_loop_count	4632	4948	-316	1	1	0	0	0	0	1	1	0	0	0	0
ENSRNOG00000010468	LOC102549542	unchanged_loop_count	4632	4948	-316	1	1	0	0	0	0	0	0	0	1	1	0
ENSRNOG00000051152	LOC102549817	unchanged_loop_count	4632	4948	-316	1	1	0	0	0	0	1	1	0	0	0	0
ENSRNOG00000062733	LOC102550011	unchanged_loop_count	4632	4948	-316	1	1	0	0	0	0	0	0	0	1	1	0
ENSRNOG00000058324	LOC102550325	unchanged_loop_count	4632	4948	-316	1	1	0	1	1	0	0	0	0	0	0	0
ENSRNOG00000065189	LOC102550466	unchanged_loop_count	4632	4948	-316	1	1	0	0	0	0	1	1	0	0	0	0
ENSRNOG00000063110	LOC102550950	unchanged_loop_count	4632	4948	-316	1	1	0	0	0	0	0	0	0	1	1	0
ENSRNOG00000070852	LOC102551319	new_gene_in_sensitivity	NA	4948	NA	0	1	1	0	1	1	0	0	0	0	0	0
ENSRNOG00000053759	LOC102552466	unchanged_loop_count	4632	4948	-316	1	1	0	0	0	0	0	0	0	1	1	0
ENSRNOG00000053916	LOC102552874	unchanged_loop_count	4632	4948	-316	1	1	0	0	0	0	0	0	0	1	1	0
ENSRNOG00000038474	LOC102552882	unchanged_loop_count	4632	4948	-316	1	1	0	0	0	0	0	0	0	1	1	0
ENSRNOG00000053481	LOC102553338	unchanged_loop_count	4632	4948	-316	1	1	0	0	0	0	0	0	0	1	1	0
ENSRNOG00000064252	LOC102553736	unchanged_loop_count	4632	4948	-316	1	1	0	0	0	0	0	0	0	1	1	0
ENSRNOG00000070127	LOC102554140	unchanged_loop_count	4632	4948	-316	1	1	0	1	1	0	0	0	0	0	0	0
ENSRNOG00000063920	LOC102555109	unchanged_loop_count	4632	4948	-316	1	1	0	0	0	0	0	0	0	1	1	0
ENSRNOG00000065613	LOC102556715	new_gene_in_sensitivity	NA	4948	NA	0	1	1	0	0	0	0	1	1	0	0	0
ENSRNOG00000037984	LOC103689999	new_gene_in_sensitivity	NA	4948	NA	0	1	1	0	0	0	0	0	0	0	1	1
ENSRNOG00000020628	LOC103690068	unchanged_loop_count	4632	4948	-316	1	1	0	0	0	0	1	1	0	0	0	0
ENSRNOG00000065089	LOC103690858	unchanged_loop_count	4632	4948	-316	1	1	0	1	1	0	0	0	0	0	0	0
ENSRNOG00000067780	LOC103691054	unchanged_loop_count	4632	4948	-316	1	1	0	0	0	0	1	1	0	0	0	0
ENSRNOG00000036648	LOC103691261	unchanged_loop_count	4632	4948	-316	1	1	0	0	0	0	0	0	0	1	1	0
ENSRNOG00000066703	LOC103692025	unchanged_loop_count	4632	4948	-316	1	1	0	0	0	0	1	1	0	0	0	0
ENSRNOG00000067905	LOC103692103	unchanged_loop_count	4632	4948	-316	1	1	0	0	0	0	0	0	0	1	1	0
ENSRNOG00000048073	LOC103692785	new_gene_in_sensitivity	NA	4948	NA	0	1	1	0	1	1	0	0	0	0	0	0
ENSRNOG00000055012	LOC108348078	unchanged_loop_count	4632	4948	-316	1	1	0	0	0	0	0	0	0	1	1	0
ENSRNOG00000032635	LOC108348142	unchanged_loop_count	4632	4948	-316	1	1	0	1	1	0	0	0	0	0	0	0
ENSRNOG00000046021	LOC108348172	unchanged_loop_count	4632	4948	-316	1	1	0	0	0	0	0	0	0	1	1	0
ENSRNOG00000066354	LOC108348750	unchanged_loop_count	4632	4948	-316	1	1	0	0	0	0	0	0	0	1	1	0
ENSRNOG00000000376	LOC108349010	new_gene_in_sensitivity	NA	4948	NA	0	1	1	0	0	0	0	0	0	0	1	1
ENSRNOG00000064934	LOC108349475	new_gene_in_sensitivity	NA	4948	NA	0	1	1	0	1	1	0	0	0	0	0	0
ENSRNOG00000046421	LOC108350036	unchanged_loop_count	4632	4948	-316	1	1	0	0	0	0	0	0	0	1	1	0
ENSRNOG00000067539	LOC108350739	unchanged_loop_count	4632	4948	-316	1	1	0	0	0	0	1	1	0	0	0	0
ENSRNOG00000065198	LOC108351472	unchanged_loop_count	4632	4948	-316	1	1	0	1	1	0	0	0	0	0	0	0
ENSRNOG00000062838	LOC108351955	unchanged_loop_count	4632	4948	-316	1	1	0	0	0	0	0	0	0	1	1	0
ENSRNOG00000065407	LOC108351965	unchanged_loop_count	4632	4948	-316	1	1	0	0	0	0	0	0	0	1	1	0
ENSRNOG00000067186	LOC108352140	unchanged_loop_count	4632	4948	-316	1	1	0	0	0	0	0	0	0	1	1	0
ENSRNOG00000052428	LOC108352292	unchanged_loop_count	4632	4948	-316	1	1	0	0	0	0	0	0	0	1	1	0
ENSRNOG00000039678	LOC108352322	unchanged_loop_count	4632	4948	-316	1	1	0	0	0	0	0	0	0	1	1	0
ENSRNOG00000069819	LOC108352947	unchanged_loop_count	4632	4948	-316	1	1	0	0	0	0	0	0	0	1	1	0
ENSRNOG00000068619	LOC108353138	unchanged_loop_count	4632	4948	-316	1	1	0	1	1	0	0	0	0	0	0	0
ENSRNOG00000062565	LOC120093276	unchanged_loop_count	4632	4948	-316	1	1	0	0	0	0	0	0	0	1	1	0
ENSRNOG00000066230	LOC120093278	unchanged_loop_count	4632	4948	-316	1	1	0	0	0	0	0	0	0	1	1	0
ENSRNOG00000066856	LOC120093279	unchanged_loop_count	4632	4948	-316	1	1	0	0	0	0	0	0	0	1	1	0
ENSRNOG00000056761	LOC120093286	unchanged_loop_count	4632	4948	-316	1	1	0	0	0	0	0	0	0	1	1	0
ENSRNOG00000058332	LOC120093289	unchanged_loop_count	4632	4948	-316	1	1	0	0	0	0	1	1	0	0	0	0
ENSRNOG00000057665	LOC120093305	unchanged_loop_count	4632	4948	-316	1	1	0	0	0	0	0	0	0	1	1	0
ENSRNOG00000059151	LOC120093307	unchanged_loop_count	4632	4948	-316	1	1	0	0	0	0	0	0	0	1	1	0
ENSRNOG00000065761	LOC120093368	unchanged_loop_count	4632	4948	-316	1	1	0	0	0	0	1	1	0	0	0	0
ENSRNOG00000055167	LOC120093419	unchanged_loop_count	4632	4948	-316	1	1	0	0	0	0	0	0	0	1	1	0
ENSRNOG00000068877	LOC120093433	unchanged_loop_count	4632	4948	-316	1	1	0	0	0	0	0	0	0	1	1	0
ENSRNOG00000057283	LOC120093467	unchanged_loop_count	4632	4948	-316	1	1	0	0	0	0	0	0	0	1	1	0
ENSRNOG00000057210	LOC120093497	unchanged_loop_count	4632	4948	-316	1	1	0	0	0	0	0	0	0	1	1	0
ENSRNOG00000052171	LOC120093499	unchanged_loop_count	4632	4948	-316	1	1	0	0	0	0	0	0	0	1	1	0
ENSRNOG00000067703	LOC120093688	unchanged_loop_count	4632	4948	-316	1	1	0	0	0	0	0	0	0	1	1	0
ENSRNOG00000064404	LOC120093813	unchanged_loop_count	4632	4948	-316	1	1	0	0	0	0	0	0	0	1	1	0
ENSRNOG00000064225	LOC120093850	unchanged_loop_count	4632	4948	-316	1	1	0	0	0	0	0	0	0	1	1	0
ENSRNOG00000063441	LOC120093903	unchanged_loop_count	4632	4948	-316	1	1	0	0	0	0	0	0	0	1	1	0
ENSRNOG00000061717	LOC120093911	unchanged_loop_count	4632	4948	-316	1	1	0	0	0	0	0	0	0	1	1	0
ENSRNOG00000060183	LOC120093928	unchanged_loop_count	4632	4948	-316	1	1	0	0	0	0	1	1	0	0	0	0
ENSRNOG00000067964	LOC120093932	unchanged_loop_count	4632	4948	-316	1	1	0	0	0	0	0	0	0	1	1	0
ENSRNOG00000065227	LOC120093939	unchanged_loop_count	4632	4948	-316	1	1	0	0	0	0	0	0	0	1	1	0
ENSRNOG00000057249	LOC120093948	unchanged_loop_count	4632	4948	-316	1	1	0	0	0	0	0	0	0	1	1	0
ENSRNOG00000055418	LOC120093958	unchanged_loop_count	4632	4948	-316	1	1	0	0	0	0	0	0	0	1	1	0
ENSRNOG00000053801	LOC120093962	new_gene_in_sensitivity	NA	4948	NA	0	1	1	0	0	0	0	1	1	0	0	0
ENSRNOG00000067345	LOC120093979	new_gene_in_sensitivity	NA	4948	NA	0	1	1	0	0	0	0	1	1	0	0	0
ENSRNOG00000067888	LOC120093982	new_gene_in_sensitivity	NA	4948	NA	0	1	1	0	0	0	0	0	0	0	1	1
ENSRNOG00000061079	LOC120093986	unchanged_loop_count	4632	4948	-316	1	1	0	0	0	0	0	0	0	1	1	0
ENSRNOG00000059305	LOC120094010	unchanged_loop_count	4632	4948	-316	1	1	0	0	0	0	1	1	0	0	0	0
ENSRNOG00000053870	LOC120094027	unchanged_loop_count	4632	4948	-316	1	1	0	0	0	0	0	0	0	1	1	0
ENSRNOG00000063500	LOC120094218	unchanged_loop_count	4632	4948	-316	1	1	0	0	0	0	0	0	0	1	1	0
ENSRNOG00000059167	LOC120094286	unchanged_loop_count	4632	4948	-316	1	1	0	0	0	0	1	1	0	0	0	0
ENSRNOG00000059831	LOC120094432	new_gene_in_sensitivity	NA	4948	NA	0	1	1	0	0	0	0	1	1	0	0	0
ENSRNOG00000065714	LOC120094451	new_gene_in_sensitivity	NA	4948	NA	0	1	1	0	0	0	0	0	0	0	1	1
ENSRNOG00000064439	LOC120094484	unchanged_loop_count	4632	4948	-316	1	1	0	0	0	0	0	0	0	1	1	0
ENSRNOG00000055522	LOC120094485	unchanged_loop_count	4632	4948	-316	1	1	0	0	0	0	0	0	0	1	1	0
ENSRNOG00000054357	LOC120094496	unchanged_loop_count	4632	4948	-316	1	1	0	0	0	0	0	0	0	1	1	0
ENSRNOG00000061858	LOC120094500	unchanged_loop_count	4632	4948	-316	1	1	0	0	0	0	0	0	0	1	1	0
ENSRNOG00000060841	LOC120094506	unchanged_loop_count	4632	4948	-316	1	1	0	0	0	0	0	0	0	1	1	0
ENSRNOG00000055808	LOC120094508	unchanged_loop_count	4632	4948	-316	1	1	0	0	0	0	0	0	0	1	1	0
ENSRNOG00000051411	LOC120094514	unchanged_loop_count	4632	4948	-316	1	1	0	0	0	0	0	0	0	1	1	0
ENSRNOG00000052082	LOC120094515	unchanged_loop_count	4632	4948	-316	1	1	0	0	0	0	0	0	0	1	1	0
ENSRNOG00000065611	LOC120094532	unchanged_loop_count	4632	4948	-316	1	1	0	0	0	0	0	0	0	1	1	0
ENSRNOG00000056506	LOC120094545	unchanged_loop_count	4632	4948	-316	1	1	0	0	0	0	1	1	0	0	0	0
ENSRNOG00000062396	LOC120094549	unchanged_loop_count	4632	4948	-316	1	1	0	0	0	0	1	1	0	0	0	0
ENSRNOG00000067829	LOC120094550	unchanged_loop_count	4632	4948	-316	1	1	0	0	0	0	1	1	0	0	0	0
ENSRNOG00000069442	LOC120094553	unchanged_loop_count	4632	4948	-316	1	1	0	0	0	0	1	1	0	0	0	0
ENSRNOG00000058900	LOC120094650	unchanged_loop_count	4632	4948	-316	1	1	0	0	0	0	0	0	0	1	1	0
ENSRNOG00000065393	LOC120094784	unchanged_loop_count	4632	4948	-316	1	1	0	0	0	0	0	0	0	1	1	0
ENSRNOG00000059692	LOC120094862	unchanged_loop_count	4632	4948	-316	1	1	0	0	0	0	0	0	0	1	1	0
ENSRNOG00000068294	LOC120094864	unchanged_loop_count	4632	4948	-316	1	1	0	0	0	0	0	0	0	1	1	0
ENSRNOG00000060945	LOC120094875	new_gene_in_sensitivity	NA	4948	NA	0	1	1	0	0	0	0	0	0	0	1	1
ENSRNOG00000061501	LOC120094905	new_gene_in_sensitivity	NA	4948	NA	0	1	1	0	0	0	0	1	1	0	0	0
ENSRNOG00000051897	LOC120094909	new_gene_in_sensitivity	NA	4948	NA	0	1	1	0	0	0	0	0	0	0	1	1
ENSRNOG00000061666	LOC120094916	unchanged_loop_count	4632	4948	-316	1	1	0	0	0	0	0	0	0	1	1	0
ENSRNOG00000052045	LOC120094924	unchanged_loop_count	4632	4948	-316	1	1	0	0	0	0	0	0	0	1	1	0
ENSRNOG00000065549	LOC120094951	unchanged_loop_count	4632	4948	-316	1	1	0	0	0	0	0	0	0	1	1	0
ENSRNOG00000054491	LOC120094958	unchanged_loop_count	4632	4948	-316	1	1	0	0	0	0	0	0	0	1	1	0
ENSRNOG00000068211	LOC120094963	new_gene_in_sensitivity	NA	4948	NA	0	1	1	0	0	0	0	0	0	0	1	1
ENSRNOG00000063445	LOC120094974	unchanged_loop_count	4632	4948	-316	1	1	0	0	0	0	0	0	0	1	1	0
ENSRNOG00000063001	LOC120095352	unchanged_loop_count	4632	4948	-316	1	1	0	0	0	0	1	1	0	0	0	0
ENSRNOG00000055800	LOC120095363	decreased_loop_count	2598	4948	-2350	2	1	-1	0	0	0	0	0	0	2	1	-1
ENSRNOG00000057512	LOC120095366	unchanged_loop_count	4632	4948	-316	1	1	0	0	0	0	1	1	0	0	0	0
ENSRNOG00000052147	LOC120095373	unchanged_loop_count	4632	4948	-316	1	1	0	0	0	0	1	1	0	0	0	0
ENSRNOG00000052684	LOC120095375	unchanged_loop_count	4632	4948	-316	1	1	0	0	0	0	1	1	0	0	0	0
ENSRNOG00000069404	LOC120095397	unchanged_loop_count	4632	4948	-316	1	1	0	0	0	0	1	1	0	0	0	0
ENSRNOG00000061486	LOC120095402	unchanged_loop_count	4632	4948	-316	1	1	0	0	0	0	1	1	0	0	0	0
ENSRNOG00000060666	LOC120095415	unchanged_loop_count	4632	4948	-316	1	1	0	0	0	0	0	0	0	1	1	0
ENSRNOG00000058244	LOC120095419	unchanged_loop_count	4632	4948	-316	1	1	0	0	0	0	0	0	0	1	1	0
ENSRNOG00000071058	LOC120095443	unchanged_loop_count	4632	4948	-316	1	1	0	0	0	0	0	0	0	1	1	0
ENSRNOG00000067635	LOC120095446	unchanged_loop_count	4632	4948	-316	1	1	0	0	0	0	0	0	0	1	1	0
ENSRNOG00000062549	LOC120095447	unchanged_loop_count	4632	4948	-316	1	1	0	0	0	0	1	1	0	0	0	0
ENSRNOG00000061671	LOC120095458	new_gene_in_sensitivity	NA	4948	NA	0	1	1	0	1	1	0	0	0	0	0	0
ENSRNOG00000057077	LOC120095481	unchanged_loop_count	4632	4948	-316	1	1	0	0	0	0	0	0	0	1	1	0
ENSRNOG00000065881	LOC120095493	unchanged_loop_count	4632	4948	-316	1	1	0	0	0	0	0	0	0	1	1	0
ENSRNOG00000063532	LOC120095500	unchanged_loop_count	4632	4948	-316	1	1	0	0	0	0	0	0	0	1	1	0
ENSRNOG00000070676	LOC120095536	unchanged_loop_count	4632	4948	-316	1	1	0	0	0	0	0	0	0	1	1	0
ENSRNOG00000056834	LOC120095726	unchanged_loop_count	4632	4948	-316	1	1	0	0	0	0	0	0	0	1	1	0
ENSRNOG00000052714	LOC120095727	unchanged_loop_count	4632	4948	-316	1	1	0	0	0	0	0	0	0	1	1	0
ENSRNOG00000070665	LOC120095731	unchanged_loop_count	4632	4948	-316	1	1	0	0	0	0	1	1	0	0	0	0
ENSRNOG00000052338	LOC120095736	unchanged_loop_count	4632	4948	-316	1	1	0	0	0	0	0	0	0	1	1	0
ENSRNOG00000060035	LOC120095739	unchanged_loop_count	4632	4948	-316	1	1	0	0	0	0	1	1	0	0	0	0
ENSRNOG00000055311	LOC120095751	unchanged_loop_count	4632	4948	-316	1	1	0	0	0	0	0	0	0	1	1	0
ENSRNOG00000054745	LOC120095762	unchanged_loop_count	4632	4948	-316	1	1	0	0	0	0	0	0	0	1	1	0
ENSRNOG00000056085	LOC120095766	unchanged_loop_count	4632	4948	-316	1	1	0	0	0	0	0	0	0	1	1	0
ENSRNOG00000058660	LOC120095776	unchanged_loop_count	4632	4948	-316	1	1	0	0	0	0	0	0	0	1	1	0
ENSRNOG00000061734	LOC120095786	unchanged_loop_count	4632	4948	-316	1	1	0	0	0	0	1	1	0	0	0	0
ENSRNOG00000060275	LOC120095787	new_gene_in_sensitivity	NA	4948	NA	0	1	1	0	0	0	0	1	1	0	0	0
ENSRNOG00000065454	LOC120095806	unchanged_loop_count	4632	4948	-316	1	1	0	0	0	0	0	0	0	1	1	0
ENSRNOG00000056109	LOC120095810	unchanged_loop_count	4632	4948	-316	1	1	0	0	0	0	0	0	0	1	1	0
ENSRNOG00000069182	LOC120096084	unchanged_loop_count	4632	4948	-316	1	1	0	0	0	0	0	0	0	1	1	0
ENSRNOG00000071022	LOC120096085	unchanged_loop_count	4632	4948	-316	1	1	0	0	0	0	0	0	0	1	1	0
ENSRNOG00000060796	LOC120096089	unchanged_loop_count	4632	4948	-316	1	1	0	0	0	0	0	0	0	1	1	0
ENSRNOG00000064713	LOC120096091	unchanged_loop_count	4632	4948	-316	1	1	0	0	0	0	0	0	0	1	1	0
ENSRNOG00000063770	LOC120096107	unchanged_loop_count	4632	4948	-316	1	1	0	0	0	0	0	0	0	1	1	0
ENSRNOG00000053421	LOC120096117	unchanged_loop_count	4632	4948	-316	1	1	0	0	0	0	0	0	0	1	1	0
ENSRNOG00000052399	LOC120096368	new_gene_in_sensitivity	NA	4948	NA	0	1	1	0	0	0	0	0	0	0	1	1
ENSRNOG00000057771	LOC120096369	unchanged_loop_count	4632	4948	-316	1	1	0	1	1	0	0	0	0	0	0	0
ENSRNOG00000060068	LOC120096394	unchanged_loop_count	4632	4948	-316	1	1	0	0	0	0	0	0	0	1	1	0
ENSRNOG00000060253	LOC120096397	unchanged_loop_count	4632	4948	-316	1	1	0	0	0	0	0	0	0	1	1	0
ENSRNOG00000053385	LOC120096420	unchanged_loop_count	4632	4948	-316	1	1	0	0	0	0	0	0	0	1	1	0
ENSRNOG00000057270	LOC120096423	unchanged_loop_count	4632	4948	-316	1	1	0	0	0	0	0	0	0	1	1	0
ENSRNOG00000066057	LOC120096434	unchanged_loop_count	4632	4948	-316	1	1	0	0	0	0	0	0	0	1	1	0
ENSRNOG00000066327	LOC120096449	unchanged_loop_count	4632	4948	-316	1	1	0	0	0	0	1	1	0	0	0	0
ENSRNOG00000064784	LOC120096452	unchanged_loop_count	4632	4948	-316	1	1	0	0	0	0	0	0	0	1	1	0
ENSRNOG00000059085	LOC120096459	unchanged_loop_count	4632	4948	-316	1	1	0	0	0	0	0	0	0	1	1	0
ENSRNOG00000051971	LOC120096465	unchanged_loop_count	4632	4948	-316	1	1	0	0	0	0	0	0	0	1	1	0
ENSRNOG00000061029	LOC120096747	unchanged_loop_count	4632	4948	-316	1	1	0	0	0	0	0	0	0	1	1	0
ENSRNOG00000068284	LOC120096748	unchanged_loop_count	4632	4948	-316	1	1	0	0	0	0	1	1	0	0	0	0
ENSRNOG00000061258	LOC120096759	unchanged_loop_count	4632	4948	-316	1	1	0	0	0	0	0	0	0	1	1	0
ENSRNOG00000052544	LOC120096783	unchanged_loop_count	4632	4948	-316	1	1	0	0	0	0	1	1	0	0	0	0
ENSRNOG00000065069	LOC120096837	new_gene_in_sensitivity	NA	4948	NA	0	1	1	0	0	0	0	0	0	0	1	1
ENSRNOG00000069714	LOC120096871	unchanged_loop_count	4632	4948	-316	1	1	0	0	0	0	0	0	0	1	1	0
ENSRNOG00000053579	LOC120097196	new_gene_in_sensitivity	NA	4948	NA	0	1	1	0	0	0	0	1	1	0	0	0
ENSRNOG00000061269	LOC120097203	unchanged_loop_count	4632	4948	-316	1	1	0	0	0	0	0	0	0	1	1	0
ENSRNOG00000058584	LOC120097204	unchanged_loop_count	4632	4948	-316	1	1	0	0	0	0	0	0	0	1	1	0
ENSRNOG00000059034	LOC120097240	unchanged_loop_count	4632	4948	-316	1	1	0	0	0	0	0	0	0	1	1	0
ENSRNOG00000070464	LOC120097249	unchanged_loop_count	4632	4948	-316	1	1	0	0	0	0	0	0	0	1	1	0
ENSRNOG00000058865	LOC120097259	unchanged_loop_count	4632	4948	-316	1	1	0	0	0	0	0	0	0	1	1	0
ENSRNOG00000057251	LOC120097262	unchanged_loop_count	4632	4948	-316	1	1	0	0	0	0	0	0	0	1	1	0
ENSRNOG00000054874	LOC120097273	new_gene_in_sensitivity	NA	4948	NA	0	1	1	0	0	0	0	0	0	0	1	1
ENSRNOG00000057990	LOC120097275	unchanged_loop_count	4632	4948	-316	1	1	0	0	0	0	0	0	0	1	1	0
ENSRNOG00000065612	LOC120097299	unchanged_loop_count	4632	4948	-316	1	1	0	0	0	0	1	1	0	0	0	0
ENSRNOG00000055682	LOC120097304	unchanged_loop_count	4632	4948	-316	1	1	0	0	0	0	0	0	0	1	1	0
ENSRNOG00000054577	LOC120097318	unchanged_loop_count	4632	4948	-316	1	1	0	0	0	0	0	0	0	1	1	0
ENSRNOG00000068397	LOC120097435	unchanged_loop_count	4632	4948	-316	1	1	0	0	0	0	1	1	0	0	0	0
ENSRNOG00000067760	LOC120097529	unchanged_loop_count	4632	4948	-316	1	1	0	0	0	0	0	0	0	1	1	0
ENSRNOG00000051532	LOC120097581	unchanged_loop_count	4632	4948	-316	1	1	0	0	0	0	0	0	0	1	1	0
ENSRNOG00000058810	LOC120097583	unchanged_loop_count	4632	4948	-316	1	1	0	0	0	0	1	1	0	0	0	0
ENSRNOG00000063369	LOC120097586	new_gene_in_sensitivity	NA	4948	NA	0	1	1	0	0	0	0	0	0	0	1	1
ENSRNOG00000064740	LOC120097594	new_gene_in_sensitivity	NA	4948	NA	0	1	1	0	0	0	0	0	0	0	1	1
ENSRNOG00000066656	LOC120097602	unchanged_loop_count	4632	4948	-316	1	1	0	0	0	0	0	0	0	1	1	0
ENSRNOG00000060710	LOC120097612	unchanged_loop_count	4632	4948	-316	1	1	0	0	0	0	0	0	0	1	1	0
ENSRNOG00000054043	LOC120097613	unchanged_loop_count	4632	4948	-316	1	1	0	0	0	0	0	0	0	1	1	0
ENSRNOG00000061440	LOC120097670	unchanged_loop_count	4632	4948	-316	1	1	0	0	0	0	0	0	0	1	1	0
ENSRNOG00000058596	LOC120097964	unchanged_loop_count	4632	4948	-316	1	1	0	0	0	0	0	0	0	1	1	0
ENSRNOG00000055073	LOC120097967	unchanged_loop_count	4632	4948	-316	1	1	0	0	0	0	0	0	0	1	1	0
ENSRNOG00000051427	LOC120097999	new_gene_in_sensitivity	NA	4948	NA	0	1	1	0	0	0	0	0	0	0	1	1
ENSRNOG00000067009	LOC120098010	unchanged_loop_count	4632	4948	-316	1	1	0	0	0	0	0	0	0	1	1	0
ENSRNOG00000062570	LOC120098011	decreased_loop_count	2598	4948	-2350	2	1	-1	0	0	0	2	1	-1	0	0	0
ENSRNOG00000056220	LOC120098022	unchanged_loop_count	4632	4948	-316	1	1	0	0	0	0	0	0	0	1	1	0
ENSRNOG00000053333	LOC120098048	unchanged_loop_count	4632	4948	-316	1	1	0	0	0	0	0	0	0	1	1	0
ENSRNOG00000061286	LOC120098056	unchanged_loop_count	4632	4948	-316	1	1	0	0	0	0	0	0	0	1	1	0
ENSRNOG00000060362	LOC120098359	unchanged_loop_count	4632	4948	-316	1	1	0	0	0	0	0	0	0	1	1	0
ENSRNOG00000056510	LOC120098391	unchanged_loop_count	4632	4948	-316	1	1	0	0	0	0	0	0	0	1	1	0
ENSRNOG00000060083	LOC120098392	unchanged_loop_count	4632	4948	-316	1	1	0	0	0	0	0	0	0	1	1	0
ENSRNOG00000054858	LOC120098399	unchanged_loop_count	4632	4948	-316	1	1	0	0	0	0	0	0	0	1	1	0
ENSRNOG00000069131	LOC120098424	unchanged_loop_count	4632	4948	-316	1	1	0	0	0	0	0	0	0	1	1	0
ENSRNOG00000068446	LOC120098433	unchanged_loop_count	4632	4948	-316	1	1	0	0	0	0	0	0	0	1	1	0
ENSRNOG00000066739	LOC120098436	unchanged_loop_count	4632	4948	-316	1	1	0	0	0	0	0	0	0	1	1	0
ENSRNOG00000056003	LOC120098678	unchanged_loop_count	4632	4948	-316	1	1	0	0	0	0	0	0	0	1	1	0
ENSRNOG00000061325	LOC120098689	unchanged_loop_count	4632	4948	-316	1	1	0	0	0	0	0	0	0	1	1	0
ENSRNOG00000055195	LOC120098690	unchanged_loop_count	4632	4948	-316	1	1	0	0	0	0	0	0	0	1	1	0
ENSRNOG00000070630	LOC120098812	unchanged_loop_count	4632	4948	-316	1	1	0	1	1	0	0	0	0	0	0	0
ENSRNOG00000067213	LOC120098897	unchanged_loop_count	4632	4948	-316	1	1	0	0	0	0	0	0	0	1	1	0
ENSRNOG00000061550	LOC120099016	unchanged_loop_count	4632	4948	-316	1	1	0	0	0	0	0	0	0	1	1	0
ENSRNOG00000053958	LOC120099019	unchanged_loop_count	4632	4948	-316	1	1	0	0	0	0	0	0	0	1	1	0
ENSRNOG00000052382	LOC120099047	unchanged_loop_count	4632	4948	-316	1	1	0	0	0	0	0	0	0	1	1	0
ENSRNOG00000057911	LOC120099063	new_gene_in_sensitivity	NA	4948	NA	0	1	1	0	0	0	0	0	0	0	1	1
ENSRNOG00000057485	LOC120099065	unchanged_loop_count	4632	4948	-316	1	1	0	0	0	0	0	0	0	1	1	0
ENSRNOG00000063746	LOC120099417	unchanged_loop_count	4632	4948	-316	1	1	0	0	0	0	0	0	0	1	1	0
ENSRNOG00000054868	LOC120099465	unchanged_loop_count	4632	4948	-316	1	1	0	0	0	0	0	0	0	1	1	0
ENSRNOG00000058743	LOC120099471	unchanged_loop_count	4632	4948	-316	1	1	0	0	0	0	0	0	0	1	1	0
ENSRNOG00000065575	LOC120099474	unchanged_loop_count	4632	4948	-316	1	1	0	0	0	0	0	0	0	1	1	0
ENSRNOG00000069354	LOC120099478	unchanged_loop_count	4632	4948	-316	1	1	0	0	0	0	0	0	0	1	1	0
ENSRNOG00000063107	LOC120099482	unchanged_loop_count	4632	4948	-316	1	1	0	0	0	0	0	0	0	1	1	0
ENSRNOG00000055625	LOC120100113	unchanged_loop_count	4632	4948	-316	1	1	0	0	0	0	0	0	0	1	1	0
ENSRNOG00000071210	LOC120100334	unchanged_loop_count	4632	4948	-316	1	1	0	0	0	0	0	0	0	1	1	0
ENSRNOG00000061755	LOC120100355	new_gene_in_sensitivity	NA	4948	NA	0	1	1	0	0	0	0	0	0	0	1	1
ENSRNOG00000054452	LOC120100374	unchanged_loop_count	4632	4948	-316	1	1	0	0	0	0	0	0	0	1	1	0
ENSRNOG00000066105	LOC120100401	unchanged_loop_count	4632	4948	-316	1	1	0	0	0	0	0	0	0	1	1	0
ENSRNOG00000067353	LOC120100406	unchanged_loop_count	4632	4948	-316	1	1	0	0	0	0	0	0	0	1	1	0
ENSRNOG00000060965	LOC120100422	unchanged_loop_count	4632	4948	-316	1	1	0	0	0	0	0	0	0	1	1	0
ENSRNOG00000068808	LOC120100428	unchanged_loop_count	4632	4948	-316	1	1	0	0	0	0	1	1	0	0	0	0
ENSRNOG00000070650	LOC120100443	unchanged_loop_count	4632	4948	-316	1	1	0	0	0	0	0	0	0	1	1	0
ENSRNOG00000058965	LOC120100458	unchanged_loop_count	4632	4948	-316	1	1	0	0	0	0	0	0	0	1	1	0
ENSRNOG00000063410	LOC120100483	unchanged_loop_count	4632	4948	-316	1	1	0	0	0	0	0	0	0	1	1	0
ENSRNOG00000066052	LOC120101118	unchanged_loop_count	4632	4948	-316	1	1	0	0	0	0	0	0	0	1	1	0
ENSRNOG00000068568	LOC120101126	unchanged_loop_count	4632	4948	-316	1	1	0	0	0	0	0	0	0	1	1	0
ENSRNOG00000061021	LOC120101127	unchanged_loop_count	4632	4948	-316	1	1	0	0	0	0	0	0	0	1	1	0
ENSRNOG00000053571	LOC120101208	unchanged_loop_count	4632	4948	-316	1	1	0	0	0	0	0	0	0	1	1	0
ENSRNOG00000053898	LOC120101240	unchanged_loop_count	4632	4948	-316	1	1	0	0	0	0	0	0	0	1	1	0
ENSRNOG00000068223	LOC120101260	unchanged_loop_count	4632	4948	-316	1	1	0	0	0	0	0	0	0	1	1	0
ENSRNOG00000066403	LOC120101273	unchanged_loop_count	4632	4948	-316	1	1	0	0	0	0	0	0	0	1	1	0
ENSRNOG00000068833	LOC120101277	unchanged_loop_count	4632	4948	-316	1	1	0	0	0	0	1	1	0	0	0	0
ENSRNOG00000068384	LOC120101278	new_gene_in_sensitivity	NA	4948	NA	0	1	1	0	1	1	0	0	0	0	0	0
ENSRNOG00000056607	LOC120101315	unchanged_loop_count	4632	4948	-316	1	1	0	0	0	0	0	0	0	1	1	0
ENSRNOG00000061123	LOC120101328	decreased_loop_count	2598	4948	-2350	2	1	-1	0	0	0	1	0	-1	1	1	0
ENSRNOG00000059800	LOC120101334	new_gene_in_sensitivity	NA	4948	NA	0	1	1	0	0	0	0	0	0	0	1	1
ENSRNOG00000057916	LOC120101338	unchanged_loop_count	4632	4948	-316	1	1	0	0	0	0	0	0	0	1	1	0
ENSRNOG00000058150	LOC120101342	unchanged_loop_count	4632	4948	-316	1	1	0	0	0	0	0	0	0	1	1	0
ENSRNOG00000070871	LOC120101355	unchanged_loop_count	4632	4948	-316	1	1	0	0	0	0	1	1	0	0	0	0
ENSRNOG00000061565	LOC120101361	new_gene_in_sensitivity	NA	4948	NA	0	1	1	0	0	0	0	0	0	0	1	1
ENSRNOG00000051930	LOC120101375	unchanged_loop_count	4632	4948	-316	1	1	0	0	0	0	0	0	0	1	1	0
ENSRNOG00000056690	LOC120101383	unchanged_loop_count	4632	4948	-316	1	1	0	0	0	0	0	0	0	1	1	0
ENSRNOG00000067868	LOC120101572	unchanged_loop_count	4632	4948	-316	1	1	0	0	0	0	0	0	0	1	1	0
ENSRNOG00000063566	LOC120101913	unchanged_loop_count	4632	4948	-316	1	1	0	0	0	0	1	1	0	0	0	0
ENSRNOG00000067143	LOC120101934	unchanged_loop_count	4632	4948	-316	1	1	0	0	0	0	0	0	0	1	1	0
ENSRNOG00000064287	LOC120101941	unchanged_loop_count	4632	4948	-316	1	1	0	0	0	0	0	0	0	1	1	0
ENSRNOG00000060304	LOC120101955	unchanged_loop_count	4632	4948	-316	1	1	0	0	0	0	0	0	0	1	1	0
ENSRNOG00000055244	LOC120101972	unchanged_loop_count	4632	4948	-316	1	1	0	0	0	0	1	1	0	0	0	0
ENSRNOG00000060959	LOC120101977	unchanged_loop_count	4632	4948	-316	1	1	0	0	0	0	0	0	0	1	1	0
ENSRNOG00000064572	LOC120101996	unchanged_loop_count	4632	4948	-316	1	1	0	0	0	0	0	0	0	1	1	0
ENSRNOG00000063473	LOC120102008	unchanged_loop_count	4632	4948	-316	1	1	0	0	0	0	0	0	0	1	1	0
ENSRNOG00000058734	LOC120102019	unchanged_loop_count	4632	4948	-316	1	1	0	0	0	0	0	0	0	1	1	0
ENSRNOG00000069943	LOC120102026	unchanged_loop_count	4632	4948	-316	1	1	0	0	0	0	0	0	0	1	1	0
ENSRNOG00000058974	LOC120102042	unchanged_loop_count	4632	4948	-316	1	1	0	0	0	0	0	0	0	1	1	0
ENSRNOG00000056867	LOC120102046	unchanged_loop_count	4632	4948	-316	1	1	0	0	0	0	0	0	0	1	1	0
ENSRNOG00000051908	LOC120102054	unchanged_loop_count	4632	4948	-316	1	1	0	0	0	0	1	1	0	0	0	0
ENSRNOG00000059024	LOC120102055	unchanged_loop_count	4632	4948	-316	1	1	0	0	0	0	0	0	0	1	1	0
ENSRNOG00000063896	LOC120102060	unchanged_loop_count	4632	4948	-316	1	1	0	0	0	0	0	0	0	1	1	0
ENSRNOG00000051919	LOC120102064	unchanged_loop_count	4632	4948	-316	1	1	0	0	0	0	1	1	0	0	0	0
ENSRNOG00000059132	LOC120102073	unchanged_loop_count	4632	4948	-316	1	1	0	0	0	0	0	0	0	1	1	0
ENSRNOG00000058802	LOC120102084	unchanged_loop_count	4632	4948	-316	1	1	0	0	0	0	1	1	0	0	0	0
ENSRNOG00000055021	LOC120102096	unchanged_loop_count	4632	4948	-316	1	1	0	0	0	0	1	1	0	0	0	0
ENSRNOG00000067074	LOC120102103	unchanged_loop_count	4632	4948	-316	1	1	0	0	0	0	0	0	0	1	1	0
ENSRNOG00000052327	LOC120102109	unchanged_loop_count	4632	4948	-316	1	1	0	0	0	0	0	0	0	1	1	0
ENSRNOG00000065185	LOC120102114	unchanged_loop_count	4632	4948	-316	1	1	0	0	0	0	0	0	0	1	1	0
ENSRNOG00000054047	LOC120102115	unchanged_loop_count	4632	4948	-316	1	1	0	0	0	0	0	0	0	1	1	0
ENSRNOG00000070734	LOC120102116	unchanged_loop_count	4632	4948	-316	1	1	0	0	0	0	0	0	0	1	1	0
ENSRNOG00000005353	LOC120102351	unchanged_loop_count	4632	4948	-316	1	1	0	0	0	0	0	0	0	1	1	0
ENSRNOG00000066290	LOC120102486	unchanged_loop_count	4632	4948	-316	1	1	0	0	0	0	0	0	0	1	1	0
ENSRNOG00000067024	LOC120102560	unchanged_loop_count	4632	4948	-316	1	1	0	1	1	0	0	0	0	0	0	0
ENSRNOG00000064175	LOC120102568	new_gene_in_sensitivity	NA	4948	NA	0	1	1	0	0	0	0	0	0	0	1	1
ENSRNOG00000067689	LOC120102587	unchanged_loop_count	4632	4948	-316	1	1	0	0	0	0	0	0	0	1	1	0
ENSRNOG00000058905	LOC120102662	unchanged_loop_count	4632	4948	-316	1	1	0	0	0	0	0	0	0	1	1	0
ENSRNOG00000055703	LOC120102685	unchanged_loop_count	4632	4948	-316	1	1	0	0	0	0	0	0	0	1	1	0
ENSRNOG00000058065	LOC120102724	unchanged_loop_count	4632	4948	-316	1	1	0	0	0	0	0	0	0	1	1	0
ENSRNOG00000053111	LOC120102740	unchanged_loop_count	4632	4948	-316	1	1	0	0	0	0	0	0	0	1	1	0
ENSRNOG00000062571	LOC120102763	unchanged_loop_count	4632	4948	-316	1	1	0	0	0	0	0	0	0	1	1	0
ENSRNOG00000068188	LOC120102765	unchanged_loop_count	4632	4948	-316	1	1	0	0	0	0	0	0	0	1	1	0
ENSRNOG00000062380	LOC120102771	unchanged_loop_count	4632	4948	-316	1	1	0	0	0	0	1	1	0	0	0	0
ENSRNOG00000064351	LOC120103158	unchanged_loop_count	4632	4948	-316	1	1	0	0	0	0	1	1	0	0	0	0
ENSRNOG00000060997	LOC120103196	unchanged_loop_count	4632	4948	-316	1	1	0	0	0	0	0	0	0	1	1	0
ENSRNOG00000070652	LOC120103199	unchanged_loop_count	4632	4948	-316	1	1	0	0	0	0	0	0	0	1	1	0
ENSRNOG00000060848	LOC120103220	unchanged_loop_count	4632	4948	-316	1	1	0	0	0	0	0	0	0	1	1	0
ENSRNOG00000055928	LOC120103233	unchanged_loop_count	4632	4948	-316	1	1	0	0	0	0	0	0	0	1	1	0
ENSRNOG00000061662	LOC120103239	unchanged_loop_count	4632	4948	-316	1	1	0	0	0	0	1	1	0	0	0	0
ENSRNOG00000066353	LOC120103243	new_gene_in_sensitivity	NA	4948	NA	0	1	1	0	0	0	0	1	1	0	0	0
ENSRNOG00000053071	LOC120103254	unchanged_loop_count	4632	4948	-316	1	1	0	0	0	0	0	0	0	1	1	0
ENSRNOG00000061098	LOC120103298	unchanged_loop_count	4632	4948	-316	1	1	0	0	0	0	0	0	0	1	1	0
ENSRNOG00000058595	LOC120103310	unchanged_loop_count	4632	4948	-316	1	1	0	0	0	0	0	0	0	1	1	0
ENSRNOG00000058607	LOC120103312	unchanged_loop_count	4632	4948	-316	1	1	0	0	0	0	0	0	0	1	1	0
ENSRNOG00000059967	LOC120103325	unchanged_loop_count	4632	4948	-316	1	1	0	0	0	0	1	1	0	0	0	0
ENSRNOG00000054161	LOC120103328	unchanged_loop_count	4632	4948	-316	1	1	0	0	0	0	0	0	0	1	1	0
ENSRNOG00000067208	LOC120103333	unchanged_loop_count	4632	4948	-316	1	1	0	0	0	0	0	0	0	1	1	0
ENSRNOG00000052786	LOC120103335	unchanged_loop_count	4632	4948	-316	1	1	0	0	0	0	0	0	0	1	1	0
ENSRNOG00000065746	LOC134478878	new_gene_in_sensitivity	NA	4948	NA	0	1	1	0	1	1	0	0	0	0	0	0
ENSRNOG00000049311	LOC134480557	unchanged_loop_count	4632	4948	-316	1	1	0	0	0	0	0	0	0	1	1	0
ENSRNOG00000004188	LOC298795	unchanged_loop_count	4632	4948	-316	1	1	0	0	0	0	1	1	0	0	0	0
ENSRNOG00000046002	LOC301124	unchanged_loop_count	4632	4948	-316	1	1	0	0	0	0	1	1	0	0	0	0
ENSRNOG00000016063	LOC361635	decreased_loop_count	2598	4948	-2350	2	1	-1	0	0	0	1	0	-1	1	1	0
ENSRNOG00000048659	LOC498316	unchanged_loop_count	4632	4948	-316	1	1	0	0	0	0	0	0	0	1	1	0
ENSRNOG00000023721	LOC502684	unchanged_loop_count	4632	4948	-316	1	1	0	0	0	0	1	1	0	0	0	0
ENSRNOG00000037911	LOC680227	unchanged_loop_count	4632	4948	-316	1	1	0	0	0	0	1	1	0	0	0	0
ENSRNOG00000025953	LOC681006	unchanged_loop_count	4632	4948	-316	1	1	0	0	0	0	0	0	0	1	1	0
ENSRNOG00000032232	LOC687679	unchanged_loop_count	4632	4948	-316	1	1	0	0	0	0	1	1	0	0	0	0
ENSRNOG00000032130	LOC691427	unchanged_loop_count	4632	4948	-316	1	1	0	0	0	0	0	0	0	1	1	0
ENSRNOG00000011300	Lama3	unchanged_loop_count	4632	4948	-316	1	1	0	0	0	0	1	1	0	0	0	0
ENSRNOG00000005678	Lamb1	unchanged_loop_count	4632	4948	-316	1	1	0	0	0	0	0	0	0	1	1	0
ENSRNOG00000002680	Lamc1	unchanged_loop_count	4632	4948	-316	1	1	0	0	0	0	1	1	0	0	0	0
ENSRNOG00000000164	Lamp2	new_gene_in_sensitivity	NA	4948	NA	0	1	1	0	0	0	0	0	0	0	1	1
ENSRNOG00000020016	Lamtor1	unchanged_loop_count	4632	4948	-316	1	1	0	0	0	0	0	0	0	1	1	0
ENSRNOG00000006810	Lancl2	unchanged_loop_count	4632	4948	-316	1	1	0	0	0	0	0	0	0	1	1	0
ENSRNOG00000006766	Laptm4b	unchanged_loop_count	4632	4948	-316	1	1	0	0	0	0	0	0	0	1	1	0
ENSRNOG00000006353	Large2	unchanged_loop_count	4632	4948	-316	1	1	0	0	0	0	1	1	0	0	0	0
ENSRNOG00000031544	Larp1	new_gene_in_sensitivity	NA	4948	NA	0	1	1	0	0	0	0	0	0	0	1	1
ENSRNOG00000015888	Larp4b	unchanged_loop_count	4632	4948	-316	1	1	0	0	0	0	0	0	0	1	1	0
ENSRNOG00000011228	Layn	unchanged_loop_count	4632	4948	-316	1	1	0	0	0	0	1	1	0	0	0	0
ENSRNOG00000039902	Lbh	unchanged_loop_count	4632	4948	-316	1	1	0	0	0	0	1	1	0	0	0	0
ENSRNOG00000043137	Lbhd2	unchanged_loop_count	4632	4948	-316	1	1	0	0	0	0	0	0	0	1	1	0
ENSRNOG00000014532	Lbp	unchanged_loop_count	4632	4948	-316	1	1	0	0	0	0	0	0	0	1	1	0
ENSRNOG00000064953	Lce3el2	new_gene_in_sensitivity	NA	4948	NA	0	1	1	0	0	0	0	0	0	0	1	1
ENSRNOG00000063005	Lce3fl1	unchanged_loop_count	4632	4948	-316	1	1	0	0	0	0	0	0	0	1	1	0
ENSRNOG00000055370	Lce6a	unchanged_loop_count	4632	4948	-316	1	1	0	0	0	0	0	0	0	1	1	0
ENSRNOG00000034026	Lclat1	new_gene_in_sensitivity	NA	4948	NA	0	1	1	0	0	0	0	0	0	0	1	1
ENSRNOG00000014565	Lcmt1	unchanged_loop_count	4632	4948	-316	1	1	0	0	0	0	1	1	0	0	0	0
ENSRNOG00000058597	Lcn5	unchanged_loop_count	4632	4948	-316	1	1	0	0	0	0	0	0	0	1	1	0
ENSRNOG00000017161	Lcn8	unchanged_loop_count	4632	4948	-316	1	1	0	0	0	0	0	0	0	1	1	0
ENSRNOG00000058157	Ldlrad3	unchanged_loop_count	4632	4948	-316	1	1	0	0	0	0	0	0	0	1	1	0
ENSRNOG00000010121	Lef1	unchanged_loop_count	4632	4948	-316	1	1	0	0	0	0	0	0	0	1	1	0
ENSRNOG00000061893	Leng1	unchanged_loop_count	4632	4948	-316	1	1	0	0	0	0	0	0	0	1	1	0
ENSRNOG00000010116	Leo1	unchanged_loop_count	4632	4948	-316	1	1	0	0	0	0	1	1	0	0	0	0
ENSRNOG00000023664	Lepr	unchanged_loop_count	4632	4948	-316	1	1	0	0	0	0	0	0	0	1	1	0
ENSRNOG00000050849	Leprot	unchanged_loop_count	4632	4948	-316	1	1	0	0	0	0	0	0	0	1	1	0
ENSRNOG00000016427	Letm1	unchanged_loop_count	4632	4948	-316	1	1	0	0	0	0	0	0	0	1	1	0
ENSRNOG00000008539	Lgals2	unchanged_loop_count	4632	4948	-316	1	1	0	0	0	0	0	0	0	1	1	0
ENSRNOG00000003217	Lgals3bp	new_gene_in_sensitivity	NA	4948	NA	0	1	1	0	0	0	0	0	0	0	1	1
ENSRNOG00000012681	Lgals9	unchanged_loop_count	4632	4948	-316	1	1	0	0	0	0	1	1	0	0	0	0
ENSRNOG00000011323	Lgi3	unchanged_loop_count	4632	4948	-316	1	1	0	0	0	0	1	1	0	0	0	0
ENSRNOG00000005715	Lgr4	unchanged_loop_count	4632	4948	-316	1	1	0	0	0	0	0	0	0	1	1	0
ENSRNOG00000005996	Lhx6	unchanged_loop_count	4632	4948	-316	1	1	0	0	0	0	0	0	0	1	1	0
ENSRNOG00000025287	Liat1	unchanged_loop_count	4632	4948	-316	1	1	0	0	0	0	0	0	0	1	1	0
ENSRNOG00000037765	Lims1	unchanged_loop_count	4632	4948	-316	1	1	0	0	0	0	0	0	0	1	1	0
ENSRNOG00000016021	Lims2	unchanged_loop_count	4632	4948	-316	1	1	0	1	1	0	0	0	0	0	0	0
ENSRNOG00000043441	Lin52	unchanged_loop_count	4632	4948	-316	1	1	0	0	0	0	0	0	0	1	1	0
ENSRNOG00000004527	Lin7a	unchanged_loop_count	4632	4948	-316	1	1	0	0	0	0	0	0	0	1	1	0
ENSRNOG00000020746	Lin7b	unchanged_loop_count	4632	4948	-316	1	1	0	0	0	0	1	1	0	0	0	0
ENSRNOG00000045698	Lin7c	unchanged_loop_count	4632	4948	-316	1	1	0	0	0	0	0	0	0	1	1	0
ENSRNOG00000062543	Lin7c	unchanged_loop_count	4632	4948	-316	1	1	0	0	0	0	0	0	0	1	1	0
ENSRNOG00000022863	Lingo4	unchanged_loop_count	4632	4948	-316	1	1	0	0	0	0	0	0	0	1	1	0
ENSRNOG00000042776	Lins1	unchanged_loop_count	4632	4948	-316	1	1	0	0	0	0	0	0	0	1	1	0
ENSRNOG00000049161	Lipj	new_gene_in_sensitivity	NA	4948	NA	0	1	1	0	0	0	0	0	0	0	1	1
ENSRNOG00000025444	Lipo1	unchanged_loop_count	4632	4948	-316	1	1	0	0	0	0	0	0	0	1	1	0
ENSRNOG00000018464	Lipt1	unchanged_loop_count	4632	4948	-316	1	1	0	0	0	0	0	0	0	1	1	0
ENSRNOG00000004834	Llgl2	new_gene_in_sensitivity	NA	4948	NA	0	1	1	0	0	0	0	1	1	0	0	0
ENSRNOG00000005718	Llph-ps1	new_gene_in_sensitivity	NA	4948	NA	0	1	1	0	0	0	0	1	1	0	0	0
ENSRNOG00000061607	Lmbr1l	unchanged_loop_count	4632	4948	-316	1	1	0	0	0	0	1	1	0	0	0	0
ENSRNOG00000014629	Lmo1	unchanged_loop_count	4632	4948	-316	1	1	0	0	0	0	1	1	0	0	0	0
ENSRNOG00000060775	Lmo7	unchanged_loop_count	4632	4948	-316	1	1	0	0	0	0	1	1	0	0	0	0
ENSRNOG00000025155	Lmtk2	unchanged_loop_count	4632	4948	-316	1	1	0	0	0	0	1	1	0	0	0	0
ENSRNOG00000021048	Lmtk3	unchanged_loop_count	4632	4948	-316	1	1	0	0	0	0	1	1	0	0	0	0
ENSRNOG00000017019	Lmx1b	unchanged_loop_count	4632	4948	-316	1	1	0	0	0	0	0	0	0	1	1	0
ENSRNOG00000039649	Lnp1	unchanged_loop_count	4632	4948	-316	1	1	0	0	0	0	0	0	0	1	1	0
ENSRNOG00000053706	Lonrf1	unchanged_loop_count	4632	4948	-316	1	1	0	0	0	0	0	0	0	1	1	0
ENSRNOG00000021401	Lpar5	unchanged_loop_count	4632	4948	-316	1	1	0	0	0	0	0	0	0	1	1	0
ENSRNOG00000015577	Lpar6	unchanged_loop_count	4632	4948	-316	1	1	0	0	0	0	0	0	0	1	1	0
ENSRNOG00000005058	Lpcat4	unchanged_loop_count	4632	4948	-316	1	1	0	0	0	0	0	0	0	1	1	0
ENSRNOG00000031669	Lpp	unchanged_loop_count	4632	4948	-316	1	1	0	0	0	0	1	1	0	0	0	0
ENSRNOG00000019356	Lrfn4	unchanged_loop_count	4632	4948	-316	1	1	0	0	0	0	0	0	0	1	1	0
ENSRNOG00000005550	Lrfn5	unchanged_loop_count	4632	4948	-316	1	1	0	0	0	0	0	0	0	1	1	0
ENSRNOG00000049918	Lrg1	unchanged_loop_count	4632	4948	-316	1	1	0	0	0	0	0	0	0	1	1	0
ENSRNOG00000012790	Lrit1	unchanged_loop_count	4632	4948	-316	1	1	0	0	0	0	0	0	0	1	1	0
ENSRNOG00000015285	Lrp4	unchanged_loop_count	4632	4948	-316	1	1	0	0	0	0	0	0	0	1	1	0
ENSRNOG00000000560	Lrrc20	unchanged_loop_count	4632	4948	-316	1	1	0	0	0	0	0	0	0	1	1	0
ENSRNOG00000001217	Lrrc3	unchanged_loop_count	4632	4948	-316	1	1	0	0	0	0	0	0	0	1	1	0
ENSRNOG00000027971	Lrrc31	unchanged_loop_count	4632	4948	-316	1	1	0	0	0	0	0	0	0	1	1	0
ENSRNOG00000015264	Lrrc38	unchanged_loop_count	4632	4948	-316	1	1	0	0	0	0	1	1	0	0	0	0
ENSRNOG00000045926	Lrrc45	unchanged_loop_count	4632	4948	-316	1	1	0	0	0	0	1	1	0	0	0	0
ENSRNOG00000014937	Lrrc71	unchanged_loop_count	4632	4948	-316	1	1	0	0	0	0	1	1	0	0	0	0
ENSRNOG00000039856	Lrrc73	unchanged_loop_count	4632	4948	-316	1	1	0	0	0	0	1	1	0	0	0	0
ENSRNOG00000002129	Lrrc8b	new_gene_in_sensitivity	NA	4948	NA	0	1	1	0	0	0	0	0	0	0	1	1
ENSRNOG00000002122	Lrrc8c	unchanged_loop_count	4632	4948	-316	1	1	0	0	0	0	1	1	0	0	0	0
ENSRNOG00000065000	Lrrc8c	unchanged_loop_count	4632	4948	-316	1	1	0	0	0	0	1	1	0	0	0	0
ENSRNOG00000007508	Lrtm2	unchanged_loop_count	4632	4948	-316	1	1	0	0	0	0	0	0	0	1	1	0
ENSRNOG00000001429	Lrwd1	unchanged_loop_count	4632	4948	-316	1	1	0	0	0	0	1	1	0	0	0	0
ENSRNOG00000031852	Lsamp	unchanged_loop_count	4632	4948	-316	1	1	0	0	0	0	0	0	0	1	1	0
ENSRNOG00000015375	Lsm1	unchanged_loop_count	4632	4948	-316	1	1	0	0	0	0	0	0	0	1	1	0
ENSRNOG00000025716	Lsm10	unchanged_loop_count	4632	4948	-316	1	1	0	0	0	0	0	0	0	1	1	0
ENSRNOG00000068296	Lsm10	unchanged_loop_count	4632	4948	-316	1	1	0	0	0	0	0	0	0	1	1	0
ENSRNOG00000054557	Lsm14b	unchanged_loop_count	4632	4948	-316	1	1	0	0	0	0	0	0	0	1	1	0
ENSRNOG00000048725	Lsm2	unchanged_loop_count	4632	4948	-316	1	1	0	0	0	0	0	0	0	1	1	0
ENSRNOG00000042126	Lsm5	unchanged_loop_count	4632	4948	-316	1	1	0	0	0	0	0	0	0	1	1	0
ENSRNOG00000012094	Ltbp2	unchanged_loop_count	4632	4948	-316	1	1	0	0	0	0	0	0	0	1	1	0
ENSRNOG00000003244	Ltc4s	new_gene_in_sensitivity	NA	4948	NA	0	1	1	0	0	0	0	1	1	0	0	0
ENSRNOG00000023459	Lurap1	unchanged_loop_count	4632	4948	-316	1	1	0	0	0	0	0	0	0	1	1	0
ENSRNOG00000062943	Lurap1	unchanged_loop_count	4632	4948	-316	1	1	0	0	0	0	0	0	0	1	1	0
ENSRNOG00000003453	Lypd1	unchanged_loop_count	4632	4948	-316	1	1	0	0	0	0	0	0	0	1	1	0
ENSRNOG00000004614	Lypd6b	unchanged_loop_count	4632	4948	-316	1	1	0	0	0	0	0	0	0	1	1	0
ENSRNOG00000008320	Lypla1	unchanged_loop_count	4632	4948	-316	1	1	0	0	0	0	0	0	0	1	1	0
ENSRNOG00000021099	Lysmd1	unchanged_loop_count	4632	4948	-316	1	1	0	0	0	0	0	0	0	1	1	0
ENSRNOG00000011826	Lzts1	unchanged_loop_count	4632	4948	-316	1	1	0	0	0	0	1	1	0	0	0	0
ENSRNOG00000023557	Mab21l4	unchanged_loop_count	4632	4948	-316	1	1	0	0	0	0	0	0	0	1	1	0
ENSRNOG00000032398	Macir	unchanged_loop_count	4632	4948	-316	1	1	0	0	0	0	0	0	0	1	1	0
ENSRNOG00000056156	Maco1	unchanged_loop_count	4632	4948	-316	1	1	0	0	0	0	0	0	0	1	1	0
ENSRNOG00000005397	Maea	unchanged_loop_count	4632	4948	-316	1	1	0	0	0	0	1	1	0	0	0	0
ENSRNOG00000013514	Maf1	unchanged_loop_count	4632	4948	-316	1	1	0	0	0	0	0	0	0	1	1	0
ENSRNOG00000001277	Mafk	unchanged_loop_count	4632	4948	-316	1	1	0	0	0	0	0	0	0	1	1	0
ENSRNOG00000065794	Mafk	unchanged_loop_count	4632	4948	-316	1	1	0	0	0	0	0	0	0	1	1	0
ENSRNOG00000013962	Magi2	unchanged_loop_count	4632	4948	-316	1	1	0	0	0	0	0	0	0	1	1	0
ENSRNOG00000051408	Magt1	unchanged_loop_count	4632	4948	-316	1	1	0	0	0	0	0	0	0	1	1	0
ENSRNOG00000015983	Maip1	unchanged_loop_count	4632	4948	-316	1	1	0	0	0	0	0	0	0	1	1	0
ENSRNOG00000015101	Mak	unchanged_loop_count	4632	4948	-316	1	1	0	0	0	0	0	0	0	1	1	0
ENSRNOG00000010783	Mak16	unchanged_loop_count	4632	4948	-316	1	1	0	0	0	0	0	0	0	1	1	0
ENSRNOG00000015445	Mal	new_gene_in_sensitivity	NA	4948	NA	0	1	1	0	0	0	0	1	1	0	0	0
ENSRNOG00000025443	Map1lc3a	unchanged_loop_count	4632	4948	-316	1	1	0	0	0	0	0	0	0	1	1	0
ENSRNOG00000018781	Map1s	unchanged_loop_count	4632	4948	-316	1	1	0	0	0	0	0	0	0	1	1	0
ENSRNOG00000006612	Map2k3	unchanged_loop_count	4632	4948	-316	1	1	0	0	0	0	0	0	0	1	1	0
ENSRNOG00000065992	Map2k3	unchanged_loop_count	4632	4948	-316	1	1	0	0	0	0	0	0	0	1	1	0
ENSRNOG00000004437	Map2k6	unchanged_loop_count	4632	4948	-316	1	1	0	0	0	0	0	0	0	1	1	0
ENSRNOG00000013177	Map3k1	unchanged_loop_count	4632	4948	-316	1	1	0	0	0	0	0	0	0	1	1	0
ENSRNOG00000001515	Map3k20	unchanged_loop_count	4632	4948	-316	1	1	0	0	0	0	0	0	0	1	1	0
ENSRNOG00000061424	Map3k3	unchanged_loop_count	4632	4948	-316	1	1	0	0	0	0	1	1	0	0	0	0
ENSRNOG00000017419	Map3k4	unchanged_loop_count	4632	4948	-316	1	1	0	0	0	0	1	1	0	0	0	0
ENSRNOG00000020748	Map4	unchanged_loop_count	4632	4948	-316	1	1	0	0	0	0	1	1	0	0	0	0
ENSRNOG00000007172	Map4k3	unchanged_loop_count	4632	4948	-316	1	1	0	0	0	0	0	0	0	1	1	0
ENSRNOG00000027204	Map6	unchanged_loop_count	4632	4948	-316	1	1	0	0	0	0	1	1	0	0	0	0
ENSRNOG00000000515	Mapk13	unchanged_loop_count	4632	4948	-316	1	1	0	0	0	0	0	0	0	1	1	0
ENSRNOG00000011611	Mapk1ip1l	unchanged_loop_count	4632	4948	-316	1	1	0	0	0	0	0	0	0	1	1	0
ENSRNOG00000005133	Mapt	new_gene_in_sensitivity	NA	4948	NA	0	1	1	0	1	1	0	0	0	0	0	0
ENSRNOG00000037850	Marc2	unchanged_loop_count	4632	4948	-316	1	1	0	0	0	0	1	1	0	0	0	0
ENSRNOG00000007769	March2	unchanged_loop_count	4632	4948	-316	1	1	0	0	0	0	0	0	0	1	1	0
ENSRNOG00000011066	March6	unchanged_loop_count	4632	4948	-316	1	1	0	0	0	0	1	1	0	0	0	0
ENSRNOG00000012297	March8	unchanged_loop_count	4632	4948	-316	1	1	0	0	0	0	0	0	0	1	1	0
ENSRNOG00000026310	Marchf1	unchanged_loop_count	4632	4948	-316	1	1	0	0	0	0	0	0	0	1	1	0
ENSRNOG00000016472	Marchf4	new_gene_in_sensitivity	NA	4948	NA	0	1	1	0	0	0	0	0	0	0	1	1
ENSRNOG00000017069	Mark4	unchanged_loop_count	4632	4948	-316	1	1	0	0	0	0	1	1	0	0	0	0
ENSRNOG00000018297	Marveld2	unchanged_loop_count	4632	4948	-316	1	1	0	0	0	0	0	0	0	1	1	0
ENSRNOG00000052167	Marveld2	unchanged_loop_count	4632	4948	-316	1	1	0	0	0	0	0	0	0	1	1	0
ENSRNOG00000054474	Mastl	unchanged_loop_count	4632	4948	-316	1	1	0	0	0	0	0	0	0	1	1	0
ENSRNOG00000026979	Matcap2	unchanged_loop_count	4632	4948	-316	1	1	0	0	0	0	0	0	0	1	1	0
ENSRNOG00000010932	Matn1	unchanged_loop_count	4632	4948	-316	1	1	0	0	0	0	1	1	0	0	0	0
ENSRNOG00000010919	Mbd4	unchanged_loop_count	4632	4948	-316	1	1	0	1	1	0	0	0	0	0	0	0
ENSRNOG00000014076	Mbnl1	unchanged_loop_count	4632	4948	-316	1	1	0	0	0	0	0	0	0	1	1	0
ENSRNOG00000061050	Mboat2	unchanged_loop_count	4632	4948	-316	1	1	0	0	0	0	0	0	0	1	1	0
ENSRNOG00000004451	Mc3r	unchanged_loop_count	4632	4948	-316	1	1	0	0	0	0	0	0	0	1	1	0
ENSRNOG00000016685	Mc5r	unchanged_loop_count	4632	4948	-316	1	1	0	0	0	0	0	0	0	1	1	0
ENSRNOG00000011271	Mcc	new_gene_in_sensitivity	NA	4948	NA	0	1	1	0	0	0	0	0	0	0	1	1
ENSRNOG00000017752	Mccc2	unchanged_loop_count	4632	4948	-316	1	1	0	0	0	0	0	0	0	1	1	0
ENSRNOG00000017981	Mcm10	unchanged_loop_count	4632	4948	-316	1	1	0	0	0	0	0	0	0	1	1	0
ENSRNOG00000012543	Mcm3	unchanged_loop_count	4632	4948	-316	1	1	0	0	0	0	1	1	0	0	0	0
ENSRNOG00000014336	Mcm5	new_gene_in_sensitivity	NA	4948	NA	0	1	1	0	1	1	0	0	0	0	0	0
ENSRNOG00000003281	Mcm9	unchanged_loop_count	4632	4948	-316	1	1	0	0	0	0	0	0	0	1	1	0
ENSRNOG00000000536	Mdga1	unchanged_loop_count	4632	4948	-316	1	1	0	0	0	0	0	0	0	1	1	0
ENSRNOG00000017150	Med10	unchanged_loop_count	4632	4948	-316	1	1	0	0	0	0	0	0	0	1	1	0
ENSRNOG00000003848	Med12	unchanged_loop_count	4632	4948	-316	1	1	0	0	0	0	0	0	0	1	1	0
ENSRNOG00000003679	Med13	unchanged_loop_count	4632	4948	-316	1	1	0	0	0	0	0	0	0	1	1	0
ENSRNOG00000003792	Med14	unchanged_loop_count	4632	4948	-316	1	1	0	0	0	0	1	1	0	0	0	0
ENSRNOG00000001877	Med15	unchanged_loop_count	4632	4948	-316	1	1	0	0	0	0	1	1	0	0	0	0
ENSRNOG00000067073	Med18	unchanged_loop_count	4632	4948	-316	1	1	0	1	1	0	0	0	0	0	0	0
ENSRNOG00000013852	Med20	unchanged_loop_count	4632	4948	-316	1	1	0	1	1	0	0	0	0	0	0	0
ENSRNOG00000008711	Med24	unchanged_loop_count	4632	4948	-316	1	1	0	0	0	0	1	1	0	0	0	0
ENSRNOG00000003592	Med28	unchanged_loop_count	4632	4948	-316	1	1	0	0	0	0	0	0	0	1	1	0
ENSRNOG00000065196	Med29-ps1	unchanged_loop_count	4632	4948	-316	1	1	0	0	0	0	1	1	0	0	0	0
ENSRNOG00000017170	Med4	unchanged_loop_count	4632	4948	-316	1	1	0	0	0	0	0	0	0	1	1	0
ENSRNOG00000053961	Med9	unchanged_loop_count	4632	4948	-316	1	1	0	0	0	0	1	1	0	0	0	0
ENSRNOG00000010634	Megf11	unchanged_loop_count	4632	4948	-316	1	1	0	0	0	0	0	0	0	1	1	0
ENSRNOG00000016283	Meig1	unchanged_loop_count	4632	4948	-316	1	1	0	0	0	0	1	1	0	0	0	0
ENSRNOG00000014711	Meiob	unchanged_loop_count	4632	4948	-316	1	1	0	0	0	0	1	1	0	0	0	0
ENSRNOG00000021390	Meis3	unchanged_loop_count	4632	4948	-316	1	1	0	0	0	0	0	0	0	1	1	0
ENSRNOG00000021054	Men1	decreased_loop_count	2598	4948	-2350	2	1	-1	0	0	0	1	1	0	1	0	-1
ENSRNOG00000021881	Metap2	unchanged_loop_count	4632	4948	-316	1	1	0	0	0	0	0	0	0	1	1	0
ENSRNOG00000060374	Metazoa_SRP	unchanged_loop_count	4632	4948	-316	1	1	0	0	0	0	0	0	0	1	1	0
ENSRNOG00000060522	Metazoa_SRP	unchanged_loop_count	4632	4948	-316	1	1	0	0	0	0	0	0	0	1	1	0
ENSRNOG00000063046	Metazoa_SRP	new_gene_in_sensitivity	NA	4948	NA	0	1	1	0	0	0	0	0	0	0	1	1
ENSRNOG00000047895	Mettl1	unchanged_loop_count	4632	4948	-316	1	1	0	0	0	0	0	0	0	1	1	0
ENSRNOG00000025189	Mettl18	unchanged_loop_count	4632	4948	-316	1	1	0	0	0	0	1	1	0	0	0	0
ENSRNOG00000006131	Mettl2	unchanged_loop_count	4632	4948	-316	1	1	0	0	0	0	0	0	0	1	1	0
ENSRNOG00000025940	Mettl9	unchanged_loop_count	4632	4948	-316	1	1	0	0	0	0	0	0	0	1	1	0
ENSRNOG00000039107	Mfrp	unchanged_loop_count	4632	4948	-316	1	1	0	0	0	0	0	0	0	1	1	0
ENSRNOG00000014008	Mfsd2a	unchanged_loop_count	4632	4948	-316	1	1	0	1	1	0	0	0	0	0	0	0
ENSRNOG00000024543	Mfsd4b	unchanged_loop_count	4632	4948	-316	1	1	0	1	1	0	0	0	0	0	0	0
ENSRNOG00000050425	Mfsd4b2l2	unchanged_loop_count	4632	4948	-316	1	1	0	0	0	0	1	1	0	0	0	0
ENSRNOG00000012832	Mfsd5	decreased_loop_count	2598	4948	-2350	2	1	-1	1	1	0	1	0	-1	0	0	0
ENSRNOG00000037712	Mfsd6l	unchanged_loop_count	4632	4948	-316	1	1	0	0	0	0	0	0	0	1	1	0
ENSRNOG00000026177	Mgam	unchanged_loop_count	4632	4948	-316	1	1	0	0	0	0	0	0	0	1	1	0
ENSRNOG00000003235	Mgat4b	unchanged_loop_count	4632	4948	-316	1	1	0	0	0	0	1	1	0	0	0	0
ENSRNOG00000016244	Mical2	unchanged_loop_count	4632	4948	-316	1	1	0	0	0	0	0	0	0	1	1	0
ENSRNOG00000053203	Mical3	unchanged_loop_count	4632	4948	-316	1	1	0	0	0	0	1	1	0	0	0	0
ENSRNOG00000043436	Micu1	unchanged_loop_count	4632	4948	-316	1	1	0	0	0	0	0	0	0	1	1	0
ENSRNOG00000003613	Mid1	unchanged_loop_count	4632	4948	-316	1	1	0	0	0	0	0	0	0	1	1	0
ENSRNOG00000013121	Mier3	unchanged_loop_count	4632	4948	-316	1	1	0	0	0	0	0	0	0	1	1	0
ENSRNOG00000043502	Mindy4b	unchanged_loop_count	4632	4948	-316	1	1	0	0	0	0	0	0	0	1	1	0
ENSRNOG00000042696	Minos1	unchanged_loop_count	4632	4948	-316	1	1	0	1	1	0	0	0	0	0	0	0
ENSRNOG00000011287	Minpp1	unchanged_loop_count	4632	4948	-316	1	1	0	0	0	0	0	0	0	1	1	0
ENSRNOG00000007924	Mios	unchanged_loop_count	4632	4948	-316	1	1	0	0	0	0	0	0	0	1	1	0
ENSRNOG00000013876	Mipep	unchanged_loop_count	4632	4948	-316	1	1	0	0	0	0	0	0	0	1	1	0
ENSRNOG00000035599	Mir101a	unchanged_loop_count	4632	4948	-316	1	1	0	0	0	0	0	0	0	1	1	0
ENSRNOG00000035540	Mir106b	unchanged_loop_count	4632	4948	-316	1	1	0	0	0	0	0	0	0	1	1	0
ENSRNOG00000035639	Mir107	unchanged_loop_count	4632	4948	-316	1	1	0	0	0	0	0	0	0	1	1	0
ENSRNOG00000035535	Mir10a	unchanged_loop_count	4632	4948	-316	1	1	0	0	0	0	0	0	0	1	1	0
ENSRNOG00000035554	Mir10b	unchanged_loop_count	4632	4948	-316	1	1	0	0	0	0	0	0	0	1	1	0
ENSRNOG00000035572	Mir125a	unchanged_loop_count	4632	4948	-316	1	1	0	0	0	0	0	0	0	1	1	0
ENSRNOG00000041538	Mir1298	unchanged_loop_count	4632	4948	-316	1	1	0	0	0	0	0	0	0	1	1	0
ENSRNOG00000035541	Mir130b	unchanged_loop_count	4632	4948	-316	1	1	0	0	0	0	1	1	0	0	0	0
ENSRNOG00000035571	Mir133b	new_gene_in_sensitivity	NA	4948	NA	0	1	1	0	0	0	0	0	0	0	1	1
ENSRNOG00000035491	Mir137	unchanged_loop_count	4632	4948	-316	1	1	0	0	0	0	0	0	0	1	1	0
ENSRNOG00000035641	Mir138-1	unchanged_loop_count	4632	4948	-316	1	1	0	0	0	0	0	0	0	1	1	0
ENSRNOG00000035647	Mir144	unchanged_loop_count	4632	4948	-316	1	1	0	0	0	0	0	0	0	1	1	0
ENSRNOG00000050999	Mir149	unchanged_loop_count	4632	4948	-316	1	1	0	0	0	0	0	0	0	1	1	0
ENSRNOG00000050840	Mir155	unchanged_loop_count	4632	4948	-316	1	1	0	0	0	0	0	0	0	1	1	0
ENSRNOG00000035483	Mir15b	unchanged_loop_count	4632	4948	-316	1	1	0	0	0	0	0	0	0	1	1	0
ENSRNOG00000035504	Mir16	unchanged_loop_count	4632	4948	-316	1	1	0	0	0	0	0	0	0	1	1	0
ENSRNOG00000035657	Mir17	unchanged_loop_count	4632	4948	-316	1	1	0	0	0	0	0	0	0	1	1	0
ENSRNOG00000035617	Mir186	unchanged_loop_count	4632	4948	-316	1	1	0	0	0	0	0	0	0	1	1	0
ENSRNOG00000041870	Mir1893	unchanged_loop_count	4632	4948	-316	1	1	0	0	0	0	1	1	0	0	0	0
ENSRNOG00000035645	Mir18a	unchanged_loop_count	4632	4948	-316	1	1	0	0	0	0	0	0	0	1	1	0
ENSRNOG00000035530	Mir192	new_gene_in_sensitivity	NA	4948	NA	0	1	1	0	1	1	0	0	0	0	0	0
ENSRNOG00000035588	Mir194-2	new_gene_in_sensitivity	NA	4948	NA	0	1	1	0	1	1	0	0	0	0	0	0
ENSRNOG00000044615	Mir1949	unchanged_loop_count	4632	4948	-316	1	1	0	0	0	0	1	1	0	0	0	0
ENSRNOG00000043562	Mir1956	unchanged_loop_count	4632	4948	-316	1	1	0	0	0	0	0	0	0	1	1	0
ENSRNOG00000035614	Mir196a	unchanged_loop_count	4632	4948	-316	1	1	0	0	0	0	0	0	0	1	1	0
ENSRNOG00000035578	Mir19a	unchanged_loop_count	4632	4948	-316	1	1	0	0	0	0	0	0	0	1	1	0
ENSRNOG00000035462	Mir19b1	unchanged_loop_count	4632	4948	-316	1	1	0	0	0	0	0	0	0	1	1	0
ENSRNOG00000035605	Mir20a	unchanged_loop_count	4632	4948	-316	1	1	0	0	0	0	0	0	0	1	1	0
ENSRNOG00000035653	Mir219a1	unchanged_loop_count	4632	4948	-316	1	1	0	0	0	0	0	0	0	1	1	0
ENSRNOG00000035531	Mir25	unchanged_loop_count	4632	4948	-316	1	1	0	0	0	0	0	0	0	1	1	0
ENSRNOG00000035582	Mir26a	new_gene_in_sensitivity	NA	4948	NA	0	1	1	0	0	0	0	0	0	0	1	1
ENSRNOG00000035619	Mir296	unchanged_loop_count	4632	4948	-316	1	1	0	0	0	0	0	0	0	1	1	0
ENSRNOG00000035566	Mir298	unchanged_loop_count	4632	4948	-316	1	1	0	0	0	0	0	0	0	1	1	0
ENSRNOG00000047006	Mir2985	unchanged_loop_count	4632	4948	-316	1	1	0	0	0	0	0	0	0	1	1	0
ENSRNOG00000035463	Mir29b1	unchanged_loop_count	4632	4948	-316	1	1	0	0	0	0	0	0	0	1	1	0
ENSRNOG00000035637	Mir29b2	unchanged_loop_count	4632	4948	-316	1	1	0	1	1	0	0	0	0	0	0	0
ENSRNOG00000040402	Mir301b	unchanged_loop_count	4632	4948	-316	1	1	0	0	0	0	1	1	0	0	0	0
ENSRNOG00000050073	Mir3072	unchanged_loop_count	4632	4948	-316	1	1	0	0	0	0	1	1	0	0	0	0
ENSRNOG00000035562	Mir30c2	unchanged_loop_count	4632	4948	-316	1	1	0	0	0	0	0	0	0	1	1	0
ENSRNOG00000035459	Mir336	unchanged_loop_count	4632	4948	-316	1	1	0	0	0	0	0	0	0	1	1	0
ENSRNOG00000035479	Mir339	decreased_loop_count	2598	4948	-2350	2	1	-1	0	0	0	0	0	0	2	1	-1
ENSRNOG00000035623	Mir34a	new_gene_in_sensitivity	NA	4948	NA	0	1	1	0	1	1	0	0	0	0	0	0
ENSRNOG00000048716	Mir3541	unchanged_loop_count	4632	4948	-316	1	1	0	0	0	0	0	0	0	1	1	0
ENSRNOG00000068467	Mir3542	unchanged_loop_count	4632	4948	-316	1	1	0	0	0	0	0	0	0	1	1	0
ENSRNOG00000035458	Mir3556a	unchanged_loop_count	4632	4948	-316	1	1	0	0	0	0	0	0	0	1	1	0
ENSRNOG00000035509	Mir3556b-2	unchanged_loop_count	4632	4948	-316	1	1	0	1	1	0	0	0	0	0	0	0
ENSRNOG00000035517	Mir3557	new_gene_in_sensitivity	NA	4948	NA	0	1	1	0	0	0	0	1	1	0	0	0
ENSRNOG00000050479	Mir3558	unchanged_loop_count	4632	4948	-316	1	1	0	0	0	0	0	0	0	1	1	0
ENSRNOG00000050512	Mir3568	unchanged_loop_count	4632	4948	-316	1	1	0	0	0	0	1	1	0	0	0	0
ENSRNOG00000060004	Mir3572	unchanged_loop_count	4632	4948	-316	1	1	0	0	0	0	0	0	0	1	1	0
ENSRNOG00000035497	Mir3578	new_gene_in_sensitivity	NA	4948	NA	0	1	1	0	0	0	0	1	1	0	0	0
ENSRNOG00000035453	Mir3596c	unchanged_loop_count	4632	4948	-316	1	1	0	0	0	0	0	0	0	1	1	0
ENSRNOG00000047135	Mir365-1	new_gene_in_sensitivity	NA	4948	NA	0	1	1	0	0	0	0	0	0	0	1	1
ENSRNOG00000036562	Mir374b	new_gene_in_sensitivity	NA	4948	NA	0	1	1	0	0	0	0	1	1	0	0	0
ENSRNOG00000035557	Mir410	new_gene_in_sensitivity	NA	4948	NA	0	1	1	0	0	0	0	1	1	0	0	0
ENSRNOG00000035546	Mir421	new_gene_in_sensitivity	NA	4948	NA	0	1	1	0	0	0	0	1	1	0	0	0
ENSRNOG00000035537	Mir423	unchanged_loop_count	4632	4948	-316	1	1	0	0	0	0	1	1	0	0	0	0
ENSRNOG00000036258	Mir451a	unchanged_loop_count	4632	4948	-316	1	1	0	0	0	0	0	0	0	1	1	0
ENSRNOG00000036272	Mir490	unchanged_loop_count	4632	4948	-316	1	1	0	0	0	0	0	0	0	1	1	0
ENSRNOG00000046923	Mir6215	unchanged_loop_count	4632	4948	-316	1	1	0	0	0	0	0	0	0	1	1	0
ENSRNOG00000050007	Mir6327	unchanged_loop_count	4632	4948	-316	1	1	0	0	0	0	0	0	0	1	1	0
ENSRNOG00000046115	Mir6332	unchanged_loop_count	4632	4948	-316	1	1	0	0	0	0	0	0	0	1	1	0
ENSRNOG00000045994	Mir6333	unchanged_loop_count	4632	4948	-316	1	1	0	0	0	0	0	0	0	1	1	0
ENSRNOG00000049688	Mir6334	unchanged_loop_count	4632	4948	-316	1	1	0	0	0	0	0	0	0	1	1	0
ENSRNOG00000041219	Mir872	unchanged_loop_count	4632	4948	-316	1	1	0	0	0	0	1	1	0	0	0	0
ENSRNOG00000041300	Mir874	decreased_loop_count	2598	4948	-2350	2	1	-1	0	0	0	1	0	-1	1	1	0
ENSRNOG00000041320	Mir876	unchanged_loop_count	4632	4948	-316	1	1	0	0	0	0	0	0	0	1	1	0
ENSRNOG00000049078	Mir9	unchanged_loop_count	4632	4948	-316	1	1	0	0	0	0	0	0	0	1	1	0
ENSRNOG00000035649	Mir92a1	unchanged_loop_count	4632	4948	-316	1	1	0	0	0	0	0	0	0	1	1	0
ENSRNOG00000035485	Mir93	unchanged_loop_count	4632	4948	-316	1	1	0	0	0	0	0	0	0	1	1	0
ENSRNOG00000035654	Mir99b	unchanged_loop_count	4632	4948	-316	1	1	0	0	0	0	0	0	0	1	1	0
ENSRNOG00000050242	Mirlet7g	unchanged_loop_count	4632	4948	-316	1	1	0	0	0	0	0	0	0	1	1	0
ENSRNOG00000018467	Mitd1	unchanged_loop_count	4632	4948	-316	1	1	0	0	0	0	0	0	0	1	1	0
ENSRNOG00000054514	Mkln1	unchanged_loop_count	4632	4948	-316	1	1	0	0	0	0	0	0	0	1	1	0
ENSRNOG00000033809	Mlh1	unchanged_loop_count	4632	4948	-316	1	1	0	0	0	0	1	1	0	0	0	0
ENSRNOG00000005934	Mlip	unchanged_loop_count	4632	4948	-316	1	1	0	0	0	0	0	0	0	1	1	0
ENSRNOG00000042353	Mlkl	unchanged_loop_count	4632	4948	-316	1	1	0	0	0	0	1	1	0	0	0	0
ENSRNOG00000048736	Mllt1	unchanged_loop_count	4632	4948	-316	1	1	0	0	0	0	0	0	0	1	1	0
ENSRNOG00000022249	Mllt10	unchanged_loop_count	4632	4948	-316	1	1	0	0	0	0	0	0	0	1	1	0
ENSRNOG00000021110	Mllt11	unchanged_loop_count	4632	4948	-316	1	1	0	1	1	0	0	0	0	0	0	0
ENSRNOG00000019983	Mlx	unchanged_loop_count	4632	4948	-316	1	1	0	0	0	0	0	0	0	1	1	0
ENSRNOG00000017233	Mmachc	unchanged_loop_count	4632	4948	-316	1	1	0	0	0	0	0	0	0	1	1	0
ENSRNOG00000012593	Mmel1	unchanged_loop_count	4632	4948	-316	1	1	0	0	0	0	0	0	0	1	1	0
ENSRNOG00000005708	Mmp16	unchanged_loop_count	4632	4948	-316	1	1	0	0	0	0	0	0	0	1	1	0
ENSRNOG00000006778	Mmp19	unchanged_loop_count	4632	4948	-316	1	1	0	0	0	0	0	0	0	1	1	0
ENSRNOG00000016695	Mmp2	unchanged_loop_count	4632	4948	-316	1	1	0	0	0	0	1	1	0	0	0	0
ENSRNOG00000017756	Mmp21	unchanged_loop_count	4632	4948	-316	1	1	0	0	0	0	0	0	0	1	1	0
ENSRNOG00000047028	Mmp24	unchanged_loop_count	4632	4948	-316	1	1	0	0	0	0	0	0	0	1	1	0
ENSRNOG00000010507	Mmp7	new_gene_in_sensitivity	NA	4948	NA	0	1	1	0	0	0	0	1	1	0	0	0
ENSRNOG00000024986	Mmrn1	unchanged_loop_count	4632	4948	-316	1	1	0	0	0	0	0	0	0	1	1	0
ENSRNOG00000051977	Mmrn2	unchanged_loop_count	4632	4948	-316	1	1	0	0	0	0	0	0	0	1	1	0
ENSRNOG00000033970	Moap1	new_gene_in_sensitivity	NA	4948	NA	0	1	1	0	0	0	0	0	0	0	1	1
ENSRNOG00000059474	Mob1a	unchanged_loop_count	4632	4948	-316	1	1	0	0	0	0	0	0	0	1	1	0
ENSRNOG00000018971	Mob3a	unchanged_loop_count	4632	4948	-316	1	1	0	0	0	0	0	0	0	1	1	0
ENSRNOG00000000775	Mog	unchanged_loop_count	4632	4948	-316	1	1	0	0	0	0	0	0	0	1	1	0
ENSRNOG00000018502	Mon1a	unchanged_loop_count	4632	4948	-316	1	1	0	0	0	0	0	0	0	1	1	0
ENSRNOG00000019624	Morc2	unchanged_loop_count	4632	4948	-316	1	1	0	0	0	0	0	0	0	1	1	0
ENSRNOG00000014642	Morn1	unchanged_loop_count	4632	4948	-316	1	1	0	0	0	0	0	0	0	1	1	0
ENSRNOG00000045574	Morn3	unchanged_loop_count	4632	4948	-316	1	1	0	0	0	0	1	1	0	0	0	0
ENSRNOG00000027156	Morn4	unchanged_loop_count	4632	4948	-316	1	1	0	0	0	0	1	1	0	0	0	0
ENSRNOG00000016266	Mphosph10	unchanged_loop_count	4632	4948	-316	1	1	0	0	0	0	0	0	0	1	1	0
ENSRNOG00000018760	Mpp7	unchanged_loop_count	4632	4948	-316	1	1	0	0	0	0	0	0	0	1	1	0
ENSRNOG00000019394	Mpv17l2	unchanged_loop_count	4632	4948	-316	1	1	0	0	0	0	1	1	0	0	0	0
ENSRNOG00000003248	Mpzl1	unchanged_loop_count	4632	4948	-316	1	1	0	0	0	0	1	1	0	0	0	0
ENSRNOG00000003522	Mr1	unchanged_loop_count	4632	4948	-316	1	1	0	0	0	0	1	1	0	0	0	0
ENSRNOG00000014060	Mras	unchanged_loop_count	4632	4948	-316	1	1	0	0	0	0	1	1	0	0	0	0
ENSRNOG00000018251	Mrc1	unchanged_loop_count	4632	4948	-316	1	1	0	0	0	0	0	0	0	1	1	0
ENSRNOG00000045955	Mrgbp	unchanged_loop_count	4632	4948	-316	1	1	0	0	0	0	0	0	0	1	1	0
ENSRNOG00000059891	Mrgbp	unchanged_loop_count	4632	4948	-316	1	1	0	0	0	0	0	0	0	1	1	0
ENSRNOG00000069807	Mrgprg	new_gene_in_sensitivity	NA	4948	NA	0	1	1	0	0	0	0	0	0	0	1	1
ENSRNOG00000061525	Mrgprgl1	unchanged_loop_count	4632	4948	-316	1	1	0	0	0	0	0	0	0	1	1	0
ENSRNOG00000014227	Mrgprx3	unchanged_loop_count	4632	4948	-316	1	1	0	0	0	0	0	0	0	1	1	0
ENSRNOG00000003698	Mroh9	unchanged_loop_count	4632	4948	-316	1	1	0	0	0	0	1	1	0	0	0	0
ENSRNOG00000019734	Mrpl14	unchanged_loop_count	4632	4948	-316	1	1	0	0	0	0	0	0	0	1	1	0
ENSRNOG00000014582	Mrpl18	unchanged_loop_count	4632	4948	-316	1	1	0	0	0	0	0	0	0	1	1	0
ENSRNOG00000018057	Mrpl2	unchanged_loop_count	4632	4948	-316	1	1	0	0	0	0	0	0	0	1	1	0
ENSRNOG00000020354	Mrpl23	unchanged_loop_count	4632	4948	-316	1	1	0	0	0	0	0	0	0	1	1	0
ENSRNOG00000012650	Mrpl3	unchanged_loop_count	4632	4948	-316	1	1	0	0	0	0	0	0	0	1	1	0
ENSRNOG00000049330	Mrpl30	unchanged_loop_count	4632	4948	-316	1	1	0	0	0	0	0	0	0	1	1	0
ENSRNOG00000017552	Mrpl34	unchanged_loop_count	4632	4948	-316	1	1	0	0	0	0	1	1	0	0	0	0
ENSRNOG00000008256	Mrpl38	unchanged_loop_count	4632	4948	-316	1	1	0	0	0	0	0	0	0	1	1	0
ENSRNOG00000029875	Mrpl41	unchanged_loop_count	4632	4948	-316	1	1	0	0	0	0	0	0	0	1	1	0
ENSRNOG00000063489	Mrpl41	unchanged_loop_count	4632	4948	-316	1	1	0	0	0	0	0	0	0	1	1	0
ENSRNOG00000018547	Mrpl46	unchanged_loop_count	4632	4948	-316	1	1	0	0	0	0	0	0	0	1	1	0
ENSRNOG00000011639	Mrpl47	unchanged_loop_count	4632	4948	-316	1	1	0	0	0	0	0	0	0	1	1	0
ENSRNOG00000010855	Mrpl57	unchanged_loop_count	4632	4948	-316	1	1	0	0	0	0	0	0	0	1	1	0
ENSRNOG00000062588	Mrpl57	unchanged_loop_count	4632	4948	-316	1	1	0	0	0	0	0	0	0	1	1	0
ENSRNOG00000006898	Mrps16	unchanged_loop_count	4632	4948	-316	1	1	0	0	0	0	0	0	0	1	1	0
ENSRNOG00000000926	Mrps17	unchanged_loop_count	4632	4948	-316	1	1	0	0	0	0	0	0	0	1	1	0
ENSRNOG00000066020	Mrps17	unchanged_loop_count	4632	4948	-316	1	1	0	0	0	0	0	0	0	1	1	0
ENSRNOG00000024845	Mrps21	unchanged_loop_count	4632	4948	-316	1	1	0	0	0	0	0	0	0	1	1	0
ENSRNOG00000011979	Mrps24	unchanged_loop_count	4632	4948	-316	1	1	0	0	0	0	0	0	0	1	1	0
ENSRNOG00000021224	Mrps26	unchanged_loop_count	4632	4948	-316	1	1	0	0	0	0	0	0	0	1	1	0
ENSRNOG00000001842	Mrps35	unchanged_loop_count	4632	4948	-316	1	1	0	0	0	0	0	0	0	1	1	0
ENSRNOG00000017545	Mrs2	unchanged_loop_count	4632	4948	-316	1	1	0	0	0	0	0	0	0	1	1	0
ENSRNOG00000020991	Ms4a6a	unchanged_loop_count	4632	4948	-316	1	1	0	0	0	0	0	0	0	1	1	0
ENSRNOG00000022245	Msantd4	unchanged_loop_count	4632	4948	-316	1	1	0	1	1	0	0	0	0	0	0	0
ENSRNOG00000015796	Msh2	unchanged_loop_count	4632	4948	-316	1	1	0	0	0	0	0	0	0	1	1	0
ENSRNOG00000016873	Msrb2	unchanged_loop_count	4632	4948	-316	1	1	0	0	0	0	0	0	0	1	1	0
ENSRNOG00000042668	Msrb3	unchanged_loop_count	4632	4948	-316	1	1	0	0	0	0	0	0	0	1	1	0
ENSRNOG00000065877	Mt1	unchanged_loop_count	4632	4948	-316	1	1	0	0	0	0	0	0	0	1	1	0
ENSRNOG00000004711	Mta1	unchanged_loop_count	4632	4948	-316	1	1	0	0	0	0	0	0	0	1	1	0
ENSRNOG00000019913	Mta2	unchanged_loop_count	4632	4948	-316	1	1	0	0	0	0	0	0	0	1	1	0
ENSRNOG00000037376	Mterf4	unchanged_loop_count	4632	4948	-316	1	1	0	0	0	0	0	0	0	1	1	0
ENSRNOG00000000075	Mtf2	unchanged_loop_count	4632	4948	-316	1	1	0	0	0	0	0	0	0	1	1	0
ENSRNOG00000018860	Mtg1	decreased_loop_count	2598	4948	-2350	2	1	-1	0	0	0	1	0	-1	1	1	0
ENSRNOG00000059919	Mtg2	unchanged_loop_count	4632	4948	-316	1	1	0	0	0	0	0	0	0	1	1	0
ENSRNOG00000010833	Mthfd2	unchanged_loop_count	4632	4948	-316	1	1	0	0	0	0	0	0	0	1	1	0
ENSRNOG00000047329	Mtif3	new_gene_in_sensitivity	NA	4948	NA	0	1	1	0	0	0	0	0	0	0	1	1
ENSRNOG00000070811	Mtif3	new_gene_in_sensitivity	NA	4948	NA	0	1	1	0	0	0	0	0	0	0	1	1
ENSRNOG00000016090	Mtmr10	unchanged_loop_count	4632	4948	-316	1	1	0	0	0	0	0	0	0	1	1	0
ENSRNOG00000022929	Mtmr12	unchanged_loop_count	4632	4948	-316	1	1	0	1	1	0	0	0	0	0	0	0
ENSRNOG00000011420	Mtmr7	unchanged_loop_count	4632	4948	-316	1	1	0	0	0	0	0	0	0	1	1	0
ENSRNOG00000024780	Mtnap1	unchanged_loop_count	4632	4948	-316	1	1	0	0	0	0	0	0	0	1	1	0
ENSRNOG00000011857	Mtpn	unchanged_loop_count	4632	4948	-316	1	1	0	0	0	0	0	0	0	1	1	0
ENSRNOG00000017593	Mtr	unchanged_loop_count	4632	4948	-316	1	1	0	0	0	0	0	0	0	1	1	0
ENSRNOG00000010125	Mtrex	unchanged_loop_count	4632	4948	-316	1	1	0	0	0	0	0	0	0	1	1	0
ENSRNOG00000047106	Mtrf1	unchanged_loop_count	4632	4948	-316	1	1	0	0	0	0	0	0	0	1	1	0
ENSRNOG00000017826	Mtrr	unchanged_loop_count	4632	4948	-316	1	1	0	0	0	0	0	0	0	1	1	0
ENSRNOG00000010205	Mturn	unchanged_loop_count	4632	4948	-316	1	1	0	0	0	0	0	0	0	1	1	0
ENSRNOG00000042977	Mtx1	unchanged_loop_count	4632	4948	-316	1	1	0	0	0	0	0	0	0	1	1	0
ENSRNOG00000001776	Muc20	unchanged_loop_count	4632	4948	-316	1	1	0	0	0	0	0	0	0	1	1	0
ENSRNOG00000053450	Myadm	decreased_loop_count	2598	4948	-2350	2	1	-1	0	0	0	0	0	0	2	1	-1
ENSRNOG00000046883	Mydgf	unchanged_loop_count	4632	4948	-316	1	1	0	0	0	0	1	1	0	0	0	0
ENSRNOG00000013343	Myg1	unchanged_loop_count	4632	4948	-316	1	1	0	1	1	0	0	0	0	0	0	0
ENSRNOG00000049695	Myh2	unchanged_loop_count	4632	4948	-316	1	1	0	0	0	0	0	0	0	1	1	0
ENSRNOG00000046276	Myh3	new_gene_in_sensitivity	NA	4948	NA	0	1	1	0	1	1	0	0	0	0	0	0
ENSRNOG00000025757	Myh6	unchanged_loop_count	4632	4948	-316	1	1	0	1	1	0	0	0	0	0	0	0
ENSRNOG00000016983	Myh7	new_gene_in_sensitivity	NA	4948	NA	0	1	1	0	0	0	0	1	1	0	0	0
ENSRNOG00000017645	Myl11	unchanged_loop_count	4632	4948	-316	1	1	0	0	0	0	0	0	0	1	1	0
ENSRNOG00000030848	Myl2	new_gene_in_sensitivity	NA	4948	NA	0	1	1	0	0	0	0	1	1	0	0	0
ENSRNOG00000054140	Myl6	unchanged_loop_count	4632	4948	-316	1	1	0	0	0	0	1	1	0	0	0	0
ENSRNOG00000028837	Myl6bl1	unchanged_loop_count	4632	4948	-316	1	1	0	0	0	0	1	1	0	0	0	0
ENSRNOG00000017579	Mylip	new_gene_in_sensitivity	NA	4948	NA	0	1	1	0	0	0	0	1	1	0	0	0
ENSRNOG00000042497	Mymx	unchanged_loop_count	4632	4948	-316	1	1	0	1	1	0	0	0	0	0	0	0
ENSRNOG00000033101	Myo18a	unchanged_loop_count	4632	4948	-316	1	1	0	0	0	0	1	1	0	0	0	0
ENSRNOG00000048152	Myo1b	unchanged_loop_count	4632	4948	-316	1	1	0	0	0	0	0	0	0	1	1	0
ENSRNOG00000011852	Myo6	unchanged_loop_count	4632	4948	-316	1	1	0	0	0	0	0	0	0	1	1	0
ENSRNOG00000011619	Myo9a	unchanged_loop_count	4632	4948	-316	1	1	0	0	0	0	0	0	0	1	1	0
ENSRNOG00000011306	Myod1	unchanged_loop_count	4632	4948	-316	1	1	0	0	0	0	0	0	0	1	1	0
ENSRNOG00000001834	Mzt2b	unchanged_loop_count	4632	4948	-316	1	1	0	0	0	0	0	0	0	1	1	0
ENSRNOG00000066842	Mzt2b	unchanged_loop_count	4632	4948	-316	1	1	0	0	0	0	0	0	0	1	1	0
ENSRNOG00000027152	N4bp2	unchanged_loop_count	4632	4948	-316	1	1	0	0	0	0	0	0	0	1	1	0
ENSRNOG00000001108	N4bp2l2	unchanged_loop_count	4632	4948	-316	1	1	0	1	1	0	0	0	0	0	0	0
ENSRNOG00000001160	NEWGENE	decreased_loop_count	2598	4948	-2350	2	1	-1	0	0	0	1	1	0	1	0	-1
ENSRNOG00000003872	NEWGENE	unchanged_loop_count	4632	4948	-316	1	1	0	0	0	0	0	0	0	1	1	0
ENSRNOG00000037897	NEWGENE	unchanged_loop_count	4632	4948	-316	1	1	0	0	0	0	1	1	0	0	0	0
ENSRNOG00000047786	NEWGENE	new_gene_in_sensitivity	NA	4948	NA	0	1	1	0	0	0	0	0	0	0	1	1
ENSRNOG00000060063	Naa10	decreased_loop_count	2598	4948	-2350	2	1	-1	0	0	0	0	0	0	2	1	-1
ENSRNOG00000010523	Naa20	unchanged_loop_count	4632	4948	-316	1	1	0	0	0	0	0	0	0	1	1	0
ENSRNOG00000070736	Naa38-ps1	new_gene_in_sensitivity	NA	4948	NA	0	1	1	0	0	0	0	0	0	0	1	1
ENSRNOG00000007280	Naa60	decreased_loop_count	2598	4948	-2350	2	1	-1	0	0	0	0	0	0	2	1	-1
ENSRNOG00000016936	Nadk	new_gene_in_sensitivity	NA	4948	NA	0	1	1	0	0	0	0	0	0	0	1	1
ENSRNOG00000020736	Nadsyn1	unchanged_loop_count	4632	4948	-316	1	1	0	0	0	0	1	1	0	0	0	0
ENSRNOG00000032381	Naglu	unchanged_loop_count	4632	4948	-316	1	1	0	0	0	0	0	0	0	1	1	0
ENSRNOG00000020879	Nags	new_gene_in_sensitivity	NA	4948	NA	0	1	1	0	0	0	0	0	0	0	1	1
ENSRNOG00000065128	Naip5	unchanged_loop_count	4632	4948	-316	1	1	0	0	0	0	0	0	0	1	1	0
ENSRNOG00000008307	Nanp	unchanged_loop_count	4632	4948	-316	1	1	0	0	0	0	0	0	0	1	1	0
ENSRNOG00000029977	Nat3	unchanged_loop_count	4632	4948	-316	1	1	0	0	0	0	0	0	0	1	1	0
ENSRNOG00000049351	Nat8l	unchanged_loop_count	4632	4948	-316	1	1	0	0	0	0	0	0	0	1	1	0
ENSRNOG00000027880	Nbeal2	unchanged_loop_count	4632	4948	-316	1	1	0	0	0	0	1	1	0	0	0	0
ENSRNOG00000020730	Nbr1	unchanged_loop_count	4632	4948	-316	1	1	0	0	0	0	0	0	0	1	1	0
ENSRNOG00000004968	Ncapg2	unchanged_loop_count	4632	4948	-316	1	1	0	0	0	0	0	0	0	1	1	0
ENSRNOG00000023605	Ncbp1	unchanged_loop_count	4632	4948	-316	1	1	0	0	0	0	0	0	0	1	1	0
ENSRNOG00000018550	Ncbp3	unchanged_loop_count	4632	4948	-316	1	1	0	1	1	0	0	0	0	0	0	0
ENSRNOG00000021553	Nckap5	unchanged_loop_count	4632	4948	-316	1	1	0	0	0	0	1	1	0	0	0	0
ENSRNOG00000004068	Ncoa1	unchanged_loop_count	4632	4948	-316	1	1	0	0	0	0	1	1	0	0	0	0
ENSRNOG00000001004	Ncor2	unchanged_loop_count	4632	4948	-316	1	1	0	0	0	0	1	1	0	0	0	0
ENSRNOG00000070704	Ncr3lg1	unchanged_loop_count	4632	4948	-316	1	1	0	0	0	0	0	0	0	1	1	0
ENSRNOG00000005355	Ncstn	unchanged_loop_count	4632	4948	-316	1	1	0	0	0	0	0	0	0	1	1	0
ENSRNOG00000024022	Ndfip2	unchanged_loop_count	4632	4948	-316	1	1	0	0	0	0	1	1	0	0	0	0
ENSRNOG00000057755	Ndst2	unchanged_loop_count	4632	4948	-316	1	1	0	0	0	0	0	0	0	1	1	0
ENSRNOG00000020602	Ndufa13	new_gene_in_sensitivity	NA	4948	NA	0	1	1	0	0	0	0	0	0	0	1	1
ENSRNOG00000021688	Ndufa13-ps1	unchanged_loop_count	4632	4948	-316	1	1	0	0	0	0	0	0	0	1	1	0
ENSRNOG00000017571	Ndufa2	unchanged_loop_count	4632	4948	-316	1	1	0	0	0	0	0	0	0	1	1	0
ENSRNOG00000008569	Ndufa6	unchanged_loop_count	4632	4948	-316	1	1	0	0	0	0	0	0	0	1	1	0
ENSRNOG00000040040	Ndufaf6	unchanged_loop_count	4632	4948	-316	1	1	0	0	0	0	1	1	0	0	0	0
ENSRNOG00000042653	Ndufaf8	new_gene_in_sensitivity	NA	4948	NA	0	1	1	0	0	0	0	1	1	0	0	0
ENSRNOG00000011825	Ndufb3	unchanged_loop_count	4632	4948	-316	1	1	0	0	0	0	1	1	0	0	0	0
ENSRNOG00000066018	Ndufb4-ps9	unchanged_loop_count	4632	4948	-316	1	1	0	0	0	0	1	1	0	0	0	0
ENSRNOG00000011949	Ndufb5	unchanged_loop_count	4632	4948	-316	1	1	0	0	0	0	0	0	0	1	1	0
ENSRNOG00000014078	Ndufb8	unchanged_loop_count	4632	4948	-316	1	1	0	0	0	0	0	0	0	1	1	0
ENSRNOG00000009364	Ndufb9	unchanged_loop_count	4632	4948	-316	1	1	0	0	0	0	0	0	0	1	1	0
ENSRNOG00000038372	Ndufs2	unchanged_loop_count	4632	4948	-316	1	1	0	0	0	0	0	0	0	1	1	0
ENSRNOG00000009155	Ndufs3	unchanged_loop_count	4632	4948	-316	1	1	0	0	0	0	1	1	0	0	0	0
ENSRNOG00000026646	Ndufs5	unchanged_loop_count	4632	4948	-316	1	1	0	0	0	0	0	0	0	1	1	0
ENSRNOG00000024568	Ndufs7	unchanged_loop_count	4632	4948	-316	1	1	0	1	1	0	0	0	0	0	0	0
ENSRNOG00000015084	Necab2	new_gene_in_sensitivity	NA	4948	NA	0	1	1	0	0	0	0	1	1	0	0	0
ENSRNOG00000016708	Necab3	unchanged_loop_count	4632	4948	-316	1	1	0	0	0	0	1	1	0	0	0	0
ENSRNOG00000002176	Nectin3	unchanged_loop_count	4632	4948	-316	1	1	0	0	0	0	1	1	0	0	0	0
ENSRNOG00000014548	Nedd9	unchanged_loop_count	4632	4948	-316	1	1	0	0	0	0	0	0	0	1	1	0
ENSRNOG00000018577	Neil1	unchanged_loop_count	4632	4948	-316	1	1	0	0	0	0	0	0	0	1	1	0
ENSRNOG00000010897	Nek6	unchanged_loop_count	4632	4948	-316	1	1	0	0	0	0	0	0	0	1	1	0
ENSRNOG00000000657	Nek7	unchanged_loop_count	4632	4948	-316	1	1	0	0	0	0	0	0	0	1	1	0
ENSRNOG00000058572	Nek9	unchanged_loop_count	4632	4948	-316	1	1	0	0	0	0	0	0	0	1	1	0
ENSRNOG00000047874	Nelfcd	unchanged_loop_count	4632	4948	-316	1	1	0	0	0	0	0	0	0	1	1	0
ENSRNOG00000015675	Nell1	unchanged_loop_count	4632	4948	-316	1	1	0	0	0	0	0	0	0	1	1	0
ENSRNOG00000015797	Neurl2	unchanged_loop_count	4632	4948	-316	1	1	0	0	0	0	1	1	0	0	0	0
ENSRNOG00000007948	Nf2	unchanged_loop_count	4632	4948	-316	1	1	0	0	0	0	0	0	0	1	1	0
ENSRNOG00000030515	Nfasc	unchanged_loop_count	4632	4948	-316	1	1	0	0	0	0	0	0	0	1	1	0
ENSRNOG00000017146	Nfatc1	unchanged_loop_count	4632	4948	-316	1	1	0	0	0	0	0	0	0	1	1	0
ENSRNOG00000057384	Nfatc2ip	new_gene_in_sensitivity	NA	4948	NA	0	1	1	0	0	0	0	1	1	0	0	0
ENSRNOG00000036837	Nfe2	unchanged_loop_count	4632	4948	-316	1	1	0	0	0	0	1	1	0	0	0	0
ENSRNOG00000004505	Nfic	new_gene_in_sensitivity	NA	4948	NA	0	1	1	0	1	1	0	0	0	0	0	0
ENSRNOG00000025111	Nfkbid	unchanged_loop_count	4632	4948	-316	1	1	0	0	0	0	1	1	0	0	0	0
ENSRNOG00000037951	Nhsl2	unchanged_loop_count	4632	4948	-316	1	1	0	0	0	0	0	0	0	1	1	0
ENSRNOG00000008113	Nhsl3	unchanged_loop_count	4632	4948	-316	1	1	0	0	0	0	0	0	0	1	1	0
ENSRNOG00000049083	Nicn1	unchanged_loop_count	4632	4948	-316	1	1	0	0	0	0	0	0	0	1	1	0
ENSRNOG00000065022	Nicol1	unchanged_loop_count	4632	4948	-316	1	1	0	0	0	0	0	0	0	1	1	0
ENSRNOG00000013446	Nif3l1	unchanged_loop_count	4632	4948	-316	1	1	0	0	0	0	0	0	0	1	1	0
ENSRNOG00000012690	Nipa2	unchanged_loop_count	4632	4948	-316	1	1	0	0	0	0	1	1	0	0	0	0
ENSRNOG00000037165	Nipal3	unchanged_loop_count	4632	4948	-316	1	1	0	0	0	0	0	0	0	1	1	0
ENSRNOG00000003881	Nit1	new_gene_in_sensitivity	NA	4948	NA	0	1	1	0	0	0	0	0	0	0	1	1
ENSRNOG00000029608	Nkain2	unchanged_loop_count	4632	4948	-316	1	1	0	0	0	0	0	0	0	1	1	0
ENSRNOG00000014293	Nkd1	unchanged_loop_count	4632	4948	-316	1	1	0	0	0	0	1	1	0	0	0	0
ENSRNOG00000043378	Nkpd1	unchanged_loop_count	4632	4948	-316	1	1	0	0	0	0	0	0	0	1	1	0
ENSRNOG00000016656	Nkx2-3	unchanged_loop_count	4632	4948	-316	1	1	0	0	0	0	0	0	0	1	1	0
ENSRNOG00000012647	Nkx2-4	unchanged_loop_count	4632	4948	-316	1	1	0	0	0	0	0	0	0	1	1	0
ENSRNOG00000017748	Nkx6-2	unchanged_loop_count	4632	4948	-316	1	1	0	0	0	0	1	1	0	0	0	0
ENSRNOG00000032576	Nlgn1	unchanged_loop_count	4632	4948	-316	1	1	0	0	0	0	0	0	0	1	1	0
ENSRNOG00000060745	Nlrp12	unchanged_loop_count	4632	4948	-316	1	1	0	0	0	0	0	0	0	1	1	0
ENSRNOG00000048125	Nlrp1b	unchanged_loop_count	4632	4948	-316	1	1	0	0	0	0	1	1	0	0	0	0
ENSRNOG00000009310	Nmd3	unchanged_loop_count	4632	4948	-316	1	1	0	0	0	0	0	0	0	1	1	0
ENSRNOG00000002671	Nme2	unchanged_loop_count	4632	4948	-316	1	1	0	0	0	0	0	0	0	1	1	0
ENSRNOG00000020118	Nme5	unchanged_loop_count	4632	4948	-316	1	1	0	1	1	0	0	0	0	0	0	0
ENSRNOG00000002898	Nme7	unchanged_loop_count	4632	4948	-316	1	1	0	0	0	0	0	0	0	1	1	0
ENSRNOG00000024923	Nnat	unchanged_loop_count	4632	4948	-316	1	1	0	0	0	0	0	0	0	1	1	0
ENSRNOG00000010409	Nol6	unchanged_loop_count	4632	4948	-316	1	1	0	0	0	0	1	1	0	0	0	0
ENSRNOG00000017904	Nol7	decreased_loop_count	1472	4948	-3476	3	1	-2	1	0	-1	2	1	-1	0	0	0
ENSRNOG00000005184	Nop10	unchanged_loop_count	4632	4948	-316	1	1	0	0	0	0	0	0	0	1	1	0
ENSRNOG00000012147	Nop14	unchanged_loop_count	4632	4948	-316	1	1	0	0	0	0	0	0	0	1	1	0
ENSRNOG00000020543	Nosip	decreased_loop_count	2598	4948	-2350	2	1	-1	1	1	0	1	0	-1	0	0	0
ENSRNOG00000019322	Notch1	unchanged_loop_count	4632	4948	-316	1	1	0	0	0	0	1	1	0	0	0	0
ENSRNOG00000036680	Notum	unchanged_loop_count	4632	4948	-316	1	1	0	0	0	0	1	1	0	0	0	0
ENSRNOG00000009286	Noxa1	unchanged_loop_count	4632	4948	-316	1	1	0	0	0	0	1	1	0	0	0	0
ENSRNOG00000015376	Npas1	unchanged_loop_count	4632	4948	-316	1	1	0	0	0	0	1	1	0	0	0	0
ENSRNOG00000068162	Npas3	unchanged_loop_count	4632	4948	-316	1	1	0	0	0	0	0	0	0	1	1	0
ENSRNOG00000020009	Npas4	unchanged_loop_count	4632	4948	-316	1	1	0	0	0	0	0	0	0	1	1	0
ENSRNOG00000049955	Npc1l1	unchanged_loop_count	4632	4948	-316	1	1	0	0	0	0	0	0	0	1	1	0
ENSRNOG00000047739	Npff	unchanged_loop_count	4632	4948	-316	1	1	0	0	0	0	0	0	0	1	1	0
ENSRNOG00000002775	Npl	unchanged_loop_count	4632	4948	-316	1	1	0	1	1	0	0	0	0	0	0	0
ENSRNOG00000052873	Npnt	unchanged_loop_count	4632	4948	-316	1	1	0	0	0	0	1	1	0	0	0	0
ENSRNOG00000008141	Nppb	new_gene_in_sensitivity	NA	4948	NA	0	1	1	0	0	0	0	0	0	0	1	1
ENSRNOG00000019184	Npr3	unchanged_loop_count	4632	4948	-316	1	1	0	0	0	0	1	1	0	0	0	0
ENSRNOG00000021660	Nprl2	unchanged_loop_count	4632	4948	-316	1	1	0	0	0	0	0	0	0	1	1	0
ENSRNOG00000009029	Nptn	unchanged_loop_count	4632	4948	-316	1	1	0	0	0	0	1	1	0	0	0	0
ENSRNOG00000001006	Nptx2	unchanged_loop_count	4632	4948	-316	1	1	0	0	0	0	1	1	0	0	0	0
ENSRNOG00000009329	Nr1d1	unchanged_loop_count	4632	4948	-316	1	1	0	1	1	0	0	0	0	0	0	0
ENSRNOG00000019812	Nr1h2	unchanged_loop_count	4632	4948	-316	1	1	0	0	0	0	1	1	0	0	0	0
ENSRNOG00000013172	Nr1h3	unchanged_loop_count	4632	4948	-316	1	1	0	0	0	0	1	1	0	0	0	0
ENSRNOG00000022247	Nr2c2ap	unchanged_loop_count	4632	4948	-316	1	1	0	0	0	0	1	1	0	0	0	0
ENSRNOG00000050550	Nr2e1	unchanged_loop_count	4632	4948	-316	1	1	0	0	0	0	1	1	0	0	0	0
ENSRNOG00000034007	Nr3c2	unchanged_loop_count	4632	4948	-316	1	1	0	0	0	0	0	0	0	1	1	0
ENSRNOG00000005600	Nr4a2	unchanged_loop_count	4632	4948	-316	1	1	0	0	0	0	0	0	0	1	1	0
ENSRNOG00000004004	Nrde2	new_gene_in_sensitivity	NA	4948	NA	0	1	1	0	1	1	0	0	0	0	0	0
ENSRNOG00000063347	Nrip2	unchanged_loop_count	4632	4948	-316	1	1	0	0	0	0	1	1	0	0	0	0
ENSRNOG00000013290	Nrip3	unchanged_loop_count	4632	4948	-316	1	1	0	0	0	0	0	0	0	1	1	0
ENSRNOG00000001752	Nrros	unchanged_loop_count	4632	4948	-316	1	1	0	0	0	0	1	1	0	0	0	0
ENSRNOG00000023935	Nrsn2	unchanged_loop_count	4632	4948	-316	1	1	0	0	0	0	0	0	0	1	1	0
ENSRNOG00000048651	Nrtn	unchanged_loop_count	4632	4948	-316	1	1	0	0	0	0	1	1	0	0	0	0
ENSRNOG00000010234	Nsmaf	unchanged_loop_count	4632	4948	-316	1	1	0	0	0	0	0	0	0	1	1	0
ENSRNOG00000020452	Nsmce4a	unchanged_loop_count	4632	4948	-316	1	1	0	0	0	0	0	0	0	1	1	0
ENSRNOG00000022502	Nsrp1	unchanged_loop_count	4632	4948	-316	1	1	0	0	0	0	1	1	0	0	0	0
ENSRNOG00000062400	Nsrp1	unchanged_loop_count	4632	4948	-316	1	1	0	0	0	0	1	1	0	0	0	0
ENSRNOG00000018520	Nsun6	unchanged_loop_count	4632	4948	-316	1	1	0	0	0	0	0	0	0	1	1	0
ENSRNOG00000011071	Nt5e	unchanged_loop_count	4632	4948	-316	1	1	0	0	0	0	1	1	0	0	0	0
ENSRNOG00000013694	Ntng2	unchanged_loop_count	4632	4948	-316	1	1	0	0	0	0	0	0	0	1	1	0
ENSRNOG00000019922	Ntpcr	unchanged_loop_count	4632	4948	-316	1	1	0	0	0	0	0	0	0	1	1	0
ENSRNOG00000018674	Ntrk3	new_gene_in_sensitivity	NA	4948	NA	0	1	1	0	0	0	0	0	0	0	1	1
ENSRNOG00000009282	Nub1	unchanged_loop_count	4632	4948	-316	1	1	0	0	0	0	0	0	0	1	1	0
ENSRNOG00000027444	Nubpl	unchanged_loop_count	4632	4948	-316	1	1	0	0	0	0	0	0	0	1	1	0
ENSRNOG00000020456	Nucb2	unchanged_loop_count	4632	4948	-316	1	1	0	0	0	0	0	0	0	1	1	0
ENSRNOG00000059386	Nudt19	new_gene_in_sensitivity	NA	4948	NA	0	1	1	0	0	0	0	0	0	0	1	1
ENSRNOG00000017420	Nudt6	decreased_loop_count	2598	4948	-2350	2	1	-1	0	0	0	2	1	-1	0	0	0
ENSRNOG00000002186	Nudt9	unchanged_loop_count	4632	4948	-316	1	1	0	0	0	0	0	0	0	1	1	0
ENSRNOG00000006541	Nup107	unchanged_loop_count	4632	4948	-316	1	1	0	0	0	0	0	0	0	1	1	0
ENSRNOG00000064401	Nup160l1	new_gene_in_sensitivity	NA	4948	NA	0	1	1	0	0	0	0	0	0	0	1	1
ENSRNOG00000025185	Nup188	unchanged_loop_count	4632	4948	-316	1	1	0	0	0	0	1	1	0	0	0	0
ENSRNOG00000005390	Nup210	unchanged_loop_count	4632	4948	-316	1	1	0	0	0	0	0	0	0	1	1	0
ENSRNOG00000002247	Nup54	unchanged_loop_count	4632	4948	-316	1	1	0	0	0	0	1	1	0	0	0	0
ENSRNOG00000048733	Nup62	unchanged_loop_count	4632	4948	-316	1	1	0	0	0	0	0	0	0	1	1	0
ENSRNOG00000003673	Nup85	unchanged_loop_count	4632	4948	-316	1	1	0	0	0	0	1	1	0	0	0	0
ENSRNOG00000018564	Nup93	new_gene_in_sensitivity	NA	4948	NA	0	1	1	0	0	0	0	1	1	0	0	0
ENSRNOG00000000917	Nupr2	unchanged_loop_count	4632	4948	-316	1	1	0	0	0	0	0	0	0	1	1	0
ENSRNOG00000000411	Nus1	unchanged_loop_count	4632	4948	-316	1	1	0	1	1	0	0	0	0	0	0	0
ENSRNOG00000005111	Nutm1	unchanged_loop_count	4632	4948	-316	1	1	0	0	0	0	0	0	0	1	1	0
ENSRNOG00000014538	Nxnl2	unchanged_loop_count	4632	4948	-316	1	1	0	0	0	0	0	0	0	1	1	0
ENSRNOG00000070472	Nxpe4	unchanged_loop_count	4632	4948	-316	1	1	0	0	0	0	0	0	0	1	1	0
ENSRNOG00000008939	Nxph1	unchanged_loop_count	4632	4948	-316	1	1	0	0	0	0	0	0	0	1	1	0
ENSRNOG00000009646	Nyx	unchanged_loop_count	4632	4948	-316	1	1	0	0	0	0	0	0	0	1	1	0
ENSRNOG00000024640	Oacyl	unchanged_loop_count	4632	4948	-316	1	1	0	0	0	0	0	0	0	1	1	0
ENSRNOG00000033220	Oas1b	unchanged_loop_count	4632	4948	-316	1	1	0	1	1	0	0	0	0	0	0	0
ENSRNOG00000037744	Oas1g	unchanged_loop_count	4632	4948	-316	1	1	0	0	0	0	0	0	0	1	1	0
ENSRNOG00000069835	Oas1i	unchanged_loop_count	4632	4948	-316	1	1	0	0	0	0	0	0	0	1	1	0
ENSRNOG00000016807	Oat	unchanged_loop_count	4632	4948	-316	1	1	0	0	0	0	1	1	0	0	0	0
ENSRNOG00000020863	Oaz3	unchanged_loop_count	4632	4948	-316	1	1	0	0	0	0	0	0	0	1	1	0
ENSRNOG00000042407	Obp2a	unchanged_loop_count	4632	4948	-316	1	1	0	0	0	0	0	0	0	1	1	0
ENSRNOG00000015346	Obsl1	unchanged_loop_count	4632	4948	-316	1	1	0	0	0	0	1	1	0	0	0	0
ENSRNOG00000025516	Oc90	unchanged_loop_count	4632	4948	-316	1	1	0	0	0	0	0	0	0	1	1	0
ENSRNOG00000032575	Ocel1	unchanged_loop_count	4632	4948	-316	1	1	0	0	0	0	1	1	0	0	0	0
ENSRNOG00000003359	Ogt	new_gene_in_sensitivity	NA	4948	NA	0	1	1	0	0	0	0	0	0	0	1	1
ENSRNOG00000017969	Olfm3	unchanged_loop_count	4632	4948	-316	1	1	0	0	0	0	0	0	0	1	1	0
ENSRNOG00000013280	Olfm4	unchanged_loop_count	4632	4948	-316	1	1	0	0	0	0	0	0	0	1	1	0
ENSRNOG00000067184	Olr1520	unchanged_loop_count	4632	4948	-316	1	1	0	0	0	0	0	0	0	1	1	0
ENSRNOG00000018606	Olr59	unchanged_loop_count	4632	4948	-316	1	1	0	0	0	0	0	0	0	1	1	0
ENSRNOG00000052665	Onecut2	unchanged_loop_count	4632	4948	-316	1	1	0	0	0	0	0	0	0	1	1	0
ENSRNOG00000068848	Onecut3	unchanged_loop_count	4632	4948	-316	1	1	0	0	0	0	1	1	0	0	0	0
ENSRNOG00000026573	Ophn1	unchanged_loop_count	4632	4948	-316	1	1	0	0	0	0	0	0	0	1	1	0
ENSRNOG00000029420	Or10c1	unchanged_loop_count	4632	4948	-316	1	1	0	0	0	0	1	1	0	0	0	0
ENSRNOG00000071075	Or13c3b	unchanged_loop_count	4632	4948	-316	1	1	0	0	0	0	0	0	0	1	1	0
ENSRNOG00000015652	Or13e8	new_gene_in_sensitivity	NA	4948	NA	0	1	1	0	0	0	0	0	0	0	1	1
ENSRNOG00000064455	Or13p10	unchanged_loop_count	4632	4948	-316	1	1	0	0	0	0	1	1	0	0	0	0
ENSRNOG00000063756	Or1ad1	unchanged_loop_count	4632	4948	-316	1	1	0	0	0	0	0	0	0	1	1	0
ENSRNOG00000003668	Or1ad6	unchanged_loop_count	4632	4948	-316	1	1	0	0	0	0	0	0	0	1	1	0
ENSRNOG00000065571	Or1x2b	unchanged_loop_count	4632	4948	-316	1	1	0	0	0	0	0	0	0	1	1	0
ENSRNOG00000065272	Or2h1	new_gene_in_sensitivity	NA	4948	NA	0	1	1	0	1	1	0	0	0	0	0	0
ENSRNOG00000021071	Or4d6	unchanged_loop_count	4632	4948	-316	1	1	0	0	0	0	0	0	0	1	1	0
ENSRNOG00000070265	Or4f60	unchanged_loop_count	4632	4948	-316	1	1	0	0	0	0	0	0	0	1	1	0
ENSRNOG00000067536	Or4k48	unchanged_loop_count	4632	4948	-316	1	1	0	0	0	0	0	0	0	1	1	0
ENSRNOG00000068386	Or4k49	unchanged_loop_count	4632	4948	-316	1	1	0	0	0	0	0	0	0	1	1	0
ENSRNOG00000065412	Or4k50	unchanged_loop_count	4632	4948	-316	1	1	0	0	0	0	0	0	0	1	1	0
ENSRNOG00000065884	Or4z4	unchanged_loop_count	4632	4948	-316	1	1	0	0	0	0	0	0	0	1	1	0
ENSRNOG00000018612	Or51f23b-ps1	unchanged_loop_count	4632	4948	-316	1	1	0	0	0	0	0	0	0	1	1	0
ENSRNOG00000015407	Or51f5	unchanged_loop_count	4632	4948	-316	1	1	0	0	0	0	0	0	0	1	1	0
ENSRNOG00000050663	Or51h5	unchanged_loop_count	4632	4948	-316	1	1	0	0	0	0	0	0	0	1	1	0
ENSRNOG00000017143	Or52h2	unchanged_loop_count	4632	4948	-316	1	1	0	0	0	0	0	0	0	1	1	0
ENSRNOG00000063165	Or52l1b	unchanged_loop_count	4632	4948	-316	1	1	0	1	1	0	0	0	0	0	0	0
ENSRNOG00000070164	Or52m1	unchanged_loop_count	4632	4948	-316	1	1	0	0	0	0	0	0	0	1	1	0
ENSRNOG00000064536	Or52m2	new_gene_in_sensitivity	NA	4948	NA	0	1	1	0	0	0	0	0	0	0	1	1
ENSRNOG00000049480	Or52w1	unchanged_loop_count	4632	4948	-316	1	1	0	1	1	0	0	0	0	0	0	0
ENSRNOG00000063133	Or6b2	unchanged_loop_count	4632	4948	-316	1	1	0	0	0	0	0	0	0	1	1	0
ENSRNOG00000070837	Or6b2b	unchanged_loop_count	4632	4948	-316	1	1	0	0	0	0	0	0	0	1	1	0
ENSRNOG00000057400	Or6k2	unchanged_loop_count	4632	4948	-316	1	1	0	0	0	0	0	0	0	1	1	0
ENSRNOG00000022329	Or6k8	unchanged_loop_count	4632	4948	-316	1	1	0	0	0	0	0	0	0	1	1	0
ENSRNOG00000022063	Or6y1	unchanged_loop_count	4632	4948	-316	1	1	0	0	0	0	1	1	0	0	0	0
ENSRNOG00000070488	Or8g20	unchanged_loop_count	4632	4948	-316	1	1	0	0	0	0	0	0	0	1	1	0
ENSRNOG00000066959	Or8g36c	unchanged_loop_count	4632	4948	-316	1	1	0	0	0	0	0	0	0	1	1	0
ENSRNOG00000068277	Or9k7	unchanged_loop_count	4632	4948	-316	1	1	0	0	0	0	0	0	0	1	1	0
ENSRNOG00000070697	Or9s13	decreased_loop_count	2598	4948	-2350	2	1	-1	2	1	-1	0	0	0	0	0	0
ENSRNOG00000008314	Orc3	unchanged_loop_count	4632	4948	-316	1	1	0	0	0	0	0	0	0	1	1	0
ENSRNOG00000024043	Orc6	unchanged_loop_count	4632	4948	-316	1	1	0	1	1	0	0	0	0	0	0	0
ENSRNOG00000001782	Osbpl11	unchanged_loop_count	4632	4948	-316	1	1	0	0	0	0	0	0	0	1	1	0
ENSRNOG00000054058	Osbpl1a	unchanged_loop_count	4632	4948	-316	1	1	0	0	0	0	1	1	0	0	0	0
ENSRNOG00000009333	Osgep	unchanged_loop_count	4632	4948	-316	1	1	0	0	0	0	0	0	0	1	1	0
ENSRNOG00000004001	Osgepl1	unchanged_loop_count	4632	4948	-316	1	1	0	0	0	0	0	0	0	1	1	0
ENSRNOG00000014948	Osgin1	unchanged_loop_count	4632	4948	-316	1	1	0	0	0	0	1	1	0	0	0	0
ENSRNOG00000028121	Otop2	unchanged_loop_count	4632	4948	-316	1	1	0	1	1	0	0	0	0	0	0	0
ENSRNOG00000028721	Otor	unchanged_loop_count	4632	4948	-316	1	1	0	0	0	0	0	0	0	1	1	0
ENSRNOG00000016567	Otos	new_gene_in_sensitivity	NA	4948	NA	0	1	1	0	1	1	0	0	0	0	0	0
ENSRNOG00000008764	Otud5	unchanged_loop_count	4632	4948	-316	1	1	0	1	1	0	0	0	0	0	0	0
ENSRNOG00000012017	Otulin	unchanged_loop_count	4632	4948	-316	1	1	0	0	0	0	0	0	0	1	1	0
ENSRNOG00000019794	Ovch2	unchanged_loop_count	4632	4948	-316	1	1	0	0	0	0	0	0	0	1	1	0
ENSRNOG00000006850	Ovol2	unchanged_loop_count	4632	4948	-316	1	1	0	0	0	0	0	0	0	1	1	0
ENSRNOG00000043094	Oxct1	unchanged_loop_count	4632	4948	-316	1	1	0	1	1	0	0	0	0	0	0	0
ENSRNOG00000005806	Oxtr	unchanged_loop_count	4632	4948	-316	1	1	0	0	0	0	0	0	0	1	1	0
ENSRNOG00000017606	P2rx1	unchanged_loop_count	4632	4948	-316	1	1	0	0	0	0	1	1	0	0	0	0
ENSRNOG00000008552	P2rx3	unchanged_loop_count	4632	4948	-316	1	1	0	0	0	0	0	0	0	1	1	0
ENSRNOG00000001300	P2rx4	unchanged_loop_count	4632	4948	-316	1	1	0	0	0	0	0	0	0	1	1	0
ENSRNOG00000001296	P2rx7	unchanged_loop_count	4632	4948	-316	1	1	0	0	0	0	0	0	0	1	1	0
ENSRNOG00000019270	P2ry6	unchanged_loop_count	4632	4948	-316	1	1	0	0	0	0	0	0	0	1	1	0
ENSRNOG00000029558	Pabpn1l	unchanged_loop_count	4632	4948	-316	1	1	0	0	0	0	0	0	0	1	1	0
ENSRNOG00000020350	Pacs1	unchanged_loop_count	4632	4948	-316	1	1	0	0	0	0	0	0	0	1	1	0
ENSRNOG00000014744	Pacs2	unchanged_loop_count	4632	4948	-316	1	1	0	0	0	0	0	0	0	1	1	0
ENSRNOG00000006855	Padi4	unchanged_loop_count	4632	4948	-316	1	1	0	0	0	0	0	0	0	1	1	0
ENSRNOG00000019934	Paip2	unchanged_loop_count	4632	4948	-316	1	1	0	0	0	0	0	0	0	1	1	0
ENSRNOG00000023799	Pak1ip1	unchanged_loop_count	4632	4948	-316	1	1	0	0	0	0	1	1	0	0	0	0
ENSRNOG00000005509	Pak5	unchanged_loop_count	4632	4948	-316	1	1	0	0	0	0	0	0	0	1	1	0
ENSRNOG00000007925	Pak6	unchanged_loop_count	4632	4948	-316	1	1	0	0	0	0	0	0	0	1	1	0
ENSRNOG00000004608	Pam16	unchanged_loop_count	4632	4948	-316	1	1	0	1	1	0	0	0	0	0	0	0
ENSRNOG00000014044	Pank4	unchanged_loop_count	4632	4948	-316	1	1	0	0	0	0	0	0	0	1	1	0
ENSRNOG00000012099	Papd4	unchanged_loop_count	4632	4948	-316	1	1	0	0	0	0	0	0	0	1	1	0
ENSRNOG00000011068	Papss2	unchanged_loop_count	4632	4948	-316	1	1	0	0	0	0	1	1	0	0	0	0
ENSRNOG00000019978	Parg	unchanged_loop_count	4632	4948	-316	1	1	0	0	0	0	0	0	0	1	1	0
ENSRNOG00000018289	Park7	unchanged_loop_count	4632	4948	-316	1	1	0	0	0	0	0	0	0	1	1	0
ENSRNOG00000004361	Parp10	decreased_loop_count	1472	4948	-3476	3	1	-2	0	0	0	2	1	-1	1	0	-1
ENSRNOG00000060689	Parp11	unchanged_loop_count	4632	4948	-316	1	1	0	1	1	0	0	0	0	0	0	0
ENSRNOG00000023334	Parp14	decreased_loop_count	1472	4948	-3476	3	1	-2	0	0	0	1	0	-1	2	1	-1
ENSRNOG00000055305	Parvb	unchanged_loop_count	4632	4948	-316	1	1	0	0	0	0	0	0	0	1	1	0
ENSRNOG00000018709	Patz1	unchanged_loop_count	4632	4948	-316	1	1	0	0	0	0	1	1	0	0	0	0
ENSRNOG00000013670	Pax3	unchanged_loop_count	4632	4948	-316	1	1	0	0	0	0	0	0	0	1	1	0
ENSRNOG00000002662	Pbdc1	unchanged_loop_count	4632	4948	-316	1	1	0	0	0	0	0	0	0	1	1	0
ENSRNOG00000020673	Pbxip1	unchanged_loop_count	4632	4948	-316	1	1	0	0	0	0	0	0	0	1	1	0
ENSRNOG00000000606	Pcdh15	unchanged_loop_count	4632	4948	-316	1	1	0	0	0	0	0	0	0	1	1	0
ENSRNOG00000008970	Pcdh17	unchanged_loop_count	4632	4948	-316	1	1	0	0	0	0	0	0	0	1	1	0
ENSRNOG00000012367	Pcdh7	unchanged_loop_count	4632	4948	-316	1	1	0	0	0	0	0	0	0	1	1	0
ENSRNOG00000063828	Pcdh7	unchanged_loop_count	4632	4948	-316	1	1	0	0	0	0	0	0	0	1	1	0
ENSRNOG00000033719	Pcdhb12	unchanged_loop_count	4632	4948	-316	1	1	0	0	0	0	1	1	0	0	0	0
ENSRNOG00000020054	Pcdhb15	unchanged_loop_count	4632	4948	-316	1	1	0	0	0	0	0	0	0	1	1	0
ENSRNOG00000039471	Pcdhb16	unchanged_loop_count	4632	4948	-316	1	1	0	0	0	0	0	0	0	1	1	0
ENSRNOG00000033123	Pcdhb20	unchanged_loop_count	4632	4948	-316	1	1	0	0	0	0	0	0	0	1	1	0
ENSRNOG00000033479	Pcdhb21	unchanged_loop_count	4632	4948	-316	1	1	0	0	0	0	0	0	0	1	1	0
ENSRNOG00000020028	Pcdhb22	unchanged_loop_count	4632	4948	-316	1	1	0	0	0	0	0	0	0	1	1	0
ENSRNOG00000020062	Pcdhb6l	unchanged_loop_count	4632	4948	-316	1	1	0	0	0	0	1	1	0	0	0	0
ENSRNOG00000012705	Pcgf2	new_gene_in_sensitivity	NA	4948	NA	0	1	1	0	1	1	0	0	0	0	0	0
ENSRNOG00000018532	Pcgf5	unchanged_loop_count	4632	4948	-316	1	1	0	0	0	0	0	0	0	1	1	0
ENSRNOG00000005726	Pclo	unchanged_loop_count	4632	4948	-316	1	1	0	0	0	0	0	0	0	1	1	0
ENSRNOG00000028411	Pcnp	unchanged_loop_count	4632	4948	-316	1	1	0	0	0	0	1	1	0	0	0	0
ENSRNOG00000000993	Pcp2	new_gene_in_sensitivity	NA	4948	NA	0	1	1	0	1	1	0	0	0	0	0	0
ENSRNOG00000011107	Pcsk1	unchanged_loop_count	4632	4948	-316	1	1	0	0	0	0	0	0	0	1	1	0
ENSRNOG00000007112	Pcsk1n	unchanged_loop_count	4632	4948	-316	1	1	0	0	0	0	0	0	0	1	1	0
ENSRNOG00000012036	Pcsk5	unchanged_loop_count	4632	4948	-316	1	1	0	0	0	0	0	0	0	1	1	0
ENSRNOG00000019643	Pcyox1l	new_gene_in_sensitivity	NA	4948	NA	0	1	1	0	0	0	0	1	1	0	0	0
ENSRNOG00000012358	Pcyt1b	unchanged_loop_count	4632	4948	-316	1	1	0	0	0	0	0	0	0	1	1	0
ENSRNOG00000010147	Pdcd10	unchanged_loop_count	4632	4948	-316	1	1	0	0	0	0	0	0	0	1	1	0
ENSRNOG00000014485	Pdcd6	unchanged_loop_count	4632	4948	-316	1	1	0	0	0	0	0	0	0	1	1	0
ENSRNOG00000010280	Pde8b	unchanged_loop_count	4632	4948	-316	1	1	0	1	1	0	0	0	0	0	0	0
ENSRNOG00000017197	Pdgfb	unchanged_loop_count	4632	4948	-316	1	1	0	0	0	0	1	1	0	0	0	0
ENSRNOG00000010832	Pdgfrl	unchanged_loop_count	4632	4948	-316	1	1	0	0	0	0	1	1	0	0	0	0
ENSRNOG00000015368	Pdilt	unchanged_loop_count	4632	4948	-316	1	1	0	0	0	0	0	0	0	1	1	0
ENSRNOG00000016180	Pdp1	unchanged_loop_count	4632	4948	-316	1	1	0	0	0	0	1	1	0	0	0	0
ENSRNOG00000006136	Pdpk1	unchanged_loop_count	4632	4948	-316	1	1	0	0	0	0	0	0	0	1	1	0
ENSRNOG00000002541	Pds5a	decreased_loop_count	1472	4948	-3476	3	1	-2	1	0	-1	0	0	0	2	1	-1
ENSRNOG00000002407	Pdxdc1	unchanged_loop_count	4632	4948	-316	1	1	0	0	0	0	0	0	0	1	1	0
ENSRNOG00000026036	Pdyn	unchanged_loop_count	4632	4948	-316	1	1	0	0	0	0	0	0	0	1	1	0
ENSRNOG00000008161	Pdzk1ip1	new_gene_in_sensitivity	NA	4948	NA	0	1	1	0	0	0	0	1	1	0	0	0
ENSRNOG00000022844	Pdzrn4	unchanged_loop_count	4632	4948	-316	1	1	0	0	0	0	0	0	0	1	1	0
ENSRNOG00000066008	Pecam1	unchanged_loop_count	4632	4948	-316	1	1	0	0	0	0	0	0	0	1	1	0
ENSRNOG00000055295	Pecr	unchanged_loop_count	4632	4948	-316	1	1	0	0	0	0	0	0	0	1	1	0
ENSRNOG00000012363	Peli2	unchanged_loop_count	4632	4948	-316	1	1	0	0	0	0	0	0	0	1	1	0
ENSRNOG00000054423	Pemt	unchanged_loop_count	4632	4948	-316	1	1	0	0	0	0	0	0	0	1	1	0
ENSRNOG00000020254	Per2	unchanged_loop_count	4632	4948	-316	1	1	0	0	0	0	1	1	0	0	0	0
ENSRNOG00000011994	Perp	unchanged_loop_count	4632	4948	-316	1	1	0	0	0	0	0	0	0	1	1	0
ENSRNOG00000006539	Pex16	unchanged_loop_count	4632	4948	-316	1	1	0	0	0	0	1	1	0	0	0	0
ENSRNOG00000012322	Pex7	unchanged_loop_count	4632	4948	-316	1	1	0	0	0	0	0	0	0	1	1	0
ENSRNOG00000018653	Pfdn1	unchanged_loop_count	4632	4948	-316	1	1	0	0	0	0	1	1	0	0	0	0
ENSRNOG00000003983	Pfdn2	new_gene_in_sensitivity	NA	4948	NA	0	1	1	0	0	0	0	0	0	0	1	1
ENSRNOG00000066932	Pfdn2	unchanged_loop_count	4632	4948	-316	1	1	0	0	0	0	0	0	0	1	1	0
ENSRNOG00000004162	Pfkfb2	unchanged_loop_count	4632	4948	-316	1	1	0	0	0	0	0	0	0	1	1	0
ENSRNOG00000047752	Pfn3	unchanged_loop_count	4632	4948	-316	1	1	0	0	0	0	0	0	0	1	1	0
ENSRNOG00000020374	Pgap6	unchanged_loop_count	4632	4948	-316	1	1	0	0	0	0	0	0	0	1	1	0
ENSRNOG00000057626	Pgd	decreased_loop_count	2598	4948	-2350	2	1	-1	0	0	0	0	0	0	2	1	-1
ENSRNOG00000014783	Pgghg	unchanged_loop_count	4632	4948	-316	1	1	0	0	0	0	1	1	0	0	0	0
ENSRNOG00000003541	Pggt1b	unchanged_loop_count	4632	4948	-316	1	1	0	0	0	0	0	0	0	1	1	0
ENSRNOG00000013600	Pgk2	unchanged_loop_count	4632	4948	-316	1	1	0	0	0	0	1	1	0	0	0	0
ENSRNOG00000009536	Pgp	unchanged_loop_count	4632	4948	-316	1	1	0	0	0	0	0	0	0	1	1	0
ENSRNOG00000002949	Pgs1	unchanged_loop_count	4632	4948	-316	1	1	0	0	0	0	0	0	0	1	1	0
ENSRNOG00000009491	Phc3	decreased_loop_count	2598	4948	-2350	2	1	-1	0	0	0	0	0	0	2	1	-1
ENSRNOG00000061312	Phf10	unchanged_loop_count	4632	4948	-316	1	1	0	0	0	0	0	0	0	1	1	0
ENSRNOG00000009566	Phf12	unchanged_loop_count	4632	4948	-316	1	1	0	0	0	0	0	0	0	1	1	0
ENSRNOG00000009046	Phf13	unchanged_loop_count	4632	4948	-316	1	1	0	0	0	0	1	1	0	0	0	0
ENSRNOG00000060434	Phgr1	unchanged_loop_count	4632	4948	-316	1	1	0	0	0	0	0	0	0	1	1	0
ENSRNOG00000055259	Phldb3	new_gene_in_sensitivity	NA	4948	NA	0	1	1	0	0	0	0	1	1	0	0	0
ENSRNOG00000005569	Phospho1	unchanged_loop_count	4632	4948	-316	1	1	0	1	1	0	0	0	0	0	0	0
ENSRNOG00000019706	Phox2a	unchanged_loop_count	4632	4948	-316	1	1	0	0	0	0	0	0	0	1	1	0
ENSRNOG00000017686	Pi15	unchanged_loop_count	4632	4948	-316	1	1	0	0	0	0	0	0	0	1	1	0
ENSRNOG00000011507	Pick1	unchanged_loop_count	4632	4948	-316	1	1	0	0	0	0	0	0	0	1	1	0
ENSRNOG00000003554	Piga	unchanged_loop_count	4632	4948	-316	1	1	0	0	0	0	0	0	0	1	1	0
ENSRNOG00000010914	Pigh	unchanged_loop_count	4632	4948	-316	1	1	0	0	0	0	1	1	0	0	0	0
ENSRNOG00000007735	Pigm	unchanged_loop_count	4632	4948	-316	1	1	0	0	0	0	0	0	0	1	1	0
ENSRNOG00000009930	Pigo	unchanged_loop_count	4632	4948	-316	1	1	0	0	0	0	1	1	0	0	0	0
ENSRNOG00000039850	Pigp	unchanged_loop_count	4632	4948	-316	1	1	0	0	0	0	1	1	0	0	0	0
ENSRNOG00000025181	Pigu	unchanged_loop_count	4632	4948	-316	1	1	0	0	0	0	0	0	0	1	1	0
ENSRNOG00000052134	Pigy	unchanged_loop_count	4632	4948	-316	1	1	0	0	0	0	1	1	0	0	0	0
ENSRNOG00000020634	Pih1d1	unchanged_loop_count	4632	4948	-316	1	1	0	0	0	0	1	1	0	0	0	0
ENSRNOG00000020479	Pik3c2a	unchanged_loop_count	4632	4948	-316	1	1	0	1	1	0	0	0	0	0	0	0
ENSRNOG00000029938	Pik3c2b	unchanged_loop_count	4632	4948	-316	1	1	0	1	1	0	0	0	0	0	0	0
ENSRNOG00000034228	Pik3c2g	unchanged_loop_count	4632	4948	-316	1	1	0	0	0	0	0	0	0	1	1	0
ENSRNOG00000018859	Pik3ip1	unchanged_loop_count	4632	4948	-316	1	1	0	0	0	0	1	1	0	0	0	0
ENSRNOG00000013669	Pik3r4	unchanged_loop_count	4632	4948	-316	1	1	0	0	0	0	0	0	0	1	1	0
ENSRNOG00000029698	Pim3	unchanged_loop_count	4632	4948	-316	1	1	0	0	0	0	0	0	0	1	1	0
ENSRNOG00000008040	Pimreg	unchanged_loop_count	4632	4948	-316	1	1	0	0	0	0	0	0	0	1	1	0
ENSRNOG00000020474	Pin1	decreased_loop_count	2598	4948	-2350	2	1	-1	0	0	0	2	1	-1	0	0	0
ENSRNOG00000015385	Pink1	decreased_loop_count	2598	4948	-2350	2	1	-1	1	0	-1	0	0	0	1	1	0
ENSRNOG00000021068	Pip5k1a	new_gene_in_sensitivity	NA	4948	NA	0	1	1	0	1	1	0	0	0	0	0	0
ENSRNOG00000020577	Pip5k1c	unchanged_loop_count	4632	4948	-316	1	1	0	0	0	0	1	1	0	0	0	0
ENSRNOG00000063443	Pirt	unchanged_loop_count	4632	4948	-316	1	1	0	0	0	0	0	0	0	1	1	0
ENSRNOG00000018319	Pisd	unchanged_loop_count	4632	4948	-316	1	1	0	0	0	0	0	0	0	1	1	0
ENSRNOG00000008323	Pitpnm3	unchanged_loop_count	4632	4948	-316	1	1	0	0	0	0	1	1	0	0	0	0
ENSRNOG00000010771	Pkd1	unchanged_loop_count	4632	4948	-316	1	1	0	0	0	0	0	0	0	1	1	0
ENSRNOG00000004865	Pkd1l1	unchanged_loop_count	4632	4948	-316	1	1	0	0	0	0	0	0	0	1	1	0
ENSRNOG00000025489	Pkd2l2	unchanged_loop_count	4632	4948	-316	1	1	0	0	0	0	1	1	0	0	0	0
ENSRNOG00000029591	Pkdrej	unchanged_loop_count	4632	4948	-316	1	1	0	0	0	0	0	0	0	1	1	0
ENSRNOG00000058742	Pkhd1	unchanged_loop_count	4632	4948	-316	1	1	0	0	0	0	1	1	0	0	0	0
ENSRNOG00000004398	Pkhd1l1	unchanged_loop_count	4632	4948	-316	1	1	0	0	0	0	0	0	0	1	1	0
ENSRNOG00000011317	Pkn2	unchanged_loop_count	4632	4948	-316	1	1	0	0	0	0	1	1	0	0	0	0
ENSRNOG00000028856	Pknox2	unchanged_loop_count	4632	4948	-316	1	1	0	0	0	0	0	0	0	1	1	0
ENSRNOG00000005504	Pkp4	unchanged_loop_count	4632	4948	-316	1	1	0	0	0	0	0	0	0	1	1	0
ENSRNOG00000046619	Pla2g12b	unchanged_loop_count	4632	4948	-316	1	1	0	0	0	0	0	0	0	1	1	0
ENSRNOG00000021206	Pla2g16	unchanged_loop_count	4632	4948	-316	1	1	0	0	0	0	1	1	0	0	0	0
ENSRNOG00000016647	Pla2g2c	new_gene_in_sensitivity	NA	4948	NA	0	1	1	0	0	0	0	1	1	0	0	0
ENSRNOG00000037231	Pla2g4d	decreased_loop_count	2598	4948	-2350	2	1	-1	0	0	0	0	0	0	2	1	-1
ENSRNOG00000024904	Pla2g4e	new_gene_in_sensitivity	NA	4948	NA	0	1	1	0	0	0	0	0	0	0	1	1
ENSRNOG00000025587	Plagl1	unchanged_loop_count	4632	4948	-316	1	1	0	0	0	0	1	1	0	0	0	0
ENSRNOG00000028566	Pld4	unchanged_loop_count	4632	4948	-316	1	1	0	0	0	0	0	0	0	1	1	0
ENSRNOG00000010098	Plek2	unchanged_loop_count	4632	4948	-316	1	1	0	0	0	0	1	1	0	0	0	0
ENSRNOG00000024602	Plekha7	unchanged_loop_count	4632	4948	-316	1	1	0	0	0	0	1	1	0	0	0	0
ENSRNOG00000016479	Plekhg4	unchanged_loop_count	4632	4948	-316	1	1	0	1	1	0	0	0	0	0	0	0
ENSRNOG00000019247	Plekhj1	unchanged_loop_count	4632	4948	-316	1	1	0	0	0	0	1	1	0	0	0	0
ENSRNOG00000018484	Plk3	unchanged_loop_count	4632	4948	-316	1	1	0	0	0	0	0	0	0	1	1	0
ENSRNOG00000011654	Plk4	unchanged_loop_count	4632	4948	-316	1	1	0	0	0	0	0	0	0	1	1	0
ENSRNOG00000016558	Pllp	unchanged_loop_count	4632	4948	-316	1	1	0	0	0	0	0	0	0	1	1	0
ENSRNOG00000000413	Pln	unchanged_loop_count	4632	4948	-316	1	1	0	0	0	0	0	0	0	1	1	0
ENSRNOG00000002419	Plp1	unchanged_loop_count	4632	4948	-316	1	1	0	0	0	0	1	1	0	0	0	0
ENSRNOG00000015568	Plpp5	unchanged_loop_count	4632	4948	-316	1	1	0	0	0	0	0	0	0	1	1	0
ENSRNOG00000015268	Plpp6	unchanged_loop_count	4632	4948	-316	1	1	0	0	0	0	0	0	0	1	1	0
ENSRNOG00000007970	Plxnc1	unchanged_loop_count	4632	4948	-316	1	1	0	0	0	0	0	0	0	1	1	0
ENSRNOG00000019620	Pmf1	unchanged_loop_count	4632	4948	-316	1	1	0	0	0	0	1	1	0	0	0	0
ENSRNOG00000002615	Pmm2	unchanged_loop_count	4632	4948	-316	1	1	0	0	0	0	0	0	0	1	1	0
ENSRNOG00000004076	Pms1	unchanged_loop_count	4632	4948	-316	1	1	0	0	0	0	0	0	0	1	1	0
ENSRNOG00000001040	Pms2	unchanged_loop_count	4632	4948	-316	1	1	0	0	0	0	0	0	0	1	1	0
ENSRNOG00000058317	Pnck	new_gene_in_sensitivity	NA	4948	NA	0	1	1	0	0	0	0	0	0	0	1	1
ENSRNOG00000023140	Pnldc1	unchanged_loop_count	4632	4948	-316	1	1	0	0	0	0	0	0	0	1	1	0
ENSRNOG00000010553	Pnma1	unchanged_loop_count	4632	4948	-316	1	1	0	0	0	0	0	0	0	1	1	0
ENSRNOG00000070467	Pnma6e	unchanged_loop_count	4632	4948	-316	1	1	0	0	0	0	0	0	0	1	1	0
ENSRNOG00000046057	Pnmt	unchanged_loop_count	4632	4948	-316	1	1	0	1	1	0	0	0	0	0	0	0
ENSRNOG00000004061	Pnn	unchanged_loop_count	4632	4948	-316	1	1	0	0	0	0	1	1	0	0	0	0
ENSRNOG00000009982	Pnp	unchanged_loop_count	4632	4948	-316	1	1	0	0	0	0	0	0	0	1	1	0
ENSRNOG00000008190	Pnpla7	unchanged_loop_count	4632	4948	-316	1	1	0	0	0	0	0	0	0	1	1	0
ENSRNOG00000018193	Poc5	unchanged_loop_count	4632	4948	-316	1	1	0	0	0	0	0	0	0	1	1	0
ENSRNOG00000001228	Pofut2	unchanged_loop_count	4632	4948	-316	1	1	0	0	0	0	0	0	0	1	1	0
ENSRNOG00000032058	Pogk	unchanged_loop_count	4632	4948	-316	1	1	0	0	0	0	0	0	0	1	1	0
ENSRNOG00000013322	Pola1	unchanged_loop_count	4632	4948	-316	1	1	0	0	0	0	0	0	0	1	1	0
ENSRNOG00000018411	Pold3	unchanged_loop_count	4632	4948	-316	1	1	0	0	0	0	1	1	0	0	0	0
ENSRNOG00000032293	Polg	new_gene_in_sensitivity	NA	4948	NA	0	1	1	0	0	0	0	0	0	0	1	1
ENSRNOG00000016748	Poll	unchanged_loop_count	4632	4948	-316	1	1	0	0	0	0	0	0	0	1	1	0
ENSRNOG00000009545	Polr1a	unchanged_loop_count	4632	4948	-316	1	1	0	0	0	0	0	0	0	1	1	0
ENSRNOG00000012664	Polr1e	unchanged_loop_count	4632	4948	-316	1	1	0	0	0	0	1	1	0	0	0	0
ENSRNOG00000015720	Polr2c	unchanged_loop_count	4632	4948	-316	1	1	0	1	1	0	0	0	0	0	0	0
ENSRNOG00000001430	Polr2j	new_gene_in_sensitivity	NA	4948	NA	0	1	1	0	0	0	0	0	0	0	1	1
ENSRNOG00000055424	Polr2k-ps2	unchanged_loop_count	4632	4948	-316	1	1	0	0	0	0	0	0	0	1	1	0
ENSRNOG00000021209	Polr3gl	unchanged_loop_count	4632	4948	-316	1	1	0	0	0	0	1	1	0	0	0	0
ENSRNOG00000004471	Polr3h	unchanged_loop_count	4632	4948	-316	1	1	0	0	0	0	0	0	0	1	1	0
ENSRNOG00000023455	Pomgnt1	unchanged_loop_count	4632	4948	-316	1	1	0	0	0	0	0	0	0	1	1	0
ENSRNOG00000014628	Pomk	unchanged_loop_count	4632	4948	-316	1	1	0	0	0	0	0	0	0	1	1	0
ENSRNOG00000048470	Pomp	unchanged_loop_count	4632	4948	-316	1	1	0	0	0	0	0	0	0	1	1	0
ENSRNOG00000027646	Pop4	decreased_loop_count	1472	4948	-3476	3	1	-2	1	0	-1	2	1	-1	0	0	0
ENSRNOG00000012660	Postn	unchanged_loop_count	4632	4948	-316	1	1	0	0	0	0	1	1	0	0	0	0
ENSRNOG00000004719	Pp2d1	unchanged_loop_count	4632	4948	-316	1	1	0	0	0	0	0	0	0	1	1	0
ENSRNOG00000017503	Ppargc1b	unchanged_loop_count	4632	4948	-316	1	1	0	0	0	0	1	1	0	0	0	0
ENSRNOG00000004353	Ppfia2	unchanged_loop_count	4632	4948	-316	1	1	0	0	0	0	0	0	0	1	1	0
ENSRNOG00000020731	Ppfia3	unchanged_loop_count	4632	4948	-316	1	1	0	0	0	0	1	1	0	0	0	0
ENSRNOG00000031709	Ppfibp1	new_gene_in_sensitivity	NA	4948	NA	0	1	1	0	0	0	0	1	1	0	0	0
ENSRNOG00000022778	Pphln1	unchanged_loop_count	4632	4948	-316	1	1	0	0	0	0	0	0	0	1	1	0
ENSRNOG00000013636	Ppil3	unchanged_loop_count	4632	4948	-316	1	1	0	0	0	0	0	0	0	1	1	0
ENSRNOG00000024730	Ppm1e	unchanged_loop_count	4632	4948	-316	1	1	0	0	0	0	1	1	0	0	0	0
ENSRNOG00000006893	Ppm1k	unchanged_loop_count	4632	4948	-316	1	1	0	0	0	0	0	0	0	1	1	0
ENSRNOG00000058133	Ppm1n	unchanged_loop_count	4632	4948	-316	1	1	0	0	0	0	1	1	0	0	0	0
ENSRNOG00000004925	Ppp1r12a	unchanged_loop_count	4632	4948	-316	1	1	0	0	0	0	0	0	0	1	1	0
ENSRNOG00000016368	Ppp1r14c	unchanged_loop_count	4632	4948	-316	1	1	0	0	0	0	0	0	0	1	1	0
ENSRNOG00000038480	Ppp1r36	unchanged_loop_count	4632	4948	-316	1	1	0	0	0	0	1	1	0	0	0	0
ENSRNOG00000011474	Ppp1r3b	unchanged_loop_count	4632	4948	-316	1	1	0	0	0	0	1	1	0	0	0	0
ENSRNOG00000018494	Ppp1r3c	unchanged_loop_count	4632	4948	-316	1	1	0	0	0	0	0	0	0	1	1	0
ENSRNOG00000011282	Ppp2r1a	unchanged_loop_count	4632	4948	-316	1	1	0	0	0	0	0	0	0	1	1	0
ENSRNOG00000058202	Ppp2r2c	new_gene_in_sensitivity	NA	4948	NA	0	1	1	0	0	0	0	0	0	0	1	1
ENSRNOG00000005045	Ppp2r5e	unchanged_loop_count	4632	4948	-316	1	1	0	0	0	0	0	0	0	1	1	0
ENSRNOG00000054782	Ppp3cb	unchanged_loop_count	4632	4948	-316	1	1	0	0	0	0	1	1	0	0	0	0
ENSRNOG00000009745	Ppp3cc	unchanged_loop_count	4632	4948	-316	1	1	0	0	0	0	0	0	0	1	1	0
ENSRNOG00000005368	Ppp3r2	unchanged_loop_count	4632	4948	-316	1	1	0	0	0	0	0	0	0	1	1	0
ENSRNOG00000065066	Ppp3r2	unchanged_loop_count	4632	4948	-316	1	1	0	0	0	0	0	0	0	1	1	0
ENSRNOG00000018090	Ppp6r1	unchanged_loop_count	4632	4948	-316	1	1	0	0	0	0	0	0	0	1	1	0
ENSRNOG00000012616	Ppt1	unchanged_loop_count	4632	4948	-316	1	1	0	0	0	0	0	0	0	1	1	0
ENSRNOG00000020874	Ppy	unchanged_loop_count	4632	4948	-316	1	1	0	1	1	0	0	0	0	0	0	0
ENSRNOG00000005126	Pqlc3	unchanged_loop_count	4632	4948	-316	1	1	0	0	0	0	0	0	0	1	1	0
ENSRNOG00000011407	Prag1	unchanged_loop_count	4632	4948	-316	1	1	0	0	0	0	0	0	0	1	1	0
ENSRNOG00000007853	Prdm10	unchanged_loop_count	4632	4948	-316	1	1	0	0	0	0	0	0	0	1	1	0
ENSRNOG00000007683	Prdm13	unchanged_loop_count	4632	4948	-316	1	1	0	0	0	0	0	0	0	1	1	0
ENSRNOG00000021792	Prdm14	unchanged_loop_count	4632	4948	-316	1	1	0	0	0	0	0	0	0	1	1	0
ENSRNOG00000017954	Prelid3a	decreased_loop_count	1472	4948	-3476	3	1	-2	1	0	-1	1	0	-1	1	1	0
ENSRNOG00000006952	Prex1	unchanged_loop_count	4632	4948	-316	1	1	0	0	0	0	1	1	0	0	0	0
ENSRNOG00000005391	Prex2	unchanged_loop_count	4632	4948	-316	1	1	0	0	0	0	0	0	0	1	1	0
ENSRNOG00000022772	Prickle1	unchanged_loop_count	4632	4948	-316	1	1	0	0	0	0	1	1	0	0	0	0
ENSRNOG00000070180	Prkag1	unchanged_loop_count	4632	4948	-316	1	1	0	0	0	0	0	0	0	1	1	0
ENSRNOG00000017248	Prkag3	unchanged_loop_count	4632	4948	-316	1	1	0	0	0	0	0	0	0	1	1	0
ENSRNOG00000028733	Prkar1b	unchanged_loop_count	4632	4948	-316	1	1	0	0	0	0	0	0	0	1	1	0
ENSRNOG00000016346	Prkcd	unchanged_loop_count	4632	4948	-316	1	1	0	1	1	0	0	0	0	0	0	0
ENSRNOG00000013360	Prkcsh	unchanged_loop_count	4632	4948	-316	1	1	0	0	0	0	1	1	0	0	0	0
ENSRNOG00000015480	Prkcz	unchanged_loop_count	4632	4948	-316	1	1	0	0	0	0	1	1	0	0	0	0
ENSRNOG00000060168	Prkx	unchanged_loop_count	4632	4948	-316	1	1	0	0	0	0	1	1	0	0	0	0
ENSRNOG00000002539	Prm2	new_gene_in_sensitivity	NA	4948	NA	0	1	1	0	0	0	0	0	0	0	1	1
ENSRNOG00000002564	Prm3	unchanged_loop_count	4632	4948	-316	1	1	0	0	0	0	0	0	0	1	1	0
ENSRNOG00000000258	Prmt7	decreased_loop_count	1472	4948	-3476	3	1	-2	1	0	-1	1	0	-1	1	1	0
ENSRNOG00000021259	Prnp	unchanged_loop_count	4632	4948	-316	1	1	0	0	0	0	0	0	0	1	1	0
ENSRNOG00000019330	Procr	decreased_loop_count	2598	4948	-2350	2	1	-1	0	0	0	0	0	0	2	1	-1
ENSRNOG00000018201	Prok1	unchanged_loop_count	4632	4948	-316	1	1	0	0	0	0	1	1	0	0	0	0
ENSRNOG00000045553	Proser2	new_gene_in_sensitivity	NA	4948	NA	0	1	1	0	0	0	0	0	0	0	1	1
ENSRNOG00000020897	Prpf19	decreased_loop_count	2598	4948	-2350	2	1	-1	0	0	0	1	1	0	1	0	-1
ENSRNOG00000014777	Prpf4	unchanged_loop_count	4632	4948	-316	1	1	0	0	0	0	0	0	0	1	1	0
ENSRNOG00000010083	Prpsap1	decreased_loop_count	2598	4948	-2350	2	1	-1	1	0	-1	0	0	0	1	1	0
ENSRNOG00000048891	Prr14l	unchanged_loop_count	4632	4948	-316	1	1	0	0	0	0	0	0	0	1	1	0
ENSRNOG00000047295	Prr22	unchanged_loop_count	4632	4948	-316	1	1	0	0	0	0	1	1	0	0	0	0
ENSRNOG00000004666	Prr5l	unchanged_loop_count	4632	4948	-316	1	1	0	0	0	0	1	1	0	0	0	0
ENSRNOG00000020517	Prrg2	decreased_loop_count	2598	4948	-2350	2	1	-1	1	1	0	1	0	-1	0	0	0
ENSRNOG00000047969	Prss21	unchanged_loop_count	4632	4948	-316	1	1	0	0	0	0	0	0	0	1	1	0
ENSRNOG00000017307	Prss23	unchanged_loop_count	4632	4948	-316	1	1	0	0	0	0	0	0	0	1	1	0
ENSRNOG00000029223	Prss32	unchanged_loop_count	4632	4948	-316	1	1	0	0	0	0	0	0	0	1	1	0
ENSRNOG00000037175	Prss50	unchanged_loop_count	4632	4948	-316	1	1	0	0	0	0	1	1	0	0	0	0
ENSRNOG00000006845	Psapl1	unchanged_loop_count	4632	4948	-316	1	1	0	0	0	0	0	0	0	1	1	0
ENSRNOG00000061376	Psca	unchanged_loop_count	4632	4948	-316	1	1	0	0	0	0	0	0	0	1	1	0
ENSRNOG00000006079	Psd4	unchanged_loop_count	4632	4948	-316	1	1	0	0	0	0	0	0	0	1	1	0
ENSRNOG00000009110	Psen1	new_gene_in_sensitivity	NA	4948	NA	0	1	1	0	0	0	0	0	0	0	1	1
ENSRNOG00000011498	Psip1	unchanged_loop_count	4632	4948	-316	1	1	0	0	0	0	1	1	0	0	0	0
ENSRNOG00000011745	Psma1	unchanged_loop_count	4632	4948	-316	1	1	0	0	0	0	0	0	0	1	1	0
ENSRNOG00000019868	Psma5	unchanged_loop_count	4632	4948	-316	1	1	0	0	0	0	1	1	0	0	0	0
ENSRNOG00000001488	Psmb1	unchanged_loop_count	4632	4948	-316	1	1	0	0	0	0	0	0	0	1	1	0
ENSRNOG00000052730	Psmb3	unchanged_loop_count	4632	4948	-316	1	1	0	1	1	0	0	0	0	0	0	0
ENSRNOG00000019551	Psmb6	decreased_loop_count	2598	4948	-2350	2	1	-1	0	0	0	2	1	-1	0	0	0
ENSRNOG00000011732	Psmb7	unchanged_loop_count	4632	4948	-316	1	1	0	0	0	0	0	0	0	1	1	0
ENSRNOG00000011414	Psmc3	unchanged_loop_count	4632	4948	-316	1	1	0	0	0	0	0	0	0	1	1	0
ENSRNOG00000020022	Psmc3ip	unchanged_loop_count	4632	4948	-316	1	1	0	1	1	0	0	0	0	0	0	0
ENSRNOG00000020013	Psrc1	unchanged_loop_count	4632	4948	-316	1	1	0	0	0	0	1	1	0	0	0	0
ENSRNOG00000016413	Pstpip1	unchanged_loop_count	4632	4948	-316	1	1	0	0	0	0	1	1	0	0	0	0
ENSRNOG00000014891	Ptar1	unchanged_loop_count	4632	4948	-316	1	1	0	0	0	0	0	0	0	1	1	0
ENSRNOG00000010448	Ptbp1	unchanged_loop_count	4632	4948	-316	1	1	0	0	0	0	0	0	0	1	1	0
ENSRNOG00000009484	Ptcd3	unchanged_loop_count	4632	4948	-316	1	1	0	0	0	0	0	0	0	1	1	0
ENSRNOG00000016902	Ptf1a	new_gene_in_sensitivity	NA	4948	NA	0	1	1	0	0	0	0	0	0	0	1	1
ENSRNOG00000002642	Ptges3	unchanged_loop_count	4632	4948	-316	1	1	0	0	0	0	0	0	0	1	1	0
ENSRNOG00000069267	Pthlh	unchanged_loop_count	4632	4948	-316	1	1	0	0	0	0	0	0	0	1	1	0
ENSRNOG00000039976	Ptk7	new_gene_in_sensitivity	NA	4948	NA	0	1	1	0	0	0	0	0	0	0	1	1
ENSRNOG00000025731	Ptma	unchanged_loop_count	4632	4948	-316	1	1	0	0	0	0	0	0	0	1	1	0
ENSRNOG00000011771	Ptp4a1	unchanged_loop_count	4632	4948	-316	1	1	0	0	0	0	0	0	0	1	1	0
ENSRNOG00000009723	Ptpmt1	unchanged_loop_count	4632	4948	-316	1	1	0	0	0	0	0	0	0	1	1	0
ENSRNOG00000011425	Ptpn3	unchanged_loop_count	4632	4948	-316	1	1	0	0	0	0	0	0	0	1	1	0
ENSRNOG00000002625	Ptpn4	unchanged_loop_count	4632	4948	-316	1	1	0	0	0	0	1	1	0	0	0	0
ENSRNOG00000055293	Ptprb	unchanged_loop_count	4632	4948	-316	1	1	0	0	0	0	0	0	0	1	1	0
ENSRNOG00000005711	Ptprd	unchanged_loop_count	4632	4948	-316	1	1	0	0	0	0	0	0	0	1	1	0
ENSRNOG00000015717	Ptpre	decreased_loop_count	1472	4948	-3476	3	1	-2	2	1	-1	1	0	-1	0	0	0
ENSRNOG00000009419	Ptprg	unchanged_loop_count	4632	4948	-316	1	1	0	0	0	0	1	1	0	0	0	0
ENSRNOG00000034025	Ptprj	unchanged_loop_count	4632	4948	-316	1	1	0	0	0	0	0	0	0	1	1	0
ENSRNOG00000005003	Ptprn2	unchanged_loop_count	4632	4948	-316	1	1	0	0	0	0	0	0	0	1	1	0
ENSRNOG00000049034	Ptrh1	decreased_loop_count	2598	4948	-2350	2	1	-1	0	0	0	1	0	-1	1	1	0
ENSRNOG00000012280	Ptx3	unchanged_loop_count	4632	4948	-316	1	1	0	0	0	0	0	0	0	1	1	0
ENSRNOG00000019062	Pura	unchanged_loop_count	4632	4948	-316	1	1	0	0	0	0	1	1	0	0	0	0
ENSRNOG00000062721	Pura	unchanged_loop_count	4632	4948	-316	1	1	0	0	0	0	1	1	0	0	0	0
ENSRNOG00000022570	Pus7l	unchanged_loop_count	4632	4948	-316	1	1	0	0	0	0	0	0	0	1	1	0
ENSRNOG00000001210	Pwp2	unchanged_loop_count	4632	4948	-316	1	1	0	0	0	0	0	0	0	1	1	0
ENSRNOG00000003936	Pwwp2a	unchanged_loop_count	4632	4948	-316	1	1	0	0	0	0	1	1	0	0	0	0
ENSRNOG00000016975	Pxmp4	decreased_loop_count	2598	4948	-2350	2	1	-1	0	0	0	1	0	-1	1	1	0
ENSRNOG00000019675	Pycard	unchanged_loop_count	4632	4948	-316	1	1	0	0	0	0	0	0	0	1	1	0
ENSRNOG00000020663	Pygo2	unchanged_loop_count	4632	4948	-316	1	1	0	0	0	0	0	0	0	1	1	0
ENSRNOG00000012472	Pyroxd1	unchanged_loop_count	4632	4948	-316	1	1	0	0	0	0	0	0	0	1	1	0
ENSRNOG00000006858	Pyurf	new_gene_in_sensitivity	NA	4948	NA	0	1	1	0	0	0	0	0	0	0	1	1
ENSRNOG00000020877	Pyy	new_gene_in_sensitivity	NA	4948	NA	0	1	1	0	1	1	0	0	0	0	0	0
ENSRNOG00000060729	Qtrt2	unchanged_loop_count	4632	4948	-316	1	1	0	0	0	0	0	0	0	1	1	0
ENSRNOG00000031437	RGD1308195	unchanged_loop_count	4632	4948	-316	1	1	0	0	0	0	0	0	0	1	1	0
ENSRNOG00000048275	RGD1309350	unchanged_loop_count	4632	4948	-316	1	1	0	0	0	0	0	0	0	1	1	0
ENSRNOG00000037621	RGD1309870	unchanged_loop_count	4632	4948	-316	1	1	0	0	0	0	0	0	0	1	1	0
ENSRNOG00000038150	RGD1560394	unchanged_loop_count	4632	4948	-316	1	1	0	0	0	0	0	0	0	1	1	0
ENSRNOG00000016193	RGD1562114	unchanged_loop_count	4632	4948	-316	1	1	0	1	1	0	0	0	0	0	0	0
ENSRNOG00000001123	RGD1562310	unchanged_loop_count	4632	4948	-316	1	1	0	0	0	0	0	0	0	1	1	0
ENSRNOG00000042716	RGD1562699	unchanged_loop_count	4632	4948	-316	1	1	0	0	0	0	0	0	0	1	1	0
ENSRNOG00000069173	RGD1563285	unchanged_loop_count	4632	4948	-316	1	1	0	0	0	0	0	0	0	1	1	0
ENSRNOG00000028651	RGD1566386	unchanged_loop_count	4632	4948	-316	1	1	0	0	0	0	1	1	0	0	0	0
ENSRNOG00000054703	RNaseP_nuc	decreased_loop_count	2598	4948	-2350	2	1	-1	0	0	0	0	0	0	2	1	-1
ENSRNOG00000070453	RNaseP_nuc	decreased_loop_count	831	4948	-4117	4	1	-3	1	0	-1	2	1	-1	1	0	-1
ENSRNOG00000038999	RT1-A1	unchanged_loop_count	4632	4948	-316	1	1	0	0	0	0	1	1	0	0	0	0
ENSRNOG00000050210	RT1-CE10	unchanged_loop_count	4632	4948	-316	1	1	0	0	0	0	1	1	0	0	0	0
ENSRNOG00000066181	RT1-CE14	unchanged_loop_count	4632	4948	-316	1	1	0	0	0	0	0	0	0	1	1	0
ENSRNOG00000031607	RT1-CE3	unchanged_loop_count	4632	4948	-316	1	1	0	0	0	0	1	1	0	0	0	0
ENSRNOG00000039744	RT1-CE4	unchanged_loop_count	4632	4948	-316	1	1	0	0	0	0	1	1	0	0	0	0
ENSRNOG00000040052	RT1-M6-1	unchanged_loop_count	4632	4948	-316	1	1	0	0	0	0	0	0	0	1	1	0
ENSRNOG00000007648	Rab11b	unchanged_loop_count	4632	4948	-316	1	1	0	0	0	0	0	0	0	1	1	0
ENSRNOG00000009523	Rab11fip2	unchanged_loop_count	4632	4948	-316	1	1	0	0	0	0	0	0	0	1	1	0
ENSRNOG00000056009	Rab11fip5	unchanged_loop_count	4632	4948	-316	1	1	0	1	1	0	0	0	0	0	0	0
ENSRNOG00000007364	Rab15	new_gene_in_sensitivity	NA	4948	NA	0	1	1	0	0	0	0	0	0	0	1	1
ENSRNOG00000023991	Rab20	unchanged_loop_count	4632	4948	-316	1	1	0	0	0	0	1	1	0	0	0	0
ENSRNOG00000003923	Rab21	decreased_loop_count	2598	4948	-2350	2	1	-1	0	0	0	1	0	-1	1	1	0
ENSRNOG00000012488	Rab2b	unchanged_loop_count	4632	4948	-316	1	1	0	0	0	0	1	1	0	0	0	0
ENSRNOG00000014258	Rab32	unchanged_loop_count	4632	4948	-316	1	1	0	0	0	0	0	0	0	1	1	0
ENSRNOG00000059793	Rab37	unchanged_loop_count	4632	4948	-316	1	1	0	0	0	0	1	1	0	0	0	0
ENSRNOG00000019433	Rab3a	unchanged_loop_count	4632	4948	-316	1	1	0	0	0	0	1	1	0	0	0	0
ENSRNOG00000036661	Rab40b	unchanged_loop_count	4632	4948	-316	1	1	0	0	0	0	1	1	0	0	0	0
ENSRNOG00000063150	Rab42	new_gene_in_sensitivity	NA	4948	NA	0	1	1	0	0	0	0	0	0	0	1	1
ENSRNOG00000037768	Rab43	unchanged_loop_count	4632	4948	-316	1	1	0	1	1	0	0	0	0	0	0	0
ENSRNOG00000018176	Rab6a	unchanged_loop_count	4632	4948	-316	1	1	0	0	0	0	1	1	0	0	0	0
ENSRNOG00000020233	Rabac1	unchanged_loop_count	4632	4948	-316	1	1	0	0	0	0	1	1	0	0	0	0
ENSRNOG00000018462	Rabep2	unchanged_loop_count	4632	4948	-316	1	1	0	0	0	0	1	1	0	0	0	0
ENSRNOG00000013947	Rabl2	unchanged_loop_count	4632	4948	-316	1	1	0	0	0	0	0	0	0	1	1	0
ENSRNOG00000069600	Rac3	unchanged_loop_count	4632	4948	-316	1	1	0	0	0	0	1	1	0	0	0	0
ENSRNOG00000049033	Racgap1	unchanged_loop_count	4632	4948	-316	1	1	0	0	0	0	0	0	0	1	1	0
ENSRNOG00000018063	Rad1	unchanged_loop_count	4632	4948	-316	1	1	0	0	0	0	0	0	0	1	1	0
ENSRNOG00000018353	Rad17	unchanged_loop_count	4632	4948	-316	1	1	0	0	0	0	0	0	0	1	1	0
ENSRNOG00000004420	Rad21	unchanged_loop_count	4632	4948	-316	1	1	0	0	0	0	0	0	0	1	1	0
ENSRNOG00000022335	Rad21l1	new_gene_in_sensitivity	NA	4948	NA	0	1	1	0	0	0	0	1	1	0	0	0
ENSRNOG00000037302	Rad51	unchanged_loop_count	4632	4948	-316	1	1	0	0	0	0	0	0	0	1	1	0
ENSRNOG00000059878	Rad51ap1	unchanged_loop_count	4632	4948	-316	1	1	0	0	0	0	0	0	0	1	1	0
ENSRNOG00000049271	Rad51ap2	unchanged_loop_count	4632	4948	-316	1	1	0	0	0	0	0	0	0	1	1	0
ENSRNOG00000059245	Rad51b	unchanged_loop_count	4632	4948	-316	1	1	0	0	0	0	1	1	0	0	0	0
ENSRNOG00000006661	Rad51c	new_gene_in_sensitivity	NA	4948	NA	0	1	1	0	0	0	0	1	1	0	0	0
ENSRNOG00000010153	Raf1	unchanged_loop_count	4632	4948	-316	1	1	0	0	0	0	0	0	0	1	1	0
ENSRNOG00000004623	Rag2	unchanged_loop_count	4632	4948	-316	1	1	0	0	0	0	0	0	0	1	1	0
ENSRNOG00000028872	Rai14	unchanged_loop_count	4632	4948	-316	1	1	0	0	0	0	0	0	0	1	1	0
ENSRNOG00000014836	Ralgapb	unchanged_loop_count	4632	4948	-316	1	1	0	0	0	0	0	0	0	1	1	0
ENSRNOG00000056463	Ralgds-ps4	unchanged_loop_count	4632	4948	-316	1	1	0	0	0	0	0	0	0	1	1	0
ENSRNOG00000016910	Ralgps1	unchanged_loop_count	4632	4948	-316	1	1	0	0	0	0	0	0	0	1	1	0
ENSRNOG00000000796	Ranbp2	unchanged_loop_count	4632	4948	-316	1	1	0	0	0	0	1	1	0	0	0	0
ENSRNOG00000017951	Ranbp9	unchanged_loop_count	4632	4948	-316	1	1	0	0	0	0	1	1	0	0	0	0
ENSRNOG00000021581	Rapgef2	unchanged_loop_count	4632	4948	-316	1	1	0	1	1	0	0	0	0	0	0	0
ENSRNOG00000037853	Rarres1	unchanged_loop_count	4632	4948	-316	1	1	0	1	1	0	0	0	0	0	0	0
ENSRNOG00000031671	Rasgef1a	unchanged_loop_count	4632	4948	-316	1	1	0	0	0	0	1	1	0	0	0	0
ENSRNOG00000000956	Rasl11a	unchanged_loop_count	4632	4948	-316	1	1	0	0	0	0	1	1	0	0	0	0
ENSRNOG00000021548	Rassf1	unchanged_loop_count	4632	4948	-316	1	1	0	0	0	0	0	0	0	1	1	0
ENSRNOG00000021261	Rassf2	unchanged_loop_count	4632	4948	-316	1	1	0	0	0	0	1	1	0	0	0	0
ENSRNOG00000016029	Rb1	unchanged_loop_count	4632	4948	-316	1	1	0	0	0	0	1	1	0	0	0	0
ENSRNOG00000002827	Rbfox1	unchanged_loop_count	4632	4948	-316	1	1	0	0	0	0	1	1	0	0	0	0
ENSRNOG00000004688	Rbfox2	unchanged_loop_count	4632	4948	-316	1	1	0	1	1	0	0	0	0	0	0	0
ENSRNOG00000004710	Rbks	unchanged_loop_count	4632	4948	-316	1	1	0	0	0	0	0	0	0	1	1	0
ENSRNOG00000001397	Rbm19	unchanged_loop_count	4632	4948	-316	1	1	0	0	0	0	0	0	0	1	1	0
ENSRNOG00000046547	Rbm24	unchanged_loop_count	4632	4948	-316	1	1	0	0	0	0	0	0	0	1	1	0
ENSRNOG00000006420	Rbm38	new_gene_in_sensitivity	NA	4948	NA	0	1	1	0	0	0	0	0	0	0	1	1
ENSRNOG00000007371	Rbmx2	unchanged_loop_count	4632	4948	-316	1	1	0	0	0	0	0	0	0	1	1	0
ENSRNOG00000015850	Rbp7	unchanged_loop_count	4632	4948	-316	1	1	0	0	0	0	0	0	0	1	1	0
ENSRNOG00000013328	Rbpms	unchanged_loop_count	4632	4948	-316	1	1	0	0	0	0	1	1	0	0	0	0
ENSRNOG00000050106	Rcc1	unchanged_loop_count	4632	4948	-316	1	1	0	0	0	0	1	1	0	0	0	0
ENSRNOG00000001483	Rcc1l	unchanged_loop_count	4632	4948	-316	1	1	0	0	0	0	0	0	0	1	1	0
ENSRNOG00000060849	Rcor2	unchanged_loop_count	4632	4948	-316	1	1	0	0	0	0	1	1	0	0	0	0
ENSRNOG00000027919	Rdh13	unchanged_loop_count	4632	4948	-316	1	1	0	0	0	0	0	0	0	1	1	0
ENSRNOG00000029651	Rdh16	unchanged_loop_count	4632	4948	-316	1	1	0	0	0	0	0	0	0	1	1	0
ENSRNOG00000053850	Rdh5	unchanged_loop_count	4632	4948	-316	1	1	0	0	0	0	0	0	0	1	1	0
ENSRNOG00000025767	Rdh8	new_gene_in_sensitivity	NA	4948	NA	0	1	1	0	0	0	0	0	0	0	1	1
ENSRNOG00000009332	Rec114	unchanged_loop_count	4632	4948	-316	1	1	0	0	0	0	0	0	0	1	1	0
ENSRNOG00000005107	Recql5	unchanged_loop_count	4632	4948	-316	1	1	0	0	0	0	1	1	0	0	0	0
ENSRNOG00000049629	Reep2	unchanged_loop_count	4632	4948	-316	1	1	0	0	0	0	1	1	0	0	0	0
ENSRNOG00000021441	Reln	unchanged_loop_count	4632	4948	-316	1	1	0	0	0	0	0	0	0	1	1	0
ENSRNOG00000011646	Rem2	unchanged_loop_count	4632	4948	-316	1	1	0	0	0	0	0	0	0	1	1	0
ENSRNOG00000054765	Renbp	decreased_loop_count	2598	4948	-2350	2	1	-1	0	0	0	0	0	0	2	1	-1
ENSRNOG00000008239	Repin1	unchanged_loop_count	4632	4948	-316	1	1	0	0	0	0	1	1	0	0	0	0
ENSRNOG00000061508	Reps2	unchanged_loop_count	4632	4948	-316	1	1	0	0	0	0	0	0	0	1	1	0
ENSRNOG00000014270	Rer1	unchanged_loop_count	4632	4948	-316	1	1	0	0	0	0	0	0	0	1	1	0
ENSRNOG00000001088	Rfc3	unchanged_loop_count	4632	4948	-316	1	1	0	0	0	0	1	1	0	0	0	0
ENSRNOG00000001134	Rfc5	unchanged_loop_count	4632	4948	-316	1	1	0	0	0	0	0	0	0	1	1	0
ENSRNOG00000022273	Rfk	unchanged_loop_count	4632	4948	-316	1	1	0	0	0	0	0	0	0	1	1	0
ENSRNOG00000063517	Rflna	unchanged_loop_count	4632	4948	-316	1	1	0	0	0	0	0	0	0	1	1	0
ENSRNOG00000021805	Rft1	unchanged_loop_count	4632	4948	-316	1	1	0	0	0	0	1	1	0	0	0	0
ENSRNOG00000011321	Rftn1	unchanged_loop_count	4632	4948	-316	1	1	0	0	0	0	0	0	0	1	1	0
ENSRNOG00000051536	Rfx4	unchanged_loop_count	4632	4948	-316	1	1	0	0	0	0	0	0	0	1	1	0
ENSRNOG00000033318	Rfxank	unchanged_loop_count	4632	4948	-316	1	1	0	0	0	0	1	1	0	0	0	0
ENSRNOG00000012396	Rgr	unchanged_loop_count	4632	4948	-316	1	1	0	0	0	0	0	0	0	1	1	0
ENSRNOG00000003895	Rgs1	unchanged_loop_count	4632	4948	-316	1	1	0	0	0	0	1	1	0	0	0	0
ENSRNOG00000027024	Rgs16	unchanged_loop_count	4632	4948	-316	1	1	0	0	0	0	1	1	0	0	0	0
ENSRNOG00000008100	Rgs20	unchanged_loop_count	4632	4948	-316	1	1	0	1	1	0	0	0	0	0	0	0
ENSRNOG00000002730	Rgs5	new_gene_in_sensitivity	NA	4948	NA	0	1	1	0	0	0	0	0	0	0	1	1
ENSRNOG00000002369	Rgs8	unchanged_loop_count	4632	4948	-316	1	1	0	0	0	0	0	0	0	1	1	0
ENSRNOG00000054963	Rhbdd1	unchanged_loop_count	4632	4948	-316	1	1	0	0	0	0	0	0	0	1	1	0
ENSRNOG00000017130	Rhd	unchanged_loop_count	4632	4948	-316	1	1	0	0	0	0	0	0	0	1	1	0
ENSRNOG00000028517	Rhno1	unchanged_loop_count	4632	4948	-316	1	1	0	0	0	0	1	1	0	0	0	0
ENSRNOG00000067361	Rhno1-ps2	unchanged_loop_count	4632	4948	-316	1	1	0	0	0	0	0	0	0	1	1	0
ENSRNOG00000050519	Rhoa	unchanged_loop_count	4632	4948	-316	1	1	0	0	0	0	0	0	0	1	1	0
ENSRNOG00000012414	Rhobtb3	unchanged_loop_count	4632	4948	-316	1	1	0	0	0	0	0	0	0	1	1	0
ENSRNOG00000012630	Rhoc	unchanged_loop_count	4632	4948	-316	1	1	0	0	0	0	0	0	0	1	1	0
ENSRNOG00000042607	Rhof	new_gene_in_sensitivity	NA	4948	NA	0	1	1	0	1	1	0	0	0	0	0	0
ENSRNOG00000020393	Rhog	unchanged_loop_count	4632	4948	-316	1	1	0	0	0	0	1	1	0	0	0	0
ENSRNOG00000053560	Rhou	unchanged_loop_count	4632	4948	-316	1	1	0	0	0	0	0	0	0	1	1	0
ENSRNOG00000062578	Rhou	unchanged_loop_count	4632	4948	-316	1	1	0	0	0	0	0	0	0	1	1	0
ENSRNOG00000040033	Rhox12	unchanged_loop_count	4632	4948	-316	1	1	0	0	0	0	0	0	0	1	1	0
ENSRNOG00000011885	Rhpn2	new_gene_in_sensitivity	NA	4948	NA	0	1	1	0	0	0	0	1	1	0	0	0
ENSRNOG00000001055	Rilpl1	unchanged_loop_count	4632	4948	-316	1	1	0	0	0	0	0	0	0	1	1	0
ENSRNOG00000000467	Ring1	unchanged_loop_count	4632	4948	-316	1	1	0	0	0	0	0	0	0	1	1	0
ENSRNOG00000001680	Riox2	unchanged_loop_count	4632	4948	-316	1	1	0	0	0	0	0	0	0	1	1	0
ENSRNOG00000020465	Ripk3	unchanged_loop_count	4632	4948	-316	1	1	0	0	0	0	1	1	0	0	0	0
ENSRNOG00000017604	Ripor1	unchanged_loop_count	4632	4948	-316	1	1	0	0	0	0	0	0	0	1	1	0
ENSRNOG00000010004	Ripply2	unchanged_loop_count	4632	4948	-316	1	1	0	0	0	0	0	0	0	1	1	0
ENSRNOG00000028422	Rmnd5a	decreased_loop_count	2598	4948	-2350	2	1	-1	0	0	0	1	0	-1	1	1	0
ENSRNOG00000013373	Rmt1	unchanged_loop_count	4632	4948	-316	1	1	0	0	0	0	0	0	0	1	1	0
ENSRNOG00000039500	Rnase13	unchanged_loop_count	4632	4948	-316	1	1	0	0	0	0	0	0	0	1	1	0
ENSRNOG00000009192	Rnaseh2b	unchanged_loop_count	4632	4948	-316	1	1	0	0	0	0	0	0	0	1	1	0
ENSRNOG00000013190	Rnaset2	unchanged_loop_count	4632	4948	-316	1	1	0	0	0	0	1	1	0	0	0	0
ENSRNOG00000020698	Rnd2	unchanged_loop_count	4632	4948	-316	1	1	0	0	0	0	0	0	0	1	1	0
ENSRNOG00000004624	Rnd3	unchanged_loop_count	4632	4948	-316	1	1	0	0	0	0	0	0	0	1	1	0
ENSRNOG00000008987	Rnf139	unchanged_loop_count	4632	4948	-316	1	1	0	0	0	0	0	0	0	1	1	0
ENSRNOG00000016123	Rnf144b	unchanged_loop_count	4632	4948	-316	1	1	0	0	0	0	0	0	0	1	1	0
ENSRNOG00000014859	Rnf152	unchanged_loop_count	4632	4948	-316	1	1	0	0	0	0	0	0	0	1	1	0
ENSRNOG00000000123	Rnf19b	new_gene_in_sensitivity	NA	4948	NA	0	1	1	0	0	0	0	1	1	0	0	0
ENSRNOG00000002454	Rnf2	unchanged_loop_count	4632	4948	-316	1	1	0	0	0	0	0	0	0	1	1	0
ENSRNOG00000033722	Rnf207	unchanged_loop_count	4632	4948	-316	1	1	0	0	0	0	0	0	0	1	1	0
ENSRNOG00000021540	Rnf227	unchanged_loop_count	4632	4948	-316	1	1	0	0	0	0	1	1	0	0	0	0
ENSRNOG00000021250	Rnf24	new_gene_in_sensitivity	NA	4948	NA	0	1	1	0	0	0	0	0	0	0	1	1
ENSRNOG00000016886	Rnf25	unchanged_loop_count	4632	4948	-316	1	1	0	0	0	0	0	0	0	1	1	0
ENSRNOG00000007606	Rnf43	unchanged_loop_count	4632	4948	-316	1	1	0	0	0	0	0	0	0	1	1	0
ENSRNOG00000011663	Rnf7	unchanged_loop_count	4632	4948	-316	1	1	0	0	0	0	0	0	0	1	1	0
ENSRNOG00000047171	Rnf8	unchanged_loop_count	4632	4948	-316	1	1	0	0	0	0	0	0	0	1	1	0
ENSRNOG00000001124	Rnft2	unchanged_loop_count	4632	4948	-316	1	1	0	0	0	0	0	0	0	1	1	0
ENSRNOG00000006720	Rnpep	unchanged_loop_count	4632	4948	-316	1	1	0	0	0	0	1	1	0	0	0	0
ENSRNOG00000069583	Rnu2-12	unchanged_loop_count	4632	4948	-316	1	1	0	0	0	0	1	1	0	0	0	0
ENSRNOG00000057115	Rnu2-57	unchanged_loop_count	4632	4948	-316	1	1	0	0	0	0	1	1	0	0	0	0
ENSRNOG00000056349	Rnu2-64	unchanged_loop_count	4632	4948	-316	1	1	0	0	0	0	0	0	0	1	1	0
ENSRNOG00000053336	Rnu6-1136	unchanged_loop_count	4632	4948	-316	1	1	0	0	0	0	0	0	0	1	1	0
ENSRNOG00000069731	Rnu6-1297	new_gene_in_sensitivity	NA	4948	NA	0	1	1	0	0	0	0	0	0	0	1	1
ENSRNOG00000053851	Rnu6-198	unchanged_loop_count	4632	4948	-316	1	1	0	1	1	0	0	0	0	0	0	0
ENSRNOG00000069333	Rnu6-22	unchanged_loop_count	4632	4948	-316	1	1	0	0	0	0	1	1	0	0	0	0
ENSRNOG00000070826	Rnu6-26	unchanged_loop_count	4632	4948	-316	1	1	0	0	0	0	0	0	0	1	1	0
ENSRNOG00000070539	Rnu6-434	unchanged_loop_count	4632	4948	-316	1	1	0	0	0	0	0	0	0	1	1	0
ENSRNOG00000056816	Rnu6-446	unchanged_loop_count	4632	4948	-316	1	1	0	0	0	0	1	1	0	0	0	0
ENSRNOG00000056125	Rnu6-603	unchanged_loop_count	4632	4948	-316	1	1	0	0	0	0	0	0	0	1	1	0
ENSRNOG00000069212	Rnu6-651	unchanged_loop_count	4632	4948	-316	1	1	0	0	0	0	0	0	0	1	1	0
ENSRNOG00000057516	Rnu6-806	unchanged_loop_count	4632	4948	-316	1	1	0	0	0	0	0	0	0	1	1	0
ENSRNOG00000070824	Rnu6-891	new_gene_in_sensitivity	NA	4948	NA	0	1	1	0	0	0	0	0	0	0	1	1
ENSRNOG00000052241	Rnu6-959	new_gene_in_sensitivity	NA	4948	NA	0	1	1	0	0	0	0	0	0	0	1	1
ENSRNOG00000057414	Rnu6-982	unchanged_loop_count	4632	4948	-316	1	1	0	0	0	0	0	0	0	1	1	0
ENSRNOG00000029614	Robo1	unchanged_loop_count	4632	4948	-316	1	1	0	0	0	0	0	0	0	1	1	0
ENSRNOG00000030016	Robo3	unchanged_loop_count	4632	4948	-316	1	1	0	0	0	0	0	0	0	1	1	0
ENSRNOG00000031092	Rock1	unchanged_loop_count	4632	4948	-316	1	1	0	0	0	0	0	0	0	1	1	0
ENSRNOG00000003125	Rogdi	unchanged_loop_count	4632	4948	-316	1	1	0	0	0	0	0	0	0	1	1	0
ENSRNOG00000019858	Rom1	unchanged_loop_count	4632	4948	-316	1	1	0	0	0	0	0	0	0	1	1	0
ENSRNOG00000002187	Ropn1	unchanged_loop_count	4632	4948	-316	1	1	0	0	0	0	0	0	0	1	1	0
ENSRNOG00000042781	Ropn1l	unchanged_loop_count	4632	4948	-316	1	1	0	0	0	0	0	0	0	1	1	0
ENSRNOG00000029449	Ror1	decreased_loop_count	2598	4948	-2350	2	1	-1	0	0	0	1	1	0	1	0	-1
ENSRNOG00000027145	Rora	unchanged_loop_count	4632	4948	-316	1	1	0	0	0	0	0	0	0	1	1	0
ENSRNOG00000020836	Rorc	unchanged_loop_count	4632	4948	-316	1	1	0	0	0	0	0	0	0	1	1	0
ENSRNOG00000000406	Ros1	unchanged_loop_count	4632	4948	-316	1	1	0	0	0	0	0	0	0	1	1	0
ENSRNOG00000061429	Rph3al	unchanged_loop_count	4632	4948	-316	1	1	0	0	0	0	0	0	0	1	1	0
ENSRNOG00000005576	Rpia	unchanged_loop_count	4632	4948	-316	1	1	0	0	0	0	0	0	0	1	1	0
ENSRNOG00000047067	Rpl10a-ps9	unchanged_loop_count	4632	4948	-316	1	1	0	0	0	0	0	0	0	1	1	0
ENSRNOG00000025212	Rpl15l1	unchanged_loop_count	4632	4948	-316	1	1	0	0	0	0	0	0	0	1	1	0
ENSRNOG00000021035	Rpl18	unchanged_loop_count	4632	4948	-316	1	1	0	0	0	0	0	0	0	1	1	0
ENSRNOG00000018795	Rpl18a	unchanged_loop_count	4632	4948	-316	1	1	0	0	0	0	0	0	0	1	1	0
ENSRNOG00000004741	Rpl19	unchanged_loop_count	4632	4948	-316	1	1	0	0	0	0	1	1	0	0	0	0
ENSRNOG00000011104	Rpl22	unchanged_loop_count	4632	4948	-316	1	1	0	0	0	0	0	0	0	1	1	0
ENSRNOG00000062253	Rpl24-ps11	unchanged_loop_count	4632	4948	-316	1	1	0	0	0	0	0	0	0	1	1	0
ENSRNOG00000020674	Rpl27	unchanged_loop_count	4632	4948	-316	1	1	0	0	0	0	0	0	0	1	1	0
ENSRNOG00000017127	Rpl28	unchanged_loop_count	4632	4948	-316	1	1	0	0	0	0	1	1	0	0	0	0
ENSRNOG00000005975	Rpl30	unchanged_loop_count	4632	4948	-316	1	1	0	0	0	0	0	0	0	1	1	0
ENSRNOG00000013508	Rpl31	unchanged_loop_count	4632	4948	-316	1	1	0	0	0	0	0	0	0	1	1	0
ENSRNOG00000023529	Rpl5	unchanged_loop_count	4632	4948	-316	1	1	0	0	0	0	0	0	0	1	1	0
ENSRNOG00000068956	Rpl8	unchanged_loop_count	4632	4948	-316	1	1	0	0	0	0	0	0	0	1	1	0
ENSRNOG00000068097	Rpl9-ps20	new_gene_in_sensitivity	NA	4948	NA	0	1	1	0	0	0	0	0	0	0	1	1
ENSRNOG00000039829	Rpp14	unchanged_loop_count	4632	4948	-316	1	1	0	0	0	0	1	1	0	0	0	0
ENSRNOG00000063660	Rpp14	unchanged_loop_count	4632	4948	-316	1	1	0	0	0	0	1	1	0	0	0	0
ENSRNOG00000059653	Rpp25l	unchanged_loop_count	4632	4948	-316	1	1	0	0	0	0	1	1	0	0	0	0
ENSRNOG00000064027	Rpp25l	unchanged_loop_count	4632	4948	-316	1	1	0	0	0	0	1	1	0	0	0	0
ENSRNOG00000018718	Rpp30	unchanged_loop_count	4632	4948	-316	1	1	0	0	0	0	1	1	0	0	0	0
ENSRNOG00000016036	Rprd1a	unchanged_loop_count	4632	4948	-316	1	1	0	0	0	0	1	1	0	0	0	0
ENSRNOG00000067461	Rps12l2	decreased_loop_count	2598	4948	-2350	2	1	-1	0	0	0	1	0	-1	1	1	0
ENSRNOG00000038746	Rps13	unchanged_loop_count	4632	4948	-316	1	1	0	0	0	0	0	0	0	1	1	0
ENSRNOG00000068955	Rps13	unchanged_loop_count	4632	4948	-316	1	1	0	0	0	0	0	0	0	1	1	0
ENSRNOG00000018774	Rps14	unchanged_loop_count	4632	4948	-316	1	1	0	0	0	0	0	0	0	1	1	0
ENSRNOG00000018320	Rps15a	new_gene_in_sensitivity	NA	4948	NA	0	1	1	0	0	0	0	0	0	0	1	1
ENSRNOG00000030447	Rps15al2	unchanged_loop_count	4632	4948	-316	1	1	0	0	0	0	0	0	0	1	1	0
ENSRNOG00000048199	Rps19	unchanged_loop_count	4632	4948	-316	1	1	0	0	0	0	1	1	0	0	0	0
ENSRNOG00000008555	Rps20	unchanged_loop_count	4632	4948	-316	1	1	0	0	0	0	0	0	0	1	1	0
ENSRNOG00000060449	Rps21	decreased_loop_count	2598	4948	-2350	2	1	-1	0	0	0	1	0	-1	1	1	0
ENSRNOG00000066272	Rps27a-ps13	unchanged_loop_count	4632	4948	-316	1	1	0	0	0	0	0	0	0	1	1	0
ENSRNOG00000051047	Rps27a-ps2	new_gene_in_sensitivity	NA	4948	NA	0	1	1	0	0	0	0	0	0	0	1	1
ENSRNOG00000068233	Rps29-ps19	unchanged_loop_count	4632	4948	-316	1	1	0	0	0	0	0	0	0	1	1	0
ENSRNOG00000003201	Rps4x	unchanged_loop_count	4632	4948	-316	1	1	0	0	0	0	0	0	0	1	1	0
ENSRNOG00000006632	Rps6ka3	unchanged_loop_count	4632	4948	-316	1	1	0	0	0	0	0	0	0	1	1	0
ENSRNOG00000005530	Rps6kl1	new_gene_in_sensitivity	NA	4948	NA	0	1	1	0	0	0	0	0	0	0	1	1
ENSRNOG00000038471	Rps7-ps20	unchanged_loop_count	4632	4948	-316	1	1	0	0	0	0	0	0	0	1	1	0
ENSRNOG00000022882	Rpsa-ps4	unchanged_loop_count	4632	4948	-316	1	1	0	0	0	0	0	0	0	1	1	0
ENSRNOG00000023639	Rpusd1	new_gene_in_sensitivity	NA	4948	NA	0	1	1	0	0	0	0	0	0	0	1	1
ENSRNOG00000017426	Rragc	new_gene_in_sensitivity	NA	4948	NA	0	1	1	0	0	0	0	0	0	0	1	1
ENSRNOG00000053349	Rrh	unchanged_loop_count	4632	4948	-316	1	1	0	0	0	0	0	0	0	1	1	0
ENSRNOG00000018766	Rrp8	unchanged_loop_count	4632	4948	-316	1	1	0	0	0	0	0	0	0	1	1	0
ENSRNOG00000007240	Rrs1	unchanged_loop_count	4632	4948	-316	1	1	0	0	0	0	0	0	0	1	1	0
ENSRNOG00000030434	Rs1	unchanged_loop_count	4632	4948	-316	1	1	0	0	0	0	0	0	0	1	1	0
ENSRNOG00000013431	Rsbn1l	unchanged_loop_count	4632	4948	-316	1	1	0	0	0	0	1	1	0	0	0	0
ENSRNOG00000037687	Rspo2	unchanged_loop_count	4632	4948	-316	1	1	0	0	0	0	0	0	0	1	1	0
ENSRNOG00000060931	Rspry1	unchanged_loop_count	4632	4948	-316	1	1	0	0	0	0	0	0	0	1	1	0
ENSRNOG00000017595	Rsu1	unchanged_loop_count	4632	4948	-316	1	1	0	0	0	0	0	0	0	1	1	0
ENSRNOG00000005546	Rtcb-ps1	unchanged_loop_count	4632	4948	-316	1	1	0	0	0	0	1	1	0	0	0	0
ENSRNOG00000016603	Rtn2	unchanged_loop_count	4632	4948	-316	1	1	0	0	0	0	1	1	0	0	0	0
ENSRNOG00000024120	Rxfp1	unchanged_loop_count	4632	4948	-316	1	1	0	0	0	0	1	1	0	0	0	0
ENSRNOG00000000464	Rxrb	unchanged_loop_count	4632	4948	-316	1	1	0	0	0	0	0	0	0	1	1	0
ENSRNOG00000004421	Rxylt1	decreased_loop_count	2598	4948	-2350	2	1	-1	0	0	0	0	0	0	2	1	-1
ENSRNOG00000023226	S100a10	unchanged_loop_count	4632	4948	-316	1	1	0	0	0	0	1	1	0	0	0	0
ENSRNOG00000069413	S100a14	unchanged_loop_count	4632	4948	-316	1	1	0	0	0	0	0	0	0	1	1	0
ENSRNOG00000012053	S100a16	unchanged_loop_count	4632	4948	-316	1	1	0	0	0	0	0	0	0	1	1	0
ENSRNOG00000011647	S100a6	unchanged_loop_count	4632	4948	-316	1	1	0	0	0	0	0	0	0	1	1	0
ENSRNOG00000017998	S100z	unchanged_loop_count	4632	4948	-316	1	1	0	0	0	0	0	0	0	1	1	0
ENSRNOG00000020653	S1pr2	new_gene_in_sensitivity	NA	4948	NA	0	1	1	0	0	0	0	0	0	0	1	1
ENSRNOG00000011895	Saal1	unchanged_loop_count	4632	4948	-316	1	1	0	1	1	0	0	0	0	0	0	0
ENSRNOG00000005149	Sacm1l	unchanged_loop_count	4632	4948	-316	1	1	0	0	0	0	0	0	0	1	1	0
ENSRNOG00000015128	Sae1	unchanged_loop_count	4632	4948	-316	1	1	0	0	0	0	0	0	0	1	1	0
ENSRNOG00000026116	Sall3	new_gene_in_sensitivity	NA	4948	NA	0	1	1	0	0	0	0	0	0	0	1	1
ENSRNOG00000010732	Sap18	unchanged_loop_count	4632	4948	-316	1	1	0	0	0	0	0	0	0	1	1	0
ENSRNOG00000064694	Sap18	unchanged_loop_count	4632	4948	-316	1	1	0	0	0	0	0	0	0	1	1	0
ENSRNOG00000005482	Sap30bp	unchanged_loop_count	4632	4948	-316	1	1	0	0	0	0	1	1	0	0	0	0
ENSRNOG00000000858	Sapcd1	unchanged_loop_count	4632	4948	-316	1	1	0	0	0	0	1	1	0	0	0	0
ENSRNOG00000013069	Sapcd2	unchanged_loop_count	4632	4948	-316	1	1	0	1	1	0	0	0	0	0	0	0
ENSRNOG00000006916	Sardh	unchanged_loop_count	4632	4948	-316	1	1	0	0	0	0	0	0	0	1	1	0
ENSRNOG00000015211	Sass6	unchanged_loop_count	4632	4948	-316	1	1	0	0	0	0	0	0	0	1	1	0
ENSRNOG00000012942	Satb1	unchanged_loop_count	4632	4948	-316	1	1	0	0	0	0	0	0	0	1	1	0
ENSRNOG00000038625	Sbk2	unchanged_loop_count	4632	4948	-316	1	1	0	0	0	0	0	0	0	1	1	0
ENSRNOG00000007258	Sbspon	unchanged_loop_count	4632	4948	-316	1	1	0	0	0	0	0	0	0	1	1	0
ENSRNOG00000016919	Scaf8	unchanged_loop_count	4632	4948	-316	1	1	0	0	0	0	1	1	0	0	0	0
ENSRNOG00000061582	Scamp1	unchanged_loop_count	4632	4948	-316	1	1	0	0	0	0	0	0	0	1	1	0
ENSRNOG00000057209	Scarna14l1	unchanged_loop_count	4632	4948	-316	1	1	0	0	0	0	1	1	0	0	0	0
ENSRNOG00000066712	Sccpdh	new_gene_in_sensitivity	NA	4948	NA	0	1	1	0	0	0	0	0	0	0	1	1
ENSRNOG00000046005	Scd2	unchanged_loop_count	4632	4948	-316	1	1	0	1	1	0	0	0	0	0	0	0
ENSRNOG00000026828	Scfd2	unchanged_loop_count	4632	4948	-316	1	1	0	0	0	0	0	0	0	1	1	0
ENSRNOG00000015055	Scg2	unchanged_loop_count	4632	4948	-316	1	1	0	0	0	0	0	0	0	1	1	0
ENSRNOG00000002718	Scgb3a1	unchanged_loop_count	4632	4948	-316	1	1	0	0	0	0	1	1	0	0	0	0
ENSRNOG00000037409	Scimp	new_gene_in_sensitivity	NA	4948	NA	0	1	1	0	1	1	0	0	0	0	0	0
ENSRNOG00000026679	Scn4b	unchanged_loop_count	4632	4948	-316	1	1	0	0	0	0	0	0	0	1	1	0
ENSRNOG00000005309	Scn8a	unchanged_loop_count	4632	4948	-316	1	1	0	0	0	0	0	0	0	1	1	0
ENSRNOG00000021092	Scnm1	unchanged_loop_count	4632	4948	-316	1	1	0	0	0	0	0	0	0	1	1	0
ENSRNOG00000050047	Scpppq1	new_gene_in_sensitivity	NA	4948	NA	0	1	1	0	0	0	0	0	0	0	1	1
ENSRNOG00000009683	Sdcbp	unchanged_loop_count	4632	4948	-316	1	1	0	0	0	0	0	0	0	1	1	0
ENSRNOG00000009528	Sdcbp2	unchanged_loop_count	4632	4948	-316	1	1	0	0	0	0	1	1	0	0	0	0
ENSRNOG00000004181	Sdccag8	unchanged_loop_count	4632	4948	-316	1	1	0	1	1	0	0	0	0	0	0	0
ENSRNOG00000003247	Sde2	unchanged_loop_count	4632	4948	-316	1	1	0	0	0	0	0	0	0	1	1	0
ENSRNOG00000001859	Sdf2l1	unchanged_loop_count	4632	4948	-316	1	1	0	0	0	0	1	1	0	0	0	0
ENSRNOG00000022980	Sdhd	unchanged_loop_count	4632	4948	-316	1	1	0	0	0	0	1	1	0	0	0	0
ENSRNOG00000001391	Sdsl	unchanged_loop_count	4632	4948	-316	1	1	0	0	0	0	0	0	0	1	1	0
ENSRNOG00000011029	Sec11a	unchanged_loop_count	4632	4948	-316	1	1	0	1	1	0	0	0	0	0	0	0
ENSRNOG00000017036	Sec11c	unchanged_loop_count	4632	4948	-316	1	1	0	0	0	0	0	0	0	1	1	0
ENSRNOG00000002722	Sec14l1	unchanged_loop_count	4632	4948	-316	1	1	0	1	1	0	0	0	0	0	0	0
ENSRNOG00000005229	Sec16b	new_gene_in_sensitivity	NA	4948	NA	0	1	1	0	0	0	0	0	0	0	1	1
ENSRNOG00000018673	Sec22b	unchanged_loop_count	4632	4948	-316	1	1	0	0	0	0	0	0	0	1	1	0
ENSRNOG00000002251	Sec31a	unchanged_loop_count	4632	4948	-316	1	1	0	0	0	0	0	0	0	1	1	0
ENSRNOG00000025781	Sec31b	unchanged_loop_count	4632	4948	-316	1	1	0	0	0	0	0	0	0	1	1	0
ENSRNOG00000013773	Secisbp2	unchanged_loop_count	4632	4948	-316	1	1	0	0	0	0	1	1	0	0	0	0
ENSRNOG00000036672	Sectm1a	unchanged_loop_count	4632	4948	-316	1	1	0	0	0	0	0	0	0	1	1	0
ENSRNOG00000036673	Sectm1b	unchanged_loop_count	4632	4948	-316	1	1	0	0	0	0	0	0	0	1	1	0
ENSRNOG00000055257	Selenof	unchanged_loop_count	4632	4948	-316	1	1	0	0	0	0	0	0	0	1	1	0
ENSRNOG00000059295	Selenoi	unchanged_loop_count	4632	4948	-316	1	1	0	0	0	0	0	0	0	1	1	0
ENSRNOG00000002776	Sell	unchanged_loop_count	4632	4948	-316	1	1	0	0	0	0	1	1	0	0	0	0
ENSRNOG00000023337	Sema3a	unchanged_loop_count	4632	4948	-316	1	1	0	0	0	0	0	0	0	1	1	0
ENSRNOG00000006526	Sema3c	unchanged_loop_count	4632	4948	-316	1	1	0	0	0	0	1	1	0	0	0	0
ENSRNOG00000025167	Sema4b	unchanged_loop_count	4632	4948	-316	1	1	0	0	0	0	1	1	0	0	0	0
ENSRNOG00000013679	Sema4d	unchanged_loop_count	4632	4948	-316	1	1	0	0	0	0	1	1	0	0	0	0
ENSRNOG00000045998	Sema6b	unchanged_loop_count	4632	4948	-316	1	1	0	0	0	0	0	0	0	1	1	0
ENSRNOG00000011595	Senp8	unchanged_loop_count	4632	4948	-316	1	1	0	0	0	0	0	0	0	1	1	0
ENSRNOG00000018125	Sephs1	unchanged_loop_count	4632	4948	-316	1	1	0	0	0	0	0	0	0	1	1	0
ENSRNOG00000048397	Sephs2	unchanged_loop_count	4632	4948	-316	1	1	0	0	0	0	0	0	0	1	1	0
ENSRNOG00000017804	Sept1	unchanged_loop_count	4632	4948	-316	1	1	0	0	0	0	0	0	0	1	1	0
ENSRNOG00000038495	Septin14	unchanged_loop_count	4632	4948	-316	1	1	0	0	0	0	0	0	0	1	1	0
ENSRNOG00000007462	Septin8	unchanged_loop_count	4632	4948	-316	1	1	0	0	0	0	1	1	0	0	0	0
ENSRNOG00000005890	Serbp1	unchanged_loop_count	4632	4948	-316	1	1	0	0	0	0	0	0	0	1	1	0
ENSRNOG00000038228	Serp2	unchanged_loop_count	4632	4948	-316	1	1	0	0	0	0	0	0	0	1	1	0
ENSRNOG00000032669	Serpina1	new_gene_in_sensitivity	NA	4948	NA	0	1	1	0	0	0	0	1	1	0	0	0
ENSRNOG00000002583	Serpinb11	unchanged_loop_count	4632	4948	-316	1	1	0	0	0	0	0	0	0	1	1	0
ENSRNOG00000016581	Serpinb1a	unchanged_loop_count	4632	4948	-316	1	1	0	0	0	0	0	0	0	1	1	0
ENSRNOG00000002396	Serpinb8	unchanged_loop_count	4632	4948	-316	1	1	0	0	0	0	0	0	0	1	1	0
ENSRNOG00000003233	Serpinf2	unchanged_loop_count	4632	4948	-316	1	1	0	0	0	0	0	0	0	1	1	0
ENSRNOG00000016831	Serpinh1	unchanged_loop_count	4632	4948	-316	1	1	0	0	0	0	0	0	0	1	1	0
ENSRNOG00000010248	Serpini1	unchanged_loop_count	4632	4948	-316	1	1	0	0	0	0	0	0	0	1	1	0
ENSRNOG00000014046	Sertm1	unchanged_loop_count	4632	4948	-316	1	1	0	0	0	0	0	0	0	1	1	0
ENSRNOG00000012603	Sestd1	unchanged_loop_count	4632	4948	-316	1	1	0	0	0	0	0	0	0	1	1	0
ENSRNOG00000001337	Setd1b	unchanged_loop_count	4632	4948	-316	1	1	0	1	1	0	0	0	0	0	0	0
ENSRNOG00000007472	Setd5	unchanged_loop_count	4632	4948	-316	1	1	0	0	0	0	0	0	0	1	1	0
ENSRNOG00000021680	Setdb2	unchanged_loop_count	4632	4948	-316	1	1	0	0	0	0	0	0	0	1	1	0
ENSRNOG00000009350	Sez6	unchanged_loop_count	4632	4948	-316	1	1	0	1	1	0	0	0	0	0	0	0
ENSRNOG00000019349	Sf3a2	unchanged_loop_count	4632	4948	-316	1	1	0	0	0	0	1	1	0	0	0	0
ENSRNOG00000013516	Sf3b1	unchanged_loop_count	4632	4948	-316	1	1	0	0	0	0	0	0	0	1	1	0
ENSRNOG00000020412	Sf3b2	unchanged_loop_count	4632	4948	-316	1	1	0	0	0	0	1	1	0	0	0	0
ENSRNOG00000014908	Sf3b5	unchanged_loop_count	4632	4948	-316	1	1	0	0	0	0	0	0	0	1	1	0
ENSRNOG00000018412	Sfi1	unchanged_loop_count	4632	4948	-316	1	1	0	0	0	0	0	0	0	1	1	0
ENSRNOG00000029235	Sfmbt2	unchanged_loop_count	4632	4948	-316	1	1	0	0	0	0	0	0	0	1	1	0
ENSRNOG00000033153	Sfn	unchanged_loop_count	4632	4948	-316	1	1	0	0	0	0	1	1	0	0	0	0
ENSRNOG00000012641	Sfr1	unchanged_loop_count	4632	4948	-316	1	1	0	0	0	0	0	0	0	1	1	0
ENSRNOG00000011438	Sftpa1	unchanged_loop_count	4632	4948	-316	1	1	0	0	0	0	1	1	0	0	0	0
ENSRNOG00000011177	Sftpc	unchanged_loop_count	4632	4948	-316	1	1	0	0	0	0	1	1	0	0	0	0
ENSRNOG00000056001	Sftpd	unchanged_loop_count	4632	4948	-316	1	1	0	0	0	0	0	0	0	1	1	0
ENSRNOG00000037871	Sfxn5	unchanged_loop_count	4632	4948	-316	1	1	0	0	0	0	1	1	0	0	0	0
ENSRNOG00000003998	Sgca	unchanged_loop_count	4632	4948	-316	1	1	0	0	0	0	0	0	0	1	1	0
ENSRNOG00000011284	Sgms2	unchanged_loop_count	4632	4948	-316	1	1	0	0	0	0	0	0	0	1	1	0
ENSRNOG00000054560	Sh2d3c	unchanged_loop_count	4632	4948	-316	1	1	0	0	0	0	1	1	0	0	0	0
ENSRNOG00000014909	Sh2d5	unchanged_loop_count	4632	4948	-316	1	1	0	1	1	0	0	0	0	0	0	0
ENSRNOG00000015967	Sh3bgrl3	unchanged_loop_count	4632	4948	-316	1	1	0	0	0	0	1	1	0	0	0	0
ENSRNOG00000019316	Sh3bp4	unchanged_loop_count	4632	4948	-316	1	1	0	0	0	0	1	1	0	0	0	0
ENSRNOG00000012957	Sh3glb1	unchanged_loop_count	4632	4948	-316	1	1	0	0	0	0	0	0	0	1	1	0
ENSRNOG00000004063	Sh3pxd2b	unchanged_loop_count	4632	4948	-316	1	1	0	0	0	0	0	0	0	1	1	0
ENSRNOG00000007993	Sh3tc1	unchanged_loop_count	4632	4948	-316	1	1	0	0	0	0	0	0	0	1	1	0
ENSRNOG00000019305	Sh3tc2	unchanged_loop_count	4632	4948	-316	1	1	0	0	0	0	0	0	0	1	1	0
ENSRNOG00000005522	Sh3yl1	unchanged_loop_count	4632	4948	-316	1	1	0	0	0	0	0	0	0	1	1	0
ENSRNOG00000050206	Shank2	unchanged_loop_count	4632	4948	-316	1	1	0	0	0	0	1	1	0	0	0	0
ENSRNOG00000012812	Sharpin	unchanged_loop_count	4632	4948	-316	1	1	0	0	0	0	0	0	0	1	1	0
ENSRNOG00000008030	Shc2	unchanged_loop_count	4632	4948	-316	1	1	0	0	0	0	1	1	0	0	0	0
ENSRNOG00000007369	Shisa4	unchanged_loop_count	4632	4948	-316	1	1	0	1	1	0	0	0	0	0	0	0
ENSRNOG00000029012	Shisa6	unchanged_loop_count	4632	4948	-316	1	1	0	0	0	0	0	0	0	1	1	0
ENSRNOG00000049407	Shisa8	unchanged_loop_count	4632	4948	-316	1	1	0	0	0	0	0	0	0	1	1	0
ENSRNOG00000052725	Shisal1	unchanged_loop_count	4632	4948	-316	1	1	0	0	0	0	0	0	0	1	1	0
ENSRNOG00000014450	Shprh	unchanged_loop_count	4632	4948	-316	1	1	0	0	0	0	1	1	0	0	0	0
ENSRNOG00000043498	Sik2	unchanged_loop_count	4632	4948	-316	1	1	0	0	0	0	1	1	0	0	0	0
ENSRNOG00000019826	Sil1	unchanged_loop_count	4632	4948	-316	1	1	0	0	0	0	0	0	0	1	1	0
ENSRNOG00000007646	Sipa1l1	unchanged_loop_count	4632	4948	-316	1	1	0	0	0	0	0	0	0	1	1	0
ENSRNOG00000004763	Sirpa	unchanged_loop_count	4632	4948	-316	1	1	0	0	0	0	0	0	0	1	1	0
ENSRNOG00000001151	Sirt4	unchanged_loop_count	4632	4948	-316	1	1	0	0	0	0	0	0	0	1	1	0
ENSRNOG00000015275	Ska1	unchanged_loop_count	4632	4948	-316	1	1	0	0	0	0	0	0	0	1	1	0
ENSRNOG00000021847	Ska3	unchanged_loop_count	4632	4948	-316	1	1	0	0	0	0	0	0	0	1	1	0
ENSRNOG00000012228	Skap2	unchanged_loop_count	4632	4948	-316	1	1	0	0	0	0	1	1	0	0	0	0
ENSRNOG00000033330	Skida1	unchanged_loop_count	4632	4948	-316	1	1	0	0	0	0	0	0	0	1	1	0
ENSRNOG00000022988	Skint10	unchanged_loop_count	4632	4948	-316	1	1	0	0	0	0	0	0	0	1	1	0
ENSRNOG00000005828	Skp1	unchanged_loop_count	4632	4948	-316	1	1	0	0	0	0	0	0	0	1	1	0
ENSRNOG00000024125	Slain1	unchanged_loop_count	4632	4948	-316	1	1	0	0	0	0	1	1	0	0	0	0
ENSRNOG00000008736	Slamf8	unchanged_loop_count	4632	4948	-316	1	1	0	0	0	0	0	0	0	1	1	0
ENSRNOG00000005794	Slc10a1	new_gene_in_sensitivity	NA	4948	NA	0	1	1	0	0	0	0	1	1	0	0	0
ENSRNOG00000015971	Slc12a2	unchanged_loop_count	4632	4948	-316	1	1	0	0	0	0	0	0	0	1	1	0
ENSRNOG00000019996	Slc16a1	unchanged_loop_count	4632	4948	-316	1	1	0	1	1	0	0	0	0	0	0	0
ENSRNOG00000012090	Slc16a8	unchanged_loop_count	4632	4948	-316	1	1	0	0	0	0	0	0	0	1	1	0
ENSRNOG00000020650	Slc17a7	unchanged_loop_count	4632	4948	-316	1	1	0	0	0	0	1	1	0	0	0	0
ENSRNOG00000005479	Slc1a2	unchanged_loop_count	4632	4948	-316	1	1	0	0	0	0	1	1	0	0	0	0
ENSRNOG00000063767	Slc22a16	unchanged_loop_count	4632	4948	-316	1	1	0	0	0	0	0	0	0	1	1	0
ENSRNOG00000016414	Slc22a17	unchanged_loop_count	4632	4948	-316	1	1	0	0	0	0	0	0	0	1	1	0
ENSRNOG00000021262	Slc23a2	unchanged_loop_count	4632	4948	-316	1	1	0	0	0	0	1	1	0	0	0	0
ENSRNOG00000018266	Slc23a3	new_gene_in_sensitivity	NA	4948	NA	0	1	1	0	0	0	0	1	1	0	0	0
ENSRNOG00000006729	Slc24a4	unchanged_loop_count	4632	4948	-316	1	1	0	0	0	0	0	0	0	1	1	0
ENSRNOG00000036693	Slc25a10	decreased_loop_count	2598	4948	-2350	2	1	-1	1	1	0	0	0	0	1	0	-1
ENSRNOG00000003918	Slc25a19	unchanged_loop_count	4632	4948	-316	1	1	0	0	0	0	0	0	0	1	1	0
ENSRNOG00000001052	Slc25a30	unchanged_loop_count	4632	4948	-316	1	1	0	0	0	0	1	1	0	0	0	0
ENSRNOG00000004668	Slc25a35	unchanged_loop_count	4632	4948	-316	1	1	0	0	0	0	1	1	0	0	0	0
ENSRNOG00000010830	Slc25a4	unchanged_loop_count	4632	4948	-316	1	1	0	0	0	0	0	0	0	1	1	0
ENSRNOG00000017091	Slc25a46	unchanged_loop_count	4632	4948	-316	1	1	0	0	0	0	0	0	0	1	1	0
ENSRNOG00000000041	Slc26a1	unchanged_loop_count	4632	4948	-316	1	1	0	0	0	0	1	1	0	0	0	0
ENSRNOG00000020450	Slc26a6	unchanged_loop_count	4632	4948	-316	1	1	0	0	0	0	0	0	0	1	1	0
ENSRNOG00000018170	Slc27a1	unchanged_loop_count	4632	4948	-316	1	1	0	0	0	0	1	1	0	0	0	0
ENSRNOG00000011161	Slc2a12	unchanged_loop_count	4632	4948	-316	1	1	0	0	0	0	1	1	0	0	0	0
ENSRNOG00000017226	Slc2a4	unchanged_loop_count	4632	4948	-316	1	1	0	0	0	0	0	0	0	1	1	0
ENSRNOG00000022274	Slc2a8	unchanged_loop_count	4632	4948	-316	1	1	0	0	0	0	0	0	0	1	1	0
ENSRNOG00000008908	Slc35a1	unchanged_loop_count	4632	4948	-316	1	1	0	0	0	0	0	0	0	1	1	0
ENSRNOG00000018649	Slc35c2	unchanged_loop_count	4632	4948	-316	1	1	0	0	0	0	0	0	0	1	1	0
ENSRNOG00000017075	Slc35e2b	unchanged_loop_count	4632	4948	-316	1	1	0	0	0	0	0	0	0	1	1	0
ENSRNOG00000004168	Slc35e4	unchanged_loop_count	4632	4948	-316	1	1	0	1	1	0	0	0	0	0	0	0
ENSRNOG00000049456	Slc35f3	unchanged_loop_count	4632	4948	-316	1	1	0	0	0	0	0	0	0	1	1	0
ENSRNOG00000011981	Slc39a13	unchanged_loop_count	4632	4948	-316	1	1	0	0	0	0	0	0	0	1	1	0
ENSRNOG00000000465	Slc39a7	new_gene_in_sensitivity	NA	4948	NA	0	1	1	0	0	0	0	0	0	0	1	1
ENSRNOG00000008243	Slc43a1	unchanged_loop_count	4632	4948	-316	1	1	0	0	0	0	0	0	0	1	1	0
ENSRNOG00000001765	Slc51a	unchanged_loop_count	4632	4948	-316	1	1	0	0	0	0	0	0	0	1	1	0
ENSRNOG00000002616	Slc5a10	unchanged_loop_count	4632	4948	-316	1	1	0	0	0	0	1	1	0	0	0	0
ENSRNOG00000018822	Slc5a5	unchanged_loop_count	4632	4948	-316	1	1	0	0	0	0	0	0	0	1	1	0
ENSRNOG00000057628	Slc5a6	unchanged_loop_count	4632	4948	-316	1	1	0	0	0	0	1	1	0	0	0	0
ENSRNOG00000042950	Slc5a9	unchanged_loop_count	4632	4948	-316	1	1	0	0	0	0	0	0	0	1	1	0
ENSRNOG00000013547	Slc6a12	unchanged_loop_count	4632	4948	-316	1	1	0	0	0	0	0	0	0	1	1	0
ENSRNOG00000031662	Slc6a5	unchanged_loop_count	4632	4948	-316	1	1	0	0	0	0	0	0	0	1	1	0
ENSRNOG00000009019	Slc6a6	unchanged_loop_count	4632	4948	-316	1	1	0	0	0	0	0	0	0	1	1	0
ENSRNOG00000057620	Slc6a8	unchanged_loop_count	4632	4948	-316	1	1	0	0	0	0	0	0	0	1	1	0
ENSRNOG00000019484	Slc6a9	unchanged_loop_count	4632	4948	-316	1	1	0	0	0	0	0	0	0	1	1	0
ENSRNOG00000020049	Slc7a6os	decreased_loop_count	1472	4948	-3476	3	1	-2	1	0	-1	1	0	-1	1	1	0
ENSRNOG00000001492	Slc8a2	unchanged_loop_count	4632	4948	-316	1	1	0	0	0	0	0	0	0	1	1	0
ENSRNOG00000029871	Slc8a3	unchanged_loop_count	4632	4948	-316	1	1	0	0	0	0	0	0	0	1	1	0
ENSRNOG00000007982	Slc9a1	unchanged_loop_count	4632	4948	-316	1	1	0	0	0	0	1	1	0	0	0	0
ENSRNOG00000015306	Slc9a4	unchanged_loop_count	4632	4948	-316	1	1	0	0	0	0	0	0	0	1	1	0
ENSRNOG00000008354	Slc9a8	unchanged_loop_count	4632	4948	-316	1	1	0	0	0	0	0	0	0	1	1	0
ENSRNOG00000008554	Slc9a9	unchanged_loop_count	4632	4948	-316	1	1	0	0	0	0	0	0	0	1	1	0
ENSRNOG00000012314	Slirp	unchanged_loop_count	4632	4948	-316	1	1	0	0	0	0	0	0	0	1	1	0
ENSRNOG00000019369	Slx1b	unchanged_loop_count	4632	4948	-316	1	1	0	0	0	0	0	0	0	1	1	0
ENSRNOG00000008620	Smad3	unchanged_loop_count	4632	4948	-316	1	1	0	0	0	0	0	0	0	1	1	0
ENSRNOG00000051965	Smad4	new_gene_in_sensitivity	NA	4948	NA	0	1	1	0	0	0	0	0	0	0	1	1
ENSRNOG00000011931	Smarca2	unchanged_loop_count	4632	4948	-316	1	1	0	0	0	0	0	0	0	1	1	0
ENSRNOG00000009271	Smarca4	unchanged_loop_count	4632	4948	-316	1	1	0	0	0	0	0	0	0	1	1	0
ENSRNOG00000016503	Smarcal1	unchanged_loop_count	4632	4948	-316	1	1	0	0	0	0	0	0	0	1	1	0
ENSRNOG00000031135	Smarcc2	new_gene_in_sensitivity	NA	4948	NA	0	1	1	0	0	0	0	1	1	0	0	0
ENSRNOG00000010557	Smarcd2	unchanged_loop_count	4632	4948	-316	1	1	0	0	0	0	0	0	0	1	1	0
ENSRNOG00000014173	Smc3	new_gene_in_sensitivity	NA	4948	NA	0	1	1	0	0	0	0	0	0	0	1	1
ENSRNOG00000010274	Smc4	unchanged_loop_count	4632	4948	-316	1	1	0	0	0	0	0	0	0	1	1	0
ENSRNOG00000004908	Smc6	unchanged_loop_count	4632	4948	-316	1	1	0	0	0	0	0	0	0	1	1	0
ENSRNOG00000026883	Smco2	unchanged_loop_count	4632	4948	-316	1	1	0	0	0	0	0	0	0	1	1	0
ENSRNOG00000008461	Smdt1	unchanged_loop_count	4632	4948	-316	1	1	0	0	0	0	0	0	0	1	1	0
ENSRNOG00000024507	Smg5l1	unchanged_loop_count	4632	4948	-316	1	1	0	0	0	0	0	0	0	1	1	0
ENSRNOG00000024930	Smim19	unchanged_loop_count	4632	4948	-316	1	1	0	0	0	0	0	0	0	1	1	0
ENSRNOG00000042344	Smim22	unchanged_loop_count	4632	4948	-316	1	1	0	0	0	0	0	0	0	1	1	0
ENSRNOG00000066999	Smim44	unchanged_loop_count	4632	4948	-316	1	1	0	0	0	0	1	1	0	0	0	0
ENSRNOG00000042037	Smim7	unchanged_loop_count	4632	4948	-316	1	1	0	0	0	0	0	0	0	1	1	0
ENSRNOG00000023035	Smim8	unchanged_loop_count	4632	4948	-316	1	1	0	0	0	0	0	0	0	1	1	0
ENSRNOG00000069390	Smokyl-ps1	unchanged_loop_count	4632	4948	-316	1	1	0	1	1	0	0	0	0	0	0	0
ENSRNOG00000017977	Smpd1	unchanged_loop_count	4632	4948	-316	1	1	0	0	0	0	0	0	0	1	1	0
ENSRNOG00000001875	Smpd4	unchanged_loop_count	4632	4948	-316	1	1	0	0	0	0	0	0	0	1	1	0
ENSRNOG00000042326	Smpdl3b	unchanged_loop_count	4632	4948	-316	1	1	0	1	1	0	0	0	0	0	0	0
ENSRNOG00000007495	Smpx	new_gene_in_sensitivity	NA	4948	NA	0	1	1	0	0	0	0	0	0	0	1	1
ENSRNOG00000007516	Smtnl1	unchanged_loop_count	4632	4948	-316	1	1	0	0	0	0	0	0	0	1	1	0
ENSRNOG00000015157	Smtnl2	unchanged_loop_count	4632	4948	-316	1	1	0	0	0	0	0	0	0	1	1	0
ENSRNOG00000003583	Smyd2	unchanged_loop_count	4632	4948	-316	1	1	0	0	0	0	0	0	0	1	1	0
ENSRNOG00000066304	Smyd3	unchanged_loop_count	4632	4948	-316	1	1	0	0	0	0	0	0	0	1	1	0
ENSRNOG00000023861	Snap91	unchanged_loop_count	4632	4948	-316	1	1	0	0	0	0	0	0	0	1	1	0
ENSRNOG00000018254	Sncaip	unchanged_loop_count	4632	4948	-316	1	1	0	0	0	0	1	1	0	0	0	0
ENSRNOG00000058006	Sncg	unchanged_loop_count	4632	4948	-316	1	1	0	0	0	0	0	0	0	1	1	0
ENSRNOG00000031173	Snd1	unchanged_loop_count	4632	4948	-316	1	1	0	0	0	0	1	1	0	0	0	0
ENSRNOG00000036802	Snhg11	unchanged_loop_count	4632	4948	-316	1	1	0	0	0	0	0	0	0	1	1	0
ENSRNOG00000024889	Snip1	unchanged_loop_count	4632	4948	-316	1	1	0	0	0	0	1	1	0	0	0	0
ENSRNOG00000063324	Snora20	unchanged_loop_count	4632	4948	-316	1	1	0	0	0	0	0	0	0	1	1	0
ENSRNOG00000061349	Snora24	unchanged_loop_count	4632	4948	-316	1	1	0	0	0	0	0	0	0	1	1	0
ENSRNOG00000051969	Snora29	unchanged_loop_count	4632	4948	-316	1	1	0	0	0	0	0	0	0	1	1	0
ENSRNOG00000063116	Snora2b	unchanged_loop_count	4632	4948	-316	1	1	0	0	0	0	1	1	0	0	0	0
ENSRNOG00000070636	Snora34	unchanged_loop_count	4632	4948	-316	1	1	0	0	0	0	1	1	0	0	0	0
ENSRNOG00000056026	Snora4	unchanged_loop_count	4632	4948	-316	1	1	0	0	0	0	0	0	0	1	1	0
ENSRNOG00000044194	Snora47	unchanged_loop_count	4632	4948	-316	1	1	0	0	0	0	0	0	0	1	1	0
ENSRNOG00000035409	Snora58	unchanged_loop_count	4632	4948	-316	1	1	0	0	0	0	0	0	0	1	1	0
ENSRNOG00000056518	Snora60	unchanged_loop_count	4632	4948	-316	1	1	0	0	0	0	0	0	0	1	1	0
ENSRNOG00000068214	Snora66	unchanged_loop_count	4632	4948	-316	1	1	0	0	0	0	0	0	0	1	1	0
ENSRNOG00000068435	Snora66	unchanged_loop_count	4632	4948	-316	1	1	0	0	0	0	0	0	0	1	1	0
ENSRNOG00000069717	Snora71e	unchanged_loop_count	4632	4948	-316	1	1	0	0	0	0	0	0	0	1	1	0
ENSRNOG00000057812	Snora72	unchanged_loop_count	4632	4948	-316	1	1	0	0	0	0	1	1	0	0	0	0
ENSRNOG00000061536	Snora73b	unchanged_loop_count	4632	4948	-316	1	1	0	0	0	0	1	1	0	0	0	0
ENSRNOG00000051492	Snora74a	unchanged_loop_count	4632	4948	-316	1	1	0	0	0	0	1	1	0	0	0	0
ENSRNOG00000052026	Snora77b	unchanged_loop_count	4632	4948	-316	1	1	0	0	0	0	0	0	0	1	1	0
ENSRNOG00000060539	Snora81	unchanged_loop_count	4632	4948	-316	1	1	0	0	0	0	0	0	0	1	1	0
ENSRNOG00000060944	Snora81	unchanged_loop_count	4632	4948	-316	1	1	0	0	0	0	0	0	0	1	1	0
ENSRNOG00000057568	Snora84	unchanged_loop_count	4632	4948	-316	1	1	0	0	0	0	0	0	0	1	1	0
ENSRNOG00000055792	Snord124	unchanged_loop_count	4632	4948	-316	1	1	0	0	0	0	0	0	0	1	1	0
ENSRNOG00000057762	Snord14a	unchanged_loop_count	4632	4948	-316	1	1	0	0	0	0	0	0	0	1	1	0
ENSRNOG00000052573	Snord17	unchanged_loop_count	4632	4948	-316	1	1	0	0	0	0	0	0	0	1	1	0
ENSRNOG00000065576	Snord1c	unchanged_loop_count	4632	4948	-316	1	1	0	0	0	0	1	1	0	0	0	0
ENSRNOG00000053621	Snord2	unchanged_loop_count	4632	4948	-316	1	1	0	0	0	0	0	0	0	1	1	0
ENSRNOG00000058679	Snord21	unchanged_loop_count	4632	4948	-316	1	1	0	0	0	0	0	0	0	1	1	0
ENSRNOG00000059478	Snord54	unchanged_loop_count	4632	4948	-316	1	1	0	0	0	0	0	0	0	1	1	0
ENSRNOG00000058093	Snord59a	unchanged_loop_count	4632	4948	-316	1	1	0	0	0	0	0	0	0	1	1	0
ENSRNOG00000058816	Snord73a	unchanged_loop_count	4632	4948	-316	1	1	0	0	0	0	0	0	0	1	1	0
ENSRNOG00000055675	Snord94	unchanged_loop_count	4632	4948	-316	1	1	0	0	0	0	0	0	0	1	1	0
ENSRNOG00000001060	Snrnp35	unchanged_loop_count	4632	4948	-316	1	1	0	1	1	0	0	0	0	0	0	0
ENSRNOG00000006961	Snrpb	decreased_loop_count	2598	4948	-2350	2	1	-1	1	0	-1	1	1	0	0	0	0
ENSRNOG00000004967	Snrpb2	unchanged_loop_count	4632	4948	-316	1	1	0	0	0	0	0	0	0	1	1	0
ENSRNOG00000048758	Snrpd2l	unchanged_loop_count	4632	4948	-316	1	1	0	0	0	0	0	0	0	1	1	0
ENSRNOG00000005556	Snrpf	unchanged_loop_count	4632	4948	-316	1	1	0	0	0	0	0	0	0	1	1	0
ENSRNOG00000065591	Snrpg-ps8	unchanged_loop_count	4632	4948	-316	1	1	0	0	0	0	1	1	0	0	0	0
ENSRNOG00000004928	Sntg2	unchanged_loop_count	4632	4948	-316	1	1	0	0	0	0	0	0	0	1	1	0
ENSRNOG00000027383	Sntn	unchanged_loop_count	4632	4948	-316	1	1	0	0	0	0	0	0	0	1	1	0
ENSRNOG00000037998	Snw1	unchanged_loop_count	4632	4948	-316	1	1	0	0	0	0	0	0	0	1	1	0
ENSRNOG00000004036	Snx12	unchanged_loop_count	4632	4948	-316	1	1	0	0	0	0	0	0	0	1	1	0
ENSRNOG00000004186	Snx13	unchanged_loop_count	4632	4948	-316	1	1	0	0	0	0	0	0	0	1	1	0
ENSRNOG00000014719	Snx19	unchanged_loop_count	4632	4948	-316	1	1	0	0	0	0	0	0	0	1	1	0
ENSRNOG00000002294	Snx29	unchanged_loop_count	4632	4948	-316	1	1	0	0	0	0	1	1	0	0	0	0
ENSRNOG00000017382	Snx33	unchanged_loop_count	4632	4948	-316	1	1	0	0	0	0	0	0	0	1	1	0
ENSRNOG00000001258	Snx8	new_gene_in_sensitivity	NA	4948	NA	0	1	1	0	0	0	0	0	0	0	1	1
ENSRNOG00000068183	Socs4	new_gene_in_sensitivity	NA	4948	NA	0	1	1	0	0	0	0	0	0	0	1	1
ENSRNOG00000013391	Sorbs2	new_gene_in_sensitivity	NA	4948	NA	0	1	1	0	0	0	0	0	0	0	1	1
ENSRNOG00000008829	Sorbs3	unchanged_loop_count	4632	4948	-316	1	1	0	0	0	0	0	0	0	1	1	0
ENSRNOG00000007106	Sos1	unchanged_loop_count	4632	4948	-316	1	1	0	1	1	0	0	0	0	0	0	0
ENSRNOG00000004826	Sos2	unchanged_loop_count	4632	4948	-316	1	1	0	0	0	0	0	0	0	1	1	0
ENSRNOG00000049392	Sowahd	unchanged_loop_count	4632	4948	-316	1	1	0	0	0	0	0	0	0	1	1	0
ENSRNOG00000064976	Sox1	unchanged_loop_count	4632	4948	-316	1	1	0	0	0	0	0	0	0	1	1	0
ENSRNOG00000027357	Sox17	unchanged_loop_count	4632	4948	-316	1	1	0	0	0	0	1	1	0	0	0	0
ENSRNOG00000063983	Sox21	unchanged_loop_count	4632	4948	-316	1	1	0	0	0	0	0	0	0	1	1	0
ENSRNOG00000006098	Sox30	unchanged_loop_count	4632	4948	-316	1	1	0	0	0	0	0	0	0	1	1	0
ENSRNOG00000010492	Sp2	decreased_loop_count	2598	4948	-2350	2	1	-1	2	1	-1	0	0	0	0	0	0
ENSRNOG00000021037	Spaca4	unchanged_loop_count	4632	4948	-316	1	1	0	0	0	0	0	0	0	1	1	0
ENSRNOG00000039076	Spaca6	unchanged_loop_count	4632	4948	-316	1	1	0	0	0	0	0	0	0	1	1	0
ENSRNOG00000013957	Spag11a	unchanged_loop_count	4632	4948	-316	1	1	0	0	0	0	1	1	0	0	0	0
ENSRNOG00000025787	Spag6l	unchanged_loop_count	4632	4948	-316	1	1	0	0	0	0	0	0	0	1	1	0
ENSRNOG00000002749	Spag9	unchanged_loop_count	4632	4948	-316	1	1	0	0	0	0	0	0	0	1	1	0
ENSRNOG00000012840	Sparc	new_gene_in_sensitivity	NA	4948	NA	0	1	1	0	0	0	0	0	0	0	1	1
ENSRNOG00000015093	Sparcl1	unchanged_loop_count	4632	4948	-316	1	1	0	0	0	0	0	0	0	1	1	0
ENSRNOG00000015744	Spata25	unchanged_loop_count	4632	4948	-316	1	1	0	0	0	0	1	1	0	0	0	0
ENSRNOG00000016167	Spata2L	new_gene_in_sensitivity	NA	4948	NA	0	1	1	0	0	0	0	0	0	0	1	1
ENSRNOG00000018202	Spata31	unchanged_loop_count	4632	4948	-316	1	1	0	0	0	0	1	1	0	0	0	0
ENSRNOG00000027014	Spata31d1	unchanged_loop_count	4632	4948	-316	1	1	0	0	0	0	0	0	0	1	1	0
ENSRNOG00000002972	Spata46	unchanged_loop_count	4632	4948	-316	1	1	0	0	0	0	0	0	0	1	1	0
ENSRNOG00000015137	Spata6l	unchanged_loop_count	4632	4948	-316	1	1	0	0	0	0	0	0	0	1	1	0
ENSRNOG00000003955	Spata7	unchanged_loop_count	4632	4948	-316	1	1	0	0	0	0	1	1	0	0	0	0
ENSRNOG00000019963	Spats1	unchanged_loop_count	4632	4948	-316	1	1	0	0	0	0	1	1	0	0	0	0
ENSRNOG00000004534	Spdya	unchanged_loop_count	4632	4948	-316	1	1	0	0	0	0	0	0	0	1	1	0
ENSRNOG00000065267	Spetex2a	decreased_loop_count	2598	4948	-2350	2	1	-1	1	0	-1	1	1	0	0	0	0
ENSRNOG00000015150	Spg7	unchanged_loop_count	4632	4948	-316	1	1	0	0	0	0	0	0	0	1	1	0
ENSRNOG00000021032	Sphk2	unchanged_loop_count	4632	4948	-316	1	1	0	0	0	0	0	0	0	1	1	0
ENSRNOG00000037851	Spidr	unchanged_loop_count	4632	4948	-316	1	1	0	0	0	0	0	0	0	1	1	0
ENSRNOG00000025061	Spindoc	unchanged_loop_count	4632	4948	-316	1	1	0	0	0	0	0	0	0	1	1	0
ENSRNOG00000052294	Spint3	unchanged_loop_count	4632	4948	-316	1	1	0	0	0	0	0	0	0	1	1	0
ENSRNOG00000014807	Spint5p	unchanged_loop_count	4632	4948	-316	1	1	0	0	0	0	0	0	0	1	1	0
ENSRNOG00000007960	Spmap2	unchanged_loop_count	4632	4948	-316	1	1	0	0	0	0	0	0	0	1	1	0
ENSRNOG00000057264	Spmip11	unchanged_loop_count	4632	4948	-316	1	1	0	0	0	0	1	1	0	0	0	0
ENSRNOG00000013465	Spmip8	unchanged_loop_count	4632	4948	-316	1	1	0	0	0	0	0	0	0	1	1	0
ENSRNOG00000006476	Spmip9	unchanged_loop_count	4632	4948	-316	1	1	0	0	0	0	0	0	0	1	1	0
ENSRNOG00000006732	Spo11	unchanged_loop_count	4632	4948	-316	1	1	0	0	0	0	0	0	0	1	1	0
ENSRNOG00000069800	Spopfm2l2	unchanged_loop_count	4632	4948	-316	1	1	0	0	0	0	0	0	0	1	1	0
ENSRNOG00000005104	Sppl2c	unchanged_loop_count	4632	4948	-316	1	1	0	0	0	0	0	0	0	1	1	0
ENSRNOG00000001178	Sppl3	unchanged_loop_count	4632	4948	-316	1	1	0	0	0	0	0	0	0	1	1	0
ENSRNOG00000067971	Sprn	unchanged_loop_count	4632	4948	-316	1	1	0	0	0	0	0	0	0	1	1	0
ENSRNOG00000042266	Sprr4	unchanged_loop_count	4632	4948	-316	1	1	0	0	0	0	0	0	0	1	1	0
ENSRNOG00000025371	Spry1	unchanged_loop_count	4632	4948	-316	1	1	0	0	0	0	0	0	0	1	1	0
ENSRNOG00000059260	Sptbn5	unchanged_loop_count	4632	4948	-316	1	1	0	0	0	0	0	0	0	1	1	0
ENSRNOG00000012210	Sptlc2	unchanged_loop_count	4632	4948	-316	1	1	0	0	0	0	1	1	0	0	0	0
ENSRNOG00000009495	Src	unchanged_loop_count	4632	4948	-316	1	1	0	0	0	0	1	1	0	0	0	0
ENSRNOG00000050282	Srcap	unchanged_loop_count	4632	4948	-316	1	1	0	0	0	0	1	1	0	0	0	0
ENSRNOG00000018232	Srf	unchanged_loop_count	4632	4948	-316	1	1	0	0	0	0	0	0	0	1	1	0
ENSRNOG00000020204	Srp19	unchanged_loop_count	4632	4948	-316	1	1	0	0	0	0	0	0	0	1	1	0
ENSRNOG00000003211	Srp9	unchanged_loop_count	4632	4948	-316	1	1	0	0	0	0	0	0	0	1	1	0
ENSRNOG00000054548	Srpk3	unchanged_loop_count	4632	4948	-316	1	1	0	0	0	0	0	0	0	1	1	0
ENSRNOG00000003013	Srpx	new_gene_in_sensitivity	NA	4948	NA	0	1	1	0	0	0	0	1	1	0	0	0
ENSRNOG00000001439	Srrm3	new_gene_in_sensitivity	NA	4948	NA	0	1	1	0	0	0	0	1	1	0	0	0
ENSRNOG00000006380	Srsf6	unchanged_loop_count	4632	4948	-316	1	1	0	0	0	0	0	0	0	1	1	0
ENSRNOG00000027360	Srsf7	unchanged_loop_count	4632	4948	-316	1	1	0	0	0	0	0	0	0	1	1	0
ENSRNOG00000001435	Ssc4d	unchanged_loop_count	4632	4948	-316	1	1	0	0	0	0	1	1	0	0	0	0
ENSRNOG00000018878	Ssh3	unchanged_loop_count	4632	4948	-316	1	1	0	1	1	0	0	0	0	0	0	0
ENSRNOG00000010345	Ssmem1	unchanged_loop_count	4632	4948	-316	1	1	0	0	0	0	0	0	0	1	1	0
ENSRNOG00000008825	Ssrp1	unchanged_loop_count	4632	4948	-316	1	1	0	0	0	0	0	0	0	1	1	0
ENSRNOG00000012736	Sssca1	unchanged_loop_count	4632	4948	-316	1	1	0	0	0	0	1	1	0	0	0	0
ENSRNOG00000048145	Sstr1	unchanged_loop_count	4632	4948	-316	1	1	0	0	0	0	0	0	0	1	1	0
ENSRNOG00000015425	Ssx2ip	unchanged_loop_count	4632	4948	-316	1	1	0	0	0	0	1	1	0	0	0	0
ENSRNOG00000004239	St13-ps2	unchanged_loop_count	4632	4948	-316	1	1	0	0	0	0	0	0	0	1	1	0
ENSRNOG00000019843	St3gal3	unchanged_loop_count	4632	4948	-316	1	1	0	0	0	0	0	0	0	1	1	0
ENSRNOG00000056894	St6galnac3	unchanged_loop_count	4632	4948	-316	1	1	0	1	1	0	0	0	0	0	0	0
ENSRNOG00000048870	St6galnac4	unchanged_loop_count	4632	4948	-316	1	1	0	0	0	0	0	0	0	1	1	0
ENSRNOG00000046984	St6galnac6	new_gene_in_sensitivity	NA	4948	NA	0	1	1	0	0	0	0	0	0	0	1	1
ENSRNOG00000018305	St8sia3	unchanged_loop_count	4632	4948	-316	1	1	0	0	0	0	1	1	0	0	0	0
ENSRNOG00000019128	St8sia4	unchanged_loop_count	4632	4948	-316	1	1	0	0	0	0	0	0	0	1	1	0
ENSRNOG00000019491	Stard10	unchanged_loop_count	4632	4948	-316	1	1	0	0	0	0	1	1	0	0	0	0
ENSRNOG00000025023	Stat6	decreased_loop_count	1472	4948	-3476	3	1	-2	2	0	-2	1	1	0	0	0	0
ENSRNOG00000021164	Stip1	unchanged_loop_count	4632	4948	-316	1	1	0	0	0	0	0	0	0	1	1	0
ENSRNOG00000004217	Stk10	unchanged_loop_count	4632	4948	-316	1	1	0	0	0	0	1	1	0	0	0	0
ENSRNOG00000014287	Stk11	decreased_loop_count	1472	4948	-3476	3	1	-2	1	0	-1	1	0	-1	1	1	0
ENSRNOG00000016913	Stk36	unchanged_loop_count	4632	4948	-316	1	1	0	0	0	0	0	0	0	1	1	0
ENSRNOG00000000519	Stk38	unchanged_loop_count	4632	4948	-316	1	1	0	0	0	0	1	1	0	0	0	0
ENSRNOG00000001828	Stk38l	unchanged_loop_count	4632	4948	-316	1	1	0	0	0	0	1	1	0	0	0	0
ENSRNOG00000031595	Stmnd1	unchanged_loop_count	4632	4948	-316	1	1	0	0	0	0	0	0	0	1	1	0
ENSRNOG00000020376	Stn1	unchanged_loop_count	4632	4948	-316	1	1	0	0	0	0	0	0	0	1	1	0
ENSRNOG00000009535	Stoml2	unchanged_loop_count	4632	4948	-316	1	1	0	0	0	0	1	1	0	0	0	0
ENSRNOG00000009590	Stox2	unchanged_loop_count	4632	4948	-316	1	1	0	0	0	0	1	1	0	0	0	0
ENSRNOG00000023457	Stpg2	unchanged_loop_count	4632	4948	-316	1	1	0	0	0	0	0	0	0	1	1	0
ENSRNOG00000040136	Stpg4	new_gene_in_sensitivity	NA	4948	NA	0	1	1	0	0	0	0	1	1	0	0	0
ENSRNOG00000018293	Strip1	unchanged_loop_count	4632	4948	-316	1	1	0	0	0	0	1	1	0	0	0	0
ENSRNOG00000011922	Stt3b	unchanged_loop_count	4632	4948	-316	1	1	0	0	0	0	0	0	0	1	1	0
ENSRNOG00000005801	Stx17	unchanged_loop_count	4632	4948	-316	1	1	0	0	0	0	1	1	0	0	0	0
ENSRNOG00000029165	Stx1a	unchanged_loop_count	4632	4948	-316	1	1	0	0	0	0	1	1	0	0	0	0
ENSRNOG00000015670	Stx7	unchanged_loop_count	4632	4948	-316	1	1	0	0	0	0	0	0	0	1	1	0
ENSRNOG00000000994	Stxbp2	unchanged_loop_count	4632	4948	-316	1	1	0	1	1	0	0	0	0	0	0	0
ENSRNOG00000020392	Stxbp3	unchanged_loop_count	4632	4948	-316	1	1	0	0	0	0	1	1	0	0	0	0
ENSRNOG00000032768	Stxbp4	unchanged_loop_count	4632	4948	-316	1	1	0	0	0	0	0	0	0	1	1	0
ENSRNOG00000013351	Stxbp5	unchanged_loop_count	4632	4948	-316	1	1	0	0	0	0	0	0	0	1	1	0
ENSRNOG00000003722	Styxl2	unchanged_loop_count	4632	4948	-316	1	1	0	0	0	0	0	0	0	1	1	0
ENSRNOG00000017481	Sucla2	unchanged_loop_count	4632	4948	-316	1	1	0	0	0	0	0	0	0	1	1	0
ENSRNOG00000009037	Sulf1	unchanged_loop_count	4632	4948	-316	1	1	0	0	0	0	0	0	0	1	1	0
ENSRNOG00000019342	Sult1a1	unchanged_loop_count	4632	4948	-316	1	1	0	0	0	0	0	0	0	1	1	0
ENSRNOG00000065530	Sult1c2	unchanged_loop_count	4632	4948	-316	1	1	0	0	0	0	0	0	0	1	1	0
ENSRNOG00000046975	Sult4a1	unchanged_loop_count	4632	4948	-316	1	1	0	0	0	0	0	0	0	1	1	0
ENSRNOG00000036959	Sult6b2	unchanged_loop_count	4632	4948	-316	1	1	0	0	0	0	0	0	0	1	1	0
ENSRNOG00000005987	Suox	unchanged_loop_count	4632	4948	-316	1	1	0	1	1	0	0	0	0	0	0	0
ENSRNOG00000059480	Supt20h	unchanged_loop_count	4632	4948	-316	1	1	0	0	0	0	0	0	0	1	1	0
ENSRNOG00000048066	Supt20hl2	unchanged_loop_count	4632	4948	-316	1	1	0	0	0	0	0	0	0	1	1	0
ENSRNOG00000020153	Supt3h	unchanged_loop_count	4632	4948	-316	1	1	0	0	0	0	0	0	0	1	1	0
ENSRNOG00000005247	Surf1	unchanged_loop_count	4632	4948	-316	1	1	0	0	0	0	0	0	0	1	1	0
ENSRNOG00000015585	Suv39h2	unchanged_loop_count	4632	4948	-316	1	1	0	0	0	0	1	1	0	0	0	0
ENSRNOG00000000693	Svop	unchanged_loop_count	4632	4948	-316	1	1	0	0	0	0	0	0	0	1	1	0
ENSRNOG00000022860	Swi5	unchanged_loop_count	4632	4948	-316	1	1	0	0	0	0	1	1	0	0	0	0
ENSRNOG00000004200	Sybu	new_gene_in_sensitivity	NA	4948	NA	0	1	1	0	0	0	0	0	0	0	1	1
ENSRNOG00000007307	Syde1	unchanged_loop_count	4632	4948	-316	1	1	0	0	0	0	0	0	0	1	1	0
ENSRNOG00000060597	Syf2	unchanged_loop_count	4632	4948	-316	1	1	0	0	0	0	0	0	0	1	1	0
ENSRNOG00000014353	Sympk	unchanged_loop_count	4632	4948	-316	1	1	0	1	1	0	0	0	0	0	0	0
ENSRNOG00000008157	Syn2	unchanged_loop_count	4632	4948	-316	1	1	0	0	0	0	1	1	0	0	0	0
ENSRNOG00000026866	Syn3	unchanged_loop_count	4632	4948	-316	1	1	0	0	0	0	0	0	0	1	1	0
ENSRNOG00000031536	Syndig1	unchanged_loop_count	4632	4948	-316	1	1	0	0	0	0	0	0	0	1	1	0
ENSRNOG00000008203	Synpr	new_gene_in_sensitivity	NA	4948	NA	0	1	1	0	0	0	0	0	0	0	1	1
ENSRNOG00000019318	Syt3	unchanged_loop_count	4632	4948	-316	1	1	0	0	0	0	0	0	0	1	1	0
ENSRNOG00000018217	Syt5	unchanged_loop_count	4632	4948	-316	1	1	0	0	0	0	0	0	0	1	1	0
ENSRNOG00000030776	Sytl2	unchanged_loop_count	4632	4948	-316	1	1	0	0	0	0	0	0	0	1	1	0
ENSRNOG00000018321	Sytl3	unchanged_loop_count	4632	4948	-316	1	1	0	0	0	0	0	0	0	1	1	0
ENSRNOG00000009183	Szrd1	new_gene_in_sensitivity	NA	4948	NA	0	1	1	0	1	1	0	0	0	0	0	0
ENSRNOG00000039869	Taar5	unchanged_loop_count	4632	4948	-316	1	1	0	0	0	0	1	1	0	0	0	0
ENSRNOG00000016089	Taar6	new_gene_in_sensitivity	NA	4948	NA	0	1	1	0	0	0	0	1	1	0	0	0
ENSRNOG00000005853	Tacr1	unchanged_loop_count	4632	4948	-316	1	1	0	0	0	0	0	0	0	1	1	0
ENSRNOG00000050658	Tacr2	unchanged_loop_count	4632	4948	-316	1	1	0	0	0	0	0	0	0	1	1	0
ENSRNOG00000019178	Taf10	unchanged_loop_count	4632	4948	-316	1	1	0	0	0	0	0	0	0	1	1	0
ENSRNOG00000054497	Taf4	unchanged_loop_count	4632	4948	-316	1	1	0	0	0	0	1	1	0	0	0	0
ENSRNOG00000015249	Taf8	new_gene_in_sensitivity	NA	4948	NA	0	1	1	0	0	0	0	1	1	0	0	0
ENSRNOG00000051258	Taf9	unchanged_loop_count	4632	4948	-316	1	1	0	0	0	0	0	0	0	1	1	0
ENSRNOG00000018915	Tagap	unchanged_loop_count	4632	4948	-316	1	1	0	0	0	0	1	1	0	0	0	0
ENSRNOG00000028082	Tal2	new_gene_in_sensitivity	NA	4948	NA	0	1	1	0	0	0	0	1	1	0	0	0
ENSRNOG00000018367	Taldo1	unchanged_loop_count	4632	4948	-316	1	1	0	0	0	0	0	0	0	1	1	0
ENSRNOG00000022524	Tango6	unchanged_loop_count	4632	4948	-316	1	1	0	0	0	0	0	0	0	1	1	0
ENSRNOG00000001138	Taok3	unchanged_loop_count	4632	4948	-316	1	1	0	0	0	0	0	0	0	1	1	0
ENSRNOG00000003174	Tapt1	unchanged_loop_count	4632	4948	-316	1	1	0	0	0	0	0	0	0	1	1	0
ENSRNOG00000042355	Tarbp2	unchanged_loop_count	4632	4948	-316	1	1	0	0	0	0	0	0	0	1	1	0
ENSRNOG00000047198	Tatdn1	unchanged_loop_count	4632	4948	-316	1	1	0	0	0	0	0	0	0	1	1	0
ENSRNOG00000017349	Tbc1d10b	unchanged_loop_count	4632	4948	-316	1	1	0	0	0	0	0	0	0	1	1	0
ENSRNOG00000021510	Tbc1d10c	unchanged_loop_count	4632	4948	-316	1	1	0	1	1	0	0	0	0	0	0	0
ENSRNOG00000006400	Tbc1d14	decreased_loop_count	2598	4948	-2350	2	1	-1	1	0	-1	0	0	0	1	1	0
ENSRNOG00000009431	Tbc1d4	unchanged_loop_count	4632	4948	-316	1	1	0	0	0	0	0	0	0	1	1	0
ENSRNOG00000010637	Tbc1d5	unchanged_loop_count	4632	4948	-316	1	1	0	0	0	0	0	0	0	1	1	0
ENSRNOG00000014019	Tbc1d7	unchanged_loop_count	4632	4948	-316	1	1	0	0	0	0	0	0	0	1	1	0
ENSRNOG00000013583	Tbc1d8	unchanged_loop_count	4632	4948	-316	1	1	0	0	0	0	0	0	0	1	1	0
ENSRNOG00000003496	Tbc1d9	unchanged_loop_count	4632	4948	-316	1	1	0	0	0	0	1	1	0	0	0	0
ENSRNOG00000009370	Tbkbp1	unchanged_loop_count	4632	4948	-316	1	1	0	0	0	0	1	1	0	0	0	0
ENSRNOG00000046252	Tbl2	unchanged_loop_count	4632	4948	-316	1	1	0	0	0	0	0	0	0	1	1	0
ENSRNOG00000001489	Tbp	unchanged_loop_count	4632	4948	-316	1	1	0	0	0	0	0	0	0	1	1	0
ENSRNOG00000019565	Tbx15	new_gene_in_sensitivity	NA	4948	NA	0	1	1	0	0	0	0	0	0	0	1	1
ENSRNOG00000001399	Tbx5	new_gene_in_sensitivity	NA	4948	NA	0	1	1	0	0	0	0	0	0	0	1	1
ENSRNOG00000007918	Tbxas1	unchanged_loop_count	4632	4948	-316	1	1	0	0	0	0	0	0	0	1	1	0
ENSRNOG00000066894	Tcaf2c	unchanged_loop_count	4632	4948	-316	1	1	0	0	0	0	0	0	0	1	1	0
ENSRNOG00000010929	Tcam1	unchanged_loop_count	4632	4948	-316	1	1	0	0	0	0	0	0	0	1	1	0
ENSRNOG00000016288	Tcea2	unchanged_loop_count	4632	4948	-316	1	1	0	1	1	0	0	0	0	0	0	0
ENSRNOG00000034198	Tceal9	unchanged_loop_count	4632	4948	-316	1	1	0	0	0	0	1	1	0	0	0	0
ENSRNOG00000009398	Tceanc2	unchanged_loop_count	4632	4948	-316	1	1	0	0	0	0	0	0	0	1	1	0
ENSRNOG00000017023	Tcf25	unchanged_loop_count	4632	4948	-316	1	1	0	0	0	0	0	0	0	1	1	0
ENSRNOG00000051499	Tcf3	unchanged_loop_count	4632	4948	-316	1	1	0	1	1	0	0	0	0	0	0	0
ENSRNOG00000025233	Tcl1a	unchanged_loop_count	4632	4948	-316	1	1	0	0	0	0	0	0	0	1	1	0
ENSRNOG00000014160	Tcp1	unchanged_loop_count	4632	4948	-316	1	1	0	0	0	0	0	0	0	1	1	0
ENSRNOG00000000499	Tcp11	unchanged_loop_count	4632	4948	-316	1	1	0	0	0	0	0	0	0	1	1	0
ENSRNOG00000048237	Tcta	unchanged_loop_count	4632	4948	-316	1	1	0	0	0	0	0	0	0	1	1	0
ENSRNOG00000047112	Tctn3	unchanged_loop_count	4632	4948	-316	1	1	0	0	0	0	0	0	0	1	1	0
ENSRNOG00000062728	Tctn3	unchanged_loop_count	4632	4948	-316	1	1	0	0	0	0	0	0	0	1	1	0
ENSRNOG00000018246	Tdp2	unchanged_loop_count	4632	4948	-316	1	1	0	0	0	0	1	1	0	0	0	0
ENSRNOG00000017064	Tdrd1	unchanged_loop_count	4632	4948	-316	1	1	0	0	0	0	0	0	0	1	1	0
ENSRNOG00000012719	Tdrd12	unchanged_loop_count	4632	4948	-316	1	1	0	0	0	0	0	0	0	1	1	0
ENSRNOG00000005608	Tead4	unchanged_loop_count	4632	4948	-316	1	1	0	0	0	0	1	1	0	0	0	0
ENSRNOG00000070355	Tedc1	unchanged_loop_count	4632	4948	-316	1	1	0	0	0	0	1	1	0	0	0	0
ENSRNOG00000014973	Tekt1	unchanged_loop_count	4632	4948	-316	1	1	0	0	0	0	1	1	0	0	0	0
ENSRNOG00000069618	Tekt5l1	unchanged_loop_count	4632	4948	-316	1	1	0	0	0	0	0	0	0	1	1	0
ENSRNOG00000062454	Tenm1	unchanged_loop_count	4632	4948	-316	1	1	0	0	0	0	0	0	0	1	1	0
ENSRNOG00000017613	Tent4a	unchanged_loop_count	4632	4948	-316	1	1	0	0	0	0	0	0	0	1	1	0
ENSRNOG00000028161	Tepsin	new_gene_in_sensitivity	NA	4948	NA	0	1	1	0	0	0	0	1	1	0	0	0
ENSRNOG00000025327	Tert	unchanged_loop_count	4632	4948	-316	1	1	0	0	0	0	0	0	0	1	1	0
ENSRNOG00000001128	Tesc	unchanged_loop_count	4632	4948	-316	1	1	0	1	1	0	0	0	0	0	0	0
ENSRNOG00000019427	Tescl	unchanged_loop_count	4632	4948	-316	1	1	0	0	0	0	1	1	0	0	0	0
ENSRNOG00000026712	Tex13a	new_gene_in_sensitivity	NA	4948	NA	0	1	1	0	0	0	0	0	0	0	1	1
ENSRNOG00000023698	Tex14	new_gene_in_sensitivity	NA	4948	NA	0	1	1	0	0	0	0	1	1	0	0	0
ENSRNOG00000000905	Tex26	unchanged_loop_count	4632	4948	-316	1	1	0	0	0	0	0	0	0	1	1	0
ENSRNOG00000026848	Tex36	unchanged_loop_count	4632	4948	-316	1	1	0	0	0	0	0	0	0	1	1	0
ENSRNOG00000062735	Tex52	unchanged_loop_count	4632	4948	-316	1	1	0	0	0	0	1	1	0	0	0	0
ENSRNOG00000027595	Tfap2e	unchanged_loop_count	4632	4948	-316	1	1	0	0	0	0	0	0	0	1	1	0
ENSRNOG00000011241	Tfdp2	unchanged_loop_count	4632	4948	-316	1	1	0	0	0	0	1	1	0	0	0	0
ENSRNOG00000001633	Tfg	unchanged_loop_count	4632	4948	-316	1	1	0	0	0	0	0	0	0	1	1	0
ENSRNOG00000005039	Tfpi	unchanged_loop_count	4632	4948	-316	1	1	0	0	0	0	0	0	0	1	1	0
ENSRNOG00000019965	Tgfb1i1	unchanged_loop_count	4632	4948	-316	1	1	0	0	0	0	1	1	0	0	0	0
ENSRNOG00000024562	Tgfbrap1	new_gene_in_sensitivity	NA	4948	NA	0	1	1	0	0	0	0	1	1	0	0	0
ENSRNOG00000020410	Th	unchanged_loop_count	4632	4948	-316	1	1	0	0	0	0	1	1	0	0	0	0
ENSRNOG00000045615	Tha1	unchanged_loop_count	4632	4948	-316	1	1	0	0	0	0	0	0	0	1	1	0
ENSRNOG00000019109	Thap11	unchanged_loop_count	4632	4948	-316	1	1	0	0	0	0	0	0	0	1	1	0
ENSRNOG00000026840	Thap3	unchanged_loop_count	4632	4948	-316	1	1	0	0	0	0	1	1	0	0	0	0
ENSRNOG00000059903	Thbs3	unchanged_loop_count	4632	4948	-316	1	1	0	0	0	0	0	0	0	1	1	0
ENSRNOG00000012965	Themis2	decreased_loop_count	2598	4948	-2350	2	1	-1	0	0	0	0	0	0	2	1	-1
ENSRNOG00000012115	Themis3	unchanged_loop_count	4632	4948	-316	1	1	0	0	0	0	0	0	0	1	1	0
ENSRNOG00000005539	Thg1l	unchanged_loop_count	4632	4948	-316	1	1	0	0	0	0	0	0	0	1	1	0
ENSRNOG00000009066	Thra	unchanged_loop_count	4632	4948	-316	1	1	0	0	0	0	1	1	0	0	0	0
ENSRNOG00000006941	Thumpd3	unchanged_loop_count	4632	4948	-316	1	1	0	0	0	0	0	0	0	1	1	0
ENSRNOG00000006604	Thy1	unchanged_loop_count	4632	4948	-316	1	1	0	0	0	0	1	1	0	0	0	0
ENSRNOG00000042070	Ticam2	new_gene_in_sensitivity	NA	4948	NA	0	1	1	0	0	0	0	1	1	0	0	0
ENSRNOG00000015520	Ticrr	unchanged_loop_count	4632	4948	-316	1	1	0	0	0	0	1	1	0	0	0	0
ENSRNOG00000051816	Tigar	unchanged_loop_count	4632	4948	-316	1	1	0	0	0	0	0	0	0	1	1	0
ENSRNOG00000023318	Tigd3	unchanged_loop_count	4632	4948	-316	1	1	0	0	0	0	0	0	0	1	1	0
ENSRNOG00000007883	Timm10	unchanged_loop_count	4632	4948	-316	1	1	0	0	0	0	0	0	0	1	1	0
ENSRNOG00000019811	Timm23	unchanged_loop_count	4632	4948	-316	1	1	0	0	0	0	0	0	0	1	1	0
ENSRNOG00000031285	Timm23b	unchanged_loop_count	4632	4948	-316	1	1	0	0	0	0	0	0	0	1	1	0
ENSRNOG00000001058	Timm44	unchanged_loop_count	4632	4948	-316	1	1	0	0	0	0	1	1	0	0	0	0
ENSRNOG00000009888	Timm8b	unchanged_loop_count	4632	4948	-316	1	1	0	0	0	0	1	1	0	0	0	0
ENSRNOG00000008222	Timm9	unchanged_loop_count	4632	4948	-316	1	1	0	0	0	0	0	0	0	1	1	0
ENSRNOG00000002999	Timmdc1	unchanged_loop_count	4632	4948	-316	1	1	0	0	0	0	0	0	0	1	1	0
ENSRNOG00000007955	Timp4	unchanged_loop_count	4632	4948	-316	1	1	0	0	0	0	0	0	0	1	1	0
ENSRNOG00000013179	Tinagl1	new_gene_in_sensitivity	NA	4948	NA	0	1	1	0	0	0	0	0	0	0	1	1
ENSRNOG00000020501	Tjp3	unchanged_loop_count	4632	4948	-316	1	1	0	0	0	0	1	1	0	0	0	0
ENSRNOG00000025160	Tlcd4	unchanged_loop_count	4632	4948	-316	1	1	0	0	0	0	0	0	0	1	1	0
ENSRNOG00000021793	Tlcd5	unchanged_loop_count	4632	4948	-316	1	1	0	0	0	0	0	0	0	1	1	0
ENSRNOG00000033528	Tll1	unchanged_loop_count	4632	4948	-316	1	1	0	0	0	0	0	0	0	1	1	0
ENSRNOG00000042455	Tlr12	unchanged_loop_count	4632	4948	-316	1	1	0	0	0	0	1	1	0	0	0	0
ENSRNOG00000015812	Tm4sf1	unchanged_loop_count	4632	4948	-316	1	1	0	0	0	0	0	0	0	1	1	0
ENSRNOG00000001757	Tm4sf19	unchanged_loop_count	4632	4948	-316	1	1	0	0	0	0	1	1	0	0	0	0
ENSRNOG00000015460	Tm4sf20	unchanged_loop_count	4632	4948	-316	1	1	0	0	0	0	0	0	0	1	1	0
ENSRNOG00000019510	Tm4sf5	unchanged_loop_count	4632	4948	-316	1	1	0	0	0	0	1	1	0	0	0	0
ENSRNOG00000012751	Tm9sf2	unchanged_loop_count	4632	4948	-316	1	1	0	0	0	0	0	0	0	1	1	0
ENSRNOG00000014188	Tma16	unchanged_loop_count	4632	4948	-316	1	1	0	0	0	0	0	0	0	1	1	0
ENSRNOG00000036760	Tmc5	unchanged_loop_count	4632	4948	-316	1	1	0	0	0	0	0	0	0	1	1	0
ENSRNOG00000016679	Tmc7	unchanged_loop_count	4632	4948	-316	1	1	0	0	0	0	0	0	0	1	1	0
ENSRNOG00000005100	Tmco5a	unchanged_loop_count	4632	4948	-316	1	1	0	0	0	0	0	0	0	1	1	0
ENSRNOG00000017718	Tmco6	unchanged_loop_count	4632	4948	-316	1	1	0	0	0	0	0	0	0	1	1	0
ENSRNOG00000001053	Tmed2	unchanged_loop_count	4632	4948	-316	1	1	0	0	0	0	0	0	0	1	1	0
ENSRNOG00000000073	Tmed5	new_gene_in_sensitivity	NA	4948	NA	0	1	1	0	0	0	0	0	0	0	1	1
ENSRNOG00000008034	Tmeff1	unchanged_loop_count	4632	4948	-316	1	1	0	0	0	0	0	0	0	1	1	0
ENSRNOG00000002434	Tmem100	unchanged_loop_count	4632	4948	-316	1	1	0	0	0	0	1	1	0	0	0	0
ENSRNOG00000054581	Tmem101	unchanged_loop_count	4632	4948	-316	1	1	0	0	0	0	0	0	0	1	1	0
ENSRNOG00000006519	Tmem107	new_gene_in_sensitivity	NA	4948	NA	0	1	1	0	0	0	0	1	1	0	0	0
ENSRNOG00000021899	Tmem115	unchanged_loop_count	4632	4948	-316	1	1	0	0	0	0	0	0	0	1	1	0
ENSRNOG00000010584	Tmem123	unchanged_loop_count	4632	4948	-316	1	1	0	0	0	0	1	1	0	0	0	0
ENSRNOG00000017265	Tmem131	unchanged_loop_count	4632	4948	-316	1	1	0	0	0	0	0	0	0	1	1	0
ENSRNOG00000000963	Tmem132c	unchanged_loop_count	4632	4948	-316	1	1	0	0	0	0	0	0	0	1	1	0
ENSRNOG00000022153	Tmem134	unchanged_loop_count	4632	4948	-316	1	1	0	0	0	0	1	1	0	0	0	0
ENSRNOG00000015437	Tmem14c	unchanged_loop_count	4632	4948	-316	1	1	0	0	0	0	1	1	0	0	0	0
ENSRNOG00000028273	Tmem150b	new_gene_in_sensitivity	NA	4948	NA	0	1	1	0	0	0	0	0	0	0	1	1
ENSRNOG00000049951	Tmem151a	unchanged_loop_count	4632	4948	-316	1	1	0	0	0	0	1	1	0	0	0	0
ENSRNOG00000015304	Tmem160	unchanged_loop_count	4632	4948	-316	1	1	0	0	0	0	1	1	0	0	0	0
ENSRNOG00000032414	Tmem161b	unchanged_loop_count	4632	4948	-316	1	1	0	0	0	0	0	0	0	1	1	0
ENSRNOG00000069782	Tmem161bl1	unchanged_loop_count	4632	4948	-316	1	1	0	0	0	0	1	1	0	0	0	0
ENSRNOG00000016686	Tmem167a	unchanged_loop_count	4632	4948	-316	1	1	0	0	0	0	0	0	0	1	1	0
ENSRNOG00000016091	Tmem169	unchanged_loop_count	4632	4948	-316	1	1	0	0	0	0	0	0	0	1	1	0
ENSRNOG00000001275	Tmem184a	new_gene_in_sensitivity	NA	4948	NA	0	1	1	0	0	0	0	0	0	0	1	1
ENSRNOG00000027087	Tmem186	unchanged_loop_count	4632	4948	-316	1	1	0	0	0	0	0	0	0	1	1	0
ENSRNOG00000001864	Tmem191c	new_gene_in_sensitivity	NA	4948	NA	0	1	1	0	0	0	0	1	1	0	0	0
ENSRNOG00000020061	Tmem198	unchanged_loop_count	4632	4948	-316	1	1	0	0	0	0	0	0	0	1	1	0
ENSRNOG00000047783	Tmem200a	unchanged_loop_count	4632	4948	-316	1	1	0	0	0	0	0	0	0	1	1	0
ENSRNOG00000023152	Tmem201	new_gene_in_sensitivity	NA	4948	NA	0	1	1	0	0	0	0	1	1	0	0	0
ENSRNOG00000028219	Tmem209	unchanged_loop_count	4632	4948	-316	1	1	0	0	0	0	0	0	0	1	1	0
ENSRNOG00000020000	Tmem219	unchanged_loop_count	4632	4948	-316	1	1	0	0	0	0	0	0	0	1	1	0
ENSRNOG00000039464	Tmem229a	unchanged_loop_count	4632	4948	-316	1	1	0	1	1	0	0	0	0	0	0	0
ENSRNOG00000069945	Tmem229a	unchanged_loop_count	4632	4948	-316	1	1	0	1	1	0	0	0	0	0	0	0
ENSRNOG00000021517	Tmem231	unchanged_loop_count	4632	4948	-316	1	1	0	0	0	0	1	1	0	0	0	0
ENSRNOG00000031348	Tmem232	unchanged_loop_count	4632	4948	-316	1	1	0	0	0	0	0	0	0	1	1	0
ENSRNOG00000070914	Tmem238	unchanged_loop_count	4632	4948	-316	1	1	0	0	0	0	1	1	0	0	0	0
ENSRNOG00000066137	Tmem240	unchanged_loop_count	4632	4948	-316	1	1	0	0	0	0	1	1	0	0	0	0
ENSRNOG00000039489	Tmem253	unchanged_loop_count	4632	4948	-316	1	1	0	0	0	0	0	0	0	1	1	0
ENSRNOG00000047431	Tmem262	unchanged_loop_count	4632	4948	-316	1	1	0	0	0	0	0	0	0	1	1	0
ENSRNOG00000015201	Tmem266	unchanged_loop_count	4632	4948	-316	1	1	0	0	0	0	1	1	0	0	0	0
ENSRNOG00000008712	Tmem268	unchanged_loop_count	4632	4948	-316	1	1	0	0	0	0	1	1	0	0	0	0
ENSRNOG00000001474	Tmem270	unchanged_loop_count	4632	4948	-316	1	1	0	1	1	0	0	0	0	0	0	0
ENSRNOG00000008046	Tmem30b	unchanged_loop_count	4632	4948	-316	1	1	0	0	0	0	0	0	0	1	1	0
ENSRNOG00000001506	Tmem35a	unchanged_loop_count	4632	4948	-316	1	1	0	0	0	0	0	0	0	1	1	0
ENSRNOG00000011912	Tmem38a	unchanged_loop_count	4632	4948	-316	1	1	0	0	0	0	0	0	0	1	1	0
ENSRNOG00000009778	Tmem59	unchanged_loop_count	4632	4948	-316	1	1	0	0	0	0	0	0	0	1	1	0
ENSRNOG00000022432	Tmem59l	unchanged_loop_count	4632	4948	-316	1	1	0	0	0	0	0	0	0	1	1	0
ENSRNOG00000008934	Tmem65	unchanged_loop_count	4632	4948	-316	1	1	0	0	0	0	0	0	0	1	1	0
ENSRNOG00000031141	Tmem89	unchanged_loop_count	4632	4948	-316	1	1	0	0	0	0	0	0	0	1	1	0
ENSRNOG00000015664	Tmem8b	unchanged_loop_count	4632	4948	-316	1	1	0	1	1	0	0	0	0	0	0	0
ENSRNOG00000027799	Tmie	unchanged_loop_count	4632	4948	-316	1	1	0	0	0	0	0	0	0	1	1	0
ENSRNOG00000003865	Tmigd1	unchanged_loop_count	4632	4948	-316	1	1	0	0	0	0	1	1	0	0	0	0
ENSRNOG00000043375	Tmigd3	unchanged_loop_count	4632	4948	-316	1	1	0	0	0	0	0	0	0	1	1	0
ENSRNOG00000031099	Tmprss12	unchanged_loop_count	4632	4948	-316	1	1	0	0	0	0	0	0	0	1	1	0
ENSRNOG00000016397	Tmprss13	unchanged_loop_count	4632	4948	-316	1	1	0	0	0	0	0	0	0	1	1	0
ENSRNOG00000042499	Tmsb10	new_gene_in_sensitivity	NA	4948	NA	0	1	1	0	0	0	0	1	1	0	0	0
ENSRNOG00000064090	Tmsb10	new_gene_in_sensitivity	NA	4948	NA	0	1	1	0	0	0	0	1	1	0	0	0
ENSRNOG00000001376	Tmt1a	new_gene_in_sensitivity	NA	4948	NA	0	1	1	0	0	0	0	0	0	0	1	1
ENSRNOG00000001854	Tmtc1	unchanged_loop_count	4632	4948	-316	1	1	0	0	0	0	1	1	0	0	0	0
ENSRNOG00000057934	Tmx1	unchanged_loop_count	4632	4948	-316	1	1	0	0	0	0	1	1	0	0	0	0
ENSRNOG00000010165	Tnfaip2	new_gene_in_sensitivity	NA	4948	NA	0	1	1	0	0	0	0	0	0	0	1	1
ENSRNOG00000021100	Tnfaip8l2	decreased_loop_count	2598	4948	-2350	2	1	-1	1	0	-1	0	0	0	1	1	0
ENSRNOG00000048321	Tnfsf8	unchanged_loop_count	4632	4948	-316	1	1	0	0	0	0	1	1	0	0	0	0
ENSRNOG00000011625	Tnks	unchanged_loop_count	4632	4948	-316	1	1	0	0	0	0	0	0	0	1	1	0
ENSRNOG00000002468	Tnr	unchanged_loop_count	4632	4948	-316	1	1	0	0	0	0	0	0	0	1	1	0
ENSRNOG00000026344	Togaram2	new_gene_in_sensitivity	NA	4948	NA	0	1	1	0	0	0	0	1	1	0	0	0
ENSRNOG00000003590	Tom1l2	unchanged_loop_count	4632	4948	-316	1	1	0	0	0	0	0	0	0	1	1	0
ENSRNOG00000014058	Tomm22	unchanged_loop_count	4632	4948	-316	1	1	0	0	0	0	0	0	0	1	1	0
ENSRNOG00000046316	Tomm6	unchanged_loop_count	4632	4948	-316	1	1	0	1	1	0	0	0	0	0	0	0
ENSRNOG00000048795	Top2b	unchanged_loop_count	4632	4948	-316	1	1	0	0	0	0	0	0	0	1	1	0
ENSRNOG00000025601	Topaz1	unchanged_loop_count	4632	4948	-316	1	1	0	0	0	0	0	0	0	1	1	0
ENSRNOG00000004307	Tor3a	unchanged_loop_count	4632	4948	-316	1	1	0	0	0	0	0	0	0	1	1	0
ENSRNOG00000012844	Tox4	unchanged_loop_count	4632	4948	-316	1	1	0	0	0	0	1	1	0	0	0	0
ENSRNOG00000010756	Tp53	unchanged_loop_count	4632	4948	-316	1	1	0	1	1	0	0	0	0	0	0	0
ENSRNOG00000022615	Tp53i13	unchanged_loop_count	4632	4948	-316	1	1	0	0	0	0	0	0	0	1	1	0
ENSRNOG00000007964	Tp53inp1	unchanged_loop_count	4632	4948	-316	1	1	0	1	1	0	0	0	0	0	0	0
ENSRNOG00000018225	Tp53inp2	unchanged_loop_count	4632	4948	-316	1	1	0	0	0	0	0	0	0	1	1	0
ENSRNOG00000007285	Tp53rkb	unchanged_loop_count	4632	4948	-316	1	1	0	0	0	0	1	1	0	0	0	0
ENSRNOG00000013387	Tpcn2	unchanged_loop_count	4632	4948	-316	1	1	0	0	0	0	0	0	0	1	1	0
ENSRNOG00000011441	Tpd52	unchanged_loop_count	4632	4948	-316	1	1	0	1	1	0	0	0	0	0	0	0
ENSRNOG00000021478	Tpd52l1	unchanged_loop_count	4632	4948	-316	1	1	0	0	0	0	1	1	0	0	0	0
ENSRNOG00000015122	Tpd52l2	unchanged_loop_count	4632	4948	-316	1	1	0	0	0	0	1	1	0	0	0	0
ENSRNOG00000011194	Tpp2	unchanged_loop_count	4632	4948	-316	1	1	0	0	0	0	0	0	0	1	1	0
ENSRNOG00000025473	Tppp2	unchanged_loop_count	4632	4948	-316	1	1	0	0	0	0	0	0	0	1	1	0
ENSRNOG00000046227	Tprg1l	unchanged_loop_count	4632	4948	-316	1	1	0	0	0	0	0	0	0	1	1	0
ENSRNOG00000000664	Tpst2	unchanged_loop_count	4632	4948	-316	1	1	0	0	0	0	1	1	0	0	0	0
ENSRNOG00000019262	Trak1	unchanged_loop_count	4632	4948	-316	1	1	0	0	0	0	1	1	0	0	0	0
ENSRNOG00000013046	Tram2	new_gene_in_sensitivity	NA	4948	NA	0	1	1	0	0	0	0	0	0	0	1	1
ENSRNOG00000010550	Trappc3	unchanged_loop_count	4632	4948	-316	1	1	0	0	0	0	1	1	0	0	0	0
ENSRNOG00000004103	Trappc6b	unchanged_loop_count	4632	4948	-316	1	1	0	0	0	0	1	1	0	0	0	0
ENSRNOG00000027569	Trappc9	unchanged_loop_count	4632	4948	-316	1	1	0	0	0	0	0	0	0	1	1	0
ENSRNOG00000065401	Trav21-dv12	unchanged_loop_count	4632	4948	-316	1	1	0	0	0	0	1	1	0	0	0	0
ENSRNOG00000068621	Trav34l	unchanged_loop_count	4632	4948	-316	1	1	0	0	0	0	1	1	0	0	0	0
ENSRNOG00000026132	Trdmt1	unchanged_loop_count	4632	4948	-316	1	1	0	0	0	0	0	0	0	1	1	0
ENSRNOG00000013578	Trem2	unchanged_loop_count	4632	4948	-316	1	1	0	0	0	0	0	0	0	1	1	0
ENSRNOG00000022540	Trex1	new_gene_in_sensitivity	NA	4948	NA	0	1	1	0	0	0	0	1	1	0	0	0
ENSRNOG00000005278	Trhde	unchanged_loop_count	4632	4948	-316	1	1	0	0	0	0	0	0	0	1	1	0
ENSRNOG00000047812	Triap1	decreased_loop_count	2598	4948	-2350	2	1	-1	0	0	0	1	1	0	1	0	-1
ENSRNOG00000002915	Trim11	decreased_loop_count	2598	4948	-2350	2	1	-1	0	0	0	0	0	0	2	1	-1
ENSRNOG00000013251	Trim24	unchanged_loop_count	4632	4948	-316	1	1	0	0	0	0	0	0	0	1	1	0
ENSRNOG00000002341	Trim25	unchanged_loop_count	4632	4948	-316	1	1	0	0	0	0	0	0	0	1	1	0
ENSRNOG00000016612	Trim36	unchanged_loop_count	4632	4948	-316	1	1	0	0	0	0	0	0	0	1	1	0
ENSRNOG00000010699	Trim43a	unchanged_loop_count	4632	4948	-316	1	1	0	0	0	0	0	0	0	1	1	0
ENSRNOG00000005191	Trim44	unchanged_loop_count	4632	4948	-316	1	1	0	0	0	0	1	1	0	0	0	0
ENSRNOG00000006146	Trim54	unchanged_loop_count	4632	4948	-316	1	1	0	0	0	0	1	1	0	0	0	0
ENSRNOG00000024145	Trim65	unchanged_loop_count	4632	4948	-316	1	1	0	0	0	0	0	0	0	1	1	0
ENSRNOG00000047229	Trim68	new_gene_in_sensitivity	NA	4948	NA	0	1	1	0	0	0	0	0	0	0	1	1
ENSRNOG00000022099	Trim72	unchanged_loop_count	4632	4948	-316	1	1	0	0	0	0	0	0	0	1	1	0
ENSRNOG00000007031	Trim9	unchanged_loop_count	4632	4948	-316	1	1	0	0	0	0	0	0	0	1	1	0
ENSRNOG00000009492	Trmo	new_gene_in_sensitivity	NA	4948	NA	0	1	1	0	0	0	0	0	0	0	1	1
ENSRNOG00000012454	Trmt10b	unchanged_loop_count	4632	4948	-316	1	1	0	0	0	0	0	0	0	1	1	0
ENSRNOG00000015140	Trmt13	unchanged_loop_count	4632	4948	-316	1	1	0	0	0	0	0	0	0	1	1	0
ENSRNOG00000054902	Trpc1	unchanged_loop_count	4632	4948	-316	1	1	0	0	0	0	0	0	0	1	1	0
ENSRNOG00000002352	Tsen15	unchanged_loop_count	4632	4948	-316	1	1	0	0	0	0	1	1	0	0	0	0
ENSRNOG00000060175	Tsen2	unchanged_loop_count	4632	4948	-316	1	1	0	0	0	0	0	0	0	1	1	0
ENSRNOG00000048843	Tsfm	unchanged_loop_count	4632	4948	-316	1	1	0	0	0	0	0	0	0	1	1	0
ENSRNOG00000058681	Tsga10	new_gene_in_sensitivity	NA	4948	NA	0	1	1	0	0	0	0	0	0	0	1	1
ENSRNOG00000058856	Tslp	unchanged_loop_count	4632	4948	-316	1	1	0	0	0	0	0	0	0	1	1	0
ENSRNOG00000049784	Tsnax	unchanged_loop_count	4632	4948	-316	1	1	0	0	0	0	0	0	0	1	1	0
ENSRNOG00000005046	Tspan13	unchanged_loop_count	4632	4948	-316	1	1	0	0	0	0	0	0	0	1	1	0
ENSRNOG00000002556	Tsr2	unchanged_loop_count	4632	4948	-316	1	1	0	0	0	0	0	0	0	1	1	0
ENSRNOG00000064917	Tsr2	unchanged_loop_count	4632	4948	-316	1	1	0	0	0	0	0	0	0	1	1	0
ENSRNOG00000008693	Tssk3	unchanged_loop_count	4632	4948	-316	1	1	0	0	0	0	1	1	0	0	0	0
ENSRNOG00000020599	Tssk6	new_gene_in_sensitivity	NA	4948	NA	0	1	1	0	0	0	0	0	0	0	1	1
ENSRNOG00000009724	Tstd2	unchanged_loop_count	4632	4948	-316	1	1	0	0	0	0	0	0	0	1	1	0
ENSRNOG00000018416	Ttbk1	unchanged_loop_count	4632	4948	-316	1	1	0	0	0	0	0	0	0	1	1	0
ENSRNOG00000003980	Ttc1	unchanged_loop_count	4632	4948	-316	1	1	0	0	0	0	0	0	0	1	1	0
ENSRNOG00000050650	Ttc16	decreased_loop_count	2598	4948	-2350	2	1	-1	0	0	0	1	0	-1	1	1	0
ENSRNOG00000005868	Ttc21b	decreased_loop_count	1472	4948	-3476	3	1	-2	0	0	0	2	0	-2	1	1	0
ENSRNOG00000007189	Ttc22	unchanged_loop_count	4632	4948	-316	1	1	0	0	0	0	0	0	0	1	1	0
ENSRNOG00000001682	Ttc3	unchanged_loop_count	4632	4948	-316	1	1	0	0	0	0	1	1	0	0	0	0
ENSRNOG00000042603	Ttc39b	unchanged_loop_count	4632	4948	-316	1	1	0	0	0	0	0	0	0	1	1	0
ENSRNOG00000050949	Ttc39c	unchanged_loop_count	4632	4948	-316	1	1	0	0	0	0	0	0	0	1	1	0
ENSRNOG00000027343	Ttc39d	unchanged_loop_count	4632	4948	-316	1	1	0	0	0	0	0	0	0	1	1	0
ENSRNOG00000042467	Ttc4	unchanged_loop_count	4632	4948	-316	1	1	0	0	0	0	1	1	0	0	0	0
ENSRNOG00000027300	Ttc7b	unchanged_loop_count	4632	4948	-316	1	1	0	0	0	0	0	0	0	1	1	0
ENSRNOG00000012880	Tti1	unchanged_loop_count	4632	4948	-316	1	1	0	0	0	0	0	0	0	1	1	0
ENSRNOG00000033901	Ttll2	unchanged_loop_count	4632	4948	-316	1	1	0	0	0	0	1	1	0	0	0	0
ENSRNOG00000032311	Ttll8	unchanged_loop_count	4632	4948	-316	1	1	0	0	0	0	0	0	0	1	1	0
ENSRNOG00000055583	Ttyh3	unchanged_loop_count	4632	4948	-316	1	1	0	0	0	0	0	0	0	1	1	0
ENSRNOG00000060728	Tuba1a	unchanged_loop_count	4632	4948	-316	1	1	0	1	1	0	0	0	0	0	0	0
ENSRNOG00000070725	Tuba1a-ps1	unchanged_loop_count	4632	4948	-316	1	1	0	0	0	0	1	1	0	0	0	0
ENSRNOG00000046151	Tubb1	new_gene_in_sensitivity	NA	4948	NA	0	1	1	0	0	0	0	0	0	0	1	1
ENSRNOG00000051135	Tug1	unchanged_loop_count	4632	4948	-316	1	1	0	0	0	0	0	0	0	1	1	0
ENSRNOG00000064262	Tug1	unchanged_loop_count	4632	4948	-316	1	1	0	0	0	0	0	0	0	1	1	0
ENSRNOG00000020927	Tulp2	unchanged_loop_count	4632	4948	-316	1	1	0	0	0	0	0	0	0	1	1	0
ENSRNOG00000005767	Tulp3	unchanged_loop_count	4632	4948	-316	1	1	0	0	0	0	1	1	0	0	0	0
ENSRNOG00000020047	Tut1	unchanged_loop_count	4632	4948	-316	1	1	0	0	0	0	0	0	0	1	1	0
ENSRNOG00000050649	Tvp23b	unchanged_loop_count	4632	4948	-316	1	1	0	0	0	0	0	0	0	1	1	0
ENSRNOG00000012081	Txn1	unchanged_loop_count	4632	4948	-316	1	1	0	0	0	0	0	0	0	1	1	0
ENSRNOG00000002452	Txndc11	unchanged_loop_count	4632	4948	-316	1	1	0	0	0	0	0	0	0	1	1	0
ENSRNOG00000006334	Txndc16	unchanged_loop_count	4632	4948	-316	1	1	0	0	0	0	1	1	0	0	0	0
ENSRNOG00000032948	Tyk2	decreased_loop_count	2598	4948	-2350	2	1	-1	0	0	0	0	0	0	2	1	-1
ENSRNOG00000010100	Tyw5	unchanged_loop_count	4632	4948	-316	1	1	0	0	0	0	0	0	0	1	1	0
ENSRNOG00000051524	U1	unchanged_loop_count	4632	4948	-316	1	1	0	0	0	0	1	1	0	0	0	0
ENSRNOG00000052012	U1	unchanged_loop_count	4632	4948	-316	1	1	0	0	0	0	0	0	0	1	1	0
ENSRNOG00000052756	U1	new_gene_in_sensitivity	NA	4948	NA	0	1	1	0	0	0	0	1	1	0	0	0
ENSRNOG00000052768	U1	unchanged_loop_count	4632	4948	-316	1	1	0	0	0	0	0	0	0	1	1	0
ENSRNOG00000055394	U1	unchanged_loop_count	4632	4948	-316	1	1	0	0	0	0	0	0	0	1	1	0
ENSRNOG00000055945	U1	unchanged_loop_count	4632	4948	-316	1	1	0	0	0	0	0	0	0	1	1	0
ENSRNOG00000056238	U1	unchanged_loop_count	4632	4948	-316	1	1	0	0	0	0	0	0	0	1	1	0
ENSRNOG00000057737	U1	unchanged_loop_count	4632	4948	-316	1	1	0	0	0	0	0	0	0	1	1	0
ENSRNOG00000060287	U1	unchanged_loop_count	4632	4948	-316	1	1	0	1	1	0	0	0	0	0	0	0
ENSRNOG00000067202	U1	unchanged_loop_count	4632	4948	-316	1	1	0	0	0	0	0	0	0	1	1	0
ENSRNOG00000051638	U2l1	unchanged_loop_count	4632	4948	-316	1	1	0	0	0	0	0	0	0	1	1	0
ENSRNOG00000012868	Uaca	unchanged_loop_count	4632	4948	-316	1	1	0	0	0	0	0	0	0	1	1	0
ENSRNOG00000021931	Uba6	unchanged_loop_count	4632	4948	-316	1	1	0	0	0	0	0	0	0	1	1	0
ENSRNOG00000059348	Ube2b	unchanged_loop_count	4632	4948	-316	1	1	0	0	0	0	0	0	0	1	1	0
ENSRNOG00000013741	Ube2d2	unchanged_loop_count	4632	4948	-316	1	1	0	0	0	0	0	0	0	1	1	0
ENSRNOG00000004544	Ube2e3	unchanged_loop_count	4632	4948	-316	1	1	0	0	0	0	0	0	0	1	1	0
ENSRNOG00000027088	Ube2k	unchanged_loop_count	4632	4948	-316	1	1	0	0	0	0	0	0	0	1	1	0
ENSRNOG00000001862	Ube2l3	unchanged_loop_count	4632	4948	-316	1	1	0	0	0	0	1	1	0	0	0	0
ENSRNOG00000030467	Ube2l6	decreased_loop_count	2598	4948	-2350	2	1	-1	1	0	-1	1	1	0	0	0	0
ENSRNOG00000023261	Ube2q2l	unchanged_loop_count	4632	4948	-316	1	1	0	0	0	0	0	0	0	1	1	0
ENSRNOG00000010727	Ube2r2	new_gene_in_sensitivity	NA	4948	NA	0	1	1	0	1	1	0	0	0	0	0	0
ENSRNOG00000005038	Ube2t	unchanged_loop_count	4632	4948	-316	1	1	0	0	0	0	0	0	0	1	1	0
ENSRNOG00000026833	Ube4a	unchanged_loop_count	4632	4948	-316	1	1	0	0	0	0	0	0	0	1	1	0
ENSRNOG00000009575	Ubiad1	unchanged_loop_count	4632	4948	-316	1	1	0	0	0	0	1	1	0	0	0	0
ENSRNOG00000000921	Ubl3	unchanged_loop_count	4632	4948	-316	1	1	0	0	0	0	0	0	0	1	1	0
ENSRNOG00000003019	Ubn1	unchanged_loop_count	4632	4948	-316	1	1	0	0	0	0	0	0	0	1	1	0
ENSRNOG00000006816	Ubr5	unchanged_loop_count	4632	4948	-316	1	1	0	0	0	0	0	0	0	1	1	0
ENSRNOG00000008108	Ubr7	new_gene_in_sensitivity	NA	4948	NA	0	1	1	0	0	0	0	0	0	0	1	1
ENSRNOG00000002343	Uchl1	unchanged_loop_count	4632	4948	-316	1	1	0	0	0	0	0	0	0	1	1	0
ENSRNOG00000011467	Uck1	unchanged_loop_count	4632	4948	-316	1	1	0	0	0	0	0	0	0	1	1	0
ENSRNOG00000006090	Ucn	new_gene_in_sensitivity	NA	4948	NA	0	1	1	0	0	0	0	1	1	0	0	0
ENSRNOG00000017854	Ucp2	unchanged_loop_count	4632	4948	-316	1	1	0	0	0	0	1	1	0	0	0	0
ENSRNOG00000013624	Uevld	unchanged_loop_count	4632	4948	-316	1	1	0	1	1	0	0	0	0	0	0	0
ENSRNOG00000038176	Ufm1	unchanged_loop_count	4632	4948	-316	1	1	0	0	0	0	0	0	0	1	1	0
ENSRNOG00000065226	Ufm1	unchanged_loop_count	4632	4948	-316	1	1	0	0	0	0	0	0	0	1	1	0
ENSRNOG00000002643	Ugdh	new_gene_in_sensitivity	NA	4948	NA	0	1	1	0	0	0	0	0	0	0	1	1
ENSRNOG00000014901	Uggt1	unchanged_loop_count	4632	4948	-316	1	1	0	0	0	0	0	0	0	1	1	0
ENSRNOG00000008079	Ugp2	unchanged_loop_count	4632	4948	-316	1	1	0	0	0	0	1	1	0	0	0	0
ENSRNOG00000018740	Ugt1a5	unchanged_loop_count	4632	4948	-316	1	1	0	1	1	0	0	0	0	0	0	0
ENSRNOG00000037505	Ulk1	new_gene_in_sensitivity	NA	4948	NA	0	1	1	0	0	0	0	0	0	0	1	1
ENSRNOG00000059840	Unc5a	unchanged_loop_count	4632	4948	-316	1	1	0	0	0	0	0	0	0	1	1	0
ENSRNOG00000029071	Unc5c	unchanged_loop_count	4632	4948	-316	1	1	0	0	0	0	0	0	0	1	1	0
ENSRNOG00000008728	Unc79	unchanged_loop_count	4632	4948	-316	1	1	0	0	0	0	1	1	0	0	0	0
ENSRNOG00000000692	Ung	unchanged_loop_count	4632	4948	-316	1	1	0	0	0	0	1	1	0	0	0	0
ENSRNOG00000006600	Unk	unchanged_loop_count	4632	4948	-316	1	1	0	0	0	0	0	0	0	1	1	0
ENSRNOG00000005341	Upp2	unchanged_loop_count	4632	4948	-316	1	1	0	0	0	0	0	0	0	1	1	0
ENSRNOG00000018281	Uqcrfs1	unchanged_loop_count	4632	4948	-316	1	1	0	0	0	0	0	0	0	1	1	0
ENSRNOG00000016619	Use1	unchanged_loop_count	4632	4948	-316	1	1	0	0	0	0	1	1	0	0	0	0
ENSRNOG00000004255	Usf1	unchanged_loop_count	4632	4948	-316	1	1	0	0	0	0	1	1	0	0	0	0
ENSRNOG00000053725	Usf2	unchanged_loop_count	4632	4948	-316	1	1	0	0	0	0	0	0	0	1	1	0
ENSRNOG00000028456	Ush1g	unchanged_loop_count	4632	4948	-316	1	1	0	1	1	0	0	0	0	0	0	0
ENSRNOG00000002301	Uso1	unchanged_loop_count	4632	4948	-316	1	1	0	0	0	0	0	0	0	1	1	0
ENSRNOG00000016509	Usp10	unchanged_loop_count	4632	4948	-316	1	1	0	0	0	0	1	1	0	0	0	0
ENSRNOG00000006663	Usp2	unchanged_loop_count	4632	4948	-316	1	1	0	0	0	0	0	0	0	1	1	0
ENSRNOG00000005802	Usp24	unchanged_loop_count	4632	4948	-316	1	1	0	0	0	0	0	0	0	1	1	0
ENSRNOG00000002844	Usp27x	unchanged_loop_count	4632	4948	-316	1	1	0	0	0	0	1	1	0	0	0	0
ENSRNOG00000007325	Usp28	unchanged_loop_count	4632	4948	-316	1	1	0	0	0	0	0	0	0	1	1	0
ENSRNOG00000028556	Usp30	unchanged_loop_count	4632	4948	-316	1	1	0	0	0	0	0	0	0	1	1	0
ENSRNOG00000026880	Usp38	decreased_loop_count	2598	4948	-2350	2	1	-1	0	0	0	0	0	0	2	1	-1
ENSRNOG00000005637	Usp44	unchanged_loop_count	4632	4948	-316	1	1	0	0	0	0	1	1	0	0	0	0
ENSRNOG00000002106	Usp46	unchanged_loop_count	4632	4948	-316	1	1	0	0	0	0	0	0	0	1	1	0
ENSRNOG00000013602	Usp48	unchanged_loop_count	4632	4948	-316	1	1	0	0	0	0	0	0	0	1	1	0
ENSRNOG00000011401	Usp50	unchanged_loop_count	4632	4948	-316	1	1	0	0	0	0	0	0	0	1	1	0
ENSRNOG00000005823	Utp20	unchanged_loop_count	4632	4948	-316	1	1	0	0	0	0	0	0	0	1	1	0
ENSRNOG00000018393	Uts2	unchanged_loop_count	4632	4948	-316	1	1	0	0	0	0	0	0	0	1	1	0
ENSRNOG00000009893	Uxt	unchanged_loop_count	4632	4948	-316	1	1	0	0	0	0	0	0	0	1	1	0
ENSRNOG00000000867	Vars	unchanged_loop_count	4632	4948	-316	1	1	0	0	0	0	0	0	0	1	1	0
ENSRNOG00000016367	Vasp	unchanged_loop_count	4632	4948	-316	1	1	0	1	1	0	0	0	0	0	0	0
ENSRNOG00000020684	Vat1	unchanged_loop_count	4632	4948	-316	1	1	0	0	0	0	0	0	0	1	1	0
ENSRNOG00000050430	Vav1	unchanged_loop_count	4632	4948	-316	1	1	0	0	0	0	1	1	0	0	0	0
ENSRNOG00000014333	Vcam1	unchanged_loop_count	4632	4948	-316	1	1	0	0	0	0	0	0	0	1	1	0
ENSRNOG00000049908	Vcf2	unchanged_loop_count	4632	4948	-316	1	1	0	0	0	0	0	0	0	1	1	0
ENSRNOG00000010765	Vcl	unchanged_loop_count	4632	4948	-316	1	1	0	0	0	0	1	1	0	0	0	0
ENSRNOG00000001416	Vgf	decreased_loop_count	2598	4948	-2350	2	1	-1	0	0	0	1	1	0	1	0	-1
ENSRNOG00000011446	Vill	new_gene_in_sensitivity	NA	4948	NA	0	1	1	0	0	0	0	0	0	0	1	1
ENSRNOG00000018087	Vim	unchanged_loop_count	4632	4948	-316	1	1	0	0	0	0	0	0	0	1	1	0
ENSRNOG00000027491	Vldlr	unchanged_loop_count	4632	4948	-316	1	1	0	0	0	0	0	0	0	1	1	0
ENSRNOG00000030213	Vps13c	new_gene_in_sensitivity	NA	4948	NA	0	1	1	0	0	0	0	1	1	0	0	0
ENSRNOG00000030683	Vps26a	unchanged_loop_count	4632	4948	-316	1	1	0	0	0	0	1	1	0	0	0	0
ENSRNOG00000017612	Vps35	unchanged_loop_count	4632	4948	-316	1	1	0	1	1	0	0	0	0	0	0	0
ENSRNOG00000028904	Vps9d1	unchanged_loop_count	4632	4948	-316	1	1	0	0	0	0	0	0	0	1	1	0
ENSRNOG00000022698	Vsig10	unchanged_loop_count	4632	4948	-316	1	1	0	0	0	0	0	0	0	1	1	0
ENSRNOG00000033490	Vsig2	unchanged_loop_count	4632	4948	-316	1	1	0	0	0	0	0	0	0	1	1	0
ENSRNOG00000005180	Vstm2a	unchanged_loop_count	4632	4948	-316	1	1	0	0	0	0	1	1	0	0	0	0
ENSRNOG00000017456	Vstm2b	unchanged_loop_count	4632	4948	-316	1	1	0	0	0	0	0	0	0	1	1	0
ENSRNOG00000042220	Vsx1	new_gene_in_sensitivity	NA	4948	NA	0	1	1	0	0	0	0	1	1	0	0	0
ENSRNOG00000025110	Vwa3a	unchanged_loop_count	4632	4948	-316	1	1	0	0	0	0	1	1	0	0	0	0
ENSRNOG00000049076	Vwc2	unchanged_loop_count	4632	4948	-316	1	1	0	0	0	0	0	0	0	1	1	0
ENSRNOG00000008331	Washc4	unchanged_loop_count	4632	4948	-316	1	1	0	0	0	0	0	0	0	1	1	0
ENSRNOG00000006975	Wasl	unchanged_loop_count	4632	4948	-316	1	1	0	0	0	0	0	0	0	1	1	0
ENSRNOG00000007971	Wbp2	unchanged_loop_count	4632	4948	-316	1	1	0	1	1	0	0	0	0	0	0	0
ENSRNOG00000049989	Wdcp	unchanged_loop_count	4632	4948	-316	1	1	0	0	0	0	1	1	0	0	0	0
ENSRNOG00000029662	Wdfy4	unchanged_loop_count	4632	4948	-316	1	1	0	0	0	0	0	0	0	1	1	0
ENSRNOG00000011167	Wdhd1	new_gene_in_sensitivity	NA	4948	NA	0	1	1	0	0	0	0	0	0	0	1	1
ENSRNOG00000002932	Wdr19	unchanged_loop_count	4632	4948	-316	1	1	0	0	0	0	1	1	0	0	0	0
ENSRNOG00000015609	Wdr27	unchanged_loop_count	4632	4948	-316	1	1	0	0	0	0	0	0	0	1	1	0
ENSRNOG00000027355	Wdr36	new_gene_in_sensitivity	NA	4948	NA	0	1	1	0	0	0	0	0	0	0	1	1
ENSRNOG00000016834	Wdr37	unchanged_loop_count	4632	4948	-316	1	1	0	0	0	0	0	0	0	1	1	0
ENSRNOG00000001181	Wdr4	unchanged_loop_count	4632	4948	-316	1	1	0	0	0	0	0	0	0	1	1	0
ENSRNOG00000016942	Wdr48	unchanged_loop_count	4632	4948	-316	1	1	0	0	0	0	0	0	0	1	1	0
ENSRNOG00000001754	Wdr53	unchanged_loop_count	4632	4948	-316	1	1	0	0	0	0	0	0	0	1	1	0
ENSRNOG00000038083	Wdr64	unchanged_loop_count	4632	4948	-316	1	1	0	0	0	0	0	0	0	1	1	0
ENSRNOG00000003243	Wdr81	unchanged_loop_count	4632	4948	-316	1	1	0	0	0	0	0	0	0	1	1	0
ENSRNOG00000048441	Wdr82	unchanged_loop_count	4632	4948	-316	1	1	0	0	0	0	0	0	0	1	1	0
ENSRNOG00000025735	Wdr86	unchanged_loop_count	4632	4948	-316	1	1	0	0	0	0	0	0	0	1	1	0
ENSRNOG00000037393	Wdr88	unchanged_loop_count	4632	4948	-316	1	1	0	0	0	0	0	0	0	1	1	0
ENSRNOG00000021628	Wdr89	unchanged_loop_count	4632	4948	-316	1	1	0	0	0	0	0	0	0	1	1	0
ENSRNOG00000013760	Wfdc5	unchanged_loop_count	4632	4948	-316	1	1	0	0	0	0	1	1	0	0	0	0
ENSRNOG00000001114	Wipi2	unchanged_loop_count	4632	4948	-316	1	1	0	0	0	0	0	0	0	1	1	0
ENSRNOG00000003845	Wnt3	unchanged_loop_count	4632	4948	-316	1	1	0	0	0	0	1	1	0	0	0	0
ENSRNOG00000015618	Wnt5a	unchanged_loop_count	4632	4948	-316	1	1	0	0	0	0	0	0	0	1	1	0
ENSRNOG00000010520	Wrap53	unchanged_loop_count	4632	4948	-316	1	1	0	1	1	0	0	0	0	0	0	0
ENSRNOG00000012929	Wsb1	unchanged_loop_count	4632	4948	-316	1	1	0	1	1	0	0	0	0	0	0	0
ENSRNOG00000019091	Wtap	unchanged_loop_count	4632	4948	-316	1	1	0	0	0	0	0	0	0	1	1	0
ENSRNOG00000016617	Wwtr1	unchanged_loop_count	4632	4948	-316	1	1	0	0	0	0	0	0	0	1	1	0
ENSRNOG00000009180	Xkr7	new_gene_in_sensitivity	NA	4948	NA	0	1	1	0	0	0	0	0	0	0	1	1
ENSRNOG00000024312	Xkr8	unchanged_loop_count	4632	4948	-316	1	1	0	0	0	0	0	0	0	1	1	0
ENSRNOG00000004009	Xpnpep2	unchanged_loop_count	4632	4948	-316	1	1	0	0	0	0	0	0	0	1	1	0
ENSRNOG00000010137	Xpo4	unchanged_loop_count	4632	4948	-316	1	1	0	0	0	0	0	0	0	1	1	0
ENSRNOG00000007088	Xpot	unchanged_loop_count	4632	4948	-316	1	1	0	0	0	0	0	0	0	1	1	0
ENSRNOG00000000042	Xpr1	unchanged_loop_count	4632	4948	-316	1	1	0	0	0	0	0	0	0	1	1	0
ENSRNOG00000029966	Xrcc4	unchanged_loop_count	4632	4948	-316	1	1	0	0	0	0	0	0	0	1	1	0
ENSRNOG00000006392	Xrcc6	unchanged_loop_count	4632	4948	-316	1	1	0	0	0	0	0	0	0	1	1	0
ENSRNOG00000061074	Y_RNA	unchanged_loop_count	4632	4948	-316	1	1	0	0	0	0	0	0	0	1	1	0
ENSRNOG00000063220	Y_RNA	unchanged_loop_count	4632	4948	-316	1	1	0	0	0	0	0	0	0	1	1	0
ENSRNOG00000067889	Y_RNA	unchanged_loop_count	4632	4948	-316	1	1	0	0	0	0	1	1	0	0	0	0
ENSRNOG00000013438	Yae1	unchanged_loop_count	4632	4948	-316	1	1	0	0	0	0	0	0	0	1	1	0
ENSRNOG00000017117	Ybx2	unchanged_loop_count	4632	4948	-316	1	1	0	0	0	0	0	0	0	1	1	0
ENSRNOG00000020201	Yif1a	unchanged_loop_count	4632	4948	-316	1	1	0	0	0	0	1	1	0	0	0	0
ENSRNOG00000055286	Yif1b	unchanged_loop_count	4632	4948	-316	1	1	0	0	0	0	1	1	0	0	0	0
ENSRNOG00000010512	Yipf1	unchanged_loop_count	4632	4948	-316	1	1	0	0	0	0	1	1	0	0	0	0
ENSRNOG00000022043	Yipf2	unchanged_loop_count	4632	4948	-316	1	1	0	0	0	0	1	1	0	0	0	0
ENSRNOG00000065148	Yipf4l1	unchanged_loop_count	4632	4948	-316	1	1	0	0	0	0	0	0	0	1	1	0
ENSRNOG00000025704	Yod1	unchanged_loop_count	4632	4948	-316	1	1	0	0	0	0	0	0	0	1	1	0
ENSRNOG00000016995	Zap70	new_gene_in_sensitivity	NA	4948	NA	0	1	1	0	0	0	0	0	0	0	1	1
ENSRNOG00000028941	Zbed3	unchanged_loop_count	4632	4948	-316	1	1	0	0	0	0	0	0	0	1	1	0
ENSRNOG00000000918	Zbed5	unchanged_loop_count	4632	4948	-316	1	1	0	0	0	0	0	0	0	1	1	0
ENSRNOG00000006314	Zbp1	unchanged_loop_count	4632	4948	-316	1	1	0	0	0	0	0	0	0	1	1	0
ENSRNOG00000010436	Zbtb17	unchanged_loop_count	4632	4948	-316	1	1	0	0	0	0	0	0	0	1	1	0
ENSRNOG00000019544	Zbtb2	unchanged_loop_count	4632	4948	-316	1	1	0	0	0	0	1	1	0	0	0	0
ENSRNOG00000026907	Zbtb37	unchanged_loop_count	4632	4948	-316	1	1	0	0	0	0	0	0	0	1	1	0
ENSRNOG00000011137	Zbtb41	unchanged_loop_count	4632	4948	-316	1	1	0	0	0	0	1	1	0	0	0	0
ENSRNOG00000064177	Zbtb41	unchanged_loop_count	4632	4948	-316	1	1	0	0	0	0	1	1	0	0	0	0
ENSRNOG00000005578	Zbtb44	unchanged_loop_count	4632	4948	-316	1	1	0	0	0	0	0	0	0	1	1	0
ENSRNOG00000027459	Zbtb45	unchanged_loop_count	4632	4948	-316	1	1	0	0	0	0	1	1	0	0	0	0
ENSRNOG00000007684	Zc3h3	unchanged_loop_count	4632	4948	-316	1	1	0	0	0	0	0	0	0	1	1	0
ENSRNOG00000013944	Zc3hav1l	new_gene_in_sensitivity	NA	4948	NA	0	1	1	0	0	0	0	0	0	0	1	1
ENSRNOG00000010154	Zc3hc1	unchanged_loop_count	4632	4948	-316	1	1	0	0	0	0	0	0	0	1	1	0
ENSRNOG00000013162	Zcchc12	unchanged_loop_count	4632	4948	-316	1	1	0	0	0	0	0	0	0	1	1	0
ENSRNOG00000002923	Zcchc13	unchanged_loop_count	4632	4948	-316	1	1	0	0	0	0	0	0	0	1	1	0
ENSRNOG00000018226	Zcchc14	unchanged_loop_count	4632	4948	-316	1	1	0	0	0	0	1	1	0	0	0	0
ENSRNOG00000004996	Zcrb1	unchanged_loop_count	4632	4948	-316	1	1	0	0	0	0	0	0	0	1	1	0
ENSRNOG00000039743	Zdhhc11	new_gene_in_sensitivity	NA	4948	NA	0	1	1	0	1	1	0	0	0	0	0	0
ENSRNOG00000025055	Zdhhc19	unchanged_loop_count	4632	4948	-316	1	1	0	0	0	0	0	0	0	1	1	0
ENSRNOG00000011285	Zdhhc22	new_gene_in_sensitivity	NA	4948	NA	0	1	1	0	0	0	0	1	1	0	0	0
ENSRNOG00000004344	Zdhhc3	new_gene_in_sensitivity	NA	4948	NA	0	1	1	0	0	0	0	0	0	0	1	1
ENSRNOG00000017342	Zdhhc7	unchanged_loop_count	4632	4948	-316	1	1	0	0	0	0	0	0	0	1	1	0
ENSRNOG00000021891	Zdhhc8	unchanged_loop_count	4632	4948	-316	1	1	0	0	0	0	0	0	0	1	1	0
ENSRNOG00000004677	Zeb2	unchanged_loop_count	4632	4948	-316	1	1	0	0	0	0	0	0	0	1	1	0
ENSRNOG00000011791	Zfand4	unchanged_loop_count	4632	4948	-316	1	1	0	0	0	0	1	1	0	0	0	0
ENSRNOG00000013506	Zfand6	unchanged_loop_count	4632	4948	-316	1	1	0	0	0	0	1	1	0	0	0	0
ENSRNOG00000019059	Zfp1	unchanged_loop_count	4632	4948	-316	1	1	0	0	0	0	0	0	0	1	1	0
ENSRNOG00000063927	Zfp113	unchanged_loop_count	4632	4948	-316	1	1	0	0	0	0	0	0	0	1	1	0
ENSRNOG00000015925	Zfp131	unchanged_loop_count	4632	4948	-316	1	1	0	0	0	0	1	1	0	0	0	0
ENSRNOG00000027955	Zfp133	unchanged_loop_count	4632	4948	-316	1	1	0	0	0	0	1	1	0	0	0	0
ENSRNOG00000016303	Zfp236	new_gene_in_sensitivity	NA	4948	NA	0	1	1	0	0	0	0	0	0	0	1	1
ENSRNOG00000016562	Zfp24	unchanged_loop_count	4632	4948	-316	1	1	0	0	0	0	0	0	0	1	1	0
ENSRNOG00000016631	Zfp276	unchanged_loop_count	4632	4948	-316	1	1	0	0	0	0	0	0	0	1	1	0
ENSRNOG00000005009	Zfp3	decreased_loop_count	2598	4948	-2350	2	1	-1	0	0	0	2	1	-1	0	0	0
ENSRNOG00000003461	Zfp330	decreased_loop_count	2598	4948	-2350	2	1	-1	0	0	0	1	1	0	1	0	-1
ENSRNOG00000019099	Zfp334	unchanged_loop_count	4632	4948	-316	1	1	0	0	0	0	1	1	0	0	0	0
ENSRNOG00000017290	Zfp335	unchanged_loop_count	4632	4948	-316	1	1	0	1	1	0	0	0	0	0	0	0
ENSRNOG00000071023	Zfp347	unchanged_loop_count	4632	4948	-316	1	1	0	0	0	0	0	0	0	1	1	0
ENSRNOG00000051078	Zfp37	unchanged_loop_count	4632	4948	-316	1	1	0	0	0	0	1	1	0	0	0	0
ENSRNOG00000069865	Zfp37	unchanged_loop_count	4632	4948	-316	1	1	0	0	0	0	1	1	0	0	0	0
ENSRNOG00000011675	Zfp40	unchanged_loop_count	4632	4948	-316	1	1	0	0	0	0	0	0	0	1	1	0
ENSRNOG00000015517	Zfp444	unchanged_loop_count	4632	4948	-316	1	1	0	0	0	0	1	1	0	0	0	0
ENSRNOG00000060429	Zfp446	new_gene_in_sensitivity	NA	4948	NA	0	1	1	0	0	0	0	1	1	0	0	0
ENSRNOG00000014975	Zfp483	unchanged_loop_count	4632	4948	-316	1	1	0	0	0	0	1	1	0	0	0	0
ENSRNOG00000013565	Zfp507	unchanged_loop_count	4632	4948	-316	1	1	0	0	0	0	0	0	0	1	1	0
ENSRNOG00000017116	Zfp532	unchanged_loop_count	4632	4948	-316	1	1	0	0	0	0	1	1	0	0	0	0
ENSRNOG00000022730	Zfp57	new_gene_in_sensitivity	NA	4948	NA	0	1	1	0	0	0	0	0	0	0	1	1
ENSRNOG00000016608	Zfp579	unchanged_loop_count	4632	4948	-316	1	1	0	0	0	0	1	1	0	0	0	0
ENSRNOG00000053366	Zfp59	unchanged_loop_count	4632	4948	-316	1	1	0	0	0	0	0	0	0	1	1	0
ENSRNOG00000016392	Zfp593	unchanged_loop_count	4632	4948	-316	1	1	0	0	0	0	1	1	0	0	0	0
ENSRNOG00000006719	Zfp618	unchanged_loop_count	4632	4948	-316	1	1	0	0	0	0	0	0	0	1	1	0
ENSRNOG00000062890	Zfp618	unchanged_loop_count	4632	4948	-316	1	1	0	0	0	0	0	0	0	1	1	0
ENSRNOG00000014065	Zfp653	unchanged_loop_count	4632	4948	-316	1	1	0	0	0	0	1	1	0	0	0	0
ENSRNOG00000002682	Zfp692	unchanged_loop_count	4632	4948	-316	1	1	0	0	0	0	0	0	0	1	1	0
ENSRNOG00000050695	Zfp7	unchanged_loop_count	4632	4948	-316	1	1	0	0	0	0	0	0	0	1	1	0
ENSRNOG00000046480	Zfp764l1	unchanged_loop_count	4632	4948	-316	1	1	0	0	0	0	1	1	0	0	0	0
ENSRNOG00000008362	Zfp775	unchanged_loop_count	4632	4948	-316	1	1	0	0	0	0	1	1	0	0	0	0
ENSRNOG00000029805	Zfp780b	unchanged_loop_count	4632	4948	-316	1	1	0	0	0	0	1	1	0	0	0	0
ENSRNOG00000007662	Zfp800	unchanged_loop_count	4632	4948	-316	1	1	0	0	0	0	0	0	0	1	1	0
ENSRNOG00000029043	Zfp84	unchanged_loop_count	4632	4948	-316	1	1	0	0	0	0	0	0	0	1	1	0
ENSRNOG00000022431	Zfp867	unchanged_loop_count	4632	4948	-316	1	1	0	0	0	0	0	0	0	1	1	0
ENSRNOG00000051836	Zfp92	unchanged_loop_count	4632	4948	-316	1	1	0	0	0	0	0	0	0	1	1	0
ENSRNOG00000063577	Zfp948	unchanged_loop_count	4632	4948	-316	1	1	0	0	0	0	0	0	0	1	1	0
ENSRNOG00000043077	Zfpm1	unchanged_loop_count	4632	4948	-316	1	1	0	1	1	0	0	0	0	0	0	0
ENSRNOG00000005624	Zfx	unchanged_loop_count	4632	4948	-316	1	1	0	0	0	0	1	1	0	0	0	0
ENSRNOG00000014903	Zfyve27	unchanged_loop_count	4632	4948	-316	1	1	0	0	0	0	0	0	0	1	1	0
ENSRNOG00000014874	Zfyve28	unchanged_loop_count	4632	4948	-316	1	1	0	0	0	0	1	1	0	0	0	0
ENSRNOG00000027183	Zfyve9	unchanged_loop_count	4632	4948	-316	1	1	0	0	0	0	0	0	0	1	1	0
ENSRNOG00000014644	Zic1	unchanged_loop_count	4632	4948	-316	1	1	0	0	0	0	0	0	0	1	1	0
ENSRNOG00000000861	Zic3	unchanged_loop_count	4632	4948	-316	1	1	0	0	0	0	1	1	0	0	0	0
ENSRNOG00000014871	Zic4	unchanged_loop_count	4632	4948	-316	1	1	0	0	0	0	0	0	0	1	1	0
ENSRNOG00000015071	Zim1	unchanged_loop_count	4632	4948	-316	1	1	0	0	0	0	0	0	0	1	1	0
ENSRNOG00000013855	Zmym1	unchanged_loop_count	4632	4948	-316	1	1	0	0	0	0	0	0	0	1	1	0
ENSRNOG00000008734	Zmym2	new_gene_in_sensitivity	NA	4948	NA	0	1	1	0	0	0	0	0	0	0	1	1
ENSRNOG00000003707	Zmym3	unchanged_loop_count	4632	4948	-316	1	1	0	0	0	0	1	1	0	0	0	0
ENSRNOG00000013865	Zmym6	unchanged_loop_count	4632	4948	-316	1	1	0	0	0	0	0	0	0	1	1	0
ENSRNOG00000021602	Zmynd10	unchanged_loop_count	4632	4948	-316	1	1	0	0	0	0	0	0	0	1	1	0
ENSRNOG00000019154	Zmynd8	unchanged_loop_count	4632	4948	-316	1	1	0	0	0	0	1	1	0	0	0	0
ENSRNOG00000066471	Znf81	unchanged_loop_count	4632	4948	-316	1	1	0	0	0	0	0	0	0	1	1	0
ENSRNOG00000028628	Znf865	unchanged_loop_count	4632	4948	-316	1	1	0	0	0	0	0	0	0	1	1	0
ENSRNOG00000021794	Znhit2	unchanged_loop_count	4632	4948	-316	1	1	0	0	0	0	0	0	0	1	1	0
ENSRNOG00000027801	Zpbp	unchanged_loop_count	4632	4948	-316	1	1	0	0	0	0	0	0	0	1	1	0
ENSRNOG00000015735	Zswim1	unchanged_loop_count	4632	4948	-316	1	1	0	0	0	0	1	1	0	0	0	0
ENSRNOG00000007582	Zswim4	unchanged_loop_count	4632	4948	-316	1	1	0	0	0	0	1	1	0	0	0	0
ENSRNOG00000000398	Zufsp	unchanged_loop_count	4632	4948	-316	1	1	0	0	0	0	0	0	0	1	1	0
ENSRNOG00000050321	Zzz3	unchanged_loop_count	4632	4948	-316	1	1	0	0	0	0	0	0	0	1	1	0
ENSRNOG00000066815	dsr-2	unchanged_loop_count	4632	4948	-316	1	1	0	0	0	0	0	0	0	1	1	0
ENSRNOG00000020869	mrpl9	unchanged_loop_count	4632	4948	-316	1	1	0	0	0	0	0	0	0	1	1	0
ENSRNOG00000037360	AABR07003173.1	lost_gene_in_sensitivity	4632	NA	NA	1	0	-1	0	0	0	1	0	-1	0	0	0
ENSRNOG00000037223	AABR07012592.1	lost_gene_in_sensitivity	4632	NA	NA	1	0	-1	0	0	0	0	0	0	1	0	-1
ENSRNOG00000061157	AABR07017999.1	lost_gene_in_sensitivity	4632	NA	NA	1	0	-1	0	0	0	0	0	0	1	0	-1
ENSRNOG00000057390	AABR07030143.1	lost_gene_in_sensitivity	4632	NA	NA	1	0	-1	0	0	0	1	0	-1	0	0	0
ENSRNOG00000047508	AC112350.1	lost_gene_in_sensitivity	4632	NA	NA	1	0	-1	0	0	0	1	0	-1	0	0	0
ENSRNOG00000007102	Acss1	lost_gene_in_sensitivity	4632	NA	NA	1	0	-1	0	0	0	1	0	-1	0	0	0
ENSRNOG00000011189	Acy1	lost_gene_in_sensitivity	4632	NA	NA	1	0	-1	1	0	-1	0	0	0	0	0	0
ENSRNOG00000012685	Adck1	lost_gene_in_sensitivity	4632	NA	NA	1	0	-1	0	0	0	0	0	0	1	0	-1
ENSRNOG00000039001	Agrp	lost_gene_in_sensitivity	4632	NA	NA	1	0	-1	1	0	-1	0	0	0	0	0	0
ENSRNOG00000001415	Ap1s1	lost_gene_in_sensitivity	4632	NA	NA	1	0	-1	0	0	0	0	0	0	1	0	-1
ENSRNOG00000016610	Arhgap1	lost_gene_in_sensitivity	4632	NA	NA	1	0	-1	0	0	0	0	0	0	1	0	-1
ENSRNOG00000025624	Arhgap20	lost_gene_in_sensitivity	1472	NA	NA	3	0	-3	0	0	0	1	0	-1	2	0	-2
ENSRNOG00000050636	Arhgef10l	lost_gene_in_sensitivity	4632	NA	NA	1	0	-1	0	0	0	0	0	0	1	0	-1
ENSRNOG00000004831	Arid2	lost_gene_in_sensitivity	2598	NA	NA	2	0	-2	0	0	0	1	0	-1	1	0	-1
ENSRNOG00000021010	Arl2	lost_gene_in_sensitivity	4632	NA	NA	1	0	-1	0	0	0	0	0	0	1	0	-1
ENSRNOG00000019009	Arrdc2	lost_gene_in_sensitivity	4632	NA	NA	1	0	-1	1	0	-1	0	0	0	0	0	0
ENSRNOG00000060707	Atg2a	lost_gene_in_sensitivity	4632	NA	NA	1	0	-1	0	0	0	0	0	0	1	0	-1
ENSRNOG00000014625	Atp5f1d	lost_gene_in_sensitivity	2598	NA	NA	2	0	-2	1	0	-1	1	0	-1	0	0	0
ENSRNOG00000017235	Atp6v0d1	lost_gene_in_sensitivity	4632	NA	NA	1	0	-1	1	0	-1	0	0	0	0	0	0
ENSRNOG00000020930	Atxn7l3	lost_gene_in_sensitivity	4632	NA	NA	1	0	-1	1	0	-1	0	0	0	0	0	0
ENSRNOG00000018066	Bccip	lost_gene_in_sensitivity	4632	NA	NA	1	0	-1	1	0	-1	0	0	0	0	0	0
ENSRNOG00000020607	Bckdha	lost_gene_in_sensitivity	4632	NA	NA	1	0	-1	1	0	-1	0	0	0	0	0	0
ENSRNOG00000059956	Bcl6b	lost_gene_in_sensitivity	4632	NA	NA	1	0	-1	0	0	0	0	0	0	1	0	-1
ENSRNOG00000010899	Bfsp2	lost_gene_in_sensitivity	4632	NA	NA	1	0	-1	0	0	0	1	0	-1	0	0	0
ENSRNOG00000007268	C10h16orf90	lost_gene_in_sensitivity	4632	NA	NA	1	0	-1	0	0	0	0	0	0	1	0	-1
ENSRNOG00000042847	C10h17orf107	lost_gene_in_sensitivity	4632	NA	NA	1	0	-1	0	0	0	0	0	0	1	0	-1
ENSRNOG00000001185	C12h12orf43	lost_gene_in_sensitivity	4632	NA	NA	1	0	-1	0	0	0	0	0	0	1	0	-1
ENSRNOG00000029146	C15h14orf119	lost_gene_in_sensitivity	4632	NA	NA	1	0	-1	0	0	0	0	0	0	1	0	-1
ENSRNOG00000007804	C1galt1	lost_gene_in_sensitivity	4632	NA	NA	1	0	-1	0	0	0	0	0	0	1	0	-1
ENSRNOG00000068599	C7h8orf82	lost_gene_in_sensitivity	4632	NA	NA	1	0	-1	0	0	0	1	0	-1	0	0	0
ENSRNOG00000003029	Calr	lost_gene_in_sensitivity	2598	NA	NA	2	0	-2	1	0	-1	1	0	-1	0	0	0
ENSRNOG00000004283	Camta2	lost_gene_in_sensitivity	4632	NA	NA	1	0	-1	0	0	0	1	0	-1	0	0	0
ENSRNOG00000051621	Catsperz	lost_gene_in_sensitivity	4632	NA	NA	1	0	-1	1	0	-1	0	0	0	0	0	0
ENSRNOG00000024349	Cbarp	lost_gene_in_sensitivity	4632	NA	NA	1	0	-1	0	0	0	1	0	-1	0	0	0
ENSRNOG00000012137	Ccdc84	lost_gene_in_sensitivity	4632	NA	NA	1	0	-1	0	0	0	0	0	0	1	0	-1
ENSRNOG00000003258	Cdc73	lost_gene_in_sensitivity	4632	NA	NA	1	0	-1	1	0	-1	0	0	0	0	0	0
ENSRNOG00000022736	Cdkn2aip	lost_gene_in_sensitivity	4632	NA	NA	1	0	-1	1	0	-1	0	0	0	0	0	0
ENSRNOG00000036796	Cfap97d1	lost_gene_in_sensitivity	4632	NA	NA	1	0	-1	1	0	-1	0	0	0	0	0	0
ENSRNOG00000033564	Cfd	lost_gene_in_sensitivity	4632	NA	NA	1	0	-1	0	0	0	1	0	-1	0	0	0
ENSRNOG00000003777	Chrne	lost_gene_in_sensitivity	4632	NA	NA	1	0	-1	0	0	0	0	0	0	1	0	-1
ENSRNOG00000057827	Cirop	lost_gene_in_sensitivity	4632	NA	NA	1	0	-1	0	0	0	0	0	0	1	0	-1
ENSRNOG00000012788	Clns1a	lost_gene_in_sensitivity	4632	NA	NA	1	0	-1	0	0	0	0	0	0	1	0	-1
ENSRNOG00000018255	Clptm1	lost_gene_in_sensitivity	4632	NA	NA	1	0	-1	1	0	-1	0	0	0	0	0	0
ENSRNOG00000007117	Cluap1	lost_gene_in_sensitivity	4632	NA	NA	1	0	-1	0	0	0	0	0	0	1	0	-1
ENSRNOG00000018723	Cops7b	lost_gene_in_sensitivity	4632	NA	NA	1	0	-1	1	0	-1	0	0	0	0	0	0
ENSRNOG00000056337	Crtc2	lost_gene_in_sensitivity	4632	NA	NA	1	0	-1	0	0	0	0	0	0	1	0	-1
ENSRNOG00000019374	Csk	lost_gene_in_sensitivity	4632	NA	NA	1	0	-1	0	0	0	1	0	-1	0	0	0
ENSRNOG00000050289	Cstf2t	lost_gene_in_sensitivity	4632	NA	NA	1	0	-1	0	0	0	0	0	0	1	0	-1
ENSRNOG00000070422	Cstf2t	lost_gene_in_sensitivity	4632	NA	NA	1	0	-1	0	0	0	0	0	0	1	0	-1
ENSRNOG00000020772	Dhx8	lost_gene_in_sensitivity	2598	NA	NA	2	0	-2	1	0	-1	1	0	-1	0	0	0
ENSRNOG00000006999	Dnai4	lost_gene_in_sensitivity	2598	NA	NA	2	0	-2	0	0	0	1	0	-1	1	0	-1
ENSRNOG00000060107	Dnajb14	lost_gene_in_sensitivity	2598	NA	NA	2	0	-2	0	0	0	1	0	-1	1	0	-1
ENSRNOG00000015583	Dnal4	lost_gene_in_sensitivity	4632	NA	NA	1	0	-1	0	0	0	0	0	0	1	0	-1
ENSRNOG00000039859	Dnmt1	lost_gene_in_sensitivity	2598	NA	NA	2	0	-2	1	0	-1	1	0	-1	0	0	0
ENSRNOG00000008534	Dusp15	lost_gene_in_sensitivity	4632	NA	NA	1	0	-1	0	0	0	1	0	-1	0	0	0
ENSRNOG00000036798	Dusp3	lost_gene_in_sensitivity	4632	NA	NA	1	0	-1	1	0	-1	0	0	0	0	0	0
ENSRNOG00000062349	ENSRNOG00000062349	lost_gene_in_sensitivity	4632	NA	NA	1	0	-1	1	0	-1	0	0	0	0	0	0
ENSRNOG00000062759	ENSRNOG00000062759	lost_gene_in_sensitivity	2598	NA	NA	2	0	-2	0	0	0	1	0	-1	1	0	-1
ENSRNOG00000063228	ENSRNOG00000063228	lost_gene_in_sensitivity	4632	NA	NA	1	0	-1	0	0	0	0	0	0	1	0	-1
ENSRNOG00000063371	ENSRNOG00000063371	lost_gene_in_sensitivity	4632	NA	NA	1	0	-1	0	0	0	1	0	-1	0	0	0
ENSRNOG00000064219	ENSRNOG00000064219	lost_gene_in_sensitivity	2598	NA	NA	2	0	-2	0	0	0	1	0	-1	1	0	-1
ENSRNOG00000064417	ENSRNOG00000064417	lost_gene_in_sensitivity	4632	NA	NA	1	0	-1	1	0	-1	0	0	0	0	0	0
ENSRNOG00000064557	ENSRNOG00000064557	lost_gene_in_sensitivity	4632	NA	NA	1	0	-1	0	0	0	1	0	-1	0	0	0
ENSRNOG00000064689	ENSRNOG00000064689	lost_gene_in_sensitivity	4632	NA	NA	1	0	-1	0	0	0	0	0	0	1	0	-1
ENSRNOG00000064946	ENSRNOG00000064946	lost_gene_in_sensitivity	2598	NA	NA	2	0	-2	1	0	-1	0	0	0	1	0	-1
ENSRNOG00000065308	ENSRNOG00000065308	lost_gene_in_sensitivity	2598	NA	NA	2	0	-2	0	0	0	1	0	-1	1	0	-1
ENSRNOG00000065424	ENSRNOG00000065424	lost_gene_in_sensitivity	4632	NA	NA	1	0	-1	0	0	0	0	0	0	1	0	-1
ENSRNOG00000065603	ENSRNOG00000065603	lost_gene_in_sensitivity	2598	NA	NA	2	0	-2	0	0	0	1	0	-1	1	0	-1
ENSRNOG00000066323	ENSRNOG00000066323	lost_gene_in_sensitivity	4632	NA	NA	1	0	-1	1	0	-1	0	0	0	0	0	0
ENSRNOG00000066591	ENSRNOG00000066591	lost_gene_in_sensitivity	4632	NA	NA	1	0	-1	0	0	0	0	0	0	1	0	-1
ENSRNOG00000066983	ENSRNOG00000066983	lost_gene_in_sensitivity	2598	NA	NA	2	0	-2	0	0	0	1	0	-1	1	0	-1
ENSRNOG00000067104	ENSRNOG00000067104	lost_gene_in_sensitivity	4632	NA	NA	1	0	-1	0	0	0	1	0	-1	0	0	0
ENSRNOG00000067804	ENSRNOG00000067804	lost_gene_in_sensitivity	4632	NA	NA	1	0	-1	0	0	0	0	0	0	1	0	-1
ENSRNOG00000067811	ENSRNOG00000067811	lost_gene_in_sensitivity	4632	NA	NA	1	0	-1	0	0	0	0	0	0	1	0	-1
ENSRNOG00000068127	ENSRNOG00000068127	lost_gene_in_sensitivity	4632	NA	NA	1	0	-1	0	0	0	1	0	-1	0	0	0
ENSRNOG00000068755	ENSRNOG00000068755	lost_gene_in_sensitivity	2598	NA	NA	2	0	-2	0	0	0	2	0	-2	0	0	0
ENSRNOG00000069477	ENSRNOG00000069477	lost_gene_in_sensitivity	4632	NA	NA	1	0	-1	0	0	0	1	0	-1	0	0	0
ENSRNOG00000069930	ENSRNOG00000069930	lost_gene_in_sensitivity	4632	NA	NA	1	0	-1	1	0	-1	0	0	0	0	0	0
ENSRNOG00000070276	ENSRNOG00000070276	lost_gene_in_sensitivity	4632	NA	NA	1	0	-1	0	0	0	1	0	-1	0	0	0
ENSRNOG00000070334	ENSRNOG00000070334	lost_gene_in_sensitivity	4632	NA	NA	1	0	-1	0	0	0	0	0	0	1	0	-1
ENSRNOG00000070371	ENSRNOG00000070371	lost_gene_in_sensitivity	4632	NA	NA	1	0	-1	0	0	0	0	0	0	1	0	-1
ENSRNOG00000070405	ENSRNOG00000070405	lost_gene_in_sensitivity	4632	NA	NA	1	0	-1	0	0	0	0	0	0	1	0	-1
ENSRNOG00000001738	Eif4g1	lost_gene_in_sensitivity	4632	NA	NA	1	0	-1	0	0	0	1	0	-1	0	0	0
ENSRNOG00000019175	Ercc6l2	lost_gene_in_sensitivity	4632	NA	NA	1	0	-1	0	0	0	0	0	0	1	0	-1
ENSRNOG00000021139	Esrra	lost_gene_in_sensitivity	4632	NA	NA	1	0	-1	1	0	-1	0	0	0	0	0	0
ENSRNOG00000020635	Exosc5	lost_gene_in_sensitivity	4632	NA	NA	1	0	-1	1	0	-1	0	0	0	0	0	0
ENSRNOG00000016325	F2	lost_gene_in_sensitivity	4632	NA	NA	1	0	-1	0	0	0	0	0	0	1	0	-1
ENSRNOG00000009881	Fam161a	lost_gene_in_sensitivity	2598	NA	NA	2	0	-2	0	0	0	1	0	-1	1	0	-1
ENSRNOG00000016706	Fanca	lost_gene_in_sensitivity	4632	NA	NA	1	0	-1	1	0	-1	0	0	0	0	0	0
ENSRNOG00000003149	Farsa	lost_gene_in_sensitivity	4632	NA	NA	1	0	-1	0	0	0	1	0	-1	0	0	0
ENSRNOG00000023020	Fdx1l	lost_gene_in_sensitivity	2598	NA	NA	2	0	-2	1	0	-1	1	0	-1	0	0	0
ENSRNOG00000008907	Fggy	lost_gene_in_sensitivity	2598	NA	NA	2	0	-2	0	0	0	1	0	-1	1	0	-1
ENSRNOG00000006998	Fhl4	lost_gene_in_sensitivity	4632	NA	NA	1	0	-1	1	0	-1	0	0	0	0	0	0
ENSRNOG00000050486	Foxd4	lost_gene_in_sensitivity	4632	NA	NA	1	0	-1	0	0	0	0	0	0	1	0	-1
ENSRNOG00000020881	Frmd8	lost_gene_in_sensitivity	4632	NA	NA	1	0	-1	0	0	0	1	0	-1	0	0	0
ENSRNOG00000015553	Gatad2b	lost_gene_in_sensitivity	4632	NA	NA	1	0	-1	0	0	0	1	0	-1	0	0	0
ENSRNOG00000000168	Gatm	lost_gene_in_sensitivity	4632	NA	NA	1	0	-1	0	0	0	0	0	0	1	0	-1
ENSRNOG00000031612	Gls2	lost_gene_in_sensitivity	2598	NA	NA	2	0	-2	0	0	0	1	0	-1	1	0	-1
ENSRNOG00000021020	Gpha2	lost_gene_in_sensitivity	4632	NA	NA	1	0	-1	0	0	0	0	0	0	1	0	-1
ENSRNOG00000029941	Grina	lost_gene_in_sensitivity	4632	NA	NA	1	0	-1	0	0	0	0	0	0	1	0	-1
ENSRNOG00000018964	Gss	lost_gene_in_sensitivity	4632	NA	NA	1	0	-1	0	0	0	1	0	-1	0	0	0
ENSRNOG00000010306	H2az2l3	lost_gene_in_sensitivity	2598	NA	NA	2	0	-2	0	0	0	1	0	-1	1	0	-1
ENSRNOG00000015255	Haus3	lost_gene_in_sensitivity	4632	NA	NA	1	0	-1	0	0	0	0	0	0	1	0	-1
ENSRNOG00000069005	Haus3	lost_gene_in_sensitivity	4632	NA	NA	1	0	-1	0	0	0	0	0	0	1	0	-1
ENSRNOG00000016596	Hspa4	lost_gene_in_sensitivity	4632	NA	NA	1	0	-1	1	0	-1	0	0	0	0	0	0
ENSRNOG00000036819	Hspb9	lost_gene_in_sensitivity	4632	NA	NA	1	0	-1	1	0	-1	0	0	0	0	0	0
ENSRNOG00000012509	Il17f	lost_gene_in_sensitivity	4632	NA	NA	1	0	-1	0	0	0	0	0	0	1	0	-1
ENSRNOG00000037418	Inca1	lost_gene_in_sensitivity	4632	NA	NA	1	0	-1	0	0	0	1	0	-1	0	0	0
ENSRNOG00000012552	Ints4	lost_gene_in_sensitivity	2598	NA	NA	2	0	-2	2	0	-2	0	0	0	0	0	0
ENSRNOG00000010556	Intu	lost_gene_in_sensitivity	4632	NA	NA	1	0	-1	0	0	0	0	0	0	1	0	-1
ENSRNOG00000018364	Kat2a	lost_gene_in_sensitivity	4632	NA	NA	1	0	-1	1	0	-1	0	0	0	0	0	0
ENSRNOG00000005365	Kcnip1	lost_gene_in_sensitivity	4632	NA	NA	1	0	-1	0	0	0	0	0	0	1	0	-1
ENSRNOG00000004218	Klhl28	lost_gene_in_sensitivity	4632	NA	NA	1	0	-1	1	0	-1	0	0	0	0	0	0
ENSRNOG00000020542	Krtcap2	lost_gene_in_sensitivity	4632	NA	NA	1	0	-1	1	0	-1	0	0	0	0	0	0
ENSRNOG00000016810	LOC102551813	lost_gene_in_sensitivity	4632	NA	NA	1	0	-1	1	0	-1	0	0	0	0	0	0
ENSRNOG00000056800	LOC120093931	lost_gene_in_sensitivity	4632	NA	NA	1	0	-1	0	0	0	0	0	0	1	0	-1
ENSRNOG00000062990	LOC120096643	lost_gene_in_sensitivity	4632	NA	NA	1	0	-1	0	0	0	0	0	0	1	0	-1
ENSRNOG00000061115	LOC120098385	lost_gene_in_sensitivity	4632	NA	NA	1	0	-1	0	0	0	0	0	0	1	0	-1
ENSRNOG00000058844	LOC120098668	lost_gene_in_sensitivity	4632	NA	NA	1	0	-1	1	0	-1	0	0	0	0	0	0
ENSRNOG00000058963	LOC120099456	lost_gene_in_sensitivity	4632	NA	NA	1	0	-1	0	0	0	1	0	-1	0	0	0
ENSRNOG00000058792	LOC120099518	lost_gene_in_sensitivity	4632	NA	NA	1	0	-1	0	0	0	0	0	0	1	0	-1
ENSRNOG00000070928	LOC120101288	lost_gene_in_sensitivity	4632	NA	NA	1	0	-1	0	0	0	1	0	-1	0	0	0
ENSRNOG00000062357	LOC134482328	lost_gene_in_sensitivity	4632	NA	NA	1	0	-1	0	0	0	1	0	-1	0	0	0
ENSRNOG00000013437	LOC691083	lost_gene_in_sensitivity	4632	NA	NA	1	0	-1	0	0	0	0	0	0	1	0	-1
ENSRNOG00000026982	LOC691921	lost_gene_in_sensitivity	4632	NA	NA	1	0	-1	0	0	0	1	0	-1	0	0	0
ENSRNOG00000010552	Lamtor3	lost_gene_in_sensitivity	2598	NA	NA	2	0	-2	1	0	-1	1	0	-1	0	0	0
ENSRNOG00000016204	Lrrc24	lost_gene_in_sensitivity	4632	NA	NA	1	0	-1	0	0	0	1	0	-1	0	0	0
ENSRNOG00000025296	Lrrc8a	lost_gene_in_sensitivity	4632	NA	NA	1	0	-1	1	0	-1	0	0	0	0	0	0
ENSRNOG00000002835	Luc7l3	lost_gene_in_sensitivity	4632	NA	NA	1	0	-1	0	0	0	0	0	0	1	0	-1
ENSRNOG00000045765	MGC94207	lost_gene_in_sensitivity	4632	NA	NA	1	0	-1	0	0	0	1	0	-1	0	0	0
ENSRNOG00000020773	Map3k11	lost_gene_in_sensitivity	4632	NA	NA	1	0	-1	0	0	0	1	0	-1	0	0	0
ENSRNOG00000021061	Map4k2	lost_gene_in_sensitivity	4632	NA	NA	1	0	-1	0	0	0	0	0	0	1	0	-1
ENSRNOG00000022753	Mast3	lost_gene_in_sensitivity	4632	NA	NA	1	0	-1	1	0	-1	0	0	0	0	0	0
ENSRNOG00000007726	Mcam	lost_gene_in_sensitivity	4632	NA	NA	1	0	-1	0	0	0	1	0	-1	0	0	0
ENSRNOG00000015582	Me2	lost_gene_in_sensitivity	4632	NA	NA	1	0	-1	0	0	0	1	0	-1	0	0	0
ENSRNOG00000015434	Midn	lost_gene_in_sensitivity	2598	NA	NA	2	0	-2	1	0	-1	1	0	-1	0	0	0
ENSRNOG00000007175	Mier1	lost_gene_in_sensitivity	2598	NA	NA	2	0	-2	0	0	0	1	0	-1	1	0	-1
ENSRNOG00000036443	Mir499a	lost_gene_in_sensitivity	4632	NA	NA	1	0	-1	1	0	-1	0	0	0	0	0	0
ENSRNOG00000036338	Mir702	lost_gene_in_sensitivity	4632	NA	NA	1	0	-1	0	0	0	0	0	0	1	0	-1
ENSRNOG00000046959	Mnx1	lost_gene_in_sensitivity	4632	NA	NA	1	0	-1	0	0	0	0	0	0	1	0	-1
ENSRNOG00000036695	Mrpl12	lost_gene_in_sensitivity	4632	NA	NA	1	0	-1	0	0	0	0	0	0	1	0	-1
ENSRNOG00000011839	Mrps31	lost_gene_in_sensitivity	4632	NA	NA	1	0	-1	0	0	0	0	0	0	1	0	-1
ENSRNOG00000004685	Mta3	lost_gene_in_sensitivity	4632	NA	NA	1	0	-1	0	0	0	1	0	-1	0	0	0
ENSRNOG00000067602	Mup5	lost_gene_in_sensitivity	4632	NA	NA	1	0	-1	0	0	0	0	0	0	1	0	-1
ENSRNOG00000021000	Naaladl1	lost_gene_in_sensitivity	4632	NA	NA	1	0	-1	0	0	0	0	0	0	1	0	-1
ENSRNOG00000007518	Nckap1	lost_gene_in_sensitivity	4632	NA	NA	1	0	-1	0	0	0	1	0	-1	0	0	0
ENSRNOG00000013102	Npdc1	lost_gene_in_sensitivity	4632	NA	NA	1	0	-1	1	0	-1	0	0	0	0	0	0
ENSRNOG00000013895	Npdc1	lost_gene_in_sensitivity	4632	NA	NA	1	0	-1	1	0	-1	0	0	0	0	0	0
ENSRNOG00000001187	Oasl	lost_gene_in_sensitivity	4632	NA	NA	1	0	-1	0	0	0	0	0	0	1	0	-1
ENSRNOG00000028814	Oasl2	lost_gene_in_sensitivity	4632	NA	NA	1	0	-1	0	0	0	1	0	-1	0	0	0
ENSRNOG00000007214	Oma1	lost_gene_in_sensitivity	4632	NA	NA	1	0	-1	0	0	0	0	0	0	1	0	-1
ENSRNOG00000023322	Ostc	lost_gene_in_sensitivity	4632	NA	NA	1	0	-1	0	0	0	0	0	0	1	0	-1
ENSRNOG00000013136	Oxsr1	lost_gene_in_sensitivity	4632	NA	NA	1	0	-1	0	0	0	0	0	0	1	0	-1
ENSRNOG00000057102	Pafah1b2	lost_gene_in_sensitivity	4632	NA	NA	1	0	-1	0	0	0	0	0	0	1	0	-1
ENSRNOG00000004410	Pax6	lost_gene_in_sensitivity	2598	NA	NA	2	0	-2	0	0	0	1	0	-1	1	0	-1
ENSRNOG00000016870	Pcif1	lost_gene_in_sensitivity	2598	NA	NA	2	0	-2	1	0	-1	1	0	-1	0	0	0
ENSRNOG00000020742	Pcnx3	lost_gene_in_sensitivity	4632	NA	NA	1	0	-1	0	0	0	1	0	-1	0	0	0
ENSRNOG00000018610	Pde6d	lost_gene_in_sensitivity	4632	NA	NA	1	0	-1	1	0	-1	0	0	0	0	0	0
ENSRNOG00000050169	Pet100	lost_gene_in_sensitivity	4632	NA	NA	1	0	-1	0	0	0	1	0	-1	0	0	0
ENSRNOG00000017079	Pgm2l1	lost_gene_in_sensitivity	4632	NA	NA	1	0	-1	1	0	-1	0	0	0	0	0	0
ENSRNOG00000020238	Plekhh3	lost_gene_in_sensitivity	4632	NA	NA	1	0	-1	0	0	0	0	0	0	1	0	-1
ENSRNOG00000001417	Plod3	lost_gene_in_sensitivity	4632	NA	NA	1	0	-1	0	0	0	0	0	0	1	0	-1
ENSRNOG00000020906	Pola2	lost_gene_in_sensitivity	4632	NA	NA	1	0	-1	0	0	0	1	0	-1	0	0	0
ENSRNOG00000065557	Polr1d-ps1	lost_gene_in_sensitivity	4632	NA	NA	1	0	-1	0	0	0	0	0	0	1	0	-1
ENSRNOG00000028834	Polr2a	lost_gene_in_sensitivity	4632	NA	NA	1	0	-1	0	0	0	1	0	-1	0	0	0
ENSRNOG00000013545	Polr2e	lost_gene_in_sensitivity	2598	NA	NA	2	0	-2	1	0	-1	1	0	-1	0	0	0
ENSRNOG00000010477	Pomt1	lost_gene_in_sensitivity	4632	NA	NA	1	0	-1	0	0	0	1	0	-1	0	0	0
ENSRNOG00000017692	Ppp1r37	lost_gene_in_sensitivity	4632	NA	NA	1	0	-1	1	0	-1	0	0	0	0	0	0
ENSRNOG00000021025	Ppp2r5b	lost_gene_in_sensitivity	4632	NA	NA	1	0	-1	0	0	0	0	0	0	1	0	-1
ENSRNOG00000021125	Prdx5	lost_gene_in_sensitivity	4632	NA	NA	1	0	-1	1	0	-1	0	0	0	0	0	0
ENSRNOG00000054371	Prkcg	lost_gene_in_sensitivity	4632	NA	NA	1	0	-1	0	0	0	0	0	0	1	0	-1
ENSRNOG00000017600	Ptpn9	lost_gene_in_sensitivity	4632	NA	NA	1	0	-1	1	0	-1	0	0	0	0	0	0
ENSRNOG00000017671	Rasa3	lost_gene_in_sensitivity	4632	NA	NA	1	0	-1	1	0	-1	0	0	0	0	0	0
ENSRNOG00000003005	Rasgef1c	lost_gene_in_sensitivity	4632	NA	NA	1	0	-1	1	0	-1	0	0	0	0	0	0
ENSRNOG00000020710	Raver1	lost_gene_in_sensitivity	4632	NA	NA	1	0	-1	0	0	0	1	0	-1	0	0	0
ENSRNOG00000003076	Rbms2	lost_gene_in_sensitivity	4632	NA	NA	1	0	-1	0	0	0	0	0	0	1	0	-1
ENSRNOG00000069896	Rnu6-968	lost_gene_in_sensitivity	2598	NA	NA	2	0	-2	1	0	-1	1	0	-1	0	0	0
ENSRNOG00000031315	Rpl36a	lost_gene_in_sensitivity	4632	NA	NA	1	0	-1	0	0	0	0	0	0	1	0	-1
ENSRNOG00000042233	Rpl41	lost_gene_in_sensitivity	4632	NA	NA	1	0	-1	0	0	0	1	0	-1	0	0	0
ENSRNOG00000029083	Rps12l11	lost_gene_in_sensitivity	2598	NA	NA	2	0	-2	0	0	0	1	0	-1	1	0	-1
ENSRNOG00000027503	Rps25	lost_gene_in_sensitivity	4632	NA	NA	1	0	-1	0	0	0	0	0	0	1	0	-1
ENSRNOG00000065974	Rsad1	lost_gene_in_sensitivity	4632	NA	NA	1	0	-1	0	0	0	1	0	-1	0	0	0
ENSRNOG00000020970	Rundc3a	lost_gene_in_sensitivity	4632	NA	NA	1	0	-1	0	0	0	1	0	-1	0	0	0
ENSRNOG00000021003	Sac3d1	lost_gene_in_sensitivity	4632	NA	NA	1	0	-1	0	0	0	0	0	0	1	0	-1
ENSRNOG00000012576	Selenos	lost_gene_in_sensitivity	4632	NA	NA	1	0	-1	0	0	0	0	0	0	1	0	-1
ENSRNOG00000007686	Septin3	lost_gene_in_sensitivity	4632	NA	NA	1	0	-1	0	0	0	0	0	0	1	0	-1
ENSRNOG00000032254	Sin3a	lost_gene_in_sensitivity	4632	NA	NA	1	0	-1	0	0	0	0	0	0	1	0	-1
ENSRNOG00000018785	Slc16a13	lost_gene_in_sensitivity	4632	NA	NA	1	0	-1	0	0	0	0	0	0	1	0	-1
ENSRNOG00000011881	Slc25a15	lost_gene_in_sensitivity	4632	NA	NA	1	0	-1	0	0	0	0	0	0	1	0	-1
ENSRNOG00000020994	Slc25a39	lost_gene_in_sensitivity	4632	NA	NA	1	0	-1	1	0	-1	0	0	0	0	0	0
ENSRNOG00000030616	Slc25a45	lost_gene_in_sensitivity	4632	NA	NA	1	0	-1	0	0	0	1	0	-1	0	0	0
ENSRNOG00000011361	Slc37a4	lost_gene_in_sensitivity	4632	NA	NA	1	0	-1	0	0	0	0	0	0	1	0	-1
ENSRNOG00000059463	Slc39a1	lost_gene_in_sensitivity	4632	NA	NA	1	0	-1	0	0	0	0	0	0	1	0	-1
ENSRNOG00000045524	Slc39a3	lost_gene_in_sensitivity	4632	NA	NA	1	0	-1	1	0	-1	0	0	0	0	0	0
ENSRNOG00000028097	Slc7a14	lost_gene_in_sensitivity	4632	NA	NA	1	0	-1	0	0	0	1	0	-1	0	0	0
ENSRNOG00000021007	Snx15	lost_gene_in_sensitivity	2598	NA	NA	2	0	-2	0	0	0	0	0	0	2	0	-2
ENSRNOG00000049312	Speer4c1l	lost_gene_in_sensitivity	4632	NA	NA	1	0	-1	1	0	-1	0	0	0	0	0	0
ENSRNOG00000068863	Spetex2g	lost_gene_in_sensitivity	4632	NA	NA	1	0	-1	1	0	-1	0	0	0	0	0	0
ENSRNOG00000010626	Sphk1	lost_gene_in_sensitivity	4632	NA	NA	1	0	-1	1	0	-1	0	0	0	0	0	0
ENSRNOG00000019383	Tef	lost_gene_in_sensitivity	4632	NA	NA	1	0	-1	0	0	0	1	0	-1	0	0	0
ENSRNOG00000028017	Tmem109	lost_gene_in_sensitivity	4632	NA	NA	1	0	-1	0	0	0	0	0	0	1	0	-1
ENSRNOG00000005174	Tmem121	lost_gene_in_sensitivity	4632	NA	NA	1	0	-1	1	0	-1	0	0	0	0	0	0
ENSRNOG00000067167	Tmem263	lost_gene_in_sensitivity	4632	NA	NA	1	0	-1	1	0	-1	0	0	0	0	0	0
ENSRNOG00000019186	Tmem53	lost_gene_in_sensitivity	4632	NA	NA	1	0	-1	0	0	0	0	0	0	1	0	-1
ENSRNOG00000032429	Tmprss9	lost_gene_in_sensitivity	4632	NA	NA	1	0	-1	0	0	0	1	0	-1	0	0	0
ENSRNOG00000004415	Togaram1	lost_gene_in_sensitivity	4632	NA	NA	1	0	-1	1	0	-1	0	0	0	0	0	0
ENSRNOG00000011904	Trappc4	lost_gene_in_sensitivity	4632	NA	NA	1	0	-1	0	0	0	0	0	0	1	0	-1
ENSRNOG00000055433	Trim46	lost_gene_in_sensitivity	4632	NA	NA	1	0	-1	1	0	-1	0	0	0	0	0	0
ENSRNOG00000021201	Txnip	lost_gene_in_sensitivity	4632	NA	NA	1	0	-1	0	0	0	0	0	0	1	0	-1
ENSRNOG00000007434	Ube2j1	lost_gene_in_sensitivity	4632	NA	NA	1	0	-1	0	0	0	0	0	0	1	0	-1
ENSRNOG00000017810	Uros	lost_gene_in_sensitivity	4632	NA	NA	1	0	-1	1	0	-1	0	0	0	0	0	0
ENSRNOG00000002705	Vps4b	lost_gene_in_sensitivity	4632	NA	NA	1	0	-1	1	0	-1	0	0	0	0	0	0
ENSRNOG00000000988	Xab2	lost_gene_in_sensitivity	4632	NA	NA	1	0	-1	0	0	0	1	0	-1	0	0	0
ENSRNOG00000001623	Zbtb21	lost_gene_in_sensitivity	4632	NA	NA	1	0	-1	0	0	0	0	0	0	1	0	-1
ENSRNOG00000020161	Zbtb7a	lost_gene_in_sensitivity	4632	NA	NA	1	0	-1	1	0	-1	0	0	0	0	0	0
ENSRNOG00000040281	Zc3h10	lost_gene_in_sensitivity	4632	NA	NA	1	0	-1	0	0	0	1	0	-1	0	0	0
ENSRNOG00000009131	Zc3h12a	lost_gene_in_sensitivity	4632	NA	NA	1	0	-1	0	0	0	0	0	0	1	0	-1
ENSRNOG00000026277	Zc3h6	lost_gene_in_sensitivity	4632	NA	NA	1	0	-1	0	0	0	0	0	0	1	0	-1
ENSRNOG00000017066	Zfp384	lost_gene_in_sensitivity	4632	NA	NA	1	0	-1	1	0	-1	0	0	0	0	0	0
ENSRNOG00000014380	Zfp788	lost_gene_in_sensitivity	4632	NA	NA	1	0	-1	0	0	0	0	0	0	1	0	-1
ENSRNOG00000037421	Zfp951	lost_gene_in_sensitivity	2598	NA	NA	2	0	-2	0	0	0	1	0	-1	1	0	-1
ENSRNOG00000042601	Zglp1	lost_gene_in_sensitivity	4632	NA	NA	1	0	-1	1	0	-1	0	0	0	0	0	0
ENSRNOG00000029220	Zmym5	lost_gene_in_sensitivity	4632	NA	NA	1	0	-1	0	0	0	0	0	0	1	0	-1
ENSRNOG00000070459	Znf408	lost_gene_in_sensitivity	4632	NA	NA	1	0	-1	0	0	0	0	0	0	1	0	-1
ENSRNOG00000065068	Znf431l3	lost_gene_in_sensitivity	4632	NA	NA	1	0	-1	0	0	0	1	0	-1	0	0	0
ENSRNOG00000001418	Znhit1	lost_gene_in_sensitivity	4632	NA	NA	1	0	-1	0	0	0	0	0	0	1	0	-1
ENSRNOG00000070079	tuba1c-ps1	lost_gene_in_sensitivity	4632	NA	NA	1	0	-1	0	0	0	0	0	0	1	0	-1
