rank_by_putative_loop_count	gene_id	gene_symbol	n_putative_loops	n_5kb_putative_loops	n_10kb_putative_loops	n_25kb_putative_loops
1	ENSRNOG00000013515	Ptpru	17	4	5	8
2	ENSRNOG00000047891	Foxg1	15	1	7	7
2	ENSRNOG00000062864	Mir9-2hg	15	4	10	1
4	ENSRNOG00000001030	Tsc22d1	14	3	5	6
5	ENSRNOG00000064216	ENSRNOG00000064216	13	2	6	5
5	ENSRNOG00000050108	LOC100911319	13	2	6	5
5	ENSRNOG00000015750	Wnt7b	13	5	3	5
5	ENSRNOG00000005067	Zfp36l2	13	2	6	5
9	ENSRNOG00000001607	Adamts1	12	1	6	5
9	ENSRNOG00000001843	Bcl6	12	4	5	3
9	ENSRNOG00000000596	Fyn	12	2	6	4
9	ENSRNOG00000049560	Glul	12	5	4	3
9	ENSRNOG00000069169	Gm37419	12	4	5	3
9	ENSRNOG00000002244	Pdgfra	12	0	4	8
9	ENSRNOG00000024501	Rgs3	12	5	4	3
9	ENSRNOG00000002977	Ttc19	12	5	3	4
9	ENSRNOG00000002970	Zswim7	12	5	3	4
18	ENSRNOG00000007946	Bcl2l1	11	6	4	1
18	ENSRNOG00000007989	Chst1	11	1	6	4
18	ENSRNOG00000015076	Cyp26b1	11	1	5	5
18	ENSRNOG00000068158	ENSRNOG00000068158	11	4	5	2
18	ENSRNOG00000068358	ENSRNOG00000068358	11	6	4	1
18	ENSRNOG00000011448	Eri1	11	0	2	9
18	ENSRNOG00000001728	Fam43a	11	3	4	4
18	ENSRNOG00000013397	Foxo1	11	0	1	10
18	ENSRNOG00000001720	Hes1	11	4	5	2
18	ENSRNOG00000011015	Hivep2	11	1	3	7
18	ENSRNOG00000014187	Igf1r	11	2	3	6
18	ENSRNOG00000016879	Ldlrad4	11	3	5	3
18	ENSRNOG00000002154	Mepe	11	5	2	4
18	ENSRNOG00000048978	Nphp3	11	2	4	5
18	ENSRNOG00000004978	Prkacb	11	0	5	6
18	ENSRNOG00000010971	Snx18	11	3	6	2
18	ENSRNOG00000012405	Tcf4	11	2	7	2
18	ENSRNOG00000012148	Trio	11	1	3	7
36	ENSRNOG00000033748	AABR07060610.1	10	2	3	5
36	ENSRNOG00000069663	Arl4c	10	4	4	2
36	ENSRNOG00000018286	Chrna1	10	1	5	4
36	ENSRNOG00000001377	Ddx54	10	0	7	3
36	ENSRNOG00000069269	ENSRNOG00000069269	10	5	3	2
36	ENSRNOG00000005347	Fjx1	10	2	3	5
36	ENSRNOG00000011882	Gab2	10	3	3	4
36	ENSRNOG00000036603	Ifit1bl	10	2	4	4
36	ENSRNOG00000005206	Kcnq3	10	0	5	5
36	ENSRNOG00000015822	Klf13	10	3	4	3
36	ENSRNOG00000053627	LOC120097977	10	3	0	7
36	ENSRNOG00000052892	LOC120101284	10	3	3	4
36	ENSRNOG00000023643	Mmp17	10	2	3	5
36	ENSRNOG00000051372	Mycn	10	4	4	2
36	ENSRNOG00000010392	Nrg1	10	1	4	5
36	ENSRNOG00000009862	Olfm1	10	5	3	2
36	ENSRNOG00000000274	Phyhipl	10	2	3	5
36	ENSRNOG00000011951	Plk2	10	4	4	2
36	ENSRNOG00000010058	Spry2	10	0	3	7
36	ENSRNOG00000010911	Tmem108	10	1	5	4
36	ENSRNOG00000004110	Trib2	10	1	5	4
57	ENSRNOG00000018381	AABR07027567	9	1	2	6
57	ENSRNOG00000002789	AABR07039648.1	9	2	3	4
57	ENSRNOG00000031034	AABR07053734	9	1	6	2
57	ENSRNOG00000019549	Akap12	9	2	4	3
57	ENSRNOG00000019697	Ankrd28	9	2	3	4
57	ENSRNOG00000006997	App	9	1	3	5
57	ENSRNOG00000059765	Asic1	9	2	4	3
57	ENSRNOG00000067693	Bcl2	9	1	5	3
57	ENSRNOG00000002141	Cd200	9	3	3	3
57	ENSRNOG00000012442	Cemip	9	2	4	3
57	ENSRNOG00000063415	ENSRNOG00000063415	9	1	2	6
57	ENSRNOG00000065455	ENSRNOG00000065455	9	4	3	2
57	ENSRNOG00000065835	ENSRNOG00000065835	9	5	2	2
57	ENSRNOG00000069517	ENSRNOG00000069517	9	2	5	2
57	ENSRNOG00000000640	Egr2	9	1	4	4
57	ENSRNOG00000005228	Gnptab	9	4	3	2
57	ENSRNOG00000063552	Hist1h4b	9	2	3	4
57	ENSRNOG00000059005	Kcnj1	9	1	2	6
57	ENSRNOG00000066973	Kctd12	9	0	2	7
57	ENSRNOG00000048297	LOC108348175	9	0	4	5
57	ENSRNOG00000048143	Mir3573	9	3	4	2
57	ENSRNOG00000013408	Npas2	9	0	5	4
57	ENSRNOG00000008943	Penk	9	0	6	3
57	ENSRNOG00000018903	Pik3r1	9	0	3	6
57	ENSRNOG00000004810	Plcb1	9	1	5	3
57	ENSRNOG00000032659	Plcl1	9	0	6	3
57	ENSRNOG00000013072	Plxna4	9	0	2	7
57	ENSRNOG00000016980	Qprt	9	1	3	5
57	ENSRNOG00000004736	Ralgps2	9	1	3	5
57	ENSRNOG00000019046	Reg4	9	5	2	2
57	ENSRNOG00000010131	Rin2	9	3	3	3
57	ENSRNOG00000033913	Rps12l3	9	1	6	2
57	ENSRNOG00000011815	Sgk1	9	1	3	5
57	ENSRNOG00000060687	Slc24a3	9	2	4	3
57	ENSRNOG00000014079	Stat1	9	4	2	3
57	ENSRNOG00000002418	Tgfb2	9	0	3	6
57	ENSRNOG00000016973	Tmem242	9	1	4	4
57	ENSRNOG00000005447	Ypel2	9	3	4	2
95	ENSRNOG00000056214	AABR07022098.1	8	0	4	4
95	ENSRNOG00000017585	Abt1	8	0	1	7
95	ENSRNOG00000019622	Ackr3	8	1	3	4
95	ENSRNOG00000032150	Adcy2	8	0	2	6
95	ENSRNOG00000019476	Agap1	8	2	5	1
95	ENSRNOG00000042855	Ahdc1	8	4	2	2
95	ENSRNOG00000053181	Aqp6	8	1	4	3
95	ENSRNOG00000000635	Arid5b	8	1	2	5
95	ENSRNOG00000002462	B9d1	8	4	2	2
95	ENSRNOG00000016066	Bambi	8	1	2	5
95	ENSRNOG00000002863	Cacna1e	8	2	3	3
95	ENSRNOG00000013481	Cdh11	8	0	3	5
95	ENSRNOG00000012698	Chsy1	8	3	3	2
95	ENSRNOG00000058470	Col12a1	8	3	4	1
95	ENSRNOG00000012826	Creb3l2	8	3	0	5
95	ENSRNOG00000061845	Cttnbp2	8	0	4	4
95	ENSRNOG00000015736	Dhrs3	8	1	3	4
95	ENSRNOG00000003116	Dph1	8	3	2	3
95	ENSRNOG00000023688	Drd1	8	2	4	2
95	ENSRNOG00000066901	ENSRNOG00000066901	8	0	1	7
95	ENSRNOG00000069561	ENSRNOG00000069561	8	2	2	4
95	ENSRNOG00000070250	ENSRNOG00000070250	8	0	4	4
95	ENSRNOG00000070466	ENSRNOG00000070466	8	1	5	2
95	ENSRNOG00000007408	Ebf4	8	1	5	2
95	ENSRNOG00000006877	Efnb1	8	3	3	2
95	ENSRNOG00000016541	Enc1	8	2	1	5
95	ENSRNOG00000013213	Epha4	8	0	4	4
95	ENSRNOG00000020899	Fgf19	8	3	2	3
95	ENSRNOG00000059799	Ficd	8	4	3	1
95	ENSRNOG00000007759	Foxd2	8	0	6	2
95	ENSRNOG00000000007	Gad1	8	1	4	3
95	ENSRNOG00000037655	Gatb	8	1	3	4
95	ENSRNOG00000029038	Gemin8	8	0	5	3
95	ENSRNOG00000011808	Ghrhr	8	1	5	2
95	ENSRNOG00000000805	Gja1	8	1	3	4
95	ENSRNOG00000066420	H2ac12	8	0	1	7
95	ENSRNOG00000054017	H4c14	8	0	1	7
95	ENSRNOG00000070462	Hist1h2anl1	8	0	1	7
95	ENSRNOG00000058187	Hist1h2bh	8	0	1	7
95	ENSRNOG00000055512	Hist1h2bk	8	0	1	7
95	ENSRNOG00000068537	Hs3st1	8	2	3	3
95	ENSRNOG00000017206	Igfbp5	8	2	3	3
95	ENSRNOG00000004535	Kcng3	8	0	4	4
95	ENSRNOG00000001658	Kcnj6	8	1	3	4
95	ENSRNOG00000016885	Klf6	8	1	2	5
95	ENSRNOG00000014215	Klf9	8	1	4	3
95	ENSRNOG00000065468	LOC102554278	8	2	3	3
95	ENSRNOG00000064370	LOC103690545	8	1	1	6
95	ENSRNOG00000062901	LOC120099884	8	2	3	3
95	ENSRNOG00000060411	LOC120101210	8	2	3	3
95	ENSRNOG00000056411	LOC684773	8	0	1	7
95	ENSRNOG00000014153	Lhfpl6	8	1	2	5
95	ENSRNOG00000027002	Mast4	8	1	1	6
95	ENSRNOG00000010363	Mrps23	8	1	4	3
95	ENSRNOG00000017765	Net1	8	3	2	3
95	ENSRNOG00000011668	Nfil3	8	1	3	4
95	ENSRNOG00000004616	Npm1	8	0	2	6
95	ENSRNOG00000020644	Nsg2	8	1	5	2
95	ENSRNOG00000005905	Pde4b	8	1	5	2
95	ENSRNOG00000016292	Pdzd9	8	4	3	1
95	ENSRNOG00000000121	Pigv	8	4	3	1
95	ENSRNOG00000069160	Pitpnc1	8	1	5	2
95	ENSRNOG00000008116	Plpp3	8	1	4	3
95	ENSRNOG00000015603	Prkce	8	2	2	4
95	ENSRNOG00000025551	Rgs22	8	0	3	5
95	ENSRNOG00000003121	Rtn4rl1	8	4	1	3
95	ENSRNOG00000004888	Spred2	8	0	5	3
95	ENSRNOG00000024685	Tas2r7l	8	0	4	4
95	ENSRNOG00000011238	Tiparp	8	2	3	3
95	ENSRNOG00000017922	Tpbgl	8	4	2	2
95	ENSRNOG00000004100	Trib1	8	2	4	2
166	ENSRNOG00000033625	AABR07027015	7	2	3	2
166	ENSRNOG00000049681	AABR07031491.2	7	0	1	6
166	ENSRNOG00000054061	AABR07052327.1	7	0	3	4
166	ENSRNOG00000029450	AABR07058422.1	7	2	3	2
166	ENSRNOG00000046746	AC130391.1	7	0	1	6
166	ENSRNOG00000039300	Ahcyl2	7	1	3	3
166	ENSRNOG00000000576	Anapc16	7	2	4	1
166	ENSRNOG00000021384	Ankrd44	7	0	3	4
166	ENSRNOG00000060949	Anxa8	7	0	1	6
166	ENSRNOG00000004282	Arl4a	7	1	3	3
166	ENSRNOG00000069300	Arl4a	7	1	3	3
166	ENSRNOG00000042691	Armc7	7	1	4	2
166	ENSRNOG00000028062	Arpc5	7	1	2	4
166	ENSRNOG00000058733	Asap1	7	1	4	2
166	ENSRNOG00000056647	Ascc1	7	2	4	1
166	ENSRNOG00000014875	Ash2l	7	0	2	5
166	ENSRNOG00000002934	Atp1b1	7	0	1	6
166	ENSRNOG00000070574	Atp5mpl	7	4	2	1
166	ENSRNOG00000055010	Axin2	7	1	2	4
166	ENSRNOG00000006170	Bach2	7	1	4	2
166	ENSRNOG00000014419	Brd7	7	1	3	3
166	ENSRNOG00000005592	Brinp2	7	2	2	3
166	ENSRNOG00000008338	Bsdc1	7	0	3	4
166	ENSRNOG00000001173	Cabp1	7	2	3	2
166	ENSRNOG00000016576	Carmil1	7	2	3	2
166	ENSRNOG00000020918	Ccnd1	7	2	3	2
166	ENSRNOG00000004148	Cdk17	7	1	2	4
166	ENSRNOG00000002862	Clcn5	7	1	3	3
166	ENSRNOG00000026577	Cpne4	7	1	1	5
166	ENSRNOG00000014479	Cttnbp2nl	7	2	1	4
166	ENSRNOG00000013589	Cxcl12	7	3	2	2
166	ENSRNOG00000055226	Dab2ip	7	0	2	5
166	ENSRNOG00000018198	Dapk1	7	1	3	3
166	ENSRNOG00000056106	Dip2b	7	3	2	2
166	ENSRNOG00000012207	Dst	7	2	2	3
166	ENSRNOG00000004195	Dtl	7	0	4	3
166	ENSRNOG00000062722	ENSRNOG00000062722	7	2	1	4
166	ENSRNOG00000064726	ENSRNOG00000064726	7	2	3	2
166	ENSRNOG00000065807	ENSRNOG00000065807	7	2	3	2
166	ENSRNOG00000068205	ENSRNOG00000068205	7	0	3	4
166	ENSRNOG00000068227	ENSRNOG00000068227	7	2	3	2
166	ENSRNOG00000068738	ENSRNOG00000068738	7	1	2	4
166	ENSRNOG00000069092	ENSRNOG00000069092	7	1	5	1
166	ENSRNOG00000070309	ENSRNOG00000070309	7	1	0	6
166	ENSRNOG00000070346	ENSRNOG00000070346	7	0	2	5
166	ENSRNOG00000070929	ENSRNOG00000070929	7	0	1	6
166	ENSRNOG00000070963	ENSRNOG00000070963	7	2	3	2
166	ENSRNOG00000071044	ENSRNOG00000071044	7	0	2	5
166	ENSRNOG00000071215	ENSRNOG00000071215	7	2	3	2
166	ENSRNOG00000028845	Ebf1	7	1	3	3
166	ENSRNOG00000056580	En1	7	1	4	2
166	ENSRNOG00000028335	Fat4	7	0	4	3
166	ENSRNOG00000027230	Fhod3	7	0	3	4
166	ENSRNOG00000017800	Foxc1	7	0	2	5
166	ENSRNOG00000070919	Foxc1	7	0	2	5
166	ENSRNOG00000047446	Foxc2	7	3	2	2
166	ENSRNOG00000008451	Fut8	7	1	2	4
166	ENSRNOG00000013090	Gadd45g	7	4	3	0
166	ENSRNOG00000015210	Ggt6	7	2	3	2
166	ENSRNOG00000007782	Ghrh	7	4	3	0
166	ENSRNOG00000047374	Gnas	7	0	1	6
166	ENSRNOG00000070010	H2ac4	7	0	2	5
166	ENSRNOG00000064755	H3c1	7	0	2	5
166	ENSRNOG00000052594	Hist1h2ak	7	0	2	5
166	ENSRNOG00000056281	Hist1h3b	7	0	2	5
166	ENSRNOG00000016598	Hoxc5	7	5	2	0
166	ENSRNOG00000005861	Hsd11b1	7	0	5	2
166	ENSRNOG00000014320	Inhba	7	0	2	5
166	ENSRNOG00000004263	Ints7	7	0	4	3
166	ENSRNOG00000070206	Irf2bp2	7	3	2	2
166	ENSRNOG00000023509	Irs2	7	0	3	4
166	ENSRNOG00000016538	Itga8	7	0	3	4
166	ENSRNOG00000001795	Itgb5	7	5	2	0
166	ENSRNOG00000056697	Kcnab1	7	1	2	4
166	ENSRNOG00000003841	Kcnh1	7	1	3	3
166	ENSRNOG00000012735	Kif24	7	3	3	1
166	ENSRNOG00000028624	Kif26b	7	1	2	4
166	ENSRNOG00000002163	Klf3	7	1	4	2
166	ENSRNOG00000070066	LOC102550505	7	2	4	1
166	ENSRNOG00000067306	LOC102550600	7	3	1	3
166	ENSRNOG00000067530	LOC103691527	7	1	3	3
166	ENSRNOG00000064029	LOC120096801	7	0	3	4
166	ENSRNOG00000070235	LOC120098034	7	0	0	7
166	ENSRNOG00000063651	LOC120098901	7	2	2	3
166	ENSRNOG00000057140	LOC120100172	7	1	1	5
166	ENSRNOG00000012611	Lpxn	7	0	3	4
166	ENSRNOG00000045961	Lyrm7	7	3	2	2
166	ENSRNOG00000021174	Macrod1	7	4	1	2
166	ENSRNOG00000010737	Mbnl2	7	2	2	3
166	ENSRNOG00000035598	Mir129-1	7	2	3	2
166	ENSRNOG00000035628	Mir3597-2	7	2	4	1
166	ENSRNOG00000036514	Mir615	7	5	2	0
166	ENSRNOG00000021579	Mpp6	7	1	3	3
166	ENSRNOG00000064777	Msantd1	7	1	4	2
166	ENSRNOG00000010748	Mtus1	7	2	2	3
166	ENSRNOG00000017610	Nedd4l	7	1	2	4
166	ENSRNOG00000026286	Nhlrc1	7	1	3	3
166	ENSRNOG00000010282	Ninj2	7	1	3	3
166	ENSRNOG00000004067	Nrcam	7	1	4	2
166	ENSRNOG00000008752	Nrf1	7	1	3	3
166	ENSRNOG00000019716	Ntf3	7	0	2	5
166	ENSRNOG00000013110	Nudt2	7	3	3	1
166	ENSRNOG00000005185	Nxph3	7	1	4	2
166	ENSRNOG00000005424	Odc1	7	1	3	3
166	ENSRNOG00000060410	Pcdh1	7	2	4	1
166	ENSRNOG00000038068	Pcdh9	7	0	1	6
166	ENSRNOG00000042536	Pde4d	7	1	2	4
166	ENSRNOG00000001312	Pdgfa	7	2	3	2
166	ENSRNOG00000057556	Pdzrn3	7	0	3	4
166	ENSRNOG00000029735	Pid1	7	1	3	3
166	ENSRNOG00000012693	Pmpcb	7	2	2	3
166	ENSRNOG00000013884	Psd3	7	2	2	3
166	ENSRNOG00000020723	Pten	7	0	3	4
166	ENSRNOG00000010325	Ptger3	7	1	3	3
166	ENSRNOG00000027839	Ptk2b	7	3	2	2
166	ENSRNOG00000067468	RGD1562811	7	1	1	5
166	ENSRNOG00000010224	Rab30	7	0	4	3
166	ENSRNOG00000002773	Rgs4	7	1	6	0
166	ENSRNOG00000037720	Rita1	7	0	4	3
166	ENSRNOG00000054286	Rrm2	7	0	3	4
166	ENSRNOG00000001704	Runx1	7	0	3	4
166	ENSRNOG00000000897	Rxfp2	7	1	2	4
166	ENSRNOG00000010489	Samd4a	7	1	4	2
166	ENSRNOG00000001189	Sik1	7	2	3	2
166	ENSRNOG00000057072	Slc12a3	7	2	3	2
166	ENSRNOG00000018824	Slc7a5	7	3	1	3
166	ENSRNOG00000009594	Snai1	7	3	4	0
166	ENSRNOG00000055217	Snora80b	7	1	3	3
166	ENSRNOG00000067587	Snrpe	7	1	3	3
166	ENSRNOG00000031814	Sort1	7	4	1	2
166	ENSRNOG00000020514	Sox6	7	1	4	2
166	ENSRNOG00000008209	St3gal1	7	1	3	3
166	ENSRNOG00000006052	Sulf2	7	0	4	3
166	ENSRNOG00000005049	Tbr1	7	0	3	4
166	ENSRNOG00000003517	Tbx2	7	0	2	5
166	ENSRNOG00000047635	Tmem178b	7	2	2	3
166	ENSRNOG00000047931	Tmsb4x	7	1	3	3
166	ENSRNOG00000003398	Tomm40l	7	1	5	1
166	ENSRNOG00000008738	Tp53i11	7	2	3	2
166	ENSRNOG00000055917	Trim27	7	0	0	7
166	ENSRNOG00000011025	Trmt10a	7	2	3	2
166	ENSRNOG00000015829	Trpm1	7	2	2	3
166	ENSRNOG00000018012	Tulp4	7	1	0	6
166	ENSRNOG00000017983	Ubac1	7	2	1	4
166	ENSRNOG00000005122	Uvssa	7	3	1	3
166	ENSRNOG00000007822	Vgll4	7	4	2	1
166	ENSRNOG00000008195	Ywhaz	7	0	4	3
166	ENSRNOG00000025937	Zfp26	7	2	3	2
166	ENSRNOG00000049057	Znrf2	7	1	2	4
315	ENSRNOG00000050257	AABR07003273.1	6	3	2	1
315	ENSRNOG00000056298	AABR07044959.1	6	0	3	3
315	ENSRNOG00000029837	AABR07056636	6	1	1	4
315	ENSRNOG00000031317	AABR07064224	6	0	0	6
315	ENSRNOG00000039200	AABR07070046	6	1	4	1
315	ENSRNOG00000020618	AC099450	6	3	2	1
315	ENSRNOG00000004305	Abl2	6	1	0	5
315	ENSRNOG00000056837	Abr	6	2	1	3
315	ENSRNOG00000012045	Adgrb3	6	0	3	3
315	ENSRNOG00000050205	Afmid	6	0	2	4
315	ENSRNOG00000004342	Ahr	6	2	2	2
315	ENSRNOG00000004591	Alg12	6	0	2	4
315	ENSRNOG00000000246	Amz2	6	1	1	4
315	ENSRNOG00000010960	Ankh	6	1	4	1
315	ENSRNOG00000063717	Apbb2	6	1	2	3
315	ENSRNOG00000063448	Aqp6	6	1	3	2
315	ENSRNOG00000070951	Arf6	6	1	3	2
315	ENSRNOG00000012785	Armc10	6	0	2	4
315	ENSRNOG00000045649	Arrdc3	6	0	2	4
315	ENSRNOG00000060105	Astn2	6	0	2	4
315	ENSRNOG00000010344	B4galnt3	6	1	1	4
315	ENSRNOG00000046313	Basp1	6	1	2	3
315	ENSRNOG00000066065	Basp1	6	1	2	3
315	ENSRNOG00000016551	Bcl2l11	6	2	2	2
315	ENSRNOG00000021745	Bhlhe22	6	2	3	1
315	ENSRNOG00000007152	Bhlhe40	6	2	2	2
315	ENSRNOG00000002191	C14h4orf19	6	0	3	3
315	ENSRNOG00000060245	C14h4orf36	6	1	3	2
315	ENSRNOG00000018486	C3h9orf50	6	0	2	4
315	ENSRNOG00000051420	Cables2	6	0	3	3
315	ENSRNOG00000012362	Cacng3	6	1	3	2
315	ENSRNOG00000054695	Calcrl	6	1	2	3
315	ENSRNOG00000067661	Camk2n1	6	1	2	3
315	ENSRNOG00000045697	Ccdc110	6	1	3	2
315	ENSRNOG00000026056	Ccnb1ip1	6	1	2	3
315	ENSRNOG00000014371	Cdh13	6	0	1	5
315	ENSRNOG00000033087	Cdh23	6	2	2	2
315	ENSRNOG00000017991	Cdk20	6	2	3	1
315	ENSRNOG00000050869	Cebpd	6	0	3	3
315	ENSRNOG00000008410	Cep63	6	1	4	1
315	ENSRNOG00000024494	Cfap54	6	1	1	4
315	ENSRNOG00000028805	Cfap77	6	2	2	2
315	ENSRNOG00000042867	Cfap97d2	6	3	2	1
315	ENSRNOG00000049302	Chd9	6	2	3	1
315	ENSRNOG00000056940	Cited2	6	0	0	6
315	ENSRNOG00000003714	Clk4	6	1	1	4
315	ENSRNOG00000043044	Cnn2	6	1	4	1
315	ENSRNOG00000003897	Col1a1	6	1	3	2
315	ENSRNOG00000009281	Commd1	6	1	2	3
315	ENSRNOG00000004659	Creld2	6	0	2	4
315	ENSRNOG00000017106	Csnk1a1	6	1	3	2
315	ENSRNOG00000063313	Csnk1a1	6	1	3	2
315	ENSRNOG00000012089	Cstf3	6	0	2	4
315	ENSRNOG00000046257	Ctdspl	6	1	2	3
315	ENSRNOG00000022521	Ddias	6	2	2	2
315	ENSRNOG00000062731	Diras2	6	2	2	2
315	ENSRNOG00000026447	Disp3	6	0	4	2
315	ENSRNOG00000003988	Dnajc27	6	2	2	2
315	ENSRNOG00000060401	Dusp13b	6	2	2	2
315	ENSRNOG00000023100	Dynlt5	6	1	1	4
315	ENSRNOG00000029418	ENSRNOG00000029418	6	0	3	3
315	ENSRNOG00000062837	ENSRNOG00000062837	6	1	2	3
315	ENSRNOG00000062863	ENSRNOG00000062863	6	2	4	0
315	ENSRNOG00000063106	ENSRNOG00000063106	6	1	3	2
315	ENSRNOG00000063393	ENSRNOG00000063393	6	0	1	5
315	ENSRNOG00000064152	ENSRNOG00000064152	6	2	2	2
315	ENSRNOG00000064217	ENSRNOG00000064217	6	3	1	2
315	ENSRNOG00000064410	ENSRNOG00000064410	6	1	4	1
315	ENSRNOG00000064894	ENSRNOG00000064894	6	0	5	1
315	ENSRNOG00000065712	ENSRNOG00000065712	6	3	3	0
315	ENSRNOG00000065844	ENSRNOG00000065844	6	4	2	0
315	ENSRNOG00000065993	ENSRNOG00000065993	6	2	3	1
315	ENSRNOG00000066163	ENSRNOG00000066163	6	0	2	4
315	ENSRNOG00000066249	ENSRNOG00000066249	6	3	3	0
315	ENSRNOG00000066255	ENSRNOG00000066255	6	2	3	1
315	ENSRNOG00000066864	ENSRNOG00000066864	6	1	3	2
315	ENSRNOG00000066906	ENSRNOG00000066906	6	0	2	4
315	ENSRNOG00000066908	ENSRNOG00000066908	6	0	2	4
315	ENSRNOG00000068748	ENSRNOG00000068748	6	0	1	5
315	ENSRNOG00000068762	ENSRNOG00000068762	6	0	3	3
315	ENSRNOG00000069426	ENSRNOG00000069426	6	0	3	3
315	ENSRNOG00000069771	ENSRNOG00000069771	6	0	3	3
315	ENSRNOG00000070726	ENSRNOG00000070726	6	0	1	5
315	ENSRNOG00000029447	Epc2	6	1	3	2
315	ENSRNOG00000031801	Ephb3	6	2	3	1
315	ENSRNOG00000017839	Ercc1	6	3	2	1
315	ENSRNOG00000001589	Evx2	6	0	2	4
315	ENSRNOG00000047035	Fadd	6	2	3	1
315	ENSRNOG00000005159	Fam135b	6	0	2	4
315	ENSRNOG00000016135	Fars2	6	0	2	4
315	ENSRNOG00000043035	Fbxl13	6	0	2	4
315	ENSRNOG00000011683	Fes	6	1	2	3
315	ENSRNOG00000028064	Fhad1	6	0	4	2
315	ENSRNOG00000050780	Fpgs	6	2	2	2
315	ENSRNOG00000018500	Frmd4a	6	0	2	4
315	ENSRNOG00000071205	Gapdh-ps1	6	0	3	3
315	ENSRNOG00000012975	Ggcx	6	1	4	1
315	ENSRNOG00000027900	Glt6d1	6	2	1	3
315	ENSRNOG00000019838	Gmfg	6	2	2	2
315	ENSRNOG00000019482	Gnao1	6	0	2	4
315	ENSRNOG00000002936	Golt1a	6	1	2	3
315	ENSRNOG00000046981	Gp1bb	6	2	3	1
315	ENSRNOG00000049437	Gpc1	6	2	1	3
315	ENSRNOG00000009540	Gpr3	6	4	2	0
315	ENSRNOG00000053577	Gramd1b	6	0	3	3
315	ENSRNOG00000016968	Gramd4	6	3	2	1
315	ENSRNOG00000024651	Greb1	6	2	2	2
315	ENSRNOG00000009726	Grip2	6	0	4	2
315	ENSRNOG00000006593	Grpel1	6	1	3	2
315	ENSRNOG00000065054	H3c13	6	0	1	5
315	ENSRNOG00000004601	Hao1	6	1	3	2
315	ENSRNOG00000022321	Hapln3	6	0	3	3
315	ENSRNOG00000011593	Hey1	6	1	3	2
315	ENSRNOG00000062882	Hey1	6	1	3	2
315	ENSRNOG00000022146	Hist1h2af	6	0	1	5
315	ENSRNOG00000007585	Hoxb8	6	0	1	5
315	ENSRNOG00000001588	Hoxd13	6	1	1	4
315	ENSRNOG00000001580	Hoxd9	6	0	1	5
315	ENSRNOG00000010598	Hs3st1	6	2	1	3
315	ENSRNOG00000022189	Htatip2	6	1	2	3
315	ENSRNOG00000015020	Idh1	6	3	3	0
315	ENSRNOG00000061910	Igfbp3	6	2	2	2
315	ENSRNOG00000049959	Igsf21	6	0	1	5
315	ENSRNOG00000014322	Kazn	6	3	2	1
315	ENSRNOG00000047363	Kcnk13	6	2	3	1
315	ENSRNOG00000013781	Kcnq5	6	1	2	3
315	ENSRNOG00000009145	Klf12	6	0	0	6
315	ENSRNOG00000046242	Klf7	6	1	4	1
315	ENSRNOG00000011720	L3mbtl3	6	0	1	5
315	ENSRNOG00000024616	LOC100362783	6	1	3	2
315	ENSRNOG00000017427	LOC100909840	6	1	1	4
315	ENSRNOG00000058444	LOC100912489	6	2	1	3
315	ENSRNOG00000059949	LOC102549061	6	0	1	5
315	ENSRNOG00000068433	LOC102555338	6	1	2	3
315	ENSRNOG00000062523	LOC120093241	6	0	0	6
315	ENSRNOG00000065117	LOC120094051	6	1	4	1
315	ENSRNOG00000064093	LOC120096432	6	0	0	6
315	ENSRNOG00000034790	LOC120097579	6	3	2	1
315	ENSRNOG00000062432	LOC120098019	6	2	2	2
315	ENSRNOG00000051896	LOC120098051	6	1	3	2
315	ENSRNOG00000052457	LOC120098053	6	1	2	3
315	ENSRNOG00000066118	LOC120098751	6	1	2	3
315	ENSRNOG00000054921	LOC120100438	6	2	2	2
315	ENSRNOG00000022555	LOC497899	6	1	1	4
315	ENSRNOG00000027821	Lcn9	6	2	1	3
315	ENSRNOG00000016636	Lpin3	6	0	2	4
315	ENSRNOG00000037204	Lyrm9	6	1	1	4
315	ENSRNOG00000067338	Maml3	6	1	4	1
315	ENSRNOG00000021184	Mark2	6	2	3	1
315	ENSRNOG00000015059	Mcfd2	6	0	0	6
315	ENSRNOG00000028047	Mecr	6	0	5	1
315	ENSRNOG00000007003	Mei1	6	2	2	2
315	ENSRNOG00000004730	Meis2	6	2	1	3
315	ENSRNOG00000060497	Metazoa_SRP	6	0	3	3
315	ENSRNOG00000011431	Mfhas1	6	2	4	0
315	ENSRNOG00000024954	Mgat5b	6	0	3	3
315	ENSRNOG00000064399	Mir100hgl	6	1	4	1
315	ENSRNOG00000035593	Mir124-3	6	2	3	1
315	ENSRNOG00000035516	Mir132	6	1	1	4
315	ENSRNOG00000041787	Mir1903	6	0	1	5
315	ENSRNOG00000035476	Mir212	6	1	1	4
315	ENSRNOG00000036265	Mir488	6	1	1	4
315	ENSRNOG00000007850	Mok	6	0	2	4
315	ENSRNOG00000025338	Msi2	6	0	0	6
315	ENSRNOG00000046443	Mthfsd	6	2	2	2
315	ENSRNOG00000004500	Myc	6	1	2	3
315	ENSRNOG00000003890	Nap1l1	6	2	2	2
315	ENSRNOG00000017852	Nars	6	0	0	6
315	ENSRNOG00000008425	Nav1	6	0	1	5
315	ENSRNOG00000031890	Ncam1	6	2	2	2
315	ENSRNOG00000010696	Neil2	6	1	2	3
315	ENSRNOG00000010972	Neurog2	6	0	2	4
315	ENSRNOG00000006966	Nfia	6	2	1	3
315	ENSRNOG00000018069	Ngdn	6	3	2	1
315	ENSRNOG00000014795	Nr2f1	6	0	0	6
315	ENSRNOG00000010744	Nrp1	6	0	1	5
315	ENSRNOG00000008178	Nxn	6	2	4	0
315	ENSRNOG00000008095	Onecut1	6	0	2	4
315	ENSRNOG00000003915	Pacc1	6	0	4	2
315	ENSRNOG00000019883	Pak4	6	2	3	1
315	ENSRNOG00000033527	Pappa	6	0	2	4
315	ENSRNOG00000008892	Parp2	6	1	2	3
315	ENSRNOG00000065348	Pax9	6	0	2	4
315	ENSRNOG00000063070	Pcdhgc3	6	0	5	1
315	ENSRNOG00000005438	Pcsk2	6	1	2	3
315	ENSRNOG00000013140	Pdzd2	6	1	4	1
315	ENSRNOG00000015406	Pgm5	6	0	2	4
315	ENSRNOG00000057996	Phactr3	6	1	4	1
315	ENSRNOG00000010681	Pitx2	6	1	2	3
315	ENSRNOG00000003338	Pmp22	6	1	3	2
315	ENSRNOG00000001199	Pop5	6	1	3	2
315	ENSRNOG00000011500	Pou2af1	6	0	1	5
315	ENSRNOG00000000068	Ppp2r5a	6	2	3	1
315	ENSRNOG00000010630	Prcp	6	2	2	2
315	ENSRNOG00000058329	Prrx2	6	0	1	5
315	ENSRNOG00000017093	Pxdc1	6	0	1	5
315	ENSRNOG00000036713	RGD1563217	6	1	3	2
315	ENSRNOG00000053859	Ranbp6	6	0	1	5
315	ENSRNOG00000014316	Rapgef1	6	1	2	3
315	ENSRNOG00000002097	Rasl11b	6	1	4	1
315	ENSRNOG00000018767	Rbm17	6	1	2	3
315	ENSRNOG00000057183	Rnu6-212	6	1	3	2
315	ENSRNOG00000016896	Rpl3	6	3	1	2
315	ENSRNOG00000054493	Rpph1	6	1	2	3
315	ENSRNOG00000049442	Rps28-ps1	6	0	0	6
315	ENSRNOG00000011927	Sdc3	6	2	2	2
315	ENSRNOG00000016254	Sema4c	6	2	2	2
315	ENSRNOG00000006806	Setmar	6	0	1	5
315	ENSRNOG00000010358	Sh3rf1	6	0	0	6
315	ENSRNOG00000046791	Sh3rf3	6	0	3	3
315	ENSRNOG00000031266	Siae	6	2	4	0
315	ENSRNOG00000016753	Slc14a1	6	2	2	2
315	ENSRNOG00000004510	Slc35b1	6	4	2	0
315	ENSRNOG00000067988	Slc5a3	6	2	3	1
315	ENSRNOG00000007377	Slit3	6	1	2	3
315	ENSRNOG00000065643	Sox4	6	1	3	2
315	ENSRNOG00000028187	Sp9	6	0	1	5
315	ENSRNOG00000050805	Spacdr	6	1	3	2
315	ENSRNOG00000010078	Spag1	6	1	3	2
315	ENSRNOG00000003273	Spata20	6	1	3	2
315	ENSRNOG00000028235	Spr-ps1	6	2	3	1
315	ENSRNOG00000005209	Spred1	6	2	2	2
315	ENSRNOG00000070996	Spred1	6	2	2	2
315	ENSRNOG00000016213	Ssbp2	6	3	2	1
315	ENSRNOG00000015389	Stag1	6	1	2	3
315	ENSRNOG00000027066	Stk32a	6	2	3	1
315	ENSRNOG00000016145	Strn4	6	3	2	1
315	ENSRNOG00000026096	Taar9	6	1	2	3
315	ENSRNOG00000061876	Tas1r2	6	0	3	3
315	ENSRNOG00000028523	Tctn1	6	2	3	1
315	ENSRNOG00000015488	Tead1	6	0	3	3
315	ENSRNOG00000015522	Tfap2a	6	0	0	6
315	ENSRNOG00000004687	Thbd	6	1	1	4
315	ENSRNOG00000010941	Tifa	6	2	1	3
315	ENSRNOG00000047314	Tk1	6	0	2	4
315	ENSRNOG00000013013	Tle3	6	0	2	4
315	ENSRNOG00000007713	Tmcc3	6	0	2	4
315	ENSRNOG00000042501	Tmem250	6	2	2	2
315	ENSRNOG00000012808	Tmem259	6	1	4	1
315	ENSRNOG00000010777	Tox	6	0	1	5
315	ENSRNOG00000047957	Traf5	6	1	3	2
315	ENSRNOG00000056135	Tsc22d3	6	1	2	3
315	ENSRNOG00000013938	Tshz3	6	0	2	4
315	ENSRNOG00000010813	Tspan14	6	3	2	1
315	ENSRNOG00000051620	Tspan9	6	1	4	1
315	ENSRNOG00000054969	U1	6	1	3	2
315	ENSRNOG00000000567	Unc5b	6	2	3	1
315	ENSRNOG00000007422	Vav2	6	4	2	0
315	ENSRNOG00000003039	Wnt3a	6	1	2	3
315	ENSRNOG00000007869	Wscd1	6	0	3	3
315	ENSRNOG00000014564	Yipf5	6	0	0	6
315	ENSRNOG00000023197	Zfp608	6	0	3	3
567	ENSRNOG00000063038	4930596D02Rikl2	5	0	0	5
567	ENSRNOG00000017273	A630001G21Rikl	5	3	1	1
567	ENSRNOG00000030563	AABR07013798	5	1	1	3
567	ENSRNOG00000058011	AABR07018244.2	5	1	2	2
567	ENSRNOG00000051261	AABR07021536.1	5	0	2	3
567	ENSRNOG00000030638	AABR07028748.1	5	0	3	2
567	ENSRNOG00000053112	AABR07031767.1	5	0	1	4
567	ENSRNOG00000029926	AABR07056668	5	0	3	2
567	ENSRNOG00000056565	AABR07059002.1	5	1	1	3
567	ENSRNOG00000048371	AABR07059232.1	5	0	2	3
567	ENSRNOG00000034052	AABR07071482	5	0	2	3
567	ENSRNOG00000031483	AABR07071482.1	5	0	2	3
567	ENSRNOG00000005758	Abtb3	5	0	1	4
567	ENSRNOG00000042533	Accsl	5	1	3	1
567	ENSRNOG00000006744	Acyp1	5	1	2	2
567	ENSRNOG00000054257	Adam10	5	0	2	3
567	ENSRNOG00000016812	Adamts16	5	2	2	1
567	ENSRNOG00000037080	Adamts17	5	0	2	3
567	ENSRNOG00000012655	Adamts6	5	0	3	2
567	ENSRNOG00000005574	Adamts8	5	1	3	1
567	ENSRNOG00000021256	Adra1d	5	2	2	1
567	ENSRNOG00000008533	Ago2	5	0	0	5
567	ENSRNOG00000025065	Airim	5	1	3	1
567	ENSRNOG00000050040	Akr1c13	5	0	2	3
567	ENSRNOG00000062679	Akr1c13	5	0	2	3
567	ENSRNOG00000017165	Akr1e2	5	0	2	3
567	ENSRNOG00000055049	Aldh1a2	5	1	3	1
567	ENSRNOG00000008683	Alk	5	2	2	1
567	ENSRNOG00000027906	Ankrd11	5	0	3	2
567	ENSRNOG00000008786	Ap1b1	5	2	2	1
567	ENSRNOG00000003088	Arhgap31	5	1	2	2
567	ENSRNOG00000015852	Arhgap35	5	1	3	1
567	ENSRNOG00000008924	Arhgef12	5	2	2	1
567	ENSRNOG00000005763	Arl1	5	2	2	1
567	ENSRNOG00000000508	Armc12	5	0	2	3
567	ENSRNOG00000058308	Asic2	5	0	2	3
567	ENSRNOG00000030862	Atp6v1h	5	2	2	1
567	ENSRNOG00000003719	Atpaf2	5	0	2	3
567	ENSRNOG00000003114	B4galt4	5	1	3	1
567	ENSRNOG00000043102	Bahcc1	5	3	2	0
567	ENSRNOG00000026913	Bbs10	5	1	1	3
567	ENSRNOG00000058430	Bcdin3d	5	2	2	1
567	ENSRNOG00000024437	Blcap	5	0	4	1
567	ENSRNOG00000006505	Borcs5	5	0	1	4
567	ENSRNOG00000000524	C20h6orf89	5	1	2	2
567	ENSRNOG00000014857	C2h1orf52	5	1	1	3
567	ENSRNOG00000060407	Cacna1i	5	1	2	2
567	ENSRNOG00000004060	Calm1	5	0	1	4
567	ENSRNOG00000067086	Calm1	5	0	1	4
567	ENSRNOG00000038202	Calml4	5	0	1	4
567	ENSRNOG00000012932	Ccdc146	5	0	2	3
567	ENSRNOG00000002052	Ccdc80	5	0	2	3
567	ENSRNOG00000021851	Ccl1	5	1	1	3
567	ENSRNOG00000060825	Ccm2	5	1	3	1
567	ENSRNOG00000062959	Ccnd2	5	2	1	2
567	ENSRNOG00000028415	Cdc20	5	0	3	2
567	ENSRNOG00000031431	Cdca8	5	1	3	1
567	ENSRNOG00000023262	Cenpm	5	0	3	2
567	ENSRNOG00000067409	Cfap299	5	0	3	2
567	ENSRNOG00000036585	Cfap43	5	0	0	5
567	ENSRNOG00000047406	Cfap90	5	0	2	3
567	ENSRNOG00000045771	Chl1	5	0	4	1
567	ENSRNOG00000009411	Chn2	5	0	2	3
567	ENSRNOG00000013829	Chrna3	5	1	3	1
567	ENSRNOG00000021714	Cibar2	5	0	2	3
567	ENSRNOG00000030914	Cimap2	5	2	1	2
567	ENSRNOG00000016460	Clu	5	1	2	2
567	ENSRNOG00000020113	Cnnm2	5	1	2	2
567	ENSRNOG00000004438	Cntn1	5	1	2	2
567	ENSRNOG00000026415	Col14a1	5	2	2	1
567	ENSRNOG00000033618	Col28a1	5	0	2	3
567	ENSRNOG00000010474	Copg1	5	0	2	3
567	ENSRNOG00000002302	Corin	5	1	3	1
567	ENSRNOG00000014656	Cox8b	5	0	3	2
567	ENSRNOG00000006534	Crbn	5	2	2	1
567	ENSRNOG00000015220	Crtac1	5	2	1	2
567	ENSRNOG00000010649	Ctnnd2	5	0	0	5
567	ENSRNOG00000011541	Cygb	5	0	1	4
567	ENSRNOG00000011132	D430041D05Rikl	5	1	1	3
567	ENSRNOG00000057078	Ddit4	5	3	2	0
567	ENSRNOG00000005551	Derl1	5	0	2	3
567	ENSRNOG00000004549	Dhx40	5	0	4	1
567	ENSRNOG00000062383	Dio2	5	1	1	3
567	ENSRNOG00000006364	Dld	5	0	0	5
567	ENSRNOG00000030408	Dnajb12	5	0	2	3
567	ENSRNOG00000015894	Dock8	5	0	3	2
567	ENSRNOG00000045585	Dpy19l2	5	1	2	2
567	ENSRNOG00000018992	Dpysl3	5	1	2	2
567	ENSRNOG00000023400	Dtx3l	5	2	2	1
567	ENSRNOG00000013112	Dusp13	5	2	1	2
567	ENSRNOG00000009700	Dync1i1	5	0	2	3
567	ENSRNOG00000029273	E2f3	5	0	3	2
567	ENSRNOG00000032693	ENSRNOG00000032693	5	1	2	2
567	ENSRNOG00000062377	ENSRNOG00000062377	5	1	1	3
567	ENSRNOG00000062519	ENSRNOG00000062519	5	0	2	3
567	ENSRNOG00000062562	ENSRNOG00000062562	5	0	4	1
567	ENSRNOG00000062829	ENSRNOG00000062829	5	1	1	3
567	ENSRNOG00000062956	ENSRNOG00000062956	5	0	4	1
567	ENSRNOG00000063045	ENSRNOG00000063045	5	2	2	1
567	ENSRNOG00000063439	ENSRNOG00000063439	5	0	0	5
567	ENSRNOG00000063934	ENSRNOG00000063934	5	0	3	2
567	ENSRNOG00000064014	ENSRNOG00000064014	5	0	3	2
567	ENSRNOG00000064200	ENSRNOG00000064200	5	1	2	2
567	ENSRNOG00000064218	ENSRNOG00000064218	5	0	3	2
567	ENSRNOG00000064247	ENSRNOG00000064247	5	0	3	2
567	ENSRNOG00000065152	ENSRNOG00000065152	5	1	3	1
567	ENSRNOG00000065376	ENSRNOG00000065376	5	3	1	1
567	ENSRNOG00000065775	ENSRNOG00000065775	5	0	2	3
567	ENSRNOG00000065782	ENSRNOG00000065782	5	0	0	5
567	ENSRNOG00000066030	ENSRNOG00000066030	5	0	1	4
567	ENSRNOG00000066083	ENSRNOG00000066083	5	1	4	0
567	ENSRNOG00000066184	ENSRNOG00000066184	5	0	0	5
567	ENSRNOG00000067041	ENSRNOG00000067041	5	0	2	3
567	ENSRNOG00000067269	ENSRNOG00000067269	5	0	3	2
567	ENSRNOG00000067332	ENSRNOG00000067332	5	0	1	4
567	ENSRNOG00000067341	ENSRNOG00000067341	5	0	2	3
567	ENSRNOG00000067430	ENSRNOG00000067430	5	2	1	2
567	ENSRNOG00000067491	ENSRNOG00000067491	5	2	1	2
567	ENSRNOG00000067920	ENSRNOG00000067920	5	1	2	2
567	ENSRNOG00000068335	ENSRNOG00000068335	5	1	2	2
567	ENSRNOG00000068442	ENSRNOG00000068442	5	1	3	1
567	ENSRNOG00000068851	ENSRNOG00000068851	5	0	1	4
567	ENSRNOG00000068951	ENSRNOG00000068951	5	1	1	3
567	ENSRNOG00000069217	ENSRNOG00000069217	5	2	3	0
567	ENSRNOG00000069233	ENSRNOG00000069233	5	1	1	3
567	ENSRNOG00000069760	ENSRNOG00000069760	5	1	2	2
567	ENSRNOG00000069809	ENSRNOG00000069809	5	2	1	2
567	ENSRNOG00000069814	ENSRNOG00000069814	5	0	0	5
567	ENSRNOG00000070152	ENSRNOG00000070152	5	2	2	1
567	ENSRNOG00000070295	ENSRNOG00000070295	5	0	1	4
567	ENSRNOG00000070388	ENSRNOG00000070388	5	0	1	4
567	ENSRNOG00000070419	ENSRNOG00000070419	5	0	0	5
567	ENSRNOG00000071081	ENSRNOG00000071081	5	1	2	2
567	ENSRNOG00000071123	ENSRNOG00000071123	5	0	3	2
567	ENSRNOG00000023576	Ecrg4	5	0	2	3
567	ENSRNOG00000009482	Emx2	5	1	2	2
567	ENSRNOG00000052894	Epg5	5	2	2	1
567	ENSRNOG00000007865	Ephb1	5	0	2	3
567	ENSRNOG00000009968	Ercc8	5	0	1	4
567	ENSRNOG00000056209	Exo1	5	0	3	2
567	ENSRNOG00000038825	Fabp12	5	0	2	3
567	ENSRNOG00000024605	Fam220a	5	0	3	2
567	ENSRNOG00000004395	Fbxw11	5	0	3	2
567	ENSRNOG00000048389	Fgf18	5	0	1	4
567	ENSRNOG00000017524	Fgf8	5	0	3	2
567	ENSRNOG00000031760	Fmn1	5	1	2	2
567	ENSRNOG00000001104	Foxk1	5	4	1	0
567	ENSRNOG00000047125	Foxl1	5	1	2	2
567	ENSRNOG00000062645	Foxo1l	5	0	2	3
567	ENSRNOG00000000299	Foxo3	5	1	1	3
567	ENSRNOG00000002746	Fstl1	5	2	1	2
567	ENSRNOG00000014862	Gabrg3	5	0	2	3
567	ENSRNOG00000005615	Gadd45a	5	1	3	1
567	ENSRNOG00000062552	Garem1	5	1	2	2
567	ENSRNOG00000006046	Gdf7	5	1	2	2
567	ENSRNOG00000069998	Gid4	5	0	2	3
567	ENSRNOG00000020169	Gimap8	5	1	3	1
567	ENSRNOG00000008855	Gjb2	5	1	2	2
567	ENSRNOG00000019465	Gnai3	5	1	4	0
567	ENSRNOG00000006237	Gpr37l1	5	1	1	3
567	ENSRNOG00000036834	Gpr84	5	1	2	2
567	ENSRNOG00000016013	Gprc5b	5	0	1	4
567	ENSRNOG00000003990	Grb2	5	1	2	2
567	ENSRNOG00000054204	Gria2	5	0	1	4
567	ENSRNOG00000017489	Gse1	5	0	2	3
567	ENSRNOG00000065255	Gsg1l	5	0	1	4
567	ENSRNOG00000028746	Gsto1	5	0	0	5
567	ENSRNOG00000016148	Gtse1	5	0	3	2
567	ENSRNOG00000009440	Gucy1b2	5	0	0	5
567	ENSRNOG00000003242	Gulp1	5	0	0	5
567	ENSRNOG00000067441	H1f2	5	0	0	5
567	ENSRNOG00000023969	Herc6	5	0	3	2
567	ENSRNOG00000057619	Hic1	5	1	3	1
567	ENSRNOG00000000622	Hint1	5	1	2	2
567	ENSRNOG00000014190	Hint3	5	0	1	4
567	ENSRNOG00000007034	Hipk2	5	1	1	3
567	ENSRNOG00000054978	Hist1h1c	5	0	0	5
567	ENSRNOG00000049649	Hist1h2ah	5	0	0	5
567	ENSRNOG00000053845	Hist1h2bl	5	1	1	3
567	ENSRNOG00000014460	Hivep1	5	1	1	3
567	ENSRNOG00000016905	Hmg20a	5	1	2	2
567	ENSRNOG00000057061	Hoxa13	5	0	1	4
567	ENSRNOG00000042480	Hoxd8	5	0	1	4
567	ENSRNOG00000071108	Hoxd8	5	0	1	4
567	ENSRNOG00000061160	Htra4	5	0	4	1
567	ENSRNOG00000007237	Id2	5	0	1	4
567	ENSRNOG00000006227	Ifih1	5	0	0	5
567	ENSRNOG00000006440	Ift27	5	1	2	2
567	ENSRNOG00000010194	Ift43	5	1	2	2
567	ENSRNOG00000024630	Igsf23	5	3	1	1
567	ENSRNOG00000007604	Igsf8	5	1	1	3
567	ENSRNOG00000009253	Igsf9b	5	1	2	2
567	ENSRNOG00000032929	Incenp	5	0	2	3
567	ENSRNOG00000007601	Inhbe	5	0	3	2
567	ENSRNOG00000069187	Inip	5	1	2	2
567	ENSRNOG00000011026	Irf2bpl	5	2	3	0
567	ENSRNOG00000033609	Irx1	5	0	2	3
567	ENSRNOG00000011533	Irx3	5	0	2	3
567	ENSRNOG00000054561	Isg20	5	1	1	3
567	ENSRNOG00000059968	Jak2	5	1	2	2
567	ENSRNOG00000004751	Jkamp	5	0	0	5
567	ENSRNOG00000024310	Kcnf1	5	0	3	2
567	ENSRNOG00000005985	Kcnma1	5	2	3	0
567	ENSRNOG00000014741	Kcnu1	5	0	0	5
567	ENSRNOG00000069221	Kctd16	5	0	1	4
567	ENSRNOG00000052424	Kiaa1671	5	2	3	0
567	ENSRNOG00000001455	Kif13a	5	0	3	2
567	ENSRNOG00000016408	Kirrel1	5	2	2	1
567	ENSRNOG00000006118	Klf10	5	2	2	1
567	ENSRNOG00000016299	Klf4	5	1	1	3
567	ENSRNOG00000007124	Krcc1	5	1	1	3
567	ENSRNOG00000068519	LOC100910620	5	1	1	3
567	ENSRNOG00000069640	LOC102551114	5	1	0	4
567	ENSRNOG00000053557	LOC102553386	5	0	2	3
567	ENSRNOG00000060492	LOC103690190	5	1	1	3
567	ENSRNOG00000070815	LOC103691814	5	0	3	2
567	ENSRNOG00000066582	LOC108352541	5	0	1	4
567	ENSRNOG00000059370	LOC120093474	5	1	1	3
567	ENSRNOG00000065976	LOC120094021	5	2	1	2
567	ENSRNOG00000060736	LOC120094416	5	0	3	2
567	ENSRNOG00000060932	LOC120094473	5	0	3	2
567	ENSRNOG00000067349	LOC120094551	5	0	1	4
567	ENSRNOG00000059399	LOC120095444	5	0	0	5
567	ENSRNOG00000057969	LOC120095454	5	0	0	5
567	ENSRNOG00000059646	LOC120096809	5	1	1	3
567	ENSRNOG00000060757	LOC120096813	5	0	2	3
567	ENSRNOG00000035975	LOC120097639	5	1	2	2
567	ENSRNOG00000066256	LOC120098017	5	1	2	2
567	ENSRNOG00000059165	LOC120098043	5	0	3	2
567	ENSRNOG00000055927	LOC120098378	5	1	3	1
567	ENSRNOG00000070475	LOC120101171	5	0	2	3
567	ENSRNOG00000066196	LOC120101636	5	0	1	4
567	ENSRNOG00000061517	LOC120102051	5	0	1	4
567	ENSRNOG00000065344	LOC120102099	5	0	0	5
567	ENSRNOG00000069671	LOC120102122	5	0	2	3
567	ENSRNOG00000057142	LOC120102688	5	1	2	2
567	ENSRNOG00000060772	LOC120102711	5	2	2	1
567	ENSRNOG00000063604	LOC134479892	5	0	0	5
567	ENSRNOG00000045646	LOC684762	5	0	0	5
567	ENSRNOG00000046109	LOC689574	5	0	1	4
567	ENSRNOG00000013742	Large1	5	0	2	3
567	ENSRNOG00000051192	Lhfpl7	5	1	3	1
567	ENSRNOG00000013774	Lmnb1	5	0	3	2
567	ENSRNOG00000017410	Loxhd1	5	1	2	2
567	ENSRNOG00000008098	Lrrc4	5	1	3	1
567	ENSRNOG00000026585	Lrrc66	5	1	3	1
567	ENSRNOG00000005409	Lrrc9	5	1	3	1
567	ENSRNOG00000012730	Lrrk1	5	0	2	3
567	ENSRNOG00000006368	Lrrn3	5	0	2	3
567	ENSRNOG00000020903	Lto1	5	0	0	5
567	ENSRNOG00000014201	Manf	5	0	2	3
567	ENSRNOG00000028526	Mansc1	5	0	1	4
567	ENSRNOG00000017428	Map1b	5	0	2	3
567	ENSRNOG00000014832	Mapkapk3	5	2	1	2
567	ENSRNOG00000008961	Mapre3	5	0	3	2
567	ENSRNOG00000014021	Matn4	5	1	3	1
567	ENSRNOG00000015024	Mcoln3	5	2	1	2
567	ENSRNOG00000016224	Meak7	5	2	2	1
567	ENSRNOG00000003614	Mgat5	5	0	1	4
567	ENSRNOG00000061337	Mindy2	5	0	2	3
567	ENSRNOG00000035499	Mir124-2	5	0	1	4
567	ENSRNOG00000035550	Mir125b1	5	1	3	1
567	ENSRNOG00000035526	Mir3588	5	1	1	3
567	ENSRNOG00000035636	Mirlet7b	5	3	1	1
567	ENSRNOG00000035461	Mirlet7c2	5	3	1	1
567	ENSRNOG00000011280	Mllt3	5	0	1	4
567	ENSRNOG00000027489	Mn1	5	1	1	3
567	ENSRNOG00000062406	Mosmo	5	1	3	1
567	ENSRNOG00000027901	Mrm1	5	0	2	3
567	ENSRNOG00000024426	Mro	5	0	2	3
567	ENSRNOG00000004401	Mrpl13	5	1	2	2
567	ENSRNOG00000019497	Mrpl17	5	1	2	2
567	ENSRNOG00000006968	Mrpl19	5	0	0	5
567	ENSRNOG00000059381	Mrps6	5	2	2	1
567	ENSRNOG00000021294	Mstn	5	0	3	2
567	ENSRNOG00000004412	Mtbp	5	1	2	2
567	ENSRNOG00000009001	Mtss1	5	1	2	2
567	ENSRNOG00000016010	Mul1	5	2	0	3
567	ENSRNOG00000034078	Mxi1	5	2	3	0
567	ENSRNOG00000014259	Mycl	5	1	2	2
567	ENSRNOG00000018914	Napg	5	1	2	2
567	ENSRNOG00000008580	Nbn	5	1	2	2
567	ENSRNOG00000055079	Ndufaf2	5	0	1	4
567	ENSRNOG00000004487	Nek2	5	0	2	3
567	ENSRNOG00000012924	Nemp2	5	0	3	2
567	ENSRNOG00000022975	Nfam1	5	1	1	3
567	ENSRNOG00000007390	Nfkbia	5	2	3	0
567	ENSRNOG00000056907	Nipbl	5	1	3	1
567	ENSRNOG00000002149	Nkx6-1	5	1	2	2
567	ENSRNOG00000017622	Npm3	5	1	2	2
567	ENSRNOG00000018854	Nppc	5	1	2	2
567	ENSRNOG00000066437	Ntm	5	0	2	3
567	ENSRNOG00000002711	Nuf2	5	1	3	1
567	ENSRNOG00000009653	Numb	5	0	2	3
567	ENSRNOG00000023809	Opcml	5	1	1	3
567	ENSRNOG00000012109	Otulinl	5	0	2	3
567	ENSRNOG00000056487	Oxr1	5	0	1	4
567	ENSRNOG00000061328	Pag1	5	0	2	3
567	ENSRNOG00000067120	Paqr8	5	0	1	4
567	ENSRNOG00000023463	Parp9	5	2	2	1
567	ENSRNOG00000019265	Pcdh12	5	1	2	2
567	ENSRNOG00000001628	Pcp4	5	1	2	2
567	ENSRNOG00000011310	Pde10a	5	1	3	1
567	ENSRNOG00000042519	Peak1	5	1	2	2
567	ENSRNOG00000051929	Phox2b	5	2	2	1
567	ENSRNOG00000015232	Pip5k1b	5	1	3	1
567	ENSRNOG00000003997	Pld5	5	0	1	4
567	ENSRNOG00000002907	Plekha6	5	1	1	3
567	ENSRNOG00000015932	Plgrkt	5	0	2	3
567	ENSRNOG00000007324	Plxna2	5	0	2	3
567	ENSRNOG00000012022	Pou2af2	5	0	2	3
567	ENSRNOG00000027408	Ppid	5	1	4	0
567	ENSRNOG00000000523	Ppil1	5	1	2	2
567	ENSRNOG00000000780	Ppp1r11	5	0	3	2
567	ENSRNOG00000015614	Ppp1r16b	5	2	2	1
567	ENSRNOG00000011158	Ppp2r2a	5	1	3	1
567	ENSRNOG00000016940	Ppp2r2d	5	2	2	1
567	ENSRNOG00000003951	Psmc1	5	1	1	3
567	ENSRNOG00000037580	Psmd8	5	1	3	1
567	ENSRNOG00000039265	Psmg4	5	0	4	1
567	ENSRNOG00000030712	RT1-A2	5	1	3	1
567	ENSRNOG00000031090	RT1-CE7	5	1	2	2
567	ENSRNOG00000014135	Rab11fip4	5	0	1	4
567	ENSRNOG00000042086	Rab26	5	0	4	1
567	ENSRNOG00000002736	Rabgap1l	5	0	1	4
567	ENSRNOG00000002347	Ralgdsl1	5	1	1	3
567	ENSRNOG00000053766	Ramp3	5	1	2	2
567	ENSRNOG00000004917	Rasal2	5	0	2	3
567	ENSRNOG00000002345	Rasgef1b	5	0	0	5
567	ENSRNOG00000014161	Rbm15b	5	0	2	3
567	ENSRNOG00000025823	Rbm46	5	1	2	2
567	ENSRNOG00000026295	Rbpjl	5	1	3	1
567	ENSRNOG00000019468	Rce1	5	0	2	3
567	ENSRNOG00000027592	Rerg	5	1	1	3
567	ENSRNOG00000017916	Rexo1	5	3	1	1
567	ENSRNOG00000030568	Rgs12	5	2	2	1
567	ENSRNOG00000018070	Rnf182	5	0	4	1
567	ENSRNOG00000006087	Rnf20	5	1	2	2
567	ENSRNOG00000016416	Rnh1	5	2	1	2
567	ENSRNOG00000052749	Rnu5e-5	5	1	1	3
567	ENSRNOG00000014214	Rpl27a	5	0	3	2
567	ENSRNOG00000062739	Rpl37l3	5	0	1	4
567	ENSRNOG00000066047	Rpl38	5	0	3	2
567	ENSRNOG00000043412	Rps12l4	5	2	2	1
567	ENSRNOG00000005958	Rrbp1	5	0	0	5
567	ENSRNOG00000029893	Rwdd3	5	0	1	4
567	ENSRNOG00000023549	Samd5	5	0	2	3
567	ENSRNOG00000010188	Satb2	5	0	2	3
567	ENSRNOG00000061622	Scarna16	5	2	1	2
567	ENSRNOG00000015049	Scn5a	5	2	2	1
567	ENSRNOG00000007687	Sema7a	5	2	2	1
567	ENSRNOG00000006545	Sept7	5	1	3	1
567	ENSRNOG00000006120	Shh	5	1	1	3
567	ENSRNOG00000016337	Slc22a1	5	0	0	5
567	ENSRNOG00000012356	Slc36a1	5	2	2	1
567	ENSRNOG00000003134	Slc4a4	5	1	1	3
567	ENSRNOG00000026065	Slit1	5	2	1	2
567	ENSRNOG00000027962	Smg7	5	1	0	4
567	ENSRNOG00000019451	Smtn	5	0	2	3
567	ENSRNOG00000006776	Smyd1	5	1	1	3
567	ENSRNOG00000055001	Snora3A	5	0	3	2
567	ENSRNOG00000053089	Snora3B	5	0	3	2
567	ENSRNOG00000011944	Snx10	5	0	2	3
567	ENSRNOG00000059008	Socs7	5	4	1	0
567	ENSRNOG00000007033	Sorcs2	5	2	2	1
567	ENSRNOG00000012199	Sox2	5	0	2	3
567	ENSRNOG00000010934	Spa17	5	2	3	0
567	ENSRNOG00000017540	Spata3	5	1	3	1
567	ENSRNOG00000016388	Sphkap	5	0	1	4
567	ENSRNOG00000058003	Spon1	5	1	2	2
567	ENSRNOG00000014720	Srbd1	5	0	0	5
567	ENSRNOG00000004641	Sstr4	5	0	1	4
567	ENSRNOG00000020425	Stim1	5	2	3	0
567	ENSRNOG00000004198	Stxbp6	5	1	2	2
567	ENSRNOG00000050563	Sub1	5	0	0	5
567	ENSRNOG00000001139	Suds3	5	1	3	1
567	ENSRNOG00000021046	Sult2b1	5	2	2	1
567	ENSRNOG00000050547	Syngr2	5	0	1	4
567	ENSRNOG00000017114	Synj2	5	1	1	3
567	ENSRNOG00000014867	Synpo2	5	1	3	1
567	ENSRNOG00000007874	Tamm41	5	0	0	5
567	ENSRNOG00000006103	Tbc1d31	5	0	2	3
567	ENSRNOG00000017282	Tesk2	5	3	2	0
567	ENSRNOG00000001159	Tff3	5	0	2	3
567	ENSRNOG00000006104	Tg	5	2	2	1
567	ENSRNOG00000009867	Tgfb3	5	1	2	2
567	ENSRNOG00000045829	Thbs1	5	0	1	4
567	ENSRNOG00000004303	Timp3	5	1	2	2
567	ENSRNOG00000019914	Tlcd3b	5	1	2	2
567	ENSRNOG00000003769	Tmem163	5	1	2	2
567	ENSRNOG00000065684	Tmem217b	5	0	2	3
567	ENSRNOG00000046926	Tmem247	5	0	0	5
567	ENSRNOG00000015347	Trim45	5	1	2	2
567	ENSRNOG00000008978	Trmt12	5	2	1	2
567	ENSRNOG00000020484	Trpm5	5	1	3	1
567	ENSRNOG00000013877	Ttc23	5	0	1	4
567	ENSRNOG00000065202	Uba52l1	5	1	3	1
567	ENSRNOG00000017907	Ube2i	5	0	2	3
567	ENSRNOG00000004137	Ubtd2	5	1	1	3
567	ENSRNOG00000043324	Upk2	5	1	2	2
567	ENSRNOG00000011058	Utrn	5	1	2	2
567	ENSRNOG00000053017	Vamp9	5	1	2	2
567	ENSRNOG00000065305	Vcpkmt	5	1	1	3
567	ENSRNOG00000019598	Vegfa	5	3	2	0
567	ENSRNOG00000003827	Wipi1	5	0	2	3
567	ENSRNOG00000003066	Wnt9a	5	1	1	3
567	ENSRNOG00000008065	Wwc1	5	0	1	4
567	ENSRNOG00000001729	Xxylt1	5	0	3	2
567	ENSRNOG00000012386	Zbtb38	5	1	3	1
567	ENSRNOG00000027115	Zc2hc1c	5	1	2	2
567	ENSRNOG00000022686	Zdhhc2	5	0	2	3
567	ENSRNOG00000025140	Zfat	5	0	2	3
567	ENSRNOG00000008765	Zfhx4	5	0	3	2
567	ENSRNOG00000011544	Zfp219	5	2	2	1
567	ENSRNOG00000003215	Zfp287	5	0	2	3
567	ENSRNOG00000047761	Zfp326	5	0	3	2
567	ENSRNOG00000019065	Zfp385b	5	0	1	4
567	ENSRNOG00000051756	Zfp62	5	2	1	2
567	ENSRNOG00000031661	Zfp839	5	0	1	4
567	ENSRNOG00000012524	Zfp91	5	0	1	4
567	ENSRNOG00000000778	Znrd1as1	5	0	3	2
567	ENSRNOG00000009639	Zrsr1	5	1	1	3
989	ENSRNOG00000017412	AABR07001512	4	0	4	0
989	ENSRNOG00000018045	AABR07007730.1	4	1	2	1
989	ENSRNOG00000056222	AABR07021636.1	4	0	3	1
989	ENSRNOG00000023091	AABR07022046	4	0	2	2
989	ENSRNOG00000060417	AABR07028668	4	1	0	3
989	ENSRNOG00000038610	AABR07034445	4	0	1	3
989	ENSRNOG00000053144	AABR07052559.1	4	0	0	4
989	ENSRNOG00000055829	AABR07053830.1	4	0	1	3
989	ENSRNOG00000031486	AABR07059215.1	4	0	1	3
989	ENSRNOG00000039626	AABR07059877.1	4	0	0	4
989	ENSRNOG00000052878	AABR07067042.3	4	0	1	3
989	ENSRNOG00000028330	AABR07067600.1	4	2	0	2
989	ENSRNOG00000056825	AABR07072539.4	4	2	1	1
989	ENSRNOG00000046836	AC133403.1	4	2	2	0
989	ENSRNOG00000056767	AC136588	4	1	1	2
989	ENSRNOG00000015666	Abcc12	4	1	1	2
989	ENSRNOG00000007882	Ablim2	4	1	1	2
989	ENSRNOG00000023989	Actr5	4	0	1	3
989	ENSRNOG00000018384	Adam12	4	0	1	3
989	ENSRNOG00000002229	Adcy5	4	1	2	1
989	ENSRNOG00000012820	Add3	4	3	1	0
989	ENSRNOG00000003442	Adora1	4	2	1	1
989	ENSRNOG00000026178	Adpgk	4	0	2	2
989	ENSRNOG00000009522	Adra1a	4	0	1	3
989	ENSRNOG00000047545	Adra2a	4	1	3	0
989	ENSRNOG00000013887	Adra2b	4	1	3	0
989	ENSRNOG00000060665	Afap1	4	2	1	1
989	ENSRNOG00000057569	Ahnak	4	1	1	2
989	ENSRNOG00000000853	Aif1	4	2	2	0
989	ENSRNOG00000050137	Ajap1	4	0	3	1
989	ENSRNOG00000010964	Akap13	4	1	1	2
989	ENSRNOG00000028211	Akap17a	4	2	1	1
989	ENSRNOG00000001989	Alcam	4	1	1	2
989	ENSRNOG00000005154	Alkal2	4	1	2	1
989	ENSRNOG00000024917	Als2cr12	4	0	3	1
989	ENSRNOG00000023995	Ankrd39	4	0	2	2
989	ENSRNOG00000064008	Ankrd39	4	0	2	2
989	ENSRNOG00000025504	Ankrd46	4	0	2	2
989	ENSRNOG00000070627	Ankrd60	4	0	1	3
989	ENSRNOG00000018650	Ap3m2	4	2	1	1
989	ENSRNOG00000001353	Ap4m1	4	0	1	3
989	ENSRNOG00000006795	Apmap	4	2	2	0
989	ENSRNOG00000003500	Apoa2	4	1	2	1
989	ENSRNOG00000024142	Arglu1	4	0	1	3
989	ENSRNOG00000008659	Arhgap21	4	0	3	1
989	ENSRNOG00000024728	Arhgap22	4	0	3	1
989	ENSRNOG00000022771	Arhgap23	4	3	1	0
989	ENSRNOG00000004696	Arhgap5	4	0	4	0
989	ENSRNOG00000007061	Arhgef33	4	0	0	4
989	ENSRNOG00000014448	Arntl	4	1	1	2
989	ENSRNOG00000019842	Artn	4	1	2	1
989	ENSRNOG00000061519	Asap2	4	0	2	2
989	ENSRNOG00000013591	Ascl3	4	0	2	2
989	ENSRNOG00000028166	Asmtl	4	2	1	1
989	ENSRNOG00000010861	Atad1	4	0	3	1
989	ENSRNOG00000000322	Atg5	4	0	0	4
989	ENSRNOG00000005063	Atl1	4	0	3	1
989	ENSRNOG00000007290	Atp1a2	4	0	1	3
989	ENSRNOG00000010027	Atr	4	0	2	2
989	ENSRNOG00000016998	Atxn1	4	0	0	4
989	ENSRNOG00000010415	Atxn7l1	4	0	2	2
989	ENSRNOG00000006419	Aven	4	0	2	2
989	ENSRNOG00000051405	Axdnd1	4	1	2	1
989	ENSRNOG00000012420	Bcl9l	4	3	1	0
989	ENSRNOG00000001304	Bcr	4	1	3	0
989	ENSRNOG00000014490	Bdh2	4	0	1	3
989	ENSRNOG00000017463	Bloc1s3	4	0	3	1
989	ENSRNOG00000021276	Bmp2	4	0	2	2
989	ENSRNOG00000071010	Bmp2	4	0	2	2
989	ENSRNOG00000013717	Bmp6	4	1	2	1
989	ENSRNOG00000020717	Bod1	4	1	1	2
989	ENSRNOG00000014341	Btbd10	4	0	3	1
989	ENSRNOG00000004284	Btg1	4	0	1	3
989	ENSRNOG00000027633	C15h3orf49	4	1	1	2
989	ENSRNOG00000015546	C18h18orf21	4	1	2	1
989	ENSRNOG00000027542	C1h10orf90	4	0	1	3
989	ENSRNOG00000013713	C1h11orf16	4	0	2	2
989	ENSRNOG00000016978	C1h16orf54	4	0	0	4
989	ENSRNOG00000012807	C1qa	4	1	1	2
989	ENSRNOG00000018378	Cacnb2	4	0	0	4
989	ENSRNOG00000018712	Camk2a	4	1	2	1
989	ENSRNOG00000018602	Camta1	4	0	0	4
989	ENSRNOG00000008609	Capn3	4	0	2	2
989	ENSRNOG00000002610	Carhsp1	4	0	2	2
989	ENSRNOG00000056216	Casp7	4	0	2	2
989	ENSRNOG00000056537	Catspere	4	0	1	3
989	ENSRNOG00000014723	Cbfa2t3	4	0	0	4
989	ENSRNOG00000015516	Cbwd1	4	0	2	2
989	ENSRNOG00000004482	Ccdc88c	4	2	2	0
989	ENSRNOG00000050258	Ccnd3	4	2	2	0
989	ENSRNOG00000017113	Ccnt2	4	1	1	2
989	ENSRNOG00000029321	Ccser1	4	0	0	4
989	ENSRNOG00000016112	Cd274	4	0	1	3
989	ENSRNOG00000007650	Cd63	4	1	2	1
989	ENSRNOG00000009771	Cdh10	4	0	1	3
989	ENSRNOG00000013503	Cdh24	4	2	1	1
989	ENSRNOG00000013324	Cdh5	4	1	2	1
989	ENSRNOG00000070977	Cdhr18	4	1	1	2
989	ENSRNOG00000007151	Cdk14	4	0	1	3
989	ENSRNOG00000009258	Cdk6	4	0	2	2
989	ENSRNOG00000059500	Cdkn1c	4	1	2	1
989	ENSRNOG00000003388	Cenpf	4	0	1	3
989	ENSRNOG00000062220	Cenpp	4	1	1	2
989	ENSRNOG00000022261	Cenpu	4	2	1	1
989	ENSRNOG00000016377	Cep55	4	0	0	4
989	ENSRNOG00000039725	Ces1a	4	2	2	0
989	ENSRNOG00000053400	Cfi	4	2	1	1
989	ENSRNOG00000012716	Chd2	4	0	3	1
989	ENSRNOG00000037509	Chek2	4	0	1	3
989	ENSRNOG00000001750	Chrd	4	0	1	3
989	ENSRNOG00000025930	Chst13	4	1	2	1
989	ENSRNOG00000047246	Chtf8	4	1	1	2
989	ENSRNOG00000012858	Cimap1a	4	1	2	1
989	ENSRNOG00000027109	Cimap1c	4	0	2	2
989	ENSRNOG00000029543	Cish	4	1	1	2
989	ENSRNOG00000024650	Ckap2	4	0	1	3
989	ENSRNOG00000001742	Clcn2	4	0	1	3
989	ENSRNOG00000010263	Cldn11	4	1	2	1
989	ENSRNOG00000005406	Clint1	4	1	2	1
989	ENSRNOG00000015591	Cndp2	4	1	1	2
989	ENSRNOG00000007657	Col27a1	4	2	2	0
989	ENSRNOG00000008749	Col5a1	4	0	2	2
989	ENSRNOG00000016257	Cotl1	4	2	2	0
989	ENSRNOG00000005043	Cpeb2	4	0	1	3
989	ENSRNOG00000023346	Cplane2	4	2	1	1
989	ENSRNOG00000000105	Cplx2	4	1	2	1
989	ENSRNOG00000056582	Cpsf4l	4	2	1	1
989	ENSRNOG00000025217	Cpsf4l2	4	2	1	1
989	ENSRNOG00000025498	Crb2	4	0	0	4
989	ENSRNOG00000015215	Cript	4	0	2	2
989	ENSRNOG00000026805	Csf2	4	0	2	2
989	ENSRNOG00000005359	Csrnp3	4	1	0	3
989	ENSRNOG00000017195	Ctr9	4	0	1	3
989	ENSRNOG00000032878	Cxxc5	4	2	1	1
989	ENSRNOG00000067464	Cysltr2	4	0	1	3
989	ENSRNOG00000008445	Dact1	4	2	1	1
989	ENSRNOG00000009090	Dad1	4	0	0	4
989	ENSRNOG00000014480	Dbndd2	4	2	2	0
989	ENSRNOG00000021027	Dbp	4	0	1	3
989	ENSRNOG00000026204	Dclre1a	4	1	2	1
989	ENSRNOG00000002612	Ddx52	4	0	1	3
989	ENSRNOG00000032152	Decr2	4	0	3	1
989	ENSRNOG00000049378	Dennd5b	4	1	3	0
989	ENSRNOG00000001106	Denr	4	3	1	0
989	ENSRNOG00000004328	Deptor	4	0	2	2
989	ENSRNOG00000002635	Dexi	4	0	1	3
989	ENSRNOG00000029194	Dhx30	4	0	2	2
989	ENSRNOG00000054272	Dhx57	4	0	0	4
989	ENSRNOG00000008519	Dipk2a	4	0	1	3
989	ENSRNOG00000004278	Dlx3	4	1	2	1
989	ENSRNOG00000019407	Dmap1	4	0	1	3
989	ENSRNOG00000021237	Dnaaf9	4	0	1	3
989	ENSRNOG00000015581	Dnah6	4	0	1	3
989	ENSRNOG00000004823	Dock4	4	0	2	2
989	ENSRNOG00000011969	Dock9	4	0	1	3
989	ENSRNOG00000030547	Dpp6	4	0	0	4
989	ENSRNOG00000009625	Dpysl2	4	2	2	0
989	ENSRNOG00000023896	Dusp6	4	0	3	1
989	ENSRNOG00000006178	Dync1h1	4	0	3	1
989	ENSRNOG00000007821	Dyrk2	4	0	2	2
989	ENSRNOG00000062500	ENSRNOG00000062500	4	0	1	3
989	ENSRNOG00000062559	ENSRNOG00000062559	4	0	4	0
989	ENSRNOG00000062626	ENSRNOG00000062626	4	1	2	1
989	ENSRNOG00000062933	ENSRNOG00000062933	4	0	0	4
989	ENSRNOG00000063037	ENSRNOG00000063037	4	1	2	1
989	ENSRNOG00000063152	ENSRNOG00000063152	4	1	2	1
989	ENSRNOG00000063556	ENSRNOG00000063556	4	0	1	3
989	ENSRNOG00000063662	ENSRNOG00000063662	4	1	2	1
989	ENSRNOG00000063702	ENSRNOG00000063702	4	0	1	3
989	ENSRNOG00000063799	ENSRNOG00000063799	4	2	2	0
989	ENSRNOG00000064022	ENSRNOG00000064022	4	1	2	1
989	ENSRNOG00000064118	ENSRNOG00000064118	4	0	1	3
989	ENSRNOG00000064180	ENSRNOG00000064180	4	2	1	1
989	ENSRNOG00000064212	ENSRNOG00000064212	4	0	1	3
989	ENSRNOG00000064223	ENSRNOG00000064223	4	1	2	1
989	ENSRNOG00000064334	ENSRNOG00000064334	4	0	2	2
989	ENSRNOG00000064499	ENSRNOG00000064499	4	0	2	2
989	ENSRNOG00000064526	ENSRNOG00000064526	4	0	0	4
989	ENSRNOG00000064576	ENSRNOG00000064576	4	1	1	2
989	ENSRNOG00000064780	ENSRNOG00000064780	4	0	2	2
989	ENSRNOG00000064828	ENSRNOG00000064828	4	0	3	1
989	ENSRNOG00000064985	ENSRNOG00000064985	4	2	1	1
989	ENSRNOG00000065478	ENSRNOG00000065478	4	2	1	1
989	ENSRNOG00000065488	ENSRNOG00000065488	4	1	1	2
989	ENSRNOG00000065586	ENSRNOG00000065586	4	0	2	2
989	ENSRNOG00000065722	ENSRNOG00000065722	4	0	2	2
989	ENSRNOG00000065728	ENSRNOG00000065728	4	1	2	1
989	ENSRNOG00000065826	ENSRNOG00000065826	4	1	2	1
989	ENSRNOG00000065897	ENSRNOG00000065897	4	0	1	3
989	ENSRNOG00000066029	ENSRNOG00000066029	4	0	2	2
989	ENSRNOG00000066104	ENSRNOG00000066104	4	0	2	2
989	ENSRNOG00000066379	ENSRNOG00000066379	4	2	2	0
989	ENSRNOG00000066623	ENSRNOG00000066623	4	2	2	0
989	ENSRNOG00000066678	ENSRNOG00000066678	4	1	1	2
989	ENSRNOG00000066817	ENSRNOG00000066817	4	0	0	4
989	ENSRNOG00000066939	ENSRNOG00000066939	4	0	1	3
989	ENSRNOG00000066968	ENSRNOG00000066968	4	0	2	2
989	ENSRNOG00000066989	ENSRNOG00000066989	4	2	1	1
989	ENSRNOG00000067063	ENSRNOG00000067063	4	0	0	4
989	ENSRNOG00000067125	ENSRNOG00000067125	4	0	0	4
989	ENSRNOG00000067245	ENSRNOG00000067245	4	0	1	3
989	ENSRNOG00000067310	ENSRNOG00000067310	4	1	1	2
989	ENSRNOG00000067501	ENSRNOG00000067501	4	0	1	3
989	ENSRNOG00000067525	ENSRNOG00000067525	4	0	2	2
989	ENSRNOG00000067565	ENSRNOG00000067565	4	0	1	3
989	ENSRNOG00000067595	ENSRNOG00000067595	4	1	1	2
989	ENSRNOG00000067624	ENSRNOG00000067624	4	0	0	4
989	ENSRNOG00000067929	ENSRNOG00000067929	4	0	2	2
989	ENSRNOG00000067953	ENSRNOG00000067953	4	0	0	4
989	ENSRNOG00000068081	ENSRNOG00000068081	4	0	2	2
989	ENSRNOG00000068238	ENSRNOG00000068238	4	0	0	4
989	ENSRNOG00000068254	ENSRNOG00000068254	4	1	1	2
989	ENSRNOG00000068292	ENSRNOG00000068292	4	1	1	2
989	ENSRNOG00000068406	ENSRNOG00000068406	4	2	1	1
989	ENSRNOG00000068611	ENSRNOG00000068611	4	0	0	4
989	ENSRNOG00000068617	ENSRNOG00000068617	4	1	1	2
989	ENSRNOG00000068750	ENSRNOG00000068750	4	1	1	2
989	ENSRNOG00000068781	ENSRNOG00000068781	4	1	1	2
989	ENSRNOG00000068968	ENSRNOG00000068968	4	0	0	4
989	ENSRNOG00000069237	ENSRNOG00000069237	4	0	3	1
989	ENSRNOG00000069364	ENSRNOG00000069364	4	1	1	2
989	ENSRNOG00000069406	ENSRNOG00000069406	4	2	2	0
989	ENSRNOG00000069485	ENSRNOG00000069485	4	0	1	3
989	ENSRNOG00000069488	ENSRNOG00000069488	4	0	1	3
989	ENSRNOG00000069593	ENSRNOG00000069593	4	0	3	1
989	ENSRNOG00000069628	ENSRNOG00000069628	4	0	2	2
989	ENSRNOG00000069733	ENSRNOG00000069733	4	0	2	2
989	ENSRNOG00000069787	ENSRNOG00000069787	4	0	1	3
989	ENSRNOG00000069843	ENSRNOG00000069843	4	0	1	3
989	ENSRNOG00000069850	ENSRNOG00000069850	4	1	2	1
989	ENSRNOG00000069861	ENSRNOG00000069861	4	0	1	3
989	ENSRNOG00000070246	ENSRNOG00000070246	4	0	3	1
989	ENSRNOG00000070316	ENSRNOG00000070316	4	0	1	3
989	ENSRNOG00000070694	ENSRNOG00000070694	4	1	2	1
989	ENSRNOG00000070851	ENSRNOG00000070851	4	2	2	0
989	ENSRNOG00000004220	Ebag9	4	0	2	2
989	ENSRNOG00000055142	Ect2l	4	0	2	2
989	ENSRNOG00000021681	Eea1	4	2	1	1
989	ENSRNOG00000028176	Elmod2	4	1	2	1
989	ENSRNOG00000001469	Eln	4	0	2	2
989	ENSRNOG00000019532	Emc10	4	0	2	2
989	ENSRNOG00000047817	Enox1	4	0	0	4
989	ENSRNOG00000009533	Erich3	4	0	0	4
989	ENSRNOG00000058186	Errfi1	4	0	1	3
989	ENSRNOG00000008666	Etl4	4	0	1	3
989	ENSRNOG00000006867	Etv1	4	1	2	1
989	ENSRNOG00000001785	Etv5	4	1	2	1
989	ENSRNOG00000024886	Ext1	4	0	1	3
989	ENSRNOG00000019426	Fam103a1	4	0	0	4
989	ENSRNOG00000014886	Fam107b	4	0	2	2
989	ENSRNOG00000016534	Fam171a1	4	1	2	1
989	ENSRNOG00000010763	Fam181b	4	0	3	1
989	ENSRNOG00000031739	Fam71e1	4	0	2	2
989	ENSRNOG00000008271	Fam91a1	4	1	2	1
989	ENSRNOG00000042728	Fbrs	4	0	2	2
989	ENSRNOG00000012634	Fbxo10	4	3	1	0
989	ENSRNOG00000024159	Fcer1g	4	0	2	2
989	ENSRNOG00000021199	Fcgr1a	4	0	2	2
989	ENSRNOG00000020531	Fen1	4	0	2	2
989	ENSRNOG00000009288	Fgf14	4	0	1	3
989	ENSRNOG00000000109	Fgf20	4	0	3	1
989	ENSRNOG00000024594	Fhdc1	4	2	2	0
989	ENSRNOG00000063796	Foxf2	4	0	2	2
989	ENSRNOG00000005888	Fsip1	4	0	0	4
989	ENSRNOG00000011631	Fst	4	0	1	3
989	ENSRNOG00000003512	Gabra1	4	0	0	4
989	ENSRNOG00000017021	Galnt18	4	0	2	2
989	ENSRNOG00000016717	Gas2	4	0	1	3
989	ENSRNOG00000009040	Gas2l1	4	2	2	0
989	ENSRNOG00000050123	Gdf5	4	1	3	0
989	ENSRNOG00000036859	Gdpd5	4	2	2	0
989	ENSRNOG00000014010	Gfra2	4	0	1	3
989	ENSRNOG00000034084	Ggct	4	0	1	3
989	ENSRNOG00000008524	Glcci1	4	0	0	4
989	ENSRNOG00000000138	Glis1	4	0	1	3
989	ENSRNOG00000065567	Gm17606	4	2	1	1
989	ENSRNOG00000065138	Gm6569	4	0	1	3
989	ENSRNOG00000014365	Gne	4	3	1	0
989	ENSRNOG00000015124	Gpam	4	0	2	2
989	ENSRNOG00000010731	Gpm6a	4	0	2	2
989	ENSRNOG00000019738	Gpr61	4	1	3	0
989	ENSRNOG00000030318	Gpr83	4	1	2	1
989	ENSRNOG00000000368	Grik2	4	0	2	2
989	ENSRNOG00000008992	Grik3	4	0	1	3
989	ENSRNOG00000008766	Grin2b	4	0	1	3
989	ENSRNOG00000033402	Gsta6	4	0	1	3
989	ENSRNOG00000016217	Gtpbp4	4	1	1	2
989	ENSRNOG00000062678	H19	4	1	1	2
989	ENSRNOG00000069578	H2bcl1	4	1	1	2
989	ENSRNOG00000004502	Hal	4	1	1	2
989	ENSRNOG00000004854	Has2	4	0	1	3
989	ENSRNOG00000018363	Hectd3	4	1	2	1
989	ENSRNOG00000009572	Hgfac	4	0	2	2
989	ENSRNOG00000017198	Hif3a	4	0	4	0
989	ENSRNOG00000070055	Hist1h2anl2	4	1	2	1
989	ENSRNOG00000064025	Hist1h2ao	4	0	1	3
989	ENSRNOG00000069373	Hist1h2bc	4	1	2	1
989	ENSRNOG00000007738	Hm13	4	0	3	1
989	ENSRNOG00000020638	Hmx2	4	0	2	2
989	ENSRNOG00000020637	Hmx3	4	0	2	2
989	ENSRNOG00000048917	Hoxa6	4	0	2	2
989	ENSRNOG00000064322	Hoxa9	4	0	1	3
989	ENSRNOG00000008010	Hoxb5	4	0	1	3
989	ENSRNOG00000007823	Hoxb6	4	0	1	3
989	ENSRNOG00000001578	Hoxd4	4	0	0	4
989	ENSRNOG00000037508	Hscb	4	0	1	3
989	ENSRNOG00000001193	Hsf2bp	4	0	4	0
989	ENSRNOG00000013042	Htr1b	4	0	1	3
989	ENSRNOG00000049761	Htr6	4	2	1	1
989	ENSRNOG00000023053	Ice1	4	2	2	0
989	ENSRNOG00000016099	Id4	4	0	0	4
989	ENSRNOG00000007316	Idh3b	4	1	1	2
989	ENSRNOG00000019519	Idnk	4	0	1	3
989	ENSRNOG00000034190	Ighm	4	0	2	2
989	ENSRNOG00000017047	Inip	4	1	1	2
989	ENSRNOG00000011250	Inmt	4	0	0	4
989	ENSRNOG00000020388	Inpp5f	4	1	2	1
989	ENSRNOG00000013459	Ints9	4	0	1	3
989	ENSRNOG00000014597	Irs1	4	1	1	2
989	ENSRNOG00000004861	Itga4	4	0	1	3
989	ENSRNOG00000008170	Jph2	4	1	3	0
989	ENSRNOG00000029811	Kcne2	4	2	2	0
989	ENSRNOG00000064933	Kcnj2	4	0	2	2
989	ENSRNOG00000009265	Kcnk9	4	0	1	3
989	ENSRNOG00000016467	Kctd1	4	1	0	3
989	ENSRNOG00000002627	Kctd3	4	0	0	4
989	ENSRNOG00000028595	Khdc1	4	0	1	3
989	ENSRNOG00000000040	Kiaa1614	4	0	1	3
989	ENSRNOG00000014087	Kifc3	4	0	2	2
989	ENSRNOG00000004474	Klhdc2	4	1	1	2
989	ENSRNOG00000018801	Klhdc4	4	1	1	2
989	ENSRNOG00000046599	Klhdc4	4	1	1	2
989	ENSRNOG00000004022	Klhdc9	4	2	1	1
989	ENSRNOG00000019533	Klhl3	4	0	2	2
989	ENSRNOG00000043426	Kyat3	4	2	2	0
989	ENSRNOG00000055911	LOC100361259	4	0	2	2
989	ENSRNOG00000030150	LOC100362109	4	0	2	2
989	ENSRNOG00000059382	LOC100365043	4	1	2	1
989	ENSRNOG00000021198	LOC100910200	4	1	1	2
989	ENSRNOG00000051758	LOC100910554	4	1	2	1
989	ENSRNOG00000050933	LOC100912489	4	0	1	3
989	ENSRNOG00000058055	LOC102550081	4	1	1	2
989	ENSRNOG00000066884	LOC102550999	4	0	2	2
989	ENSRNOG00000066754	LOC102553350	4	0	2	2
989	ENSRNOG00000069349	LOC102554533	4	0	1	3
989	ENSRNOG00000067389	LOC102554815	4	0	0	4
989	ENSRNOG00000068867	LOC102556915	4	0	2	2
989	ENSRNOG00000051419	LOC103692048	4	0	1	3
989	ENSRNOG00000048146	LOC103692128	4	0	1	3
989	ENSRNOG00000048428	LOC108348179	4	0	2	2
989	ENSRNOG00000051923	LOC120093413	4	0	0	4
989	ENSRNOG00000054705	LOC120093446	4	0	0	4
989	ENSRNOG00000066677	LOC120093490	4	0	2	2
989	ENSRNOG00000052214	LOC120093902	4	0	1	3
989	ENSRNOG00000059077	LOC120093945	4	0	0	4
989	ENSRNOG00000056217	LOC120093965	4	0	2	2
989	ENSRNOG00000053921	LOC120093990	4	2	1	1
989	ENSRNOG00000057805	LOC120094492	4	1	2	1
989	ENSRNOG00000057331	LOC120094884	4	1	1	2
989	ENSRNOG00000052875	LOC120094932	4	0	1	3
989	ENSRNOG00000064496	LOC120095206	4	0	2	2
989	ENSRNOG00000068523	LOC120095254	4	0	1	3
989	ENSRNOG00000066434	LOC120095354	4	0	0	4
989	ENSRNOG00000052660	LOC120095394	4	1	2	1
989	ENSRNOG00000060247	LOC120095403	4	0	1	3
989	ENSRNOG00000054015	LOC120095502	4	0	1	3
989	ENSRNOG00000035103	LOC120096019	4	1	1	2
989	ENSRNOG00000062593	LOC120096744	4	0	2	2
989	ENSRNOG00000069435	LOC120096861	4	0	3	1
989	ENSRNOG00000057503	LOC120097603	4	0	3	1
989	ENSRNOG00000064578	LOC120098580	4	2	2	0
989	ENSRNOG00000068016	LOC120098582	4	3	0	1
989	ENSRNOG00000061360	LOC120099037	4	2	2	0
989	ENSRNOG00000069465	LOC120099076	4	0	2	2
989	ENSRNOG00000063786	LOC120099535	4	1	1	2
989	ENSRNOG00000068454	LOC120100121	4	1	1	2
989	ENSRNOG00000057697	LOC120100190	4	1	1	2
989	ENSRNOG00000055560	LOC120100339	4	2	1	1
989	ENSRNOG00000060311	LOC120100340	4	2	1	1
989	ENSRNOG00000063442	LOC120100378	4	0	2	2
989	ENSRNOG00000069951	LOC120101268	4	1	1	2
989	ENSRNOG00000057217	LOC120101933	4	0	0	4
989	ENSRNOG00000061392	LOC120101945	4	0	0	4
989	ENSRNOG00000062585	LOC120101991	4	1	1	2
989	ENSRNOG00000054789	LOC120102022	4	2	2	0
989	ENSRNOG00000057606	LOC120102619	4	0	1	3
989	ENSRNOG00000053237	LOC120102672	4	0	2	2
989	ENSRNOG00000057838	LOC120103202	4	0	0	4
989	ENSRNOG00000058657	LOC120103256	4	0	1	3
989	ENSRNOG00000069586	LOC120103322	4	0	0	4
989	ENSRNOG00000067185	LOC120103364	4	1	1	2
989	ENSRNOG00000018885	LOC134478825	4	2	2	0
989	ENSRNOG00000065157	Lactbl1	4	0	3	1
989	ENSRNOG00000048989	Larp7	4	0	1	3
989	ENSRNOG00000010319	Lcp1	4	0	0	4
989	ENSRNOG00000048250	Ldaf1	4	2	1	1
989	ENSRNOG00000062741	Ldhal6b	4	0	0	4
989	ENSRNOG00000019036	Ldhd	4	2	1	1
989	ENSRNOG00000012189	Lect2	4	0	0	4
989	ENSRNOG00000020380	Lgals7	4	3	1	0
989	ENSRNOG00000005093	Lgr6	4	1	2	1
989	ENSRNOG00000019957	Lrig2	4	1	2	1
989	ENSRNOG00000030180	Lrrc10b	4	0	1	3
989	ENSRNOG00000001727	Lsg1	4	0	0	4
989	ENSRNOG00000000846	Ly6g5c	4	0	2	2
989	ENSRNOG00000014013	Map4k4	4	0	2	2
989	ENSRNOG00000004923	Map4k5	4	0	3	1
989	ENSRNOG00000016935	Mapk1ip1	4	1	2	1
989	ENSRNOG00000047907	Mapk7	4	1	1	2
989	ENSRNOG00000050002	Mars2	4	0	2	2
989	ENSRNOG00000065339	Mars2	4	0	2	2
989	ENSRNOG00000001349	Mcm7	4	0	1	3
989	ENSRNOG00000001120	Med13l	4	0	1	3
989	ENSRNOG00000028477	Med8	4	0	1	3
989	ENSRNOG00000047756	Mef2a	4	0	2	2
989	ENSRNOG00000013674	Megf10	4	1	2	1
989	ENSRNOG00000052687	Megf8	4	2	1	1
989	ENSRNOG00000014951	Mesp1	4	1	2	1
989	ENSRNOG00000048088	Mest	4	0	2	2
989	ENSRNOG00000067948	Metazoa_SRP	4	1	2	1
989	ENSRNOG00000014212	Mettl21a	4	1	1	2
989	ENSRNOG00000052391	Mettl6	4	2	2	0
989	ENSRNOG00000015505	Mfap5	4	1	2	1
989	ENSRNOG00000017510	Mfge8	4	0	3	1
989	ENSRNOG00000012663	Mfsd6	4	1	1	2
989	ENSRNOG00000063187	Micos10	4	1	0	3
989	ENSRNOG00000035542	Mir129-2	4	0	2	2
989	ENSRNOG00000035658	Mir193a	4	0	1	3
989	ENSRNOG00000060161	Mir7654	4	0	1	3
989	ENSRNOG00000004740	Mmadhc	4	0	0	4
989	ENSRNOG00000012622	Mmp15	4	2	1	1
989	ENSRNOG00000030319	Morn2	4	0	0	4
989	ENSRNOG00000043267	Mrm2	4	0	2	2
989	ENSRNOG00000032827	Mroh5	4	0	1	3
989	ENSRNOG00000015231	Mrpl44	4	0	0	4
989	ENSRNOG00000061597	Ms4a19	4	1	2	1
989	ENSRNOG00000025527	Mtcl1	4	0	1	3
989	ENSRNOG00000016578	Mtpap	4	0	2	2
989	ENSRNOG00000017720	Mxd1	4	1	2	1
989	ENSRNOG00000021669	Mybl1	4	2	1	1
989	ENSRNOG00000010479	Mycbp2	4	0	1	3
989	ENSRNOG00000008235	Mylk2	4	0	2	2
989	ENSRNOG00000014104	Myo5b	4	0	1	3
989	ENSRNOG00000040122	Myoz1	4	1	1	2
989	ENSRNOG00000009823	Naa38	4	0	4	0
989	ENSRNOG00000021179	Naa40	4	1	2	1
989	ENSRNOG00000066120	Nalf1	4	0	2	2
989	ENSRNOG00000049402	Nbl1	4	0	1	3
989	ENSRNOG00000017155	Nck2	4	0	1	3
989	ENSRNOG00000005698	Ndufa5	4	1	1	2
989	ENSRNOG00000071062	Ndufa5	4	1	1	2
989	ENSRNOG00000024539	Ndufb6	4	0	2	2
989	ENSRNOG00000049452	Nebl	4	0	3	1
989	ENSRNOG00000046492	Nemp1	4	2	2	0
989	ENSRNOG00000003833	Nenf	4	0	2	2
989	ENSRNOG00000000410	Nepn	4	0	1	3
989	ENSRNOG00000016245	Neto2	4	0	1	3
989	ENSRNOG00000020339	Neurl1	4	1	2	1
989	ENSRNOG00000018162	Nhej1	4	1	1	2
989	ENSRNOG00000016948	Nhlrc2	4	1	2	1
989	ENSRNOG00000060782	Nkx3-2	4	0	2	2
989	ENSRNOG00000046968	Nol8	4	1	1	2
989	ENSRNOG00000007640	Npbwr1	4	0	2	2
989	ENSRNOG00000012016	Npc1	4	1	1	2
989	ENSRNOG00000003260	Nr1i3	4	0	3	1
989	ENSRNOG00000014096	Nr3c1	4	0	1	3
989	ENSRNOG00000029535	Nrbp2	4	3	1	0
989	ENSRNOG00000050767	Nrn1	4	0	1	3
989	ENSRNOG00000031232	Nrp2	4	0	1	3
989	ENSRNOG00000050220	Nrxn1	4	0	0	4
989	ENSRNOG00000042286	Nsl1	4	0	2	2
989	ENSRNOG00000020179	Nt5c2	4	0	0	4
989	ENSRNOG00000024809	Ntmt1	4	0	0	4
989	ENSRNOG00000018839	Ntrk2	4	0	1	3
989	ENSRNOG00000008061	Nuak1	4	1	2	1
989	ENSRNOG00000014059	Odf2l	4	0	1	3
989	ENSRNOG00000020519	Olfm2	4	0	3	1
989	ENSRNOG00000019211	Olfml3	4	1	2	1
989	ENSRNOG00000003059	Optc	4	1	1	2
989	ENSRNOG00000066545	Or13j1	4	2	1	1
989	ENSRNOG00000062525	Or2b2	4	0	0	4
989	ENSRNOG00000015444	Or51s1	4	0	1	3
989	ENSRNOG00000064010	Or6b3	4	1	1	2
989	ENSRNOG00000004210	Osr1	4	0	1	3
989	ENSRNOG00000021052	Patl1	4	1	1	2
989	ENSRNOG00000017708	Pcbp1	4	0	2	2
989	ENSRNOG00000013306	Pcdh20	4	0	1	3
989	ENSRNOG00000022807	Pced1b	4	0	1	3
989	ENSRNOG00000009891	Pcf11	4	0	2	2
989	ENSRNOG00000010155	Pcm1	4	0	1	3
989	ENSRNOG00000014779	Pdcd4	4	1	1	2
989	ENSRNOG00000025383	Pdha1	4	0	0	4
989	ENSRNOG00000013653	Pdlim7	4	2	1	1
989	ENSRNOG00000024012	Pex10	4	1	2	1
989	ENSRNOG00000049982	Pex26	4	0	3	1
989	ENSRNOG00000050932	Pfdn4	4	1	2	1
989	ENSRNOG00000018911	Pfkfb3	4	2	1	1
989	ENSRNOG00000046922	Phactr4	4	0	2	2
989	ENSRNOG00000004019	Phlda1	4	1	2	1
989	ENSRNOG00000015325	Pigf	4	0	2	2
989	ENSRNOG00000000529	Pim1	4	1	3	0
989	ENSRNOG00000028156	Pld1	4	1	1	2
989	ENSRNOG00000017003	Plxna1	4	1	1	2
989	ENSRNOG00000010408	Polr2k	4	1	1	2
989	ENSRNOG00000016960	Polr3e	4	2	1	1
989	ENSRNOG00000061510	Pom121l2	4	3	1	0
989	ENSRNOG00000009118	Pou2f3	4	0	3	1
989	ENSRNOG00000038909	Pou3f3	4	0	1	3
989	ENSRNOG00000000557	Ppa1	4	0	0	4
989	ENSRNOG00000063854	Ppa1	4	2	0	2
989	ENSRNOG00000000503	Ppard	4	2	1	1
989	ENSRNOG00000010922	Ppp2r1b	4	0	2	2
989	ENSRNOG00000043210	Ppp3r1	4	0	0	4
989	ENSRNOG00000026425	Ppp6r2	4	0	2	2
989	ENSRNOG00000018446	Prap1	4	3	1	0
989	ENSRNOG00000053728	Prkg1	4	0	0	4
989	ENSRNOG00000016705	Prpf4b	4	0	1	3
989	ENSRNOG00000025184	Prss35	4	1	2	1
989	ENSRNOG00000029865	Prss56	4	1	1	2
989	ENSRNOG00000015088	Prune2	4	1	2	1
989	ENSRNOG00000008245	Ptgis	4	1	3	0
989	ENSRNOG00000011700	Ptprm	4	0	2	2
989	ENSRNOG00000019232	Qng1	4	0	2	2
989	ENSRNOG00000025254	Qrich2	4	0	2	2
989	ENSRNOG00000017467	Rab4a	4	0	0	4
989	ENSRNOG00000052620	Rack1	4	1	2	1
989	ENSRNOG00000024456	Radil	4	1	2	1
989	ENSRNOG00000004630	Rag1	4	0	2	2
989	ENSRNOG00000013461	Ralbp1	4	0	1	3
989	ENSRNOG00000013027	Ralgdsl3	4	0	1	3
989	ENSRNOG00000003348	Rasd1	4	2	2	0
989	ENSRNOG00000005404	Rasgrp1	4	1	2	1
989	ENSRNOG00000010595	Rbm45	4	0	1	3
989	ENSRNOG00000061795	Rbm4b	4	0	2	2
989	ENSRNOG00000003283	Rcsd1	4	2	2	0
989	ENSRNOG00000000645	Reep3	4	0	3	1
989	ENSRNOG00000012810	Rfesd	4	0	2	2
989	ENSRNOG00000042960	Rgcc	4	0	2	2
989	ENSRNOG00000003687	Rgs2	4	1	1	2
989	ENSRNOG00000022893	Rimbp2	4	0	0	4
989	ENSRNOG00000003479	Rnf150	4	2	1	1
989	ENSRNOG00000056619	Rnu12-2l	4	0	1	3
989	ENSRNOG00000061288	Rnu6-630	4	1	2	1
989	ENSRNOG00000029598	Robo2	4	0	1	3
989	ENSRNOG00000069806	Rpl10-ps13	4	0	0	4
989	ENSRNOG00000030441	Rps10-ps22	4	0	1	3
989	ENSRNOG00000019106	Rps17l2	4	1	2	1
989	ENSRNOG00000017847	Rps19bp1	4	1	1	2
989	ENSRNOG00000019671	Rsbn1	4	0	1	3
989	ENSRNOG00000049853	Rtl9	4	1	1	2
989	ENSRNOG00000022500	Rwdd4	4	0	2	2
989	ENSRNOG00000013683	S1pr1	4	2	1	1
989	ENSRNOG00000050035	Sall4	4	0	0	4
989	ENSRNOG00000048197	Saxo1	4	0	0	4
989	ENSRNOG00000006341	Saysd1	4	1	0	3
989	ENSRNOG00000020196	Scgb1a1	4	1	1	2
989	ENSRNOG00000012847	Scgb1c1	4	1	2	1
989	ENSRNOG00000005018	Scn2a	4	2	2	0
989	ENSRNOG00000005007	Scn3a	4	0	2	2
989	ENSRNOG00000017842	Scnn1g	4	2	1	1
989	ENSRNOG00000023668	Scyl1	4	1	3	0
989	ENSRNOG00000053086	Selenop	4	1	3	0
989	ENSRNOG00000002238	Sema5b	4	2	1	1
989	ENSRNOG00000019776	Sh3gl3	4	2	1	1
989	ENSRNOG00000063400	Shisa9	4	0	0	4
989	ENSRNOG00000019791	Sipa1l2	4	1	1	2
989	ENSRNOG00000020703	Sipa1l3	4	1	1	2
989	ENSRNOG00000057031	Six3	4	0	0	4
989	ENSRNOG00000012803	Skic8	4	1	2	1
989	ENSRNOG00000016147	Slc17a6	4	1	1	2
989	ENSRNOG00000017210	Slc22a23	4	0	2	2
989	ENSRNOG00000029465	Slc26a10	4	1	3	0
989	ENSRNOG00000018082	Slc26a2	4	1	1	2
989	ENSRNOG00000005302	Slc2a9	4	1	0	3
989	ENSRNOG00000055089	Slc44a1	4	0	3	1
989	ENSRNOG00000011723	Slc44a3	4	2	2	0
989	ENSRNOG00000057404	Slc47a1	4	0	0	4
989	ENSRNOG00000053196	Slc48a1	4	1	2	1
989	ENSRNOG00000001383	Slc8b1	4	0	3	1
989	ENSRNOG00000017976	Slco2b1	4	2	1	1
989	ENSRNOG00000032798	Slco3a1	4	0	2	2
989	ENSRNOG00000032183	Slfnl1	4	2	2	0
989	ENSRNOG00000009649	Slitrk5	4	1	1	2
989	ENSRNOG00000054374	Smim29	4	1	2	1
989	ENSRNOG00000000257	Smpd3	4	1	1	2
989	ENSRNOG00000053764	Snord33	4	2	1	1
989	ENSRNOG00000060031	Snord35a	4	2	1	1
989	ENSRNOG00000057905	Snord60	4	0	3	1
989	ENSRNOG00000058269	Snord83b	4	2	1	1
989	ENSRNOG00000057012	Snord95	4	1	2	1
989	ENSRNOG00000060502	Snord96a	4	1	2	1
989	ENSRNOG00000011313	Sorcs1	4	0	0	4
989	ENSRNOG00000030034	Sox11	4	0	1	3
989	ENSRNOG00000018841	Sox8	4	0	3	1
989	ENSRNOG00000002607	Sox9	4	0	2	2
989	ENSRNOG00000050806	Spty2d1	4	1	2	1
989	ENSRNOG00000070392	Spty2d1	4	1	2	1
989	ENSRNOG00000004603	Srgap1	4	0	1	3
989	ENSRNOG00000014285	Ssh2	4	2	1	1
989	ENSRNOG00000002793	Sstr2	4	1	0	3
989	ENSRNOG00000010284	St3gal5	4	1	2	1
989	ENSRNOG00000000017	Steap1	4	0	2	2
989	ENSRNOG00000002956	Stim2	4	0	2	2
989	ENSRNOG00000024808	Stk39	4	1	3	0
989	ENSRNOG00000011006	Stoml3	4	1	1	2
989	ENSRNOG00000012594	Sugt1	4	0	0	4
989	ENSRNOG00000045941	Susd6	4	1	3	0
989	ENSRNOG00000014030	Synm	4	2	1	1
989	ENSRNOG00000017136	Syt17	4	1	2	1
989	ENSRNOG00000020245	Syt8	4	1	1	2
989	ENSRNOG00000004404	Tac4	4	1	2	1
989	ENSRNOG00000030253	Tafa3	4	1	1	2
989	ENSRNOG00000052840	Tanc2	4	2	1	1
989	ENSRNOG00000046460	Tatdn3	4	0	2	2
989	ENSRNOG00000011216	Tbl1xr1	4	0	1	3
989	ENSRNOG00000014753	Tcf7l1	4	0	3	1
989	ENSRNOG00000049232	Tcf7l2	4	0	0	4
989	ENSRNOG00000026108	Tcof1	4	0	3	1
989	ENSRNOG00000011823	Tfap2b	4	0	1	3
989	ENSRNOG00000001766	Tfrc	4	2	1	1
989	ENSRNOG00000015906	Tgif1	4	1	2	1
989	ENSRNOG00000046850	Thpo	4	0	1	3
989	ENSRNOG00000011077	Tjp1	4	0	1	3
989	ENSRNOG00000012349	Tlnrd1	4	2	1	1
989	ENSRNOG00000011614	Tmcc1	4	0	1	3
989	ENSRNOG00000053269	Tmem106c	4	0	1	3
989	ENSRNOG00000063089	Tmem139	4	3	1	0
989	ENSRNOG00000004757	Tmem158	4	0	2	2
989	ENSRNOG00000030199	Tmem192	4	0	2	2
989	ENSRNOG00000049880	Tmem200c	4	0	1	3
989	ENSRNOG00000048672	Tmem207	4	0	2	2
989	ENSRNOG00000064931	Tmem207	4	0	2	2
989	ENSRNOG00000021263	Tmem230	4	0	1	3
989	ENSRNOG00000065411	Tmem230	4	0	1	3
989	ENSRNOG00000037982	Tmem236	4	0	2	2
989	ENSRNOG00000009870	Tmem88	4	0	4	0
989	ENSRNOG00000011517	Tnfrsf21	4	1	2	1
989	ENSRNOG00000012422	Tnik	4	1	1	2
989	ENSRNOG00000062108	Tomm5	4	3	1	0
989	ENSRNOG00000003131	Traf7	4	0	3	1
989	ENSRNOG00000022482	Trappc11	4	0	2	2
989	ENSRNOG00000017468	Trappc6a	4	0	3	1
989	ENSRNOG00000010303	Trim32	4	0	2	2
989	ENSRNOG00000011133	Trpc4	4	1	1	2
989	ENSRNOG00000023320	Tspan1	4	1	2	1
989	ENSRNOG00000046204	Tspan15	4	2	1	1
989	ENSRNOG00000008758	Tspan18	4	0	3	1
989	ENSRNOG00000050521	Tspo2	4	0	0	4
989	ENSRNOG00000008595	Ttc12	4	0	2	2
989	ENSRNOG00000015916	Ttc38	4	0	1	3
989	ENSRNOG00000024578	Ttyh2	4	0	4	0
989	ENSRNOG00000017558	Tubb2a	4	1	2	1
989	ENSRNOG00000060170	U1	4	0	2	2
989	ENSRNOG00000069384	Ubb-ps1	4	0	0	4
989	ENSRNOG00000019271	Ulk4	4	2	2	0
989	ENSRNOG00000046601	Unc5cl	4	0	0	4
989	ENSRNOG00000032204	Uqcrb	4	0	2	2
989	ENSRNOG00000050360	Urad	4	0	1	3
989	ENSRNOG00000018211	Urod	4	1	2	1
989	ENSRNOG00000013216	Usb1	4	3	0	1
989	ENSRNOG00000007174	Utp11	4	0	2	2
989	ENSRNOG00000012654	Vps36	4	0	1	3
989	ENSRNOG00000012940	Vps41	4	0	0	4
989	ENSRNOG00000021173	Vps45	4	0	2	2
989	ENSRNOG00000011540	Vta1	4	1	2	1
989	ENSRNOG00000010664	Wdr73	4	0	2	2
989	ENSRNOG00000001700	Whrn	4	1	1	2
989	ENSRNOG00000015982	Wnt11	4	2	1	1
989	ENSRNOG00000048782	Wnt7a	4	1	2	1
989	ENSRNOG00000009935	Xpo1	4	0	1	3
989	ENSRNOG00000016105	Xrcc5	4	0	0	4
989	ENSRNOG00000056311	Y_RNA	4	0	0	4
989	ENSRNOG00000051650	Ywhaq	4	1	1	2
989	ENSRNOG00000029980	Zbtb16	4	1	2	1
989	ENSRNOG00000004423	Zbtb18	4	0	2	2
989	ENSRNOG00000026898	Zbtb8b	4	1	0	3
989	ENSRNOG00000003981	Zfp18	4	0	0	4
989	ENSRNOG00000061612	Zfp184	4	2	1	1
989	ENSRNOG00000045854	Zfp277	4	0	2	2
989	ENSRNOG00000013460	Zfp319	4	3	0	1
989	ENSRNOG00000062825	Zfp319	4	3	0	1
989	ENSRNOG00000049137	Zfp35	4	0	1	3
989	ENSRNOG00000003634	Zfp354a	4	1	2	1
989	ENSRNOG00000014191	Zfp395	4	2	2	0
989	ENSRNOG00000014163	Zfp536	4	1	1	2
989	ENSRNOG00000016274	Zfp580	4	1	1	2
989	ENSRNOG00000020087	Zfp90	4	0	0	4
989	ENSRNOG00000036980	Zgrf1	4	0	1	3
989	ENSRNOG00000027988	Zhx3	4	0	0	4
989	ENSRNOG00000008194	Znfx1	4	0	1	3
989	ENSRNOG00000027818	Znhit3	4	1	1	2
989	ENSRNOG00000027857	Znhit3	4	1	1	2
989	ENSRNOG00000063476	Znhit3	4	1	1	2
989	ENSRNOG00000030131	Zscan30	4	0	1	3
989	ENSRNOG00000068719	rno-mir-335	4	0	2	2
1684	ENSRNOG00000049874	1700042G07Rik	3	1	2	0
1684	ENSRNOG00000018518	AABR07005779	3	0	1	2
1684	ENSRNOG00000053536	AABR07006871.1	3	1	2	0
1684	ENSRNOG00000048753	AABR07008350	3	0	0	3
1684	ENSRNOG00000049530	AABR07012054.1	3	0	0	3
1684	ENSRNOG00000034289	AABR07014298.1	3	0	1	2
1684	ENSRNOG00000033207	AABR07014676.1	3	0	0	3
1684	ENSRNOG00000059225	AABR07020987.1	3	1	2	0
1684	ENSRNOG00000053155	AABR07027811	3	0	0	3
1684	ENSRNOG00000047261	AABR07031445	3	0	0	3
1684	ENSRNOG00000028381	AABR07032255.1	3	2	1	0
1684	ENSRNOG00000031591	AABR07032255.2	3	2	1	0
1684	ENSRNOG00000057598	AABR07032520.4	3	0	2	1
1684	ENSRNOG00000055793	AABR07033287.1	3	0	1	2
1684	ENSRNOG00000033226	AABR07043557.1	3	2	1	0
1684	ENSRNOG00000059770	AABR07044383.1	3	0	1	2
1684	ENSRNOG00000059973	AABR07046763.1	3	0	1	2
1684	ENSRNOG00000006971	AABR07047593	3	0	1	2
1684	ENSRNOG00000047278	AABR07049043.1	3	0	0	3
1684	ENSRNOG00000052948	AABR07049134.4	3	1	1	1
1684	ENSRNOG00000052827	AABR07052085.2	3	0	0	3
1684	ENSRNOG00000011028	AABR07054096.1	3	0	0	3
1684	ENSRNOG00000031167	AABR07054319	3	1	1	1
1684	ENSRNOG00000053624	AABR07058017.2	3	0	0	3
1684	ENSRNOG00000059955	AABR07058406	3	1	2	0
1684	ENSRNOG00000053476	AABR07062350.1	3	1	2	0
1684	ENSRNOG00000049801	AABR07065291.1	3	0	0	3
1684	ENSRNOG00000053429	AABR07065589.1	3	2	0	1
1684	ENSRNOG00000061240	AABR07070609.1	3	0	0	3
1684	ENSRNOG00000061579	AABR07070810	3	0	0	3
1684	ENSRNOG00000031523	AABR07071287.1	3	0	1	2
1684	ENSRNOG00000037673	AABR07071891	3	2	1	0
1684	ENSRNOG00000042579	AABR07072078.2	3	0	2	1
1684	ENSRNOG00000059084	AABR07073400	3	1	1	1
1684	ENSRNOG00000058506	AC095078.1	3	1	1	1
1684	ENSRNOG00000033109	AC097037.1	3	2	1	0
1684	ENSRNOG00000038087	AC110846.1	3	1	1	1
1684	ENSRNOG00000057691	AC112557.1	3	0	1	2
1684	ENSRNOG00000047447	AC115420	3	1	1	1
1684	ENSRNOG00000058154	AC118094.1	3	0	0	3
1684	ENSRNOG00000058142	AC128917.1	3	0	0	3
1684	ENSRNOG00000053025	AC130391.3	3	1	0	2
1684	ENSRNOG00000042032	AC134160.1	3	0	0	3
1684	ENSRNOG00000027505	Abca15	3	0	2	1
1684	ENSRNOG00000039656	Abca17	3	0	0	3
1684	ENSRNOG00000050057	Abca3	3	0	0	3
1684	ENSRNOG00000021130	Abcc8	3	0	2	1
1684	ENSRNOG00000008510	Abtb2	3	2	1	0
1684	ENSRNOG00000047368	Acer1	3	0	0	3
1684	ENSRNOG00000005849	Aco1	3	0	0	3
1684	ENSRNOG00000021659	Acp4	3	0	2	1
1684	ENSRNOG00000026745	Acsl6	3	1	1	1
1684	ENSRNOG00000017786	Acta1	3	1	1	1
1684	ENSRNOG00000062691	Actg1-ps9	3	1	2	0
1684	ENSRNOG00000020433	Actn4	3	0	3	0
1684	ENSRNOG00000019725	Actr1a	3	1	2	0
1684	ENSRNOG00000005033	Acvr1	3	1	1	1
1684	ENSRNOG00000001227	Adarb1	3	1	1	1
1684	ENSRNOG00000019434	Adat1	3	2	1	0
1684	ENSRNOG00000004890	Adcy8	3	0	1	2
1684	ENSRNOG00000049882	Adcyap1	3	0	1	2
1684	ENSRNOG00000062544	Adgrf1	3	0	1	2
1684	ENSRNOG00000027030	Adm	3	1	1	1
1684	ENSRNOG00000015788	Adora3	3	0	2	1
1684	ENSRNOG00000010849	Adprhl2	3	0	1	2
1684	ENSRNOG00000004481	Adss	3	0	0	3
1684	ENSRNOG00000017164	Afap1l2	3	1	1	1
1684	ENSRNOG00000002232	Aff1	3	1	1	1
1684	ENSRNOG00000000169	Afg2b	3	0	3	0
1684	ENSRNOG00000017731	Agpat4	3	0	2	1
1684	ENSRNOG00000018569	Ahcyl1	3	2	1	0
1684	ENSRNOG00000011504	Akap2	3	0	2	1
1684	ENSRNOG00000006355	Akap8l	3	0	1	2
1684	ENSRNOG00000052070	Aldh1a3	3	0	1	2
1684	ENSRNOG00000021678	Alkbh3	3	1	1	1
1684	ENSRNOG00000008299	Allc	3	0	0	3
1684	ENSRNOG00000007454	Aloxe3	3	2	1	0
1684	ENSRNOG00000022636	Alpk1	3	0	0	3
1684	ENSRNOG00000019377	Amh	3	0	3	0
1684	ENSRNOG00000064183	Amigo3	3	0	2	1
1684	ENSRNOG00000008487	Amotl2	3	1	2	0
1684	ENSRNOG00000019240	Ampd2	3	0	3	0
1684	ENSRNOG00000043331	Ankrd65	3	0	1	2
1684	ENSRNOG00000015354	Aox1	3	0	1	2
1684	ENSRNOG00000022938	Ap4e1	3	0	1	2
1684	ENSRNOG00000014928	Apba1	3	0	0	3
1684	ENSRNOG00000017849	Apbb3	3	1	2	0
1684	ENSRNOG00000029572	Apeh	3	0	1	2
1684	ENSRNOG00000007446	Apip	3	0	2	1
1684	ENSRNOG00000055909	Apoa4	3	1	1	1
1684	ENSRNOG00000003566	Apoh	3	0	0	3
1684	ENSRNOG00000013358	Aqp11	3	0	0	3
1684	ENSRNOG00000014652	Aqp8	3	0	3	0
1684	ENSRNOG00000010533	Arfip1	3	0	1	2
1684	ENSRNOG00000018440	Arfip2	3	0	2	1
1684	ENSRNOG00000026821	Arhgap42	3	0	2	1
1684	ENSRNOG00000014363	Arhgef3	3	1	1	1
1684	ENSRNOG00000025502	Arhgef37	3	0	1	2
1684	ENSRNOG00000026435	Arid3a	3	2	1	0
1684	ENSRNOG00000017215	Ark2n	3	0	2	1
1684	ENSRNOG00000014653	Arl11	3	0	1	2
1684	ENSRNOG00000049827	Arl14	3	0	1	2
1684	ENSRNOG00000026937	Arsk	3	0	1	2
1684	ENSRNOG00000005670	Art4	3	1	2	0
1684	ENSRNOG00000033391	Ascl5	3	1	1	1
1684	ENSRNOG00000001324	Asmt	3	1	1	1
1684	ENSRNOG00000007445	Asph	3	1	1	1
1684	ENSRNOG00000005667	Astn1	3	0	0	3
1684	ENSRNOG00000008870	Atf7ip	3	1	2	0
1684	ENSRNOG00000000384	Atoh7	3	1	2	0
1684	ENSRNOG00000010716	Atoh8	3	2	1	0
1684	ENSRNOG00000030019	Atp1a1	3	1	0	2
1684	ENSRNOG00000013305	Atp2c1	3	0	1	2
1684	ENSRNOG00000015320	Atp5mc2	3	0	1	2
1684	ENSRNOG00000006542	Atp6v0c	3	0	0	3
1684	ENSRNOG00000003269	Atp6v0e1	3	0	1	2
1684	ENSRNOG00000005333	Azin1	3	0	2	1
1684	ENSRNOG00000051507	Azin2	3	0	2	1
1684	ENSRNOG00000009267	B3gnt2	3	1	0	2
1684	ENSRNOG00000006032	Banf2	3	0	0	3
1684	ENSRNOG00000002117	Barhl2	3	0	0	3
1684	ENSRNOG00000016915	Barx1	3	0	1	2
1684	ENSRNOG00000020876	Bax	3	0	1	2
1684	ENSRNOG00000053881	Baz2a	3	1	1	1
1684	ENSRNOG00000012906	Bcas1	3	1	2	0
1684	ENSRNOG00000048961	Bhlhe41	3	0	1	2
1684	ENSRNOG00000011262	Bicra	3	2	1	0
1684	ENSRNOG00000018023	Bin3	3	0	2	1
1684	ENSRNOG00000054224	Bloc1s4	3	1	1	1
1684	ENSRNOG00000015357	Bmper	3	0	0	3
1684	ENSRNOG00000056024	Bnip2	3	1	1	1
1684	ENSRNOG00000017577	Bphl	3	0	1	2
1684	ENSRNOG00000008249	Brms1l	3	0	2	1
1684	ENSRNOG00000052393	Bscl2	3	0	0	3
1684	ENSRNOG00000030714	Bsn	3	0	2	1
1684	ENSRNOG00000036675	Btbd16	3	0	2	1
1684	ENSRNOG00000043106	Btbd18	3	1	1	1
1684	ENSRNOG00000046377	Btnl9	3	0	1	2
1684	ENSRNOG00000001289	C12h7orf50	3	1	1	1
1684	ENSRNOG00000028236	C13h1orf21	3	0	0	3
1684	ENSRNOG00000070558	C15h13orf42	3	0	0	3
1684	ENSRNOG00000012804	C1qc	3	0	1	2
1684	ENSRNOG00000060020	C1ql4	3	0	1	2
1684	ENSRNOG00000069579	C1qtnf4	3	0	1	2
1684	ENSRNOG00000007613	C1qtnf5	3	0	0	3
1684	ENSRNOG00000007300	C1qtnf6	3	1	1	1
1684	ENSRNOG00000030729	C4b	3	0	1	2
1684	ENSRNOG00000070397	C4b	3	0	1	2
1684	ENSRNOG00000047310	C5h8orf89	3	0	0	3
1684	ENSRNOG00000012068	C5h9orf152	3	0	0	3
1684	ENSRNOG00000011603	Cab39l	3	0	2	1
1684	ENSRNOG00000046231	Cacna1s	3	1	1	1
1684	ENSRNOG00000031287	Cacna2d3	3	0	2	1
1684	ENSRNOG00000006470	Camk1g	3	0	1	2
1684	ENSRNOG00000034015	Capn2	3	0	0	3
1684	ENSRNOG00000021017	Car11	3	0	1	2
1684	ENSRNOG00000009629	Car2	3	1	0	2
1684	ENSRNOG00000016560	Card19	3	0	2	1
1684	ENSRNOG00000020651	Cars	3	0	2	1
1684	ENSRNOG00000016707	Casp2	3	2	1	0
1684	ENSRNOG00000008444	Cbl	3	0	1	2
1684	ENSRNOG00000001982	Cblb	3	0	1	2
1684	ENSRNOG00000007253	Cbll1	3	0	0	3
1684	ENSRNOG00000024411	Cbr4	3	0	1	2
1684	ENSRNOG00000063043	Cbx4	3	1	2	0
1684	ENSRNOG00000016875	Cbx7	3	0	0	3
1684	ENSRNOG00000048113	Cbx8	3	1	1	1
1684	ENSRNOG00000017253	Ccdc107	3	0	3	0
1684	ENSRNOG00000013318	Ccdc150	3	0	0	3
1684	ENSRNOG00000042711	Ccdc188	3	0	2	1
1684	ENSRNOG00000053347	Ccdc28a	3	0	0	3
1684	ENSRNOG00000022660	Ccdc73	3	0	1	2
1684	ENSRNOG00000027936	Ccdc8	3	1	2	0
1684	ENSRNOG00000005713	Ccdc82	3	0	2	1
1684	ENSRNOG00000052220	Ccdc83	3	0	1	2
1684	ENSRNOG00000048848	Ccdc9	3	0	2	1
1684	ENSRNOG00000028910	Ccdc9b	3	0	1	2
1684	ENSRNOG00000004875	Ccer1	3	1	1	1
1684	ENSRNOG00000000239	Ccl7	3	1	1	1
1684	ENSRNOG00000000597	Ccn6	3	0	0	3
1684	ENSRNOG00000010665	Ccr7	3	0	0	3
1684	ENSRNOG00000026759	Ccr8	3	0	2	1
1684	ENSRNOG00000022781	Ccser2	3	0	0	3
1684	ENSRNOG00000021317	Cct2	3	0	2	1
1684	ENSRNOG00000000321	Cd24	3	0	1	2
1684	ENSRNOG00000033608	Cd276	3	0	0	3
1684	ENSRNOG00000008137	Cdk18	3	1	1	1
1684	ENSRNOG00000048747	Cdk5rap3	3	2	1	0
1684	ENSRNOG00000022586	Cdk9	3	0	1	2
1684	ENSRNOG00000032759	Cdx2	3	0	0	3
1684	ENSRNOG00000057347	Cebpb	3	1	1	1
1684	ENSRNOG00000023661	Celf2	3	0	0	3
1684	ENSRNOG00000021285	Celsr1	3	1	1	1
1684	ENSRNOG00000050111	Cenpo	3	0	0	3
1684	ENSRNOG00000002153	Cep135	3	0	2	1
1684	ENSRNOG00000039871	Cep15	3	0	2	1
1684	ENSRNOG00000055093	Cep43	3	2	1	0
1684	ENSRNOG00000022845	Cep70	3	1	1	1
1684	ENSRNOG00000042179	Cfap20	3	1	2	0
1684	ENSRNOG00000023627	Cfap74	3	0	2	1
1684	ENSRNOG00000007923	Cgref1	3	1	2	0
1684	ENSRNOG00000006689	Chd7	3	0	1	2
1684	ENSRNOG00000004014	Chmp6	3	0	1	2
1684	ENSRNOG00000001915	Chodl	3	0	0	3
1684	ENSRNOG00000009103	Chrac1	3	2	1	0
1684	ENSRNOG00000049410	Chrm3	3	0	0	3
1684	ENSRNOG00000047734	Chst2	3	0	1	2
1684	ENSRNOG00000007660	Churc1	3	0	1	2
1684	ENSRNOG00000008199	Cimap1d	3	1	2	0
1684	ENSRNOG00000001691	Cldn14	3	0	2	1
1684	ENSRNOG00000057378	Clec16a	3	0	0	3
1684	ENSRNOG00000029644	Clec2l	3	0	1	2
1684	ENSRNOG00000004540	Clec3b	3	0	2	1
1684	ENSRNOG00000021611	Clip2	3	2	1	0
1684	ENSRNOG00000030126	Clk3	3	0	2	1
1684	ENSRNOG00000053239	Clmp	3	1	0	2
1684	ENSRNOG00000019693	Clpb	3	0	0	3
1684	ENSRNOG00000027309	Cntnap3	3	1	2	0
1684	ENSRNOG00000011231	Cntnap4	3	1	0	2
1684	ENSRNOG00000001422	Col26a1	3	1	1	1
1684	ENSRNOG00000001254	Col6a2	3	0	2	1
1684	ENSRNOG00000023007	Col6a6	3	0	0	3
1684	ENSRNOG00000008591	Colec10	3	1	1	1
1684	ENSRNOG00000003958	Commd10	3	0	0	3
1684	ENSRNOG00000016383	Commd3	3	0	1	2
1684	ENSRNOG00000004484	Commd5	3	0	1	2
1684	ENSRNOG00000001889	Comt	3	0	1	2
1684	ENSRNOG00000006499	Cops5	3	0	0	3
1684	ENSRNOG00000015257	Coro2b	3	1	2	0
1684	ENSRNOG00000004553	Cox20	3	1	2	0
1684	ENSRNOG00000019851	Cox6a2	3	0	1	2
1684	ENSRNOG00000033169	Cpeb4	3	1	2	0
1684	ENSRNOG00000021840	Cped1	3	1	1	1
1684	ENSRNOG00000026128	Cpne8	3	0	1	2
1684	ENSRNOG00000005927	Cpsf6	3	0	2	1
1684	ENSRNOG00000008947	Cpz	3	0	2	1
1684	ENSRNOG00000000901	Crcp	3	0	1	2
1684	ENSRNOG00000012703	Crh	3	0	1	2
1684	ENSRNOG00000004208	Crim1	3	0	0	3
1684	ENSRNOG00000047673	Crybb3	3	1	1	1
1684	ENSRNOG00000045728	Crybg3	3	0	0	3
1684	ENSRNOG00000038355	Crygs	3	0	0	3
1684	ENSRNOG00000005177	Cryzl2	3	1	1	1
1684	ENSRNOG00000018529	Csnk1g2	3	2	1	0
1684	ENSRNOG00000021718	Cspp1	3	0	0	3
1684	ENSRNOG00000005428	Ctbp1	3	0	2	1
1684	ENSRNOG00000017326	Ctbp2	3	1	1	1
1684	ENSRNOG00000061474	Ctdp1	3	0	1	2
1684	ENSRNOG00000009963	Ctps1	3	0	0	3
1684	ENSRNOG00000001259	Cux2	3	1	0	2
1684	ENSRNOG00000002174	Cwh43	3	0	0	3
1684	ENSRNOG00000015205	Cyb5a	3	0	2	1
1684	ENSRNOG00000045742	Cyb5d1	3	0	3	0
1684	ENSRNOG00000066275	Cyb5d1	3	0	3	0
1684	ENSRNOG00000008074	Cyp11a1	3	1	1	1
1684	ENSRNOG00000062306	Cyp4f17	3	0	0	3
1684	ENSRNOG00000029478	Cyp4f39	3	0	0	3
1684	ENSRNOG00000004345	Daam1	3	1	0	2
1684	ENSRNOG00000006785	Dcaf8	3	1	1	1
1684	ENSRNOG00000000407	Dcbld1	3	0	1	2
1684	ENSRNOG00000032922	Dclk1	3	0	3	0
1684	ENSRNOG00000002881	Ddr2	3	0	2	1
1684	ENSRNOG00000015274	Ddx20	3	2	0	1
1684	ENSRNOG00000042451	Ddx59	3	0	1	2
1684	ENSRNOG00000033147	Dear	3	0	0	3
1684	ENSRNOG00000030524	Defa24	3	0	0	3
1684	ENSRNOG00000030093	Defa5	3	0	0	3
1684	ENSRNOG00000038157	Defb13	3	0	1	2
1684	ENSRNOG00000007558	Defb36	3	2	1	0
1684	ENSRNOG00000011636	Dennd6a	3	1	2	0
1684	ENSRNOG00000023533	Dipk1a	3	0	2	1
1684	ENSRNOG00000010537	Dis3l	3	1	2	0
1684	ENSRNOG00000016196	Dlgap1	3	0	2	1
1684	ENSRNOG00000018949	Dlk2	3	2	1	0
1684	ENSRNOG00000016284	Dmrt3	3	0	0	3
1684	ENSRNOG00000050426	Dnah3	3	1	1	1
1684	ENSRNOG00000017975	Dnajb13	3	0	1	2
1684	ENSRNOG00000017781	Dnajc7	3	1	1	1
1684	ENSRNOG00000016640	Dner	3	0	1	2
1684	ENSRNOG00000064796	Dnmt3c	3	0	1	2
1684	ENSRNOG00000020687	Dpf1	3	1	2	0
1684	ENSRNOG00000019727	Dph3	3	0	0	3
1684	ENSRNOG00000004298	Dpys	3	1	2	0
1684	ENSRNOG00000027992	Dscam	3	0	0	3
1684	ENSRNOG00000026502	Dscc1	3	0	1	2
1684	ENSRNOG00000003977	Dusp1	3	0	2	1
1684	ENSRNOG00000003100	Dusp12	3	0	0	3
1684	ENSRNOG00000011921	Dusp4	3	0	0	3
1684	ENSRNOG00000025791	Dync1li2	3	2	1	0
1684	ENSRNOG00000008921	Dynll2	3	0	0	3
1684	ENSRNOG00000009224	E4f1	3	0	2	1
1684	ENSRNOG00000029292	ENSRNOG00000029292	3	0	1	2
1684	ENSRNOG00000030204	ENSRNOG00000030204	3	0	0	3
1684	ENSRNOG00000061711	ENSRNOG00000061711	3	0	0	3
1684	ENSRNOG00000062309	ENSRNOG00000062309	3	0	1	2
1684	ENSRNOG00000062317	ENSRNOG00000062317	3	1	1	1
1684	ENSRNOG00000062366	ENSRNOG00000062366	3	0	0	3
1684	ENSRNOG00000062374	ENSRNOG00000062374	3	2	1	0
1684	ENSRNOG00000062516	ENSRNOG00000062516	3	0	0	3
1684	ENSRNOG00000062713	ENSRNOG00000062713	3	0	0	3
1684	ENSRNOG00000062746	ENSRNOG00000062746	3	2	1	0
1684	ENSRNOG00000062784	ENSRNOG00000062784	3	0	1	2
1684	ENSRNOG00000062965	ENSRNOG00000062965	3	0	1	2
1684	ENSRNOG00000063028	ENSRNOG00000063028	3	0	0	3
1684	ENSRNOG00000063252	ENSRNOG00000063252	3	0	0	3
1684	ENSRNOG00000063266	ENSRNOG00000063266	3	0	2	1
1684	ENSRNOG00000063405	ENSRNOG00000063405	3	1	1	1
1684	ENSRNOG00000063506	ENSRNOG00000063506	3	0	0	3
1684	ENSRNOG00000063510	ENSRNOG00000063510	3	0	0	3
1684	ENSRNOG00000063544	ENSRNOG00000063544	3	1	1	1
1684	ENSRNOG00000063575	ENSRNOG00000063575	3	0	2	1
1684	ENSRNOG00000063720	ENSRNOG00000063720	3	0	0	3
1684	ENSRNOG00000063824	ENSRNOG00000063824	3	0	1	2
1684	ENSRNOG00000063868	ENSRNOG00000063868	3	1	0	2
1684	ENSRNOG00000064048	ENSRNOG00000064048	3	0	2	1
1684	ENSRNOG00000064050	ENSRNOG00000064050	3	1	0	2
1684	ENSRNOG00000064054	ENSRNOG00000064054	3	0	2	1
1684	ENSRNOG00000064079	ENSRNOG00000064079	3	1	1	1
1684	ENSRNOG00000064082	ENSRNOG00000064082	3	2	1	0
1684	ENSRNOG00000064094	ENSRNOG00000064094	3	0	0	3
1684	ENSRNOG00000064104	ENSRNOG00000064104	3	1	1	1
1684	ENSRNOG00000064107	ENSRNOG00000064107	3	0	2	1
1684	ENSRNOG00000064135	ENSRNOG00000064135	3	0	1	2
1684	ENSRNOG00000064195	ENSRNOG00000064195	3	1	2	0
1684	ENSRNOG00000064605	ENSRNOG00000064605	3	0	1	2
1684	ENSRNOG00000064678	ENSRNOG00000064678	3	0	1	2
1684	ENSRNOG00000064683	ENSRNOG00000064683	3	0	2	1
1684	ENSRNOG00000064707	ENSRNOG00000064707	3	0	1	2
1684	ENSRNOG00000064708	ENSRNOG00000064708	3	0	1	2
1684	ENSRNOG00000064923	ENSRNOG00000064923	3	1	0	2
1684	ENSRNOG00000065024	ENSRNOG00000065024	3	0	2	1
1684	ENSRNOG00000065033	ENSRNOG00000065033	3	0	1	2
1684	ENSRNOG00000065041	ENSRNOG00000065041	3	0	0	3
1684	ENSRNOG00000065111	ENSRNOG00000065111	3	2	1	0
1684	ENSRNOG00000065161	ENSRNOG00000065161	3	0	1	2
1684	ENSRNOG00000065177	ENSRNOG00000065177	3	1	2	0
1684	ENSRNOG00000065216	ENSRNOG00000065216	3	0	3	0
1684	ENSRNOG00000065225	ENSRNOG00000065225	3	2	1	0
1684	ENSRNOG00000065231	ENSRNOG00000065231	3	2	0	1
1684	ENSRNOG00000065314	ENSRNOG00000065314	3	0	1	2
1684	ENSRNOG00000065336	ENSRNOG00000065336	3	1	1	1
1684	ENSRNOG00000065398	ENSRNOG00000065398	3	0	1	2
1684	ENSRNOG00000065404	ENSRNOG00000065404	3	0	2	1
1684	ENSRNOG00000065409	ENSRNOG00000065409	3	0	0	3
1684	ENSRNOG00000065416	ENSRNOG00000065416	3	0	3	0
1684	ENSRNOG00000065592	ENSRNOG00000065592	3	0	0	3
1684	ENSRNOG00000065725	ENSRNOG00000065725	3	1	1	1
1684	ENSRNOG00000065795	ENSRNOG00000065795	3	0	1	2
1684	ENSRNOG00000065856	ENSRNOG00000065856	3	1	2	0
1684	ENSRNOG00000065871	ENSRNOG00000065871	3	0	0	3
1684	ENSRNOG00000065892	ENSRNOG00000065892	3	0	0	3
1684	ENSRNOG00000065979	ENSRNOG00000065979	3	0	2	1
1684	ENSRNOG00000065982	ENSRNOG00000065982	3	0	1	2
1684	ENSRNOG00000066007	ENSRNOG00000066007	3	0	2	1
1684	ENSRNOG00000066023	ENSRNOG00000066023	3	1	2	0
1684	ENSRNOG00000066092	ENSRNOG00000066092	3	2	0	1
1684	ENSRNOG00000066286	ENSRNOG00000066286	3	0	0	3
1684	ENSRNOG00000066441	ENSRNOG00000066441	3	0	2	1
1684	ENSRNOG00000066549	ENSRNOG00000066549	3	1	2	0
1684	ENSRNOG00000066608	ENSRNOG00000066608	3	3	0	0
1684	ENSRNOG00000066697	ENSRNOG00000066697	3	0	0	3
1684	ENSRNOG00000066763	ENSRNOG00000066763	3	0	1	2
1684	ENSRNOG00000066789	ENSRNOG00000066789	3	1	1	1
1684	ENSRNOG00000066793	ENSRNOG00000066793	3	0	0	3
1684	ENSRNOG00000066846	ENSRNOG00000066846	3	0	3	0
1684	ENSRNOG00000066918	ENSRNOG00000066918	3	0	1	2
1684	ENSRNOG00000066993	ENSRNOG00000066993	3	0	0	3
1684	ENSRNOG00000067224	ENSRNOG00000067224	3	0	0	3
1684	ENSRNOG00000067229	ENSRNOG00000067229	3	0	0	3
1684	ENSRNOG00000067449	ENSRNOG00000067449	3	1	1	1
1684	ENSRNOG00000067556	ENSRNOG00000067556	3	1	1	1
1684	ENSRNOG00000067656	ENSRNOG00000067656	3	1	1	1
1684	ENSRNOG00000067667	ENSRNOG00000067667	3	0	1	2
1684	ENSRNOG00000067837	ENSRNOG00000067837	3	2	1	0
1684	ENSRNOG00000067925	ENSRNOG00000067925	3	0	1	2
1684	ENSRNOG00000068096	ENSRNOG00000068096	3	0	0	3
1684	ENSRNOG00000068140	ENSRNOG00000068140	3	1	1	1
1684	ENSRNOG00000068163	ENSRNOG00000068163	3	1	1	1
1684	ENSRNOG00000068179	ENSRNOG00000068179	3	0	1	2
1684	ENSRNOG00000068340	ENSRNOG00000068340	3	0	0	3
1684	ENSRNOG00000068552	ENSRNOG00000068552	3	0	0	3
1684	ENSRNOG00000068597	ENSRNOG00000068597	3	0	1	2
1684	ENSRNOG00000068602	ENSRNOG00000068602	3	0	0	3
1684	ENSRNOG00000068639	ENSRNOG00000068639	3	0	2	1
1684	ENSRNOG00000068686	ENSRNOG00000068686	3	1	1	1
1684	ENSRNOG00000068727	ENSRNOG00000068727	3	0	0	3
1684	ENSRNOG00000068825	ENSRNOG00000068825	3	0	0	3
1684	ENSRNOG00000068836	ENSRNOG00000068836	3	0	0	3
1684	ENSRNOG00000068881	ENSRNOG00000068881	3	2	1	0
1684	ENSRNOG00000069024	ENSRNOG00000069024	3	0	2	1
1684	ENSRNOG00000069165	ENSRNOG00000069165	3	0	2	1
1684	ENSRNOG00000069506	ENSRNOG00000069506	3	2	1	0
1684	ENSRNOG00000069576	ENSRNOG00000069576	3	1	1	1
1684	ENSRNOG00000069674	ENSRNOG00000069674	3	2	1	0
1684	ENSRNOG00000069708	ENSRNOG00000069708	3	0	0	3
1684	ENSRNOG00000069975	ENSRNOG00000069975	3	0	2	1
1684	ENSRNOG00000070021	ENSRNOG00000070021	3	0	1	2
1684	ENSRNOG00000070061	ENSRNOG00000070061	3	0	2	1
1684	ENSRNOG00000070322	ENSRNOG00000070322	3	0	2	1
1684	ENSRNOG00000070411	ENSRNOG00000070411	3	0	1	2
1684	ENSRNOG00000070424	ENSRNOG00000070424	3	0	0	3
1684	ENSRNOG00000070566	ENSRNOG00000070566	3	0	1	2
1684	ENSRNOG00000070618	ENSRNOG00000070618	3	0	1	2
1684	ENSRNOG00000070700	ENSRNOG00000070700	3	0	0	3
1684	ENSRNOG00000070705	ENSRNOG00000070705	3	0	2	1
1684	ENSRNOG00000070739	ENSRNOG00000070739	3	0	1	2
1684	ENSRNOG00000070740	ENSRNOG00000070740	3	0	0	3
1684	ENSRNOG00000070857	ENSRNOG00000070857	3	0	2	1
1684	ENSRNOG00000070936	ENSRNOG00000070936	3	0	0	3
1684	ENSRNOG00000070980	ENSRNOG00000070980	3	0	2	1
1684	ENSRNOG00000070982	ENSRNOG00000070982	3	0	1	2
1684	ENSRNOG00000071020	ENSRNOG00000071020	3	0	0	3
1684	ENSRNOG00000071037	ENSRNOG00000071037	3	1	1	1
1684	ENSRNOG00000071125	ENSRNOG00000071125	3	1	2	0
1684	ENSRNOG00000071142	ENSRNOG00000071142	3	0	2	1
1684	ENSRNOG00000071195	ENSRNOG00000071195	3	1	1	1
1684	ENSRNOG00000029549	Eci2	3	0	0	3
1684	ENSRNOG00000066714	Eci2	3	0	0	3
1684	ENSRNOG00000017728	Edrf1	3	0	1	2
1684	ENSRNOG00000006931	Eepd1	3	0	2	1
1684	ENSRNOG00000042729	Efhc1	3	0	0	3
1684	ENSRNOG00000014648	Efnb2	3	0	2	1
1684	ENSRNOG00000064362	Efnb2	3	0	2	1
1684	ENSRNOG00000005053	Egln3	3	0	1	2
1684	ENSRNOG00000018848	Eif1b	3	0	2	1
1684	ENSRNOG00000005804	Eif3d	3	0	2	1
1684	ENSRNOG00000001069	Elavl1	3	0	2	1
1684	ENSRNOG00000006330	Elf3	3	0	2	1
1684	ENSRNOG00000007887	Elk4	3	0	1	2
1684	ENSRNOG00000028448	Elovl1	3	0	1	2
1684	ENSRNOG00000009773	Elovl4	3	0	2	1
1684	ENSRNOG00000005719	Emc4	3	0	1	2
1684	ENSRNOG00000031934	Enah	3	1	1	1
1684	ENSRNOG00000028670	Epcip	3	0	0	3
1684	ENSRNOG00000030285	Epha3	3	0	1	2
1684	ENSRNOG00000002024	Epha5	3	0	0	3
1684	ENSRNOG00000014673	Eri2	3	1	1	1
1684	ENSRNOG00000012864	Ern1	3	2	1	0
1684	ENSRNOG00000005343	Esr2	3	1	1	1
1684	ENSRNOG00000000283	Ess2	3	0	0	3
1684	ENSRNOG00000005984	Etv6	3	0	1	2
1684	ENSRNOG00000036876	Faap20	3	1	2	0
1684	ENSRNOG00000049075	Fabp5	3	0	1	2
1684	ENSRNOG00000020480	Fads1	3	0	1	2
1684	ENSRNOG00000020440	Fads2	3	0	2	1
1684	ENSRNOG00000020385	Fads3	3	0	2	1
1684	ENSRNOG00000008523	Faf1	3	0	0	3
1684	ENSRNOG00000013223	Fah	3	0	1	2
1684	ENSRNOG00000048802	Faiml	3	1	1	1
1684	ENSRNOG00000023008	Fam131c	3	1	1	1
1684	ENSRNOG00000007947	Fam13a	3	2	1	0
1684	ENSRNOG00000048412	Fam181a	3	1	1	1
1684	ENSRNOG00000016955	Fam188a	3	0	0	3
1684	ENSRNOG00000001225	Fam207a	3	1	1	1
1684	ENSRNOG00000005235	Fam209	3	0	2	1
1684	ENSRNOG00000000504	Fance	3	2	1	0
1684	ENSRNOG00000011585	Fat3	3	0	1	2
1684	ENSRNOG00000009409	Fbxo2	3	1	0	2
1684	ENSRNOG00000009298	Fbxo44	3	1	0	2
1684	ENSRNOG00000023026	Fbxo48	3	1	1	1
1684	ENSRNOG00000009217	Fbxo6	3	0	1	2
1684	ENSRNOG00000010889	Fbxw7	3	0	0	3
1684	ENSRNOG00000062673	Fendrr	3	0	1	2
1684	ENSRNOG00000054515	Fgd6	3	2	0	1
1684	ENSRNOG00000016374	Fgfr2	3	1	1	1
1684	ENSRNOG00000010714	Fgl1	3	0	0	3
1684	ENSRNOG00000004440	Fignl1	3	0	0	3
1684	ENSRNOG00000016055	Fkrp	3	1	1	1
1684	ENSRNOG00000028129	Fktn	3	0	2	1
1684	ENSRNOG00000008754	Flvcr2	3	2	1	0
1684	ENSRNOG00000013798	Fnbp1l	3	0	1	2
1684	ENSRNOG00000008264	Fndc8	3	0	1	2
1684	ENSRNOG00000043332	Foxd1	3	0	1	2
1684	ENSRNOG00000049906	Foxf1	3	0	1	2
1684	ENSRNOG00000006293	Foxi1	3	1	1	1
1684	ENSRNOG00000004709	Foxn3	3	0	1	2
1684	ENSRNOG00000015235	Fra10ac1	3	0	0	3
1684	ENSRNOG00000016189	Frmd5	3	0	1	2
1684	ENSRNOG00000064385	Ftl1	3	0	1	2
1684	ENSRNOG00000015213	Fxn	3	0	0	3
1684	ENSRNOG00000069521	Fzd8	3	0	1	2
1684	ENSRNOG00000017879	Gab1	3	1	1	1
1684	ENSRNOG00000008431	Gabbr2	3	0	0	3
1684	ENSRNOG00000002349	Gabra2	3	0	2	1
1684	ENSRNOG00000002327	Gabrb1	3	0	2	1
1684	ENSRNOG00000003680	Gabrb2	3	0	0	3
1684	ENSRNOG00000019822	Gadd45b	3	1	2	0
1684	ENSRNOG00000012347	Gata2	3	0	1	2
1684	ENSRNOG00000031743	Gbp2	3	1	1	1
1684	ENSRNOG00000000823	Gcc2	3	0	2	1
1684	ENSRNOG00000007610	Gdf11	3	1	2	0
1684	ENSRNOG00000018091	Gdi2	3	0	1	2
1684	ENSRNOG00000012819	Gdnf	3	1	1	1
1684	ENSRNOG00000014007	Gfod1	3	0	2	1
1684	ENSRNOG00000020309	Gfra3	3	2	1	0
1684	ENSRNOG00000018441	Ggt7	3	0	1	2
1684	ENSRNOG00000013961	Ghitm	3	0	0	3
1684	ENSRNOG00000015654	Ghr	3	0	0	3
1684	ENSRNOG00000051691	Gjd3	3	0	1	2
1684	ENSRNOG00000007261	Gli2	3	0	1	2
1684	ENSRNOG00000003313	Glra2	3	0	2	1
1684	ENSRNOG00000036622	Glyatl1	3	0	1	2
1684	ENSRNOG00000064628	Gm10135	3	0	1	2
1684	ENSRNOG00000060842	Gm23201	3	1	1	1
1684	ENSRNOG00000042749	Gm3045l	3	2	1	0
1684	ENSRNOG00000037229	Gmppb	3	0	2	1
1684	ENSRNOG00000017589	Gnat1	3	2	1	0
1684	ENSRNOG00000048980	Gng2	3	0	2	1
1684	ENSRNOG00000019570	Gng3	3	0	0	3
1684	ENSRNOG00000019857	Gng7	3	0	3	0
1684	ENSRNOG00000000408	Gopc	3	0	0	3
1684	ENSRNOG00000029280	Gpaa1	3	0	2	1
1684	ENSRNOG00000023589	Gpr107	3	0	2	1
1684	ENSRNOG00000043342	Gpr15lg	3	0	0	3
1684	ENSRNOG00000012628	Gpr18	3	1	2	0
1684	ENSRNOG00000008423	Gpr22	3	0	1	2
1684	ENSRNOG00000012149	Gpsm2	3	3	0	0
1684	ENSRNOG00000055499	Grid1	3	0	0	3
1684	ENSRNOG00000001251	Grifin	3	0	1	2
1684	ENSRNOG00000033942	Grin2a	3	0	0	3
1684	ENSRNOG00000021063	Grin2d	3	1	1	1
1684	ENSRNOG00000011439	Grk5	3	1	2	0
1684	ENSRNOG00000016429	Grm5	3	0	0	3
1684	ENSRNOG00000021468	Grm8	3	0	1	2
1684	ENSRNOG00000039325	Grxcr2	3	0	0	3
1684	ENSRNOG00000000282	Gsc2	3	0	0	3
1684	ENSRNOG00000024755	Gsta3l1	3	1	1	1
1684	ENSRNOG00000030449	Gsta4	3	0	0	3
1684	ENSRNOG00000026008	Gtf2e1	3	0	1	2
1684	ENSRNOG00000002044	Gtpbp8	3	0	1	2
1684	ENSRNOG00000060355	H1f5	3	0	0	3
1684	ENSRNOG00000061863	H1f6	3	1	0	2
1684	ENSRNOG00000070916	H2bc12	3	0	0	3
1684	ENSRNOG00000067027	H3f3bl2	3	1	1	1
1684	ENSRNOG00000032401	H3f3c	3	0	1	2
1684	ENSRNOG00000031263	Haao	3	0	0	3
1684	ENSRNOG00000032002	Hapln1	3	0	1	2
1684	ENSRNOG00000048660	Haspin	3	0	0	3
1684	ENSRNOG00000055382	Hcn1	3	0	1	2
1684	ENSRNOG00000018892	Hcrt	3	1	0	2
1684	ENSRNOG00000020372	Hdac4	3	1	0	2
1684	ENSRNOG00000013257	Hecw2	3	0	1	2
1684	ENSRNOG00000007391	Hes7	3	2	1	0
1684	ENSRNOG00000023299	Hfm1	3	0	2	1
1684	ENSRNOG00000003464	Hid1	3	0	3	0
1684	ENSRNOG00000019428	Higd1a	3	0	1	2
1684	ENSRNOG00000058437	Hist1h2ai	3	0	0	3
1684	ENSRNOG00000063167	Hist1h2ail1	3	0	0	3
1684	ENSRNOG00000070706	Hist1h4m	3	1	0	2
1684	ENSRNOG00000046636	Hist2h4	3	1	0	2
1684	ENSRNOG00000002309	Hlx	3	0	1	2
1684	ENSRNOG00000018132	Hmgxb3	3	0	2	1
1684	ENSRNOG00000047014	Homer1	3	0	0	3
1684	ENSRNOG00000024689	Hopx	3	1	1	1
1684	ENSRNOG00000006281	Hoxa3	3	0	1	2
1684	ENSRNOG00000047951	Hoxa5	3	0	1	2
1684	ENSRNOG00000046361	Hoxa7	3	0	1	2
1684	ENSRNOG00000007611	Hoxb7	3	0	0	3
1684	ENSRNOG00000018143	Hpdl	3	1	1	1
1684	ENSRNOG00000000661	Hps4	3	1	1	1
1684	ENSRNOG00000023528	Hrasls5	3	1	1	1
1684	ENSRNOG00000024591	Hs3st3a1	3	0	2	1
1684	ENSRNOG00000014516	Hs6st1	3	0	1	2
1684	ENSRNOG00000002826	Hsd17b7	3	0	1	2
1684	ENSRNOG00000059714	Hsp90aa1	3	0	0	3
1684	ENSRNOG00000019525	Hspa9	3	0	0	3
1684	ENSRNOG00000006920	Htr3b	3	0	2	1
1684	ENSRNOG00000024846	Ier5l	3	0	2	1
1684	ENSRNOG00000010635	Igfbp4	3	0	0	3
1684	ENSRNOG00000027008	Igtp	3	2	0	1
1684	ENSRNOG00000005800	Il1f10	3	0	3	0
1684	ENSRNOG00000012286	Il20ra	3	0	0	3
1684	ENSRNOG00000012131	Il9	3	0	1	2
1684	ENSRNOG00000013480	Ing2	3	0	0	3
1684	ENSRNOG00000060237	Inhbb	3	0	1	2
1684	ENSRNOG00000017635	Inpp5a	3	0	1	2
1684	ENSRNOG00000020405	Ins2	3	0	0	3
1684	ENSRNOG00000006859	Insig1	3	0	0	3
1684	ENSRNOG00000068374	Insyn1	3	0	0	3
1684	ENSRNOG00000060350	Iqsec1	3	0	1	2
1684	ENSRNOG00000058975	Iqsec2	3	0	0	3
1684	ENSRNOG00000009824	Irf2	3	1	1	1
1684	ENSRNOG00000012742	Irx2	3	0	1	2
1684	ENSRNOG00000011180	Irx5	3	0	0	3
1684	ENSRNOG00000000701	Iscu	3	1	2	0
1684	ENSRNOG00000050714	Islr2	3	2	1	0
1684	ENSRNOG00000043167	Itga9	3	1	2	0
1684	ENSRNOG00000008051	Itpk1	3	0	2	1
1684	ENSRNOG00000002969	Itpkb	3	0	3	0
1684	ENSRNOG00000007104	Itpr1	3	0	0	3
1684	ENSRNOG00000007443	Jag1	3	0	0	3
1684	ENSRNOG00000047133	Jrkl	3	0	2	1
1684	ENSRNOG00000025174	Kat6a	3	2	1	0
1684	ENSRNOG00000012850	Kat6b	3	0	1	2
1684	ENSRNOG00000005814	Katnbl1	3	0	2	1
1684	ENSRNOG00000050416	Kcna10	3	0	0	3
1684	ENSRNOG00000046949	Kcnb1	3	1	2	0
1684	ENSRNOG00000060988	Kcnc4	3	1	2	0
1684	ENSRNOG00000014686	Kcnd3	3	0	1	2
1684	ENSRNOG00000018790	Kcnh4	3	1	0	2
1684	ENSRNOG00000018018	Kcnip2	3	1	1	1
1684	ENSRNOG00000050450	Kcnip2	3	1	1	1
1684	ENSRNOG00000021128	Kcnj11	3	0	2	1
1684	ENSRNOG00000033796	Kcnj5	3	1	2	0
1684	ENSRNOG00000010816	Kcnk15	3	1	1	1
1684	ENSRNOG00000021137	Kctd15	3	1	1	1
1684	ENSRNOG00000021082	Kdelr1	3	1	1	1
1684	ENSRNOG00000008047	Khk	3	1	1	1
1684	ENSRNOG00000013661	Kif26a	3	1	1	1
1684	ENSRNOG00000009772	Kirrel3	3	0	0	3
1684	ENSRNOG00000047481	Kiss1	3	0	0	3
1684	ENSRNOG00000002227	Kit	3	0	0	3
1684	ENSRNOG00000010267	Klhdc10	3	0	2	1
1684	ENSRNOG00000033372	Klhl24	3	0	1	2
1684	ENSRNOG00000009338	Kras	3	1	2	0
1684	ENSRNOG00000069468	Krt18	3	2	1	0
1684	ENSRNOG00000018584	LOC100359583	3	1	1	1
1684	ENSRNOG00000064427	LOC100362400	3	0	2	1
1684	ENSRNOG00000067312	LOC100362418	3	2	1	0
1684	ENSRNOG00000055586	LOC100910650	3	0	0	3
1684	ENSRNOG00000019848	LOC100910882	3	1	1	1
1684	ENSRNOG00000063975	LOC100911728	3	1	1	1
1684	ENSRNOG00000001748	LOC100912534	3	0	0	3
1684	ENSRNOG00000010587	LOC102548514	3	0	0	3
1684	ENSRNOG00000068572	LOC102549740	3	0	1	2
1684	ENSRNOG00000068455	LOC102552530	3	0	2	1
1684	ENSRNOG00000069560	LOC102553576	3	0	0	3
1684	ENSRNOG00000063790	LOC102555129	3	0	0	3
1684	ENSRNOG00000068841	LOC102555808	3	0	0	3
1684	ENSRNOG00000069952	LOC102556390	3	0	2	1
1684	ENSRNOG00000057874	LOC103690528	3	0	0	3
1684	ENSRNOG00000065278	LOC103691652	3	1	0	2
1684	ENSRNOG00000067175	LOC103693122	3	0	1	2
1684	ENSRNOG00000065814	LOC108348556	3	0	0	3
1684	ENSRNOG00000024412	LOC108350588	3	0	3	0
1684	ENSRNOG00000065531	LOC108351537	3	1	0	2
1684	ENSRNOG00000068652	LOC120093293	3	0	0	3
1684	ENSRNOG00000058303	LOC120093900	3	0	0	3
1684	ENSRNOG00000054300	LOC120093908	3	0	0	3
1684	ENSRNOG00000061351	LOC120093920	3	0	2	1
1684	ENSRNOG00000058682	LOC120093953	3	0	1	2
1684	ENSRNOG00000064518	LOC120093970	3	0	0	3
1684	ENSRNOG00000060456	LOC120093995	3	1	1	1
1684	ENSRNOG00000057660	LOC120094297	3	0	2	1
1684	ENSRNOG00000055172	LOC120094503	3	0	0	3
1684	ENSRNOG00000061323	LOC120094912	3	0	2	1
1684	ENSRNOG00000070942	LOC120094949	3	1	1	1
1684	ENSRNOG00000057694	LOC120094980	3	0	0	3
1684	ENSRNOG00000068789	LOC120095183	3	0	0	3
1684	ENSRNOG00000057898	LOC120095390	3	0	1	2
1684	ENSRNOG00000060059	LOC120095392	3	0	0	3
1684	ENSRNOG00000056736	LOC120095435	3	0	0	3
1684	ENSRNOG00000068321	LOC120095442	3	0	0	3
1684	ENSRNOG00000069565	LOC120095499	3	0	1	2
1684	ENSRNOG00000068891	LOC120095730	3	1	1	1
1684	ENSRNOG00000069863	LOC120095862	3	0	0	3
1684	ENSRNOG00000040652	LOC120096078	3	0	1	2
1684	ENSRNOG00000069844	LOC120096327	3	0	1	2
1684	ENSRNOG00000057562	LOC120096440	3	0	1	2
1684	ENSRNOG00000064320	LOC120096454	3	0	0	3
1684	ENSRNOG00000057363	LOC120097255	3	0	0	3
1684	ENSRNOG00000058479	LOC120097276	3	0	0	3
1684	ENSRNOG00000067533	LOC120097587	3	0	2	1
1684	ENSRNOG00000053224	LOC120097655	3	1	0	2
1684	ENSRNOG00000067481	LOC120097843	3	0	1	2
1684	ENSRNOG00000057268	LOC120098001	3	0	0	3
1684	ENSRNOG00000062813	LOC120098745	3	0	1	2
1684	ENSRNOG00000063681	LOC120100216	3	0	2	1
1684	ENSRNOG00000054845	LOC120100446	3	1	0	2
1684	ENSRNOG00000067383	LOC120100481	3	0	1	2
1684	ENSRNOG00000054785	LOC120100498	3	0	1	2
1684	ENSRNOG00000063312	LOC120100783	3	0	0	3
1684	ENSRNOG00000054318	LOC120101236	3	0	1	2
1684	ENSRNOG00000061190	LOC120101319	3	0	0	3
1684	ENSRNOG00000055556	LOC120101356	3	0	0	3
1684	ENSRNOG00000057098	LOC120101369	3	0	0	3
1684	ENSRNOG00000057313	LOC120101999	3	0	2	1
1684	ENSRNOG00000051665	LOC120102075	3	0	0	3
1684	ENSRNOG00000052201	LOC120102095	3	0	2	1
1684	ENSRNOG00000060700	LOC120102108	3	0	0	3
1684	ENSRNOG00000063853	LOC120102120	3	0	1	2
1684	ENSRNOG00000064449	LOC120102333	3	0	1	2
1684	ENSRNOG00000053438	LOC120102637	3	0	1	2
1684	ENSRNOG00000064686	LOC120102650	3	0	0	3
1684	ENSRNOG00000053414	LOC120102674	3	1	2	0
1684	ENSRNOG00000061585	LOC120102676	3	1	1	1
1684	ENSRNOG00000066985	LOC120102760	3	0	1	2
1684	ENSRNOG00000070803	LOC120103195	3	0	0	3
1684	ENSRNOG00000056882	LOC120103218	3	0	1	2
1684	ENSRNOG00000064116	LOC120103369	3	1	1	1
1684	ENSRNOG00000063011	LOC134485158	3	0	1	2
1684	ENSRNOG00000047977	LOC684871	3	2	1	0
1684	ENSRNOG00000025520	Lbx1	3	0	1	2
1684	ENSRNOG00000033503	Ldlrad2	3	0	2	1
1684	ENSRNOG00000031247	Lekr1	3	0	3	0
1684	ENSRNOG00000018642	Leng8	3	0	0	3
1684	ENSRNOG00000012205	Lgsn	3	0	0	3
1684	ENSRNOG00000016712	Lhcgr	3	0	0	3
1684	ENSRNOG00000010357	Lhx9	3	0	1	2
1684	ENSRNOG00000017193	Lingo1	3	0	1	2
1684	ENSRNOG00000018694	Lipg	3	1	1	1
1684	ENSRNOG00000055413	Litafd	3	0	1	2
1684	ENSRNOG00000009205	Lmo4	3	0	1	2
1684	ENSRNOG00000014876	Lpin2	3	0	2	1
1684	ENSRNOG00000004744	Lratd2	3	0	1	2
1684	ENSRNOG00000009412	Lrch1	3	1	1	1
1684	ENSRNOG00000030243	Lrp1b	3	0	0	3
1684	ENSRNOG00000030389	Lrrc30	3	0	0	3
1684	ENSRNOG00000015310	Lrrc32	3	0	2	1
1684	ENSRNOG00000011980	Lrrc7	3	0	1	2
1684	ENSRNOG00000053034	Lrrc78	3	0	0	3
1684	ENSRNOG00000026302	Lrrn4cl	3	0	0	3
1684	ENSRNOG00000047085	Lrrtm2	3	0	1	2
1684	ENSRNOG00000020871	Ltbp4	3	1	2	0
1684	ENSRNOG00000026133	Ly6d	3	0	2	1
1684	ENSRNOG00000006086	Lynx1	3	0	2	1
1684	ENSRNOG00000043105	Lyrm2	3	0	0	3
1684	ENSRNOG00000050624	Lysmd4	3	0	2	1
1684	ENSRNOG00000016047	Macf1	3	2	1	0
1684	ENSRNOG00000005376	Mad2l1	3	0	0	3
1684	ENSRNOG00000012428	Maf	3	0	0	3
1684	ENSRNOG00000016037	Mafb	3	0	0	3
1684	ENSRNOG00000010158	Magel2	3	1	1	1
1684	ENSRNOG00000019885	Magi3	3	1	1	1
1684	ENSRNOG00000009035	Malsu1	3	0	0	3
1684	ENSRNOG00000005879	Maml2	3	0	1	2
1684	ENSRNOG00000017087	Man1c1	3	1	0	2
1684	ENSRNOG00000012055	Man2a2	3	0	0	3
1684	ENSRNOG00000061779	Man2b2	3	0	2	1
1684	ENSRNOG00000017905	Map1lc3b	3	0	1	2
1684	ENSRNOG00000011841	Map2	3	0	1	2
1684	ENSRNOG00000031700	Map3k5	3	0	1	2
1684	ENSRNOG00000007018	Mapkbp1	3	1	1	1
1684	ENSRNOG00000002339	Mark1	3	0	0	3
1684	ENSRNOG00000003703	Mcm6	3	0	1	2
1684	ENSRNOG00000028586	Mcph1	3	0	0	3
1684	ENSRNOG00000001440	Mdh2	3	0	1	2
1684	ENSRNOG00000017311	Me3	3	0	1	2
1684	ENSRNOG00000012645	Mecom	3	0	2	1
1684	ENSRNOG00000005932	Megf9	3	1	1	1
1684	ENSRNOG00000017319	Mertk	3	0	3	0
1684	ENSRNOG00000025142	Mex3b	3	1	1	1
1684	ENSRNOG00000014508	Mgll	3	0	0	3
1684	ENSRNOG00000007743	Mgst1	3	0	0	3
1684	ENSRNOG00000016210	Mical2	3	1	1	1
1684	ENSRNOG00000012767	Micu3	3	0	2	1
1684	ENSRNOG00000046587	Mir193b	3	0	2	1
1684	ENSRNOG00000035536	Mir28	3	0	0	3
1684	ENSRNOG00000049532	Mir2861	3	0	1	2
1684	ENSRNOG00000049006	Mir3583	3	0	1	2
1684	ENSRNOG00000046194	Mir5126	3	0	1	2
1684	ENSRNOG00000040350	Mir675	3	0	1	2
1684	ENSRNOG00000035524	Mir99a	3	1	1	1
1684	ENSRNOG00000035500	Mirlet7c1	3	1	1	1
1684	ENSRNOG00000011618	Mmaa	3	1	1	1
1684	ENSRNOG00000011552	Mon1b	3	1	2	0
1684	ENSRNOG00000002389	Morf4l2	3	0	2	1
1684	ENSRNOG00000056162	Mrfap1	3	0	2	1
1684	ENSRNOG00000069916	Mrln	3	0	2	1
1684	ENSRNOG00000008546	Mrpl35	3	0	0	3
1684	ENSRNOG00000047563	Mrpl39	3	1	1	1
1684	ENSRNOG00000022609	Mrps10	3	0	1	2
1684	ENSRNOG00000002569	Mrps14	3	0	1	2
1684	ENSRNOG00000019511	Mrps18a	3	0	2	1
1684	ENSRNOG00000018803	Mrtfa	3	1	1	1
1684	ENSRNOG00000066694	Mrtfb	3	0	0	3
1684	ENSRNOG00000007540	Msc	3	1	0	2
1684	ENSRNOG00000032618	Mst1r	3	0	2	1
1684	ENSRNOG00000021347	Mthfd2l	3	0	2	1
1684	ENSRNOG00000011560	Mtmr9	3	1	2	0
1684	ENSRNOG00000032410	Mtus2	3	0	1	2
1684	ENSRNOG00000001963	Mx2	3	2	0	1
1684	ENSRNOG00000003336	Mybph	3	2	1	0
1684	ENSRNOG00000018858	Myct1	3	0	2	1
1684	ENSRNOG00000010161	Myo10	3	0	0	3
1684	ENSRNOG00000061928	Myo1e	3	0	1	2
1684	ENSRNOG00000013641	Myo7a	3	1	1	1
1684	ENSRNOG00000003669	Myocd	3	1	1	1
1684	ENSRNOG00000016117	Myof	3	2	1	0
1684	ENSRNOG00000014132	Mypop	3	1	1	1
1684	ENSRNOG00000018797	Myrip	3	1	2	0
1684	ENSRNOG00000009754	Nampt	3	0	1	2
1684	ENSRNOG00000019854	Napsa	3	2	1	0
1684	ENSRNOG00000014530	Nav2	3	0	1	2
1684	ENSRNOG00000042978	Ncald	3	0	2	1
1684	ENSRNOG00000001746	Ncbp2	3	0	0	3
1684	ENSRNOG00000005616	Ncoa3	3	1	2	0
1684	ENSRNOG00000000854	Ncr3	3	2	1	0
1684	ENSRNOG00000012482	Ndrg4	3	0	1	2
1684	ENSRNOG00000064291	Ndufa2-ps1	3	0	0	3
1684	ENSRNOG00000007506	Ndufaf4	3	1	1	1
1684	ENSRNOG00000002721	Ndufb4	3	0	0	3
1684	ENSRNOG00000001182	Ndufv3	3	0	2	1
1684	ENSRNOG00000058898	Nedd4	3	2	1	0
1684	ENSRNOG00000013721	Nepro	3	1	1	1
1684	ENSRNOG00000009795	Nfib	3	0	0	3
1684	ENSRNOG00000005392	Ngfr	3	0	3	0
1684	ENSRNOG00000002997	Nherf2	3	0	1	2
1684	ENSRNOG00000018095	Nkiras2	3	1	1	1
1684	ENSRNOG00000012728	Nkx2-2	3	0	0	3
1684	ENSRNOG00000011011	Nmb	3	0	1	2
1684	ENSRNOG00000002693	Nme1	3	1	1	1
1684	ENSRNOG00000050424	Nme4	3	0	2	1
1684	ENSRNOG00000058285	Nme8	3	0	1	2
1684	ENSRNOG00000023683	Nog	3	2	1	0
1684	ENSRNOG00000014775	Nol4	3	2	1	0
1684	ENSRNOG00000010109	Nol9	3	2	1	0
1684	ENSRNOG00000057443	Nos2	3	2	1	0
1684	ENSRNOG00000009348	Nos3	3	1	1	1
1684	ENSRNOG00000018835	Notch2	3	1	1	1
1684	ENSRNOG00000000559	Npffr1	3	0	1	2
1684	ENSRNOG00000015991	Npr2	3	1	1	1
1684	ENSRNOG00000012390	Npw	3	0	1	2
1684	ENSRNOG00000009354	Nrarp	3	0	3	0
1684	ENSRNOG00000068914	Nrep	3	0	1	2
1684	ENSRNOG00000010688	Nrgn	3	1	2	0
1684	ENSRNOG00000047574	Nrxn3	3	0	0	3
1684	ENSRNOG00000025494	Nsun7	3	0	2	1
1684	ENSRNOG00000003947	Ntn1	3	0	0	3
1684	ENSRNOG00000002574	Nubp1	3	1	2	0
1684	ENSRNOG00000061176	Nudt3	3	1	2	0
1684	ENSRNOG00000009290	Nup35	3	0	1	2
1684	ENSRNOG00000013423	Nup50	3	1	2	0
1684	ENSRNOG00000015953	Oaz2	3	0	1	2
1684	ENSRNOG00000004574	Ofd1	3	0	1	2
1684	ENSRNOG00000043481	Or2h2	3	2	1	0
1684	ENSRNOG00000062932	Or51v17-ps1	3	0	1	2
1684	ENSRNOG00000047148	Or52i2	3	1	1	1
1684	ENSRNOG00000010812	Osbpl6	3	0	0	3
1684	ENSRNOG00000011136	Osr2	3	0	1	2
1684	ENSRNOG00000008605	Ost4	3	0	2	1
1684	ENSRNOG00000016950	Otud1	3	0	2	1
1684	ENSRNOG00000019760	Oxnad1	3	0	0	3
1684	ENSRNOG00000071218	P3h3	3	1	1	1
1684	ENSRNOG00000008639	Pabpc1	3	0	2	1
1684	ENSRNOG00000009756	Pacsin2	3	0	1	2
1684	ENSRNOG00000007574	Padi2	3	0	2	1
1684	ENSRNOG00000004676	Pak3	3	0	1	2
1684	ENSRNOG00000010060	Panx1	3	0	2	1
1684	ENSRNOG00000042860	Pappa2	3	0	1	2
1684	ENSRNOG00000003084	Parp1	3	0	1	2
1684	ENSRNOG00000019372	Pc	3	0	1	2
1684	ENSRNOG00000013101	Pcdh8	3	1	1	1
1684	ENSRNOG00000020119	Pcdha2	3	0	1	2
1684	ENSRNOG00000002425	Pctp	3	0	2	1
1684	ENSRNOG00000059442	Pde12	3	0	0	3
1684	ENSRNOG00000011417	Pde3b	3	0	2	1
1684	ENSRNOG00000018220	Pde4dip	3	1	2	0
1684	ENSRNOG00000019005	Pde8a	3	2	1	0
1684	ENSRNOG00000001174	Pde9a	3	0	2	1
1684	ENSRNOG00000006947	Pdhx	3	0	2	1
1684	ENSRNOG00000008845	Pdrg1	3	0	2	1
1684	ENSRNOG00000063293	Pdrg1	3	0	2	1
1684	ENSRNOG00000014791	Peg3	3	1	0	2
1684	ENSRNOG00000006329	Peli1	3	0	1	2
1684	ENSRNOG00000001214	Pfkl	3	0	0	3
1684	ENSRNOG00000047279	Pga5	3	0	1	2
1684	ENSRNOG00000002185	Pgm2	3	0	0	3
1684	ENSRNOG00000014668	Phaf1	3	0	2	1
1684	ENSRNOG00000005486	Phf20l1	3	0	2	1
1684	ENSRNOG00000002171	Phldb2	3	0	2	1
1684	ENSRNOG00000002821	Phlpp1	3	0	2	1
1684	ENSRNOG00000034272	Pias1	3	0	0	3
1684	ENSRNOG00000018322	Picalm	3	0	0	3
1684	ENSRNOG00000038784	Piezo2	3	0	1	2
1684	ENSRNOG00000016384	Pik3cb	3	0	1	2
1684	ENSRNOG00000009948	Pip4p1	3	0	1	2
1684	ENSRNOG00000012095	Pkia	3	1	0	2
1684	ENSRNOG00000010235	Pkig	3	1	2	0
1684	ENSRNOG00000025892	Pkn3	3	0	2	1
1684	ENSRNOG00000001385	Plbd2	3	1	1	1
1684	ENSRNOG00000014226	Plch2	3	0	0	3
1684	ENSRNOG00000029242	Plekho2	3	2	1	0
1684	ENSRNOG00000016878	Plppr5	3	0	2	1
1684	ENSRNOG00000021536	Plxdc1	3	2	1	0
1684	ENSRNOG00000000142	Plxdc2	3	1	0	2
1684	ENSRNOG00000025209	Plxnd1	3	0	2	1
1684	ENSRNOG00000016863	Pnma8b	3	0	3	0
1684	ENSRNOG00000005524	Pno1	3	0	0	3
1684	ENSRNOG00000012495	Podxl	3	2	1	0
1684	ENSRNOG00000000779	Polr1h	3	0	2	1
1684	ENSRNOG00000049116	Polr2h	3	0	0	3
1684	ENSRNOG00000001449	Pom121	3	0	0	3
1684	ENSRNOG00000025310	Pop7	3	0	2	1
1684	ENSRNOG00000003581	Pou2f1	3	0	1	2
1684	ENSRNOG00000047686	Pou3f1	3	0	0	3
1684	ENSRNOG00000053404	Ppcdc	3	0	2	1
1684	ENSRNOG00000019667	Ppfibp2	3	0	2	1
1684	ENSRNOG00000002930	Ppl	3	0	1	2
1684	ENSRNOG00000004612	Ppp1cb	3	0	1	2
1684	ENSRNOG00000059550	Ppp1r8	3	0	0	3
1684	ENSRNOG00000013733	Ppp4r1	3	0	2	1
1684	ENSRNOG00000000323	Prdm1	3	0	1	2
1684	ENSRNOG00000008915	Prima1	3	1	1	1
1684	ENSRNOG00000003491	Prkca	3	0	1	2
1684	ENSRNOG00000001426	Prkrip1	3	2	1	0
1684	ENSRNOG00000063308	Prkrip1	3	2	1	0
1684	ENSRNOG00000021260	Prnd	3	1	1	1
1684	ENSRNOG00000020438	Prpf38b	3	0	3	0
1684	ENSRNOG00000000571	Psap	3	0	0	3
1684	ENSRNOG00000007114	Psma6	3	0	1	2
1684	ENSRNOG00000056853	Psma7	3	1	1	1
1684	ENSRNOG00000001719	Psmd2	3	0	1	2
1684	ENSRNOG00000009640	Psmf1	3	0	2	1
1684	ENSRNOG00000002525	Ptgs2	3	1	1	1
1684	ENSRNOG00000015259	Pth2r	3	1	1	1
1684	ENSRNOG00000013981	Ptpn5	3	0	1	2
1684	ENSRNOG00000004059	Ptrhd1	3	0	0	3
1684	ENSRNOG00000009250	Pts	3	1	1	1
1684	ENSRNOG00000012574	Pum3l1	3	0	0	3
1684	ENSRNOG00000001149	Pxn	3	2	1	0
1684	ENSRNOG00000003267	Pycr2	3	0	1	2
1684	ENSRNOG00000054248	RNaseP_nuc	3	0	1	2
1684	ENSRNOG00000057527	RNase_MRP	3	0	3	0
1684	ENSRNOG00000047706	RT1-CE2	3	1	1	1
1684	ENSRNOG00000032844	RT1-Da	3	1	1	1
1684	ENSRNOG00000016733	Rab13	3	2	1	0
1684	ENSRNOG00000052499	Rab27a	3	2	1	0
1684	ENSRNOG00000026085	Rabl3	3	0	1	2
1684	ENSRNOG00000007596	Rad51d	3	0	1	2
1684	ENSRNOG00000021780	Rad51d	3	0	1	2
1684	ENSRNOG00000009742	Rad52	3	0	1	2
1684	ENSRNOG00000046256	Ralgapa1	3	0	1	2
1684	ENSRNOG00000011400	Ralyl	3	0	1	2
1684	ENSRNOG00000019926	Ramp1	3	3	0	0
1684	ENSRNOG00000020415	Ramp2	3	3	0	0
1684	ENSRNOG00000020441	Ramp2	3	3	0	0
1684	ENSRNOG00000049785	Ranbp3	3	0	3	0
1684	ENSRNOG00000049814	Rbm39	3	1	1	1
1684	ENSRNOG00000046327	Rbpj	3	0	1	2
1684	ENSRNOG00000001979	Rcan1	3	0	1	2
1684	ENSRNOG00000010350	Rcan2	3	2	1	0
1684	ENSRNOG00000006681	Rdh10	3	0	0	3
1684	ENSRNOG00000010589	Retreg1	3	0	1	2
1684	ENSRNOG00000014513	Rexo5	3	1	1	1
1684	ENSRNOG00000001457	Rfc2	3	1	2	0
1684	ENSRNOG00000014486	Rfx3	3	0	1	2
1684	ENSRNOG00000021012	Rfx5	3	1	1	1
1684	ENSRNOG00000028382	Rfxap	3	0	2	1
1684	ENSRNOG00000064105	Rfxap	3	0	2	1
1684	ENSRNOG00000056028	Rfxapl1	3	0	2	1
1684	ENSRNOG00000012874	Rgma	3	0	0	3
1684	ENSRNOG00000008082	Rgs6	3	0	1	2
1684	ENSRNOG00000054385	Rhebl1	3	0	2	1
1684	ENSRNOG00000021403	Rhob	3	0	3	0
1684	ENSRNOG00000004201	Rims2	3	0	0	3
1684	ENSRNOG00000018804	Ripor2	3	0	0	3
1684	ENSRNOG00000007370	Rnf144a	3	0	2	1
1684	ENSRNOG00000009658	Rnf19a	3	0	1	2
1684	ENSRNOG00000066673	Rnf212b	3	1	2	0
1684	ENSRNOG00000019236	Rnf220	3	0	0	3
1684	ENSRNOG00000053232	Ror2	3	1	1	1
1684	ENSRNOG00000053405	Rpap3	3	0	1	2
1684	ENSRNOG00000001368	Rph3a	3	1	1	1
1684	ENSRNOG00000062298	Rpl13a	3	1	1	1
1684	ENSRNOG00000019007	Rpl14	3	1	0	2
1684	ENSRNOG00000011817	Rpl22l1	3	0	0	3
1684	ENSRNOG00000004214	Rpl26	3	1	2	0
1684	ENSRNOG00000065215	Rpl26-ps9	3	0	2	1
1684	ENSRNOG00000010746	Rpl32	3	0	1	2
1684	ENSRNOG00000023385	Rpl37a	3	0	1	2
1684	ENSRNOG00000063418	Rpl37a	3	0	1	2
1684	ENSRNOG00000006992	Rpl7	3	0	0	3
1684	ENSRNOG00000016411	Rps12	3	0	0	3
1684	ENSRNOG00000067515	Rps13-ps4	3	1	1	1
1684	ENSRNOG00000069056	Rps2-ps13	3	0	2	1
1684	ENSRNOG00000068524	Rps29-ps21	3	0	0	3
1684	ENSRNOG00000004362	Rps6ka5	3	0	3	0
1684	ENSRNOG00000018645	Rpsa	3	0	0	3
1684	ENSRNOG00000012258	Rras2	3	0	1	2
1684	ENSRNOG00000001315	Rsph14	3	0	2	1
1684	ENSRNOG00000019474	Rsph9	3	0	2	1
1684	ENSRNOG00000062777	Rsrc1	3	0	1	2
1684	ENSRNOG00000014575	Rtca	3	0	0	3
1684	ENSRNOG00000004794	Rtn1	3	0	1	2
1684	ENSRNOG00000004621	Rtn4	3	0	1	2
1684	ENSRNOG00000000340	Rtraf	3	0	1	2
1684	ENSRNOG00000020193	Runx2	3	0	1	2
1684	ENSRNOG00000023126	Rxfp3	3	1	1	1
1684	ENSRNOG00000012410	S100a1	3	0	1	2
1684	ENSRNOG00000012393	S100a13	3	0	1	2
1684	ENSRNOG00000018185	Sag	3	0	1	2
1684	ENSRNOG00000013907	Sall1	3	0	0	3
1684	ENSRNOG00000019831	Samd4b	3	1	0	2
1684	ENSRNOG00000013236	Samd8	3	0	1	2
1684	ENSRNOG00000064565	Samd8	3	0	1	2
1684	ENSRNOG00000000702	Sart3	3	1	2	0
1684	ENSRNOG00000057829	Scarna1	3	0	0	3
1684	ENSRNOG00000045015	Scarna3	3	1	1	1
1684	ENSRNOG00000060868	Scarna3b	3	1	1	1
1684	ENSRNOG00000009276	Schip1	3	0	1	2
1684	ENSRNOG00000024711	Sdk2	3	0	1	2
1684	ENSRNOG00000002917	Sec14l5	3	0	1	2
1684	ENSRNOG00000019122	Sec16a	3	2	1	0
1684	ENSRNOG00000007202	Sema3d	3	0	1	2
1684	ENSRNOG00000006631	Sema3e	3	0	0	3
1684	ENSRNOG00000004033	Sema6a	3	0	1	2
1684	ENSRNOG00000004812	Sema6d	3	0	0	3
1684	ENSRNOG00000002182	Sept11	3	0	3	0
1684	ENSRNOG00000005393	Sertad2	3	0	0	3
1684	ENSRNOG00000042785	Sesn2	3	0	2	1
1684	ENSRNOG00000025612	Sez6l	3	1	1	1
1684	ENSRNOG00000016216	Sft2d3	3	1	2	0
1684	ENSRNOG00000012536	Sgms1	3	0	1	2
1684	ENSRNOG00000020353	Sh3pxd2a	3	0	2	1
1684	ENSRNOG00000011503	Shb	3	0	2	1
1684	ENSRNOG00000002691	Shcbp1l	3	0	0	3
1684	ENSRNOG00000021268	Shld1	3	0	2	1
1684	ENSRNOG00000005433	Shq1	3	1	2	0
1684	ENSRNOG00000021546	Sit1	3	0	3	0
1684	ENSRNOG00000040297	Skic3	3	0	1	2
1684	ENSRNOG00000048487	Slc12a9	3	0	1	2
1684	ENSRNOG00000020562	Slc22a18	3	0	2	1
1684	ENSRNOG00000038001	Slc25a1	3	0	0	3
1684	ENSRNOG00000016751	Slc25a28	3	0	1	2
1684	ENSRNOG00000008797	Slc25a3	3	1	1	1
1684	ENSRNOG00000015741	Slc2a13	3	1	0	2
1684	ENSRNOG00000002908	Slc35a4	3	1	2	0
1684	ENSRNOG00000000412	Slc35f1	3	0	1	2
1684	ENSRNOG00000006305	Slc38a2	3	0	1	2
1684	ENSRNOG00000011677	Slc39a10	3	1	1	1
1684	ENSRNOG00000038055	Slc47a2	3	1	1	1
1684	ENSRNOG00000010378	Slc4a5	3	0	0	3
1684	ENSRNOG00000005132	Slc52a3	3	0	2	1
1684	ENSRNOG00000011016	Slc7a2	3	0	0	3
1684	ENSRNOG00000014311	Slc7a8	3	1	2	0
1684	ENSRNOG00000018359	Smad7	3	0	0	3
1684	ENSRNOG00000011421	Smap2	3	1	1	1
1684	ENSRNOG00000018149	Smarca5	3	0	0	3
1684	ENSRNOG00000014352	Smim12	3	0	2	1
1684	ENSRNOG00000069822	Smim27	3	0	0	3
1684	ENSRNOG00000000999	Smurf1	3	0	1	2
1684	ENSRNOG00000006037	Snap25	3	1	1	1
1684	ENSRNOG00000010825	Snapc3	3	0	0	3
1684	ENSRNOG00000056287	Snora26	3	0	2	1
1684	ENSRNOG00000054517	Snora33	3	0	0	3
1684	ENSRNOG00000053757	Snora51	3	0	1	2
1684	ENSRNOG00000061678	Snord100	3	0	0	3
1684	ENSRNOG00000057952	Snord101	3	0	0	3
1684	ENSRNOG00000054081	Snord12	3	1	1	1
1684	ENSRNOG00000054607	Snord56	3	0	1	2
1684	ENSRNOG00000056237	Snord57	3	0	1	2
1684	ENSRNOG00000051605	Snord86	3	0	1	2
1684	ENSRNOG00000046874	Snx9	3	1	1	1
1684	ENSRNOG00000002568	Socs1	3	1	1	1
1684	ENSRNOG00000008965	Socs2	3	0	1	2
1684	ENSRNOG00000071073	Sost	3	2	1	0
1684	ENSRNOG00000054006	Spaca7	3	0	1	2
1684	ENSRNOG00000009207	Spata2	3	1	0	2
1684	ENSRNOG00000025359	Spesp1	3	0	0	3
1684	ENSRNOG00000062590	Spetex-2Fl1	3	3	0	0
1684	ENSRNOG00000002085	Spmap2l	3	0	2	1
1684	ENSRNOG00000012747	Spock1	3	0	0	3
1684	ENSRNOG00000043451	Spp1	3	0	0	3
1684	ENSRNOG00000015455	Spr	3	0	0	3
1684	ENSRNOG00000024028	Sprr1a	3	0	2	1
1684	ENSRNOG00000009550	Sqle	3	0	2	1
1684	ENSRNOG00000011475	Srcin1	3	3	0	0
1684	ENSRNOG00000000662	Srrd	3	1	1	1
1684	ENSRNOG00000001141	Srrm4	3	0	1	2
1684	ENSRNOG00000060010	Ss18l1	3	1	1	1
1684	ENSRNOG00000007920	Ssbp3	3	1	2	0
1684	ENSRNOG00000001837	Sst	3	1	1	1
1684	ENSRNOG00000009850	St3gal4	3	0	1	2
1684	ENSRNOG00000065528	St8sia2	3	0	1	2
1684	ENSRNOG00000020468	Stard4	3	0	1	2
1684	ENSRNOG00000015075	Stc1	3	0	1	2
1684	ENSRNOG00000031397	Stk32b	3	1	1	1
1684	ENSRNOG00000027911	Stkld1	3	1	1	1
1684	ENSRNOG00000031448	Stpg1	3	1	1	1
1684	ENSRNOG00000007134	Strap	3	0	0	3
1684	ENSRNOG00000071066	Stum	3	1	2	0
1684	ENSRNOG00000002496	Stxbp5l	3	1	0	2
1684	ENSRNOG00000067555	Sub1	3	0	0	3
1684	ENSRNOG00000019807	Sufu	3	1	2	0
1684	ENSRNOG00000060005	Surf4	3	1	1	1
1684	ENSRNOG00000007404	Svbp	3	0	2	1
1684	ENSRNOG00000031097	Syce1l	3	1	2	0
1684	ENSRNOG00000018960	Syne1	3	1	0	2
1684	ENSRNOG00000017333	Syt4	3	0	2	1
1684	ENSRNOG00000020950	Syvn1	3	1	1	1
1684	ENSRNOG00000020457	Tacc2	3	0	1	2
1684	ENSRNOG00000048288	Taf12	3	0	2	1
1684	ENSRNOG00000049349	Tafa5	3	0	0	3
1684	ENSRNOG00000025051	Tal1	3	0	1	2
1684	ENSRNOG00000009708	Tas1r1	3	2	1	0
1684	ENSRNOG00000012195	Tas2r108	3	0	0	3
1684	ENSRNOG00000030413	Tas2r137	3	0	0	3
1684	ENSRNOG00000003686	Tbl1x	3	0	0	3
1684	ENSRNOG00000010685	Tbx18	3	0	2	1
1684	ENSRNOG00000008706	Tbx3	3	1	0	2
1684	ENSRNOG00000005869	Tcea1l1	3	0	1	2
1684	ENSRNOG00000016737	Tcerg1l	3	0	0	3
1684	ENSRNOG00000009585	Tcf20	3	0	0	3
1684	ENSRNOG00000053631	Tdrd9	3	1	0	2
1684	ENSRNOG00000002571	Tekt5	3	0	2	1
1684	ENSRNOG00000053729	Tesk1	3	1	1	1
1684	ENSRNOG00000013659	Tex2	3	0	3	0
1684	ENSRNOG00000005227	Tfap4	3	0	1	2
1684	ENSRNOG00000001162	Tff2	3	0	1	2
1684	ENSRNOG00000000663	Tfip11	3	0	2	1
1684	ENSRNOG00000002093	Tgfbr3	3	0	0	3
1684	ENSRNOG00000015332	Thoc1	3	0	1	2
1684	ENSRNOG00000020271	Tial1	3	0	2	1
1684	ENSRNOG00000050846	Timm10b	3	0	2	1
1684	ENSRNOG00000007988	Timm22	3	1	2	0
1684	ENSRNOG00000018980	Tjap1	3	2	1	0
1684	ENSRNOG00000015030	Tjp2	3	1	1	1
1684	ENSRNOG00000012579	Tlcd1	3	2	1	0
1684	ENSRNOG00000071015	Tlcd1	3	2	1	0
1684	ENSRNOG00000006395	Tldc2	3	1	2	0
1684	ENSRNOG00000018373	Tln2	3	0	1	2
1684	ENSRNOG00000008447	Tmem132d	3	0	0	3
1684	ENSRNOG00000013238	Tmem14a	3	1	1	1
1684	ENSRNOG00000019958	Tmem151b	3	2	1	0
1684	ENSRNOG00000019961	Tmem151b	3	2	1	0
1684	ENSRNOG00000005144	Tmem18	3	0	1	2
1684	ENSRNOG00000065288	Tmem200b	3	2	1	0
1684	ENSRNOG00000046758	Tmem217	3	0	0	3
1684	ENSRNOG00000036869	Tmem88b	3	0	1	2
1684	ENSRNOG00000008336	Tnfrsf11b	3	1	1	1
1684	ENSRNOG00000002968	Tnfsf4	3	1	1	1
1684	ENSRNOG00000045595	Tnfsf9	3	0	1	2
1684	ENSRNOG00000002548	Tnn	3	0	1	2
1684	ENSRNOG00000018250	Tnni3	3	0	0	3
1684	ENSRNOG00000002566	Tnp2	3	1	1	1
1684	ENSRNOG00000024907	Tnrc6b	3	0	0	3
1684	ENSRNOG00000002828	Tob1	3	1	2	0
1684	ENSRNOG00000053047	Top2a	3	0	0	3
1684	ENSRNOG00000006485	Topors	3	0	0	3
1684	ENSRNOG00000059344	Tpcn1	3	0	1	2
1684	ENSRNOG00000018184	Tpm1	3	2	0	1
1684	ENSRNOG00000051627	Tra2b-ps3	3	0	2	1
1684	ENSRNOG00000029141	Trabd2b	3	0	1	2
1684	ENSRNOG00000042276	Trappc2	3	0	1	2
1684	ENSRNOG00000009075	Trim13	3	0	1	2
1684	ENSRNOG00000010124	Trim2	3	1	0	2
1684	ENSRNOG00000018356	Trim3	3	1	1	1
1684	ENSRNOG00000011253	Trmt9b	3	1	2	0
1684	ENSRNOG00000003972	Tshr	3	0	1	2
1684	ENSRNOG00000018122	Tspan17	3	0	0	3
1684	ENSRNOG00000007957	Tspoap1	3	0	1	2
1684	ENSRNOG00000032677	Tssc4	3	2	0	1
1684	ENSRNOG00000032590	Ttc28	3	0	0	3
1684	ENSRNOG00000012342	Ttc29	3	0	0	3
1684	ENSRNOG00000039777	Ttf1	3	1	0	2
1684	ENSRNOG00000057761	Ttf2	3	1	0	2
1684	ENSRNOG00000009076	Ttpal	3	1	1	1
1684	ENSRNOG00000032699	Ttyh1	3	0	0	3
1684	ENSRNOG00000046566	Tub	3	2	1	0
1684	ENSRNOG00000017445	Tubb2b	3	0	2	1
1684	ENSRNOG00000015914	U2af2	3	0	0	3
1684	ENSRNOG00000008607	U2surp	3	0	0	3
1684	ENSRNOG00000019164	Uba1	3	0	0	3
1684	ENSRNOG00000063304	Ube2e3-ps2	3	1	2	0
1684	ENSRNOG00000007442	Ubl7	3	0	3	0
1684	ENSRNOG00000020937	Ubtf	3	2	1	0
1684	ENSRNOG00000019666	Ubxn1	3	0	0	3
1684	ENSRNOG00000015644	Ugcg	3	0	2	1
1684	ENSRNOG00000025909	Uqcc2	3	1	1	1
1684	ENSRNOG00000032492	Usp22	3	0	0	3
1684	ENSRNOG00000001059	Usp42	3	1	1	1
1684	ENSRNOG00000013866	Usp49	3	2	1	0
1684	ENSRNOG00000014660	Usp53	3	0	2	1
1684	ENSRNOG00000016381	Ust	3	0	1	2
1684	ENSRNOG00000017219	Vac14	3	0	1	2
1684	ENSRNOG00000006514	Vezt	3	2	0	1
1684	ENSRNOG00000013689	Vps18	3	1	1	1
1684	ENSRNOG00000048378	Vrtn	3	1	1	1
1684	ENSRNOG00000053145	Vwa8	3	0	1	2
1684	ENSRNOG00000004359	Wars	3	0	0	3
1684	ENSRNOG00000020020	Wbp1l	3	1	0	2
1684	ENSRNOG00000057476	Wbp4-ps1	3	0	0	3
1684	ENSRNOG00000012379	Wdr18	3	0	2	1
1684	ENSRNOG00000004733	Wdr25	3	0	0	3
1684	ENSRNOG00000022857	Wdr92	3	0	0	3
1684	ENSRNOG00000006217	Wiz	3	1	1	1
1684	ENSRNOG00000003807	Wnt9b	3	0	0	3
1684	ENSRNOG00000009576	Xpa	3	0	0	3
1684	ENSRNOG00000012084	Xpnpep1	3	0	1	2
1684	ENSRNOG00000027015	Ythdf1	3	1	1	1
1684	ENSRNOG00000055471	Ywhah	3	1	1	1
1684	ENSRNOG00000012470	Zc3h12c	3	0	0	3
1684	ENSRNOG00000002882	Zcchc2	3	2	1	0
1684	ENSRNOG00000021787	Zfp217	3	0	0	3
1684	ENSRNOG00000030308	Zfp251	3	0	1	2
1684	ENSRNOG00000027436	Zfp324	3	0	3	0
1684	ENSRNOG00000017086	Zfp341	3	1	1	1
1684	ENSRNOG00000048101	Zfp397	3	0	0	3
1684	ENSRNOG00000014237	Zfp503	3	0	0	3
1684	ENSRNOG00000042826	Zfp52	3	0	1	2
1684	ENSRNOG00000012434	Zfp598	3	0	1	2
1684	ENSRNOG00000014199	Zfp703	3	0	0	3
1684	ENSRNOG00000016279	Zfp865	3	1	1	1
1684	ENSRNOG00000055000	Zkscan3	3	0	0	3
1684	ENSRNOG00000010488	Zmiz1	3	0	2	1
1684	ENSRNOG00000019028	Znrf1	3	1	0	2
1684	ENSRNOG00000067305	Znrf3	3	0	1	2
1684	ENSRNOG00000014528	Zswim6	3	0	1	2
2883	ENSRNOG00000064179	1700028J19Rikl	2	0	1	1
2883	ENSRNOG00000004066	1700056E22Rik	2	0	1	1
2883	ENSRNOG00000040095	1700067P10Rikl	2	0	0	2
2883	ENSRNOG00000037485	2200002J24Rikl	2	0	0	2
2883	ENSRNOG00000006986	2700097O09Rikl	2	0	1	1
2883	ENSRNOG00000046714	4932415M13Rikl	2	1	0	1
2883	ENSRNOG00000046037	AABR07002384.1	2	0	1	1
2883	ENSRNOG00000051284	AABR07002945.2	2	0	0	2
2883	ENSRNOG00000051102	AABR07004269.3	2	0	0	2
2883	ENSRNOG00000022941	AABR07004746	2	0	1	1
2883	ENSRNOG00000060840	AABR07005031.3	2	0	1	1
2883	ENSRNOG00000054418	AABR07005779.3	2	0	0	2
2883	ENSRNOG00000042679	AABR07006860	2	0	1	1
2883	ENSRNOG00000013993	AABR07007000	2	0	0	2
2883	ENSRNOG00000046333	AABR07007032.1	2	0	1	1
2883	ENSRNOG00000056969	AABR07008911.1	2	0	1	1
2883	ENSRNOG00000053939	AABR07010787.1	2	0	1	1
2883	ENSRNOG00000055038	AABR07013302	2	0	1	1
2883	ENSRNOG00000051648	AABR07016566.1	2	0	0	2
2883	ENSRNOG00000051196	AABR07018038	2	1	0	1
2883	ENSRNOG00000058096	AABR07021704	2	0	0	2
2883	ENSRNOG00000059863	AABR07022168.1	2	0	2	0
2883	ENSRNOG00000053140	AABR07027866.1	2	0	0	2
2883	ENSRNOG00000013237	AABR07027925.1	2	0	0	2
2883	ENSRNOG00000031525	AABR07029955.1	2	0	0	2
2883	ENSRNOG00000042868	AABR07030359	2	0	1	1
2883	ENSRNOG00000055533	AABR07030435.1	2	0	1	1
2883	ENSRNOG00000018224	AABR07033020.1	2	0	0	2
2883	ENSRNOG00000033603	AABR07034315.1	2	1	1	0
2883	ENSRNOG00000038370	AABR07034632	2	0	0	2
2883	ENSRNOG00000039819	AABR07035338.1	2	0	0	2
2883	ENSRNOG00000051159	AABR07038578.1	2	0	1	1
2883	ENSRNOG00000000320	AABR07045462	2	0	0	2
2883	ENSRNOG00000062079	AABR07047191.1	2	0	1	1
2883	ENSRNOG00000062174	AABR07047316.1	2	0	1	1
2883	ENSRNOG00000053139	AABR07048648.1	2	0	0	2
2883	ENSRNOG00000030107	AABR07049329	2	0	0	2
2883	ENSRNOG00000030938	AABR07049499	2	0	0	2
2883	ENSRNOG00000047185	AABR07049994	2	0	1	1
2883	ENSRNOG00000055886	AABR07051399.1	2	0	2	0
2883	ENSRNOG00000059243	AABR07051787.1	2	0	0	2
2883	ENSRNOG00000022637	AABR07052585	2	0	0	2
2883	ENSRNOG00000054235	AABR07053172	2	0	1	1
2883	ENSRNOG00000054801	AABR07057997.1	2	0	1	1
2883	ENSRNOG00000032847	AABR07060145	2	0	0	2
2883	ENSRNOG00000056059	AABR07060352	2	0	0	2
2883	ENSRNOG00000059964	AABR07061825.2	2	1	0	1
2883	ENSRNOG00000046896	AABR07064392.1	2	0	1	1
2883	ENSRNOG00000056128	AABR07064719	2	0	1	1
2883	ENSRNOG00000006599	AABR07064983	2	1	1	0
2883	ENSRNOG00000058352	AABR07065699	2	0	1	1
2883	ENSRNOG00000050118	AABR07065750	2	0	0	2
2883	ENSRNOG00000047581	AABR07066700	2	2	0	0
2883	ENSRNOG00000053030	AABR07068274.1	2	0	0	2
2883	ENSRNOG00000061154	AABR07069821.1	2	0	1	1
2883	ENSRNOG00000050630	AABR07070043	2	1	0	1
2883	ENSRNOG00000053282	AABR07070594	2	0	1	1
2883	ENSRNOG00000056409	AABR07070669.1	2	0	0	2
2883	ENSRNOG00000060888	AABR07070689	2	0	1	1
2883	ENSRNOG00000045741	AABR07071891.2	2	0	0	2
2883	ENSRNOG00000020996	AABR07072017	2	0	1	1
2883	ENSRNOG00000032877	AABR07072261	2	0	1	1
2883	ENSRNOG00000028114	AC096051	2	0	2	0
2883	ENSRNOG00000060905	AC111831	2	0	1	1
2883	ENSRNOG00000056335	AC113635.2	2	0	2	0
2883	ENSRNOG00000052414	AC123185.2	2	0	0	2
2883	ENSRNOG00000033141	AC123280.1	2	0	0	2
2883	ENSRNOG00000061945	AC126482.2	2	0	1	1
2883	ENSRNOG00000038045	AC128960	2	0	0	2
2883	ENSRNOG00000056968	AC130862.2	2	0	2	0
2883	ENSRNOG00000021723	AC139642	2	0	0	2
2883	ENSRNOG00000046724	AC141526	2	0	0	2
2883	ENSRNOG00000013445	Aaas	2	1	1	0
2883	ENSRNOG00000011861	Aadat	2	0	2	0
2883	ENSRNOG00000018886	Aaed1	2	0	1	1
2883	ENSRNOG00000025808	Aars2	2	2	0	0
2883	ENSRNOG00000018126	Abca1	2	0	1	1
2883	ENSRNOG00000001082	Abcb9	2	0	1	1
2883	ENSRNOG00000047356	Abl1	2	0	1	1
2883	ENSRNOG00000019365	Ablim3	2	1	0	1
2883	ENSRNOG00000007999	Abra	2	0	1	1
2883	ENSRNOG00000067803	Acaa1b	2	0	0	2
2883	ENSRNOG00000014178	Acad9	2	0	0	2
2883	ENSRNOG00000003108	Acbd4	2	0	2	0
2883	ENSRNOG00000016480	Acbd7	2	0	0	2
2883	ENSRNOG00000038973	Acd	2	0	1	1
2883	ENSRNOG00000050841	Ache	2	0	0	2
2883	ENSRNOG00000053460	Acot3	2	0	0	2
2883	ENSRNOG00000010580	Acot7	2	1	0	1
2883	ENSRNOG00000008474	Acox3	2	0	0	2
2883	ENSRNOG00000014718	Acsl3	2	0	1	1
2883	ENSRNOG00000018755	Acss2	2	0	1	1
2883	ENSRNOG00000027908	Actrt3	2	0	0	2
2883	ENSRNOG00000042478	Adam22	2	0	0	2
2883	ENSRNOG00000061484	Adamts2	2	0	0	2
2883	ENSRNOG00000054033	Adap1	2	2	0	0
2883	ENSRNOG00000030775	Adarb2	2	0	0	2
2883	ENSRNOG00000010005	Adck2	2	0	1	1
2883	ENSRNOG00000059479	Adcy1	2	0	2	0
2883	ENSRNOG00000020401	Adcy4	2	1	1	0
2883	ENSRNOG00000049768	Adcy9	2	1	1	0
2883	ENSRNOG00000016306	Adgrv1	2	0	1	1
2883	ENSRNOG00000046357	Adh4	2	1	0	1
2883	ENSRNOG00000007990	Adipor2	2	0	2	0
2883	ENSRNOG00000017002	Adrb1	2	0	1	1
2883	ENSRNOG00000017965	Afg3l2	2	0	1	1
2883	ENSRNOG00000002889	Afp	2	0	1	1
2883	ENSRNOG00000005023	Agr2	2	0	1	1
2883	ENSRNOG00000014721	Ahrr	2	0	0	2
2883	ENSRNOG00000049056	Ak1	2	1	1	0
2883	ENSRNOG00000021497	Akt3	2	0	2	0
2883	ENSRNOG00000023538	Aldh5a1	2	1	1	0
2883	ENSRNOG00000011528	Alg14	2	0	1	1
2883	ENSRNOG00000047089	Alkbh7	2	0	0	2
2883	ENSRNOG00000011659	Alpk3	2	0	1	1
2883	ENSRNOG00000013954	Alpl	2	1	1	0
2883	ENSRNOG00000007032	Amigo2	2	0	0	2
2883	ENSRNOG00000018656	Ampd1	2	0	0	2
2883	ENSRNOG00000016965	Anapc1	2	0	2	0
2883	ENSRNOG00000008459	Anapc13	2	0	1	1
2883	ENSRNOG00000019936	Anapc15	2	0	1	1
2883	ENSRNOG00000001283	Anapc7	2	0	0	2
2883	ENSRNOG00000003991	Ankar	2	0	0	2
2883	ENSRNOG00000015554	Ankdd1a	2	0	1	1
2883	ENSRNOG00000064511	Ankfn1	2	0	0	2
2883	ENSRNOG00000018598	Ankrd1	2	1	0	1
2883	ENSRNOG00000002940	Ankrd17	2	0	1	1
2883	ENSRNOG00000019190	Ankrd22	2	0	1	1
2883	ENSRNOG00000016151	Ankrd23	2	0	0	2
2883	ENSRNOG00000031335	Ankrd37	2	0	1	1
2883	ENSRNOG00000009664	Ankrd42	2	0	0	2
2883	ENSRNOG00000007110	Ankrd6	2	0	0	2
2883	ENSRNOG00000024870	Anks1b	2	0	1	1
2883	ENSRNOG00000023309	Anks6	2	0	0	2
2883	ENSRNOG00000008678	Antxr1	2	1	1	0
2883	ENSRNOG00000017505	Aopep	2	0	0	2
2883	ENSRNOG00000062125	Aox3	2	0	0	2
2883	ENSRNOG00000014454	Ap1m1	2	0	0	2
2883	ENSRNOG00000010624	Ap3b1	2	0	0	2
2883	ENSRNOG00000003829	Ap3s1	2	0	0	2
2883	ENSRNOG00000043141	Ap3s2	2	1	1	0
2883	ENSRNOG00000020423	Apc	2	0	1	1
2883	ENSRNOG00000043304	Apcdd1	2	0	1	1
2883	ENSRNOG00000005542	Apob	2	1	1	0
2883	ENSRNOG00000016852	Apobec3	2	0	1	1
2883	ENSRNOG00000028089	Apobec4	2	0	1	1
2883	ENSRNOG00000017403	Apobr	2	1	0	1
2883	ENSRNOG00000055527	Arap3	2	0	0	2
2883	ENSRNOG00000043465	Arc	2	0	2	0
2883	ENSRNOG00000004791	Arf6	2	0	1	1
2883	ENSRNOG00000043150	Arfgap1	2	1	0	1
2883	ENSRNOG00000014429	Arfgap2	2	0	0	2
2883	ENSRNOG00000013152	Arhgap10	2	0	0	2
2883	ENSRNOG00000013836	Arhgap17	2	2	0	0
2883	ENSRNOG00000048166	Arhgap19	2	0	2	0
2883	ENSRNOG00000056944	Arhgap24	2	0	0	2
2883	ENSRNOG00000013920	Arhgap26	2	0	1	1
2883	ENSRNOG00000028569	Arhgap27	2	0	0	2
2883	ENSRNOG00000020027	Arhgef2	2	2	0	0
2883	ENSRNOG00000006137	Arid1a	2	1	1	0
2883	ENSRNOG00000004891	Arl14ep	2	0	0	2
2883	ENSRNOG00000011105	Arl15	2	0	1	1
2883	ENSRNOG00000068448	Arl15	2	0	1	1
2883	ENSRNOG00000055860	Arl8b	2	0	2	0
2883	ENSRNOG00000026217	Armc2	2	0	0	2
2883	ENSRNOG00000037707	Armcx6	2	0	2	0
2883	ENSRNOG00000000996	Arpc1a	2	1	0	1
2883	ENSRNOG00000063103	Arpp19	2	0	1	1
2883	ENSRNOG00000002904	Arr3	2	0	0	2
2883	ENSRNOG00000003931	Arsg	2	0	1	1
2883	ENSRNOG00000001888	Arvcf	2	1	1	0
2883	ENSRNOG00000009197	Asb4	2	0	0	2
2883	ENSRNOG00000024786	Asb6	2	1	0	1
2883	ENSRNOG00000004294	Ascl1	2	0	1	1
2883	ENSRNOG00000003942	Asdurf	2	0	0	2
2883	ENSRNOG00000020386	Ash1l	2	0	0	2
2883	ENSRNOG00000027213	Asphd1	2	0	0	2
2883	ENSRNOG00000013059	Aste1	2	0	0	2
2883	ENSRNOG00000003745	Atf3	2	0	1	1
2883	ENSRNOG00000017801	Atf4	2	0	0	2
2883	ENSRNOG00000024632	Atf6	2	0	1	1
2883	ENSRNOG00000015269	Atf7	2	1	0	1
2883	ENSRNOG00000000157	Atg12	2	0	0	2
2883	ENSRNOG00000017913	Atg16l1	2	0	1	1
2883	ENSRNOG00000008767	Atg4c	2	0	0	2
2883	ENSRNOG00000001714	Atp13a4	2	0	0	2
2883	ENSRNOG00000045629	Atp23	2	0	0	2
2883	ENSRNOG00000004026	Atp2b1	2	0	0	2
2883	ENSRNOG00000049912	Atp5f1e	2	0	1	1
2883	ENSRNOG00000003626	Atp5h	2	0	2	0
2883	ENSRNOG00000001991	Atp5po	2	0	0	2
2883	ENSRNOG00000004893	Atp5s	2	0	0	2
2883	ENSRNOG00000004846	Atp6v1c1	2	0	0	2
2883	ENSRNOG00000000840	Atp6v1g2	2	1	1	0
2883	ENSRNOG00000034200	Atp8a1	2	0	0	2
2883	ENSRNOG00000014637	Atxn10	2	0	0	2
2883	ENSRNOG00000004400	Avpr1a	2	0	1	1
2883	ENSRNOG00000003251	B3galt2	2	0	0	2
2883	ENSRNOG00000004839	B4galnt1	2	0	2	0
2883	ENSRNOG00000015895	B4galt6	2	1	1	0
2883	ENSRNOG00000004697	Baalc	2	1	1	0
2883	ENSRNOG00000010428	Bahd1	2	0	0	2
2883	ENSRNOG00000001007	Baiap2l1	2	0	1	1
2883	ENSRNOG00000000485	Bak1	2	0	1	1
2883	ENSRNOG00000019020	Bbs2	2	0	1	1
2883	ENSRNOG00000018783	Bcas2	2	0	0	2
2883	ENSRNOG00000034240	Bcor	2	0	1	1
2883	ENSRNOG00000047466	Bdnf	2	0	1	1
2883	ENSRNOG00000052376	Bend6	2	1	1	0
2883	ENSRNOG00000031930	Bin2	2	0	0	2
2883	ENSRNOG00000043311	Birc7	2	0	1	1
2883	ENSRNOG00000016585	Bmi1	2	0	0	2
2883	ENSRNOG00000017243	Bnip3	2	0	2	0
2883	ENSRNOG00000002041	Boc	2	0	1	1
2883	ENSRNOG00000006513	Borcs6	2	1	1	0
2883	ENSRNOG00000026942	Brd10	2	0	1	1
2883	ENSRNOG00000014595	Brf1	2	0	1	1
2883	ENSRNOG00000012739	Brf2	2	0	2	0
2883	ENSRNOG00000001009	Bri3	2	0	0	2
2883	ENSRNOG00000008142	Brpf1	2	0	0	2
2883	ENSRNOG00000003064	Bst1	2	0	0	2
2883	ENSRNOG00000019656	Btd	2	0	0	2
2883	ENSRNOG00000028541	Btnl2	2	0	1	1
2883	ENSRNOG00000005096	Bzw2	2	0	0	2
2883	ENSRNOG00000069648	C12h12orf76	2	0	1	1
2883	ENSRNOG00000043374	C13h1orf53	2	0	0	2
2883	ENSRNOG00000021898	C17h10orf67	2	0	0	2
2883	ENSRNOG00000025245	C1h11orf24	2	1	1	0
2883	ENSRNOG00000036641	C1h11orf86	2	0	0	2
2883	ENSRNOG00000014966	C1h19orf12	2	0	0	2
2883	ENSRNOG00000051330	C1h9orf57	2	0	1	1
2883	ENSRNOG00000012749	C1qb	2	0	0	2
2883	ENSRNOG00000003870	C1qtnf2	2	0	0	2
2883	ENSRNOG00000009140	C1qtnf4	2	0	0	2
2883	ENSRNOG00000055564	C3h11orf96	2	0	2	0
2883	ENSRNOG00000026864	C4h12orf71	2	0	2	0
2883	ENSRNOG00000024338	C6h2orf50	2	0	1	1
2883	ENSRNOG00000061379	C7	2	0	0	2
2883	ENSRNOG00000013736	C9	2	0	0	2
2883	ENSRNOG00000012795	Cables1	2	0	2	0
2883	ENSRNOG00000004560	Cacna1b	2	0	0	2
2883	ENSRNOG00000030840	Cadm2	2	0	0	2
2883	ENSRNOG00000016977	Calb2	2	0	1	1
2883	ENSRNOG00000026086	Calhm3	2	0	1	1
2883	ENSRNOG00000052080	Camk2b	2	0	1	1
2883	ENSRNOG00000030629	Camkmt	2	0	1	1
2883	ENSRNOG00000013668	Capg	2	0	0	2
2883	ENSRNOG00000009152	Caprin1	2	0	1	1
2883	ENSRNOG00000054277	Capsl	2	0	1	1
2883	ENSRNOG00000013538	Capza1	2	1	0	1
2883	ENSRNOG00000007330	Capzb	2	0	0	2
2883	ENSRNOG00000010079	Car3	2	0	2	0
2883	ENSRNOG00000024452	Carmil2	2	0	1	1
2883	ENSRNOG00000060946	Cask	2	0	1	1
2883	ENSRNOG00000004310	Caskin2	2	1	1	0
2883	ENSRNOG00000016243	Casq2	2	1	0	1
2883	ENSRNOG00000037835	Catip	2	1	1	0
2883	ENSRNOG00000048818	Catsperd	2	1	1	0
2883	ENSRNOG00000019778	Cavin1	2	0	1	1
2883	ENSRNOG00000017914	Cavin3	2	1	1	0
2883	ENSRNOG00000016352	Cbfa2t2	2	0	0	2
2883	ENSRNOG00000001701	Cbr3	2	0	2	0
2883	ENSRNOG00000011814	Cbx3	2	0	2	0
2883	ENSRNOG00000059715	Cc2d2a	2	0	0	2
2883	ENSRNOG00000015997	Ccdc106	2	0	0	2
2883	ENSRNOG00000009322	Ccdc126	2	1	1	0
2883	ENSRNOG00000025643	Ccdc13	2	0	0	2
2883	ENSRNOG00000021469	Ccdc14	2	0	0	2
2883	ENSRNOG00000058785	Ccdc142	2	1	1	0
2883	ENSRNOG00000056177	Ccdc144b	2	0	0	2
2883	ENSRNOG00000032180	Ccdc15	2	0	1	1
2883	ENSRNOG00000000531	Ccdc167	2	0	1	1
2883	ENSRNOG00000068717	Ccdc167	2	0	1	1
2883	ENSRNOG00000010090	Ccdc174	2	0	0	2
2883	ENSRNOG00000033973	Ccdc177	2	1	1	0
2883	ENSRNOG00000005902	Ccdc34	2	1	0	1
2883	ENSRNOG00000020688	Ccdc51	2	2	0	0
2883	ENSRNOG00000034266	Ccdc63	2	0	0	2
2883	ENSRNOG00000039207	Ccdc71l	2	0	0	2
2883	ENSRNOG00000065519	Ccdc71l	2	0	0	2
2883	ENSRNOG00000009462	Ccdc90b	2	0	1	1
2883	ENSRNOG00000002514	Ccdc93	2	1	1	0
2883	ENSRNOG00000006575	Ccdc96	2	0	0	2
2883	ENSRNOG00000014831	Ccin	2	0	1	1
2883	ENSRNOG00000017679	Cckbr	2	0	1	1
2883	ENSRNOG00000016278	Ccl17	2	1	1	0
2883	ENSRNOG00000028548	Ccl9	2	0	0	2
2883	ENSRNOG00000015036	Ccn2	2	0	0	2
2883	ENSRNOG00000055111	Ccnb2-ps2	2	0	0	2
2883	ENSRNOG00000002125	Ccni	2	0	1	1
2883	ENSRNOG00000009642	Cct4	2	0	2	0
2883	ENSRNOG00000000304	Cd164	2	1	1	0
2883	ENSRNOG00000015821	Cd2	2	0	0	2
2883	ENSRNOG00000003298	Cd247	2	0	0	2
2883	ENSRNOG00000010283	Cd28	2	0	0	2
2883	ENSRNOG00000045558	Cd34	2	1	1	0
2883	ENSRNOG00000001964	Cd47	2	0	1	1
2883	ENSRNOG00000020451	Cd81	2	2	0	0
2883	ENSRNOG00000000047	Cd82	2	0	0	2
2883	ENSRNOG00000019556	Cd9	2	1	1	0
2883	ENSRNOG00000000581	Cdc40	2	0	1	1
2883	ENSRNOG00000032136	Cdc42ep3	2	0	0	2
2883	ENSRNOG00000028946	Cdc42ep4	2	1	1	0
2883	ENSRNOG00000042449	Cdc42se2	2	0	2	0
2883	ENSRNOG00000070046	Cdc45	2	0	0	2
2883	ENSRNOG00000052405	Cdh4	2	0	0	2
2883	ENSRNOG00000028430	Cdk12	2	1	1	0
2883	ENSRNOG00000000583	Cdk19	2	0	2	0
2883	ENSRNOG00000068243	Cdk5r1	2	0	1	1
2883	ENSRNOG00000040266	Cdkl4	2	0	0	2
2883	ENSRNOG00000005024	Cdkn2aipnl	2	0	1	1
2883	ENSRNOG00000008956	Cdkn2c	2	0	0	2
2883	ENSRNOG00000026493	Cdnf	2	0	0	2
2883	ENSRNOG00000032846	Cdpf1	2	0	1	1
2883	ENSRNOG00000010186	Cdv3	2	0	0	2
2883	ENSRNOG00000004725	Cela1	2	0	0	2
2883	ENSRNOG00000010379	Celf1	2	0	1	1
2883	ENSRNOG00000022597	Cenpj	2	1	0	1
2883	ENSRNOG00000024557	Cep112	2	0	0	2
2883	ENSRNOG00000017035	Cep120	2	0	0	2
2883	ENSRNOG00000003908	Cep128	2	0	0	2
2883	ENSRNOG00000065817	Cep152	2	0	1	1
2883	ENSRNOG00000042879	Cep192	2	0	1	1
2883	ENSRNOG00000016249	Cep85	2	0	2	0
2883	ENSRNOG00000048563	Cetn3	2	0	0	2
2883	ENSRNOG00000050877	Cetn3	2	0	0	2
2883	ENSRNOG00000017959	Cfap100	2	1	0	1
2883	ENSRNOG00000039315	Cfap157	2	0	1	1
2883	ENSRNOG00000003901	Cfap36	2	0	0	2
2883	ENSRNOG00000056996	Cfap65	2	0	0	2
2883	ENSRNOG00000032192	Cfap97	2	0	0	2
2883	ENSRNOG00000030715	Cfh	2	0	0	2
2883	ENSRNOG00000046191	Cgas	2	0	1	1
2883	ENSRNOG00000019141	Ch25h	2	0	0	2
2883	ENSRNOG00000011268	Chd5	2	0	1	1
2883	ENSRNOG00000012323	Cherp	2	0	0	2
2883	ENSRNOG00000028072	Chit1	2	0	0	2
2883	ENSRNOG00000067369	Chml	2	0	1	1
2883	ENSRNOG00000018394	Chrdl2	2	0	1	1
2883	ENSRNOG00000006397	Chrm5	2	0	1	1
2883	ENSRNOG00000010853	Chrna7	2	0	1	1
2883	ENSRNOG00000014427	Chrnb4	2	0	2	0
2883	ENSRNOG00000019527	Chrnd	2	0	0	2
2883	ENSRNOG00000008885	Chst11	2	0	1	1
2883	ENSRNOG00000016267	Chst15	2	0	0	2
2883	ENSRNOG00000012760	Chtop	2	0	1	1
2883	ENSRNOG00000033498	Cib1	2	0	0	2
2883	ENSRNOG00000002659	Ciita	2	0	0	2
2883	ENSRNOG00000008691	Cilk1	2	0	2	0
2883	ENSRNOG00000000610	Cisd1	2	1	1	0
2883	ENSRNOG00000046607	Cited4	2	1	1	0
2883	ENSRNOG00000016837	Ckm	2	0	1	1
2883	ENSRNOG00000046000	Clasrp	2	0	0	2
2883	ENSRNOG00000008345	Clcn6	2	0	1	1
2883	ENSRNOG00000009897	Clcnkb	2	0	1	1
2883	ENSRNOG00000001926	Cldn1	2	0	2	0
2883	ENSRNOG00000065155	Clec20a	2	0	0	2
2883	ENSRNOG00000007164	Cln6	2	0	0	2
2883	ENSRNOG00000047052	Clpp	2	0	0	2
2883	ENSRNOG00000045532	Cmklr2	2	0	0	2
2883	ENSRNOG00000027888	Cmss1	2	0	0	2
2883	ENSRNOG00000051950	Cnga3	2	0	1	1
2883	ENSRNOG00000017609	Cnga4	2	0	1	1
2883	ENSRNOG00000022724	Cnih3	2	0	1	1
2883	ENSRNOG00000011559	Cnn3	2	0	0	2
2883	ENSRNOG00000052305	Cnot10	2	0	1	1
2883	ENSRNOG00000017496	Cnp	2	1	1	0
2883	ENSRNOG00000027175	Cnpy4	2	0	0	2
2883	ENSRNOG00000008223	Cnr1	2	0	0	2
2883	ENSRNOG00000009033	Cntn2	2	0	1	1
2883	ENSRNOG00000027016	Cobll1	2	0	0	2
2883	ENSRNOG00000018228	Cog2	2	0	0	2
2883	ENSRNOG00000013660	Cog6	2	0	0	2
2883	ENSRNOG00000010326	Col20a1	2	1	0	1
2883	ENSRNOG00000003349	Col23a1	2	0	0	2
2883	ENSRNOG00000003357	Col3a1	2	1	1	0
2883	ENSRNOG00000023972	Col4a2	2	0	2	0
2883	ENSRNOG00000001249	Col6a1	2	0	1	1
2883	ENSRNOG00000019648	Col6a3	2	1	1	0
2883	ENSRNOG00000004755	Commd9	2	0	0	2
2883	ENSRNOG00000009225	Copz2	2	0	0	2
2883	ENSRNOG00000017012	Coq7	2	0	0	2
2883	ENSRNOG00000003052	Cox18	2	1	1	0
2883	ENSRNOG00000017817	Cox4i1	2	1	0	1
2883	ENSRNOG00000001170	Cox6a1	2	0	2	0
2883	ENSRNOG00000028092	Cpa2	2	0	0	2
2883	ENSRNOG00000043387	Cpe	2	1	1	0
2883	ENSRNOG00000000522	Cpne5	2	0	2	0
2883	ENSRNOG00000005733	Cpsf2	2	0	1	1
2883	ENSRNOG00000018366	Cracdl	2	0	1	1
2883	ENSRNOG00000016452	Creb3	2	0	1	1
2883	ENSRNOG00000007478	Cry2	2	1	0	1
2883	ENSRNOG00000028014	Cryzl1	2	0	1	1
2883	ENSRNOG00000016620	Csnk1g1	2	0	1	1
2883	ENSRNOG00000000847	Csnk2b	2	0	0	2
2883	ENSRNOG00000039582	Cspg4b	2	0	1	1
2883	ENSRNOG00000003772	Csrp2	2	0	0	2
2883	ENSRNOG00000004808	Cst11	2	0	1	1
2883	ENSRNOG00000005178	Cstdc2	2	0	1	1
2883	ENSRNOG00000004779	Cstl1	2	0	1	1
2883	ENSRNOG00000068220	Ctdsp2	2	2	0	0
2883	ENSRNOG00000004578	Cthrc1	2	0	1	1
2883	ENSRNOG00000054172	Ctnnb1	2	0	0	2
2883	ENSRNOG00000030790	Ctnnd1	2	0	1	1
2883	ENSRNOG00000013745	Ctrc	2	1	0	1
2883	ENSRNOG00000066128	Ctso	2	0	1	1
2883	ENSRNOG00000001424	Cux1	2	0	2	0
2883	ENSRNOG00000013252	Cwc27	2	0	0	2
2883	ENSRNOG00000002802	Cxcl1	2	0	0	2
2883	ENSRNOG00000002792	Cxcl2	2	0	0	2
2883	ENSRNOG00000003866	Cxcr4	2	0	0	2
2883	ENSRNOG00000014614	Cxxc1	2	0	1	1
2883	ENSRNOG00000045764	Cxxc4	2	1	0	1
2883	ENSRNOG00000006557	Cyfip2	2	0	1	1
2883	ENSRNOG00000014048	Cyld	2	1	1	0
2883	ENSRNOG00000046214	Cyp27b1	2	0	1	1
2883	ENSRNOG00000004786	Cyp4f1	2	0	0	2
2883	ENSRNOG00000043233	Cyp4f6	2	0	0	2
2883	ENSRNOG00000052758	Cyria	2	1	1	0
2883	ENSRNOG00000021051	Cyth2	2	0	1	1
2883	ENSRNOG00000008834	Dach1	2	0	0	2
2883	ENSRNOG00000020373	Dap3	2	0	0	2
2883	ENSRNOG00000016247	Daw1	2	1	1	0
2883	ENSRNOG00000009993	Dcps	2	0	0	2
2883	ENSRNOG00000023383	Ddx3x	2	0	0	2
2883	ENSRNOG00000053932	Ddx6	2	0	0	2
2883	ENSRNOG00000038155	Defb105a	2	0	0	2
2883	ENSRNOG00000045897	Defb15	2	0	0	2
2883	ENSRNOG00000065276	Defb15	2	0	0	2
2883	ENSRNOG00000026748	Dennd2a	2	0	1	1
2883	ENSRNOG00000029866	Dennd6b	2	0	0	2
2883	ENSRNOG00000023465	Depp1	2	1	0	1
2883	ENSRNOG00000019810	Des	2	0	0	2
2883	ENSRNOG00000038046	Dgat2l6	2	0	0	2
2883	ENSRNOG00000013521	Dhfr	2	0	1	1
2883	ENSRNOG00000005589	Dhrs7	2	1	0	1
2883	ENSRNOG00000025648	Dhrs7l1	2	0	1	1
2883	ENSRNOG00000015288	Dip2c	2	0	1	1
2883	ENSRNOG00000026787	Disp2	2	0	1	1
2883	ENSRNOG00000022635	Dlg2	2	0	0	2
2883	ENSRNOG00000059984	Dll1	2	1	1	0
2883	ENSRNOG00000024093	Dmrta1	2	0	1	1
2883	ENSRNOG00000005233	Dnaaf11	2	0	1	1
2883	ENSRNOG00000028155	Dnaaf2	2	0	0	2
2883	ENSRNOG00000048363	Dnah5	2	0	0	2
2883	ENSRNOG00000013011	Dnajb4	2	1	1	0
2883	ENSRNOG00000000130	Dnajb5	2	0	1	1
2883	ENSRNOG00000000150	Dnajc1	2	0	1	1
2883	ENSRNOG00000051291	Dnhd1	2	0	1	1
2883	ENSRNOG00000013922	Dok2	2	0	1	1
2883	ENSRNOG00000013564	Dok3	2	0	1	1
2883	ENSRNOG00000022419	Dok7	2	0	0	2
2883	ENSRNOG00000051204	Dop1b	2	0	2	0
2883	ENSRNOG00000008086	Dpf3	2	0	1	1
2883	ENSRNOG00000070298	Dpm2	2	0	1	1
2883	ENSRNOG00000038916	Dram1	2	0	0	2
2883	ENSRNOG00000005338	Drd5	2	0	0	2
2883	ENSRNOG00000016502	Dscaml1	2	0	0	2
2883	ENSRNOG00000016526	Dsg2	2	0	0	2
2883	ENSRNOG00000059142	Dtwd2	2	0	0	2
2883	ENSRNOG00000021086	Dtx4	2	1	0	1
2883	ENSRNOG00000050381	Dus3l	2	1	1	0
2883	ENSRNOG00000004003	Dusp10	2	0	1	1
2883	ENSRNOG00000022143	Dusp23	2	0	0	2
2883	ENSRNOG00000007221	Dut	2	0	0	2
2883	ENSRNOG00000015636	Dync2i2	2	1	0	1
2883	ENSRNOG00000012450	Dynlrb2	2	0	0	2
2883	ENSRNOG00000042181	Dytn	2	0	0	2
2883	ENSRNOG00000004449	E2f6	2	0	0	2
2883	ENSRNOG00000022537	E2f8	2	0	0	2
2883	ENSRNOG00000029253	ENSRNOG00000029253	2	0	0	2
2883	ENSRNOG00000029808	ENSRNOG00000029808	2	0	0	2
2883	ENSRNOG00000037711	ENSRNOG00000037711	2	0	1	1
2883	ENSRNOG00000055018	ENSRNOG00000055018	2	0	1	1
2883	ENSRNOG00000062321	ENSRNOG00000062321	2	0	1	1
2883	ENSRNOG00000062331	ENSRNOG00000062331	2	0	0	2
2883	ENSRNOG00000062365	ENSRNOG00000062365	2	0	1	1
2883	ENSRNOG00000062376	ENSRNOG00000062376	2	0	0	2
2883	ENSRNOG00000062493	ENSRNOG00000062493	2	0	0	2
2883	ENSRNOG00000062528	ENSRNOG00000062528	2	0	0	2
2883	ENSRNOG00000062545	ENSRNOG00000062545	2	0	0	2
2883	ENSRNOG00000062709	ENSRNOG00000062709	2	1	1	0
2883	ENSRNOG00000062762	ENSRNOG00000062762	2	0	1	1
2883	ENSRNOG00000062802	ENSRNOG00000062802	2	0	0	2
2883	ENSRNOG00000062828	ENSRNOG00000062828	2	0	0	2
2883	ENSRNOG00000062845	ENSRNOG00000062845	2	0	0	2
2883	ENSRNOG00000062968	ENSRNOG00000062968	2	0	1	1
2883	ENSRNOG00000062983	ENSRNOG00000062983	2	0	1	1
2883	ENSRNOG00000063050	ENSRNOG00000063050	2	1	0	1
2883	ENSRNOG00000063073	ENSRNOG00000063073	2	0	0	2
2883	ENSRNOG00000063115	ENSRNOG00000063115	2	1	0	1
2883	ENSRNOG00000063128	ENSRNOG00000063128	2	0	2	0
2883	ENSRNOG00000063196	ENSRNOG00000063196	2	0	0	2
2883	ENSRNOG00000063288	ENSRNOG00000063288	2	0	0	2
2883	ENSRNOG00000063305	ENSRNOG00000063305	2	0	2	0
2883	ENSRNOG00000063342	ENSRNOG00000063342	2	0	1	1
2883	ENSRNOG00000063394	ENSRNOG00000063394	2	0	0	2
2883	ENSRNOG00000063395	ENSRNOG00000063395	2	0	1	1
2883	ENSRNOG00000063446	ENSRNOG00000063446	2	0	0	2
2883	ENSRNOG00000063593	ENSRNOG00000063593	2	0	0	2
2883	ENSRNOG00000063670	ENSRNOG00000063670	2	0	0	2
2883	ENSRNOG00000063673	ENSRNOG00000063673	2	0	1	1
2883	ENSRNOG00000063691	ENSRNOG00000063691	2	0	0	2
2883	ENSRNOG00000063706	ENSRNOG00000063706	2	0	0	2
2883	ENSRNOG00000063737	ENSRNOG00000063737	2	0	0	2
2883	ENSRNOG00000063787	ENSRNOG00000063787	2	1	0	1
2883	ENSRNOG00000063951	ENSRNOG00000063951	2	0	0	2
2883	ENSRNOG00000064182	ENSRNOG00000064182	2	2	0	0
2883	ENSRNOG00000064211	ENSRNOG00000064211	2	0	1	1
2883	ENSRNOG00000064214	ENSRNOG00000064214	2	0	0	2
2883	ENSRNOG00000064241	ENSRNOG00000064241	2	0	0	2
2883	ENSRNOG00000064276	ENSRNOG00000064276	2	0	2	0
2883	ENSRNOG00000064278	ENSRNOG00000064278	2	0	1	1
2883	ENSRNOG00000064332	ENSRNOG00000064332	2	0	0	2
2883	ENSRNOG00000064469	ENSRNOG00000064469	2	0	0	2
2883	ENSRNOG00000064562	ENSRNOG00000064562	2	0	1	1
2883	ENSRNOG00000064596	ENSRNOG00000064596	2	0	1	1
2883	ENSRNOG00000064603	ENSRNOG00000064603	2	1	1	0
2883	ENSRNOG00000064609	ENSRNOG00000064609	2	0	1	1
2883	ENSRNOG00000064621	ENSRNOG00000064621	2	0	0	2
2883	ENSRNOG00000064623	ENSRNOG00000064623	2	0	0	2
2883	ENSRNOG00000064640	ENSRNOG00000064640	2	0	1	1
2883	ENSRNOG00000064648	ENSRNOG00000064648	2	1	1	0
2883	ENSRNOG00000064675	ENSRNOG00000064675	2	0	0	2
2883	ENSRNOG00000064695	ENSRNOG00000064695	2	0	1	1
2883	ENSRNOG00000064728	ENSRNOG00000064728	2	0	1	1
2883	ENSRNOG00000064838	ENSRNOG00000064838	2	0	1	1
2883	ENSRNOG00000064884	ENSRNOG00000064884	2	0	1	1
2883	ENSRNOG00000064955	ENSRNOG00000064955	2	0	1	1
2883	ENSRNOG00000064961	ENSRNOG00000064961	2	0	1	1
2883	ENSRNOG00000064965	ENSRNOG00000064965	2	0	2	0
2883	ENSRNOG00000065203	ENSRNOG00000065203	2	0	0	2
2883	ENSRNOG00000065253	ENSRNOG00000065253	2	0	1	1
2883	ENSRNOG00000065287	ENSRNOG00000065287	2	0	0	2
2883	ENSRNOG00000065292	ENSRNOG00000065292	2	1	0	1
2883	ENSRNOG00000065346	ENSRNOG00000065346	2	0	1	1
2883	ENSRNOG00000065363	ENSRNOG00000065363	2	0	1	1
2883	ENSRNOG00000065380	ENSRNOG00000065380	2	0	1	1
2883	ENSRNOG00000065405	ENSRNOG00000065405	2	0	2	0
2883	ENSRNOG00000065442	ENSRNOG00000065442	2	0	0	2
2883	ENSRNOG00000065520	ENSRNOG00000065520	2	0	0	2
2883	ENSRNOG00000065521	ENSRNOG00000065521	2	0	0	2
2883	ENSRNOG00000065566	ENSRNOG00000065566	2	0	0	2
2883	ENSRNOG00000065653	ENSRNOG00000065653	2	0	1	1
2883	ENSRNOG00000065781	ENSRNOG00000065781	2	0	0	2
2883	ENSRNOG00000065878	ENSRNOG00000065878	2	0	0	2
2883	ENSRNOG00000065909	ENSRNOG00000065909	2	0	0	2
2883	ENSRNOG00000065925	ENSRNOG00000065925	2	0	0	2
2883	ENSRNOG00000065957	ENSRNOG00000065957	2	0	0	2
2883	ENSRNOG00000066005	ENSRNOG00000066005	2	0	1	1
2883	ENSRNOG00000066025	ENSRNOG00000066025	2	0	0	2
2883	ENSRNOG00000066037	ENSRNOG00000066037	2	1	1	0
2883	ENSRNOG00000066050	ENSRNOG00000066050	2	0	1	1
2883	ENSRNOG00000066115	ENSRNOG00000066115	2	0	0	2
2883	ENSRNOG00000066122	ENSRNOG00000066122	2	0	2	0
2883	ENSRNOG00000066148	ENSRNOG00000066148	2	0	0	2
2883	ENSRNOG00000066167	ENSRNOG00000066167	2	0	1	1
2883	ENSRNOG00000066174	ENSRNOG00000066174	2	0	0	2
2883	ENSRNOG00000066209	ENSRNOG00000066209	2	0	0	2
2883	ENSRNOG00000066271	ENSRNOG00000066271	2	0	1	1
2883	ENSRNOG00000066291	ENSRNOG00000066291	2	0	1	1
2883	ENSRNOG00000066295	ENSRNOG00000066295	2	0	0	2
2883	ENSRNOG00000066450	ENSRNOG00000066450	2	0	0	2
2883	ENSRNOG00000066491	ENSRNOG00000066491	2	0	1	1
2883	ENSRNOG00000066532	ENSRNOG00000066532	2	0	1	1
2883	ENSRNOG00000066578	ENSRNOG00000066578	2	1	1	0
2883	ENSRNOG00000066691	ENSRNOG00000066691	2	1	1	0
2883	ENSRNOG00000066718	ENSRNOG00000066718	2	0	0	2
2883	ENSRNOG00000066737	ENSRNOG00000066737	2	0	1	1
2883	ENSRNOG00000066780	ENSRNOG00000066780	2	0	1	1
2883	ENSRNOG00000066791	ENSRNOG00000066791	2	0	0	2
2883	ENSRNOG00000066804	ENSRNOG00000066804	2	1	0	1
2883	ENSRNOG00000066852	ENSRNOG00000066852	2	0	0	2
2883	ENSRNOG00000066920	ENSRNOG00000066920	2	2	0	0
2883	ENSRNOG00000066935	ENSRNOG00000066935	2	0	1	1
2883	ENSRNOG00000066945	ENSRNOG00000066945	2	0	0	2
2883	ENSRNOG00000066951	ENSRNOG00000066951	2	0	1	1
2883	ENSRNOG00000066954	ENSRNOG00000066954	2	0	0	2
2883	ENSRNOG00000066981	ENSRNOG00000066981	2	1	1	0
2883	ENSRNOG00000067004	ENSRNOG00000067004	2	0	1	1
2883	ENSRNOG00000067101	ENSRNOG00000067101	2	0	0	2
2883	ENSRNOG00000067105	ENSRNOG00000067105	2	0	1	1
2883	ENSRNOG00000067131	ENSRNOG00000067131	2	1	1	0
2883	ENSRNOG00000067137	ENSRNOG00000067137	2	0	1	1
2883	ENSRNOG00000067181	ENSRNOG00000067181	2	0	0	2
2883	ENSRNOG00000067194	ENSRNOG00000067194	2	0	0	2
2883	ENSRNOG00000067285	ENSRNOG00000067285	2	0	1	1
2883	ENSRNOG00000067337	ENSRNOG00000067337	2	0	1	1
2883	ENSRNOG00000067339	ENSRNOG00000067339	2	0	1	1
2883	ENSRNOG00000067466	ENSRNOG00000067466	2	0	0	2
2883	ENSRNOG00000067472	ENSRNOG00000067472	2	1	0	1
2883	ENSRNOG00000067476	ENSRNOG00000067476	2	0	0	2
2883	ENSRNOG00000067531	ENSRNOG00000067531	2	0	0	2
2883	ENSRNOG00000067579	ENSRNOG00000067579	2	0	0	2
2883	ENSRNOG00000067697	ENSRNOG00000067697	2	0	1	1
2883	ENSRNOG00000067724	ENSRNOG00000067724	2	0	0	2
2883	ENSRNOG00000067729	ENSRNOG00000067729	2	1	1	0
2883	ENSRNOG00000067769	ENSRNOG00000067769	2	0	0	2
2883	ENSRNOG00000067937	ENSRNOG00000067937	2	0	0	2
2883	ENSRNOG00000068103	ENSRNOG00000068103	2	0	0	2
2883	ENSRNOG00000068182	ENSRNOG00000068182	2	0	1	1
2883	ENSRNOG00000068195	ENSRNOG00000068195	2	0	1	1
2883	ENSRNOG00000068218	ENSRNOG00000068218	2	0	0	2
2883	ENSRNOG00000068226	ENSRNOG00000068226	2	0	2	0
2883	ENSRNOG00000068255	ENSRNOG00000068255	2	0	1	1
2883	ENSRNOG00000068272	ENSRNOG00000068272	2	0	1	1
2883	ENSRNOG00000068309	ENSRNOG00000068309	2	0	2	0
2883	ENSRNOG00000068408	ENSRNOG00000068408	2	0	0	2
2883	ENSRNOG00000068426	ENSRNOG00000068426	2	0	0	2
2883	ENSRNOG00000068440	ENSRNOG00000068440	2	0	0	2
2883	ENSRNOG00000068512	ENSRNOG00000068512	2	0	1	1
2883	ENSRNOG00000068534	ENSRNOG00000068534	2	1	0	1
2883	ENSRNOG00000068575	ENSRNOG00000068575	2	1	1	0
2883	ENSRNOG00000068585	ENSRNOG00000068585	2	0	0	2
2883	ENSRNOG00000068613	ENSRNOG00000068613	2	0	1	1
2883	ENSRNOG00000068705	ENSRNOG00000068705	2	0	0	2
2883	ENSRNOG00000068715	ENSRNOG00000068715	2	0	1	1
2883	ENSRNOG00000068718	ENSRNOG00000068718	2	0	0	2
2883	ENSRNOG00000068721	ENSRNOG00000068721	2	0	1	1
2883	ENSRNOG00000068729	ENSRNOG00000068729	2	0	0	2
2883	ENSRNOG00000068731	ENSRNOG00000068731	2	1	1	0
2883	ENSRNOG00000068816	ENSRNOG00000068816	2	0	1	1
2883	ENSRNOG00000068834	ENSRNOG00000068834	2	0	1	1
2883	ENSRNOG00000068838	ENSRNOG00000068838	2	2	0	0
2883	ENSRNOG00000068899	ENSRNOG00000068899	2	0	0	2
2883	ENSRNOG00000068929	ENSRNOG00000068929	2	0	1	1
2883	ENSRNOG00000068985	ENSRNOG00000068985	2	1	1	0
2883	ENSRNOG00000068994	ENSRNOG00000068994	2	0	0	2
2883	ENSRNOG00000069016	ENSRNOG00000069016	2	0	0	2
2883	ENSRNOG00000069049	ENSRNOG00000069049	2	0	0	2
2883	ENSRNOG00000069057	ENSRNOG00000069057	2	0	2	0
2883	ENSRNOG00000069064	ENSRNOG00000069064	2	0	0	2
2883	ENSRNOG00000069070	ENSRNOG00000069070	2	0	1	1
2883	ENSRNOG00000069077	ENSRNOG00000069077	2	0	1	1
2883	ENSRNOG00000069106	ENSRNOG00000069106	2	0	1	1
2883	ENSRNOG00000069130	ENSRNOG00000069130	2	0	1	1
2883	ENSRNOG00000069159	ENSRNOG00000069159	2	0	1	1
2883	ENSRNOG00000069202	ENSRNOG00000069202	2	0	1	1
2883	ENSRNOG00000069214	ENSRNOG00000069214	2	0	0	2
2883	ENSRNOG00000069219	ENSRNOG00000069219	2	1	1	0
2883	ENSRNOG00000069227	ENSRNOG00000069227	2	0	1	1
2883	ENSRNOG00000069232	ENSRNOG00000069232	2	0	1	1
2883	ENSRNOG00000069272	ENSRNOG00000069272	2	0	2	0
2883	ENSRNOG00000069275	ENSRNOG00000069275	2	0	0	2
2883	ENSRNOG00000069326	ENSRNOG00000069326	2	0	0	2
2883	ENSRNOG00000069336	ENSRNOG00000069336	2	0	1	1
2883	ENSRNOG00000069359	ENSRNOG00000069359	2	0	0	2
2883	ENSRNOG00000069452	ENSRNOG00000069452	2	0	0	2
2883	ENSRNOG00000069480	ENSRNOG00000069480	2	0	2	0
2883	ENSRNOG00000069486	ENSRNOG00000069486	2	0	0	2
2883	ENSRNOG00000069525	ENSRNOG00000069525	2	0	1	1
2883	ENSRNOG00000069575	ENSRNOG00000069575	2	0	1	1
2883	ENSRNOG00000069580	ENSRNOG00000069580	2	0	0	2
2883	ENSRNOG00000069589	ENSRNOG00000069589	2	0	0	2
2883	ENSRNOG00000069676	ENSRNOG00000069676	2	0	0	2
2883	ENSRNOG00000069694	ENSRNOG00000069694	2	0	1	1
2883	ENSRNOG00000069784	ENSRNOG00000069784	2	0	1	1
2883	ENSRNOG00000069803	ENSRNOG00000069803	2	0	1	1
2883	ENSRNOG00000069872	ENSRNOG00000069872	2	0	1	1
2883	ENSRNOG00000069881	ENSRNOG00000069881	2	0	2	0
2883	ENSRNOG00000069957	ENSRNOG00000069957	2	0	0	2
2883	ENSRNOG00000069993	ENSRNOG00000069993	2	0	0	2
2883	ENSRNOG00000070051	ENSRNOG00000070051	2	0	0	2
2883	ENSRNOG00000070052	ENSRNOG00000070052	2	0	0	2
2883	ENSRNOG00000070060	ENSRNOG00000070060	2	0	1	1
2883	ENSRNOG00000070065	ENSRNOG00000070065	2	0	0	2
2883	ENSRNOG00000070081	ENSRNOG00000070081	2	0	1	1
2883	ENSRNOG00000070087	ENSRNOG00000070087	2	0	0	2
2883	ENSRNOG00000070133	ENSRNOG00000070133	2	0	0	2
2883	ENSRNOG00000070162	ENSRNOG00000070162	2	0	2	0
2883	ENSRNOG00000070199	ENSRNOG00000070199	2	0	1	1
2883	ENSRNOG00000070285	ENSRNOG00000070285	2	1	1	0
2883	ENSRNOG00000070379	ENSRNOG00000070379	2	0	0	2
2883	ENSRNOG00000070380	ENSRNOG00000070380	2	0	0	2
2883	ENSRNOG00000070501	ENSRNOG00000070501	2	0	0	2
2883	ENSRNOG00000070522	ENSRNOG00000070522	2	0	0	2
2883	ENSRNOG00000070606	ENSRNOG00000070606	2	0	0	2
2883	ENSRNOG00000070621	ENSRNOG00000070621	2	0	1	1
2883	ENSRNOG00000070661	ENSRNOG00000070661	2	1	0	1
2883	ENSRNOG00000070750	ENSRNOG00000070750	2	0	1	1
2883	ENSRNOG00000070761	ENSRNOG00000070761	2	0	0	2
2883	ENSRNOG00000070802	ENSRNOG00000070802	2	0	0	2
2883	ENSRNOG00000070868	ENSRNOG00000070868	2	0	1	1
2883	ENSRNOG00000070910	ENSRNOG00000070910	2	0	0	2
2883	ENSRNOG00000070962	ENSRNOG00000070962	2	1	0	1
2883	ENSRNOG00000071025	ENSRNOG00000071025	2	0	0	2
2883	ENSRNOG00000071033	ENSRNOG00000071033	2	0	0	2
2883	ENSRNOG00000071072	ENSRNOG00000071072	2	1	1	0
2883	ENSRNOG00000071137	ENSRNOG00000071137	2	1	1	0
2883	ENSRNOG00000071138	ENSRNOG00000071138	2	1	0	1
2883	ENSRNOG00000071167	ENSRNOG00000071167	2	0	2	0
2883	ENSRNOG00000071191	ENSRNOG00000071191	2	0	1	1
2883	ENSRNOG00000048114	Echdc3	2	0	1	1
2883	ENSRNOG00000024186	Eef1b2	2	0	0	2
2883	ENSRNOG00000042201	Efcab2	2	1	1	0
2883	ENSRNOG00000002818	Eftud2	2	0	1	1
2883	ENSRNOG00000017828	Egr3	2	0	1	1
2883	ENSRNOG00000008917	Ehbp1	2	0	0	2
2883	ENSRNOG00000011346	Ehd2	2	0	0	2
2883	ENSRNOG00000001770	Ehhadh	2	0	0	2
2883	ENSRNOG00000018375	Eif2b3	2	0	0	2
2883	ENSRNOG00000038160	Eif2b5	2	0	1	1
2883	ENSRNOG00000001253	Eif3b	2	0	0	2
2883	ENSRNOG00000018761	Eif3c	2	1	0	1
2883	ENSRNOG00000027690	Eif3el1	2	0	1	1
2883	ENSRNOG00000020619	Eif3g	2	0	0	2
2883	ENSRNOG00000014368	Eif4g3	2	0	0	2
2883	ENSRNOG00000065729	Eif5-ps1	2	0	0	2
2883	ENSRNOG00000033685	Elane	2	0	2	0
2883	ENSRNOG00000005818	Elapor2	2	0	1	1
2883	ENSRNOG00000007934	Elfn2	2	0	2	0
2883	ENSRNOG00000008246	Emilin1	2	0	1	1
2883	ENSRNOG00000037462	Eml6	2	0	0	2
2883	ENSRNOG00000002262	Enoph1	2	0	2	0
2883	ENSRNOG00000030622	Enox2	2	0	1	1
2883	ENSRNOG00000004089	Enpp2	2	0	0	2
2883	ENSRNOG00000004681	Eny2	2	0	0	2
2883	ENSRNOG00000042140	Eomes	2	0	1	1
2883	ENSRNOG00000045952	Ephb4	2	0	0	2
2883	ENSRNOG00000003284	Epn3	2	0	0	2
2883	ENSRNOG00000048187	Epop	2	0	0	2
2883	ENSRNOG00000014248	Erbb4	2	0	0	2
2883	ENSRNOG00000001652	Erg	2	0	0	2
2883	ENSRNOG00000013763	Erlin2	2	0	0	2
2883	ENSRNOG00000018974	Ern2	2	1	0	1
2883	ENSRNOG00000009512	Esd	2	0	0	2
2883	ENSRNOG00000014856	Etnk1	2	0	0	2
2883	ENSRNOG00000014476	Evl	2	0	0	2
2883	ENSRNOG00000019766	Exoc8	2	0	1	1
2883	ENSRNOG00000009114	Fam110b	2	0	0	2
2883	ENSRNOG00000051051	Fam122a	2	1	0	1
2883	ENSRNOG00000016273	Fam136a	2	1	1	0
2883	ENSRNOG00000000275	Fam13c	2	0	1	1
2883	ENSRNOG00000017408	Fam160a2	2	0	1	1
2883	ENSRNOG00000065438	Fam163b	2	0	1	1
2883	ENSRNOG00000022751	Fam205c	2	2	0	0
2883	ENSRNOG00000004466	Fam210b	2	0	0	2
2883	ENSRNOG00000049615	Fam228b	2	0	1	1
2883	ENSRNOG00000067554	Fam234a	2	0	0	2
2883	ENSRNOG00000051000	Fam241b-ps1	2	0	0	2
2883	ENSRNOG00000017548	Fam53a	2	0	1	1
2883	ENSRNOG00000039383	Fam71f2	2	1	1	0
2883	ENSRNOG00000042747	Fam72a	2	0	1	1
2883	ENSRNOG00000020982	Faul1	2	0	0	2
2883	ENSRNOG00000001117	Fbxl18l1	2	0	1	1
2883	ENSRNOG00000017684	Fbxl22	2	0	0	2
2883	ENSRNOG00000005261	Fbxl5	2	0	0	2
2883	ENSRNOG00000019942	Fbxo17	2	0	1	1
2883	ENSRNOG00000042274	Fbxo31	2	0	0	2
2883	ENSRNOG00000011704	Fbxo34	2	0	2	0
2883	ENSRNOG00000008815	Fbxo46	2	1	1	0
2883	ENSRNOG00000036882	Fbxo47	2	0	0	2
2883	ENSRNOG00000008214	Fbxo9	2	0	2	0
2883	ENSRNOG00000019319	Fchsd2	2	0	0	2
2883	ENSRNOG00000004441	Fcmr	2	0	1	1
2883	ENSRNOG00000017063	Fcna	2	1	0	1
2883	ENSRNOG00000018053	Fech	2	0	0	2
2883	ENSRNOG00000007092	Fgb	2	1	1	0
2883	ENSRNOG00000059491	Fgd4	2	0	0	2
2883	ENSRNOG00000013867	Fgf1	2	1	1	0
2883	ENSRNOG00000003095	Fgfbp1	2	0	2	0
2883	ENSRNOG00000007541	Fhl3	2	0	0	2
2883	ENSRNOG00000002275	Fip1l1	2	0	0	2
2883	ENSRNOG00000006444	Fkbp4	2	0	0	2
2883	ENSRNOG00000003207	Fmnl1	2	0	1	1
2883	ENSRNOG00000055567	Fmnl2	2	0	0	2
2883	ENSRNOG00000056297	Fmnl3	2	1	1	0
2883	ENSRNOG00000003510	Fmo2	2	1	1	0
2883	ENSRNOG00000030210	Fndc1	2	1	1	0
2883	ENSRNOG00000027833	Fnip2	2	0	1	1
2883	ENSRNOG00000068412	Fosl2	2	0	0	2
2883	ENSRNOG00000009284	Foxa1	2	0	0	2
2883	ENSRNOG00000007770	Foxe3	2	0	0	2
2883	ENSRNOG00000054508	Foxp2	2	0	0	2
2883	ENSRNOG00000008529	Foxs1	2	0	0	2
2883	ENSRNOG00000009548	Fpgt	2	0	0	2
2883	ENSRNOG00000042605	Fpr2	2	0	0	2
2883	ENSRNOG00000021670	Frem2	2	0	2	0
2883	ENSRNOG00000007764	Frmd4b	2	0	2	0
2883	ENSRNOG00000027997	Ftdc2	2	0	0	2
2883	ENSRNOG00000033776	Ftl1l2	2	0	1	1
2883	ENSRNOG00000043370	Fubp1	2	1	1	0
2883	ENSRNOG00000011352	Furin	2	1	1	0
2883	ENSRNOG00000028611	Fusl1	2	0	0	2
2883	ENSRNOG00000014156	Fut7	2	0	1	1
2883	ENSRNOG00000019132	Fv1	2	0	1	1
2883	ENSRNOG00000021079	Fxyd1	2	1	0	1
2883	ENSRNOG00000016469	Fxyd2	2	0	0	2
2883	ENSRNOG00000013886	Fyb1	2	0	1	1
2883	ENSRNOG00000014678	Fzd5	2	0	1	1
2883	ENSRNOG00000053448	G6pc1	2	1	1	0
2883	ENSRNOG00000016207	Galnt1	2	0	1	1
2883	ENSRNOG00000002488	Galnt10	2	0	1	1
2883	ENSRNOG00000019718	Galnt15	2	0	2	0
2883	ENSRNOG00000004589	Galnt16	2	0	1	1
2883	ENSRNOG00000019143	Galnt2	2	0	0	2
2883	ENSRNOG00000022129	Galp	2	0	2	0
2883	ENSRNOG00000026989	Gapt	2	1	1	0
2883	ENSRNOG00000061146	Gar1	2	0	1	1
2883	ENSRNOG00000011052	Gars	2	0	0	2
2883	ENSRNOG00000049361	Gas7	2	0	2	0
2883	ENSRNOG00000025676	Gask1a	2	1	1	0
2883	ENSRNOG00000019336	Gata3	2	0	0	2
2883	ENSRNOG00000022173	Gatad2a	2	0	2	0
2883	ENSRNOG00000001211	Gatd3a	2	0	1	1
2883	ENSRNOG00000026048	Gbf1	2	1	0	1
2883	ENSRNOG00000022110	Gcsam	2	0	0	2
2883	ENSRNOG00000018282	Gda	2	0	1	1
2883	ENSRNOG00000051993	Gdf10	2	0	0	2
2883	ENSRNOG00000002800	Gdpd2	2	0	0	2
2883	ENSRNOG00000064293	Gdpgp1	2	0	0	2
2883	ENSRNOG00000002919	Gfap	2	0	1	1
2883	ENSRNOG00000011353	Gfi1b	2	0	0	2
2883	ENSRNOG00000000486	Ggnbp1	2	0	1	1
2883	ENSRNOG00000018906	Ghdc	2	0	0	2
2883	ENSRNOG00000018040	Gins4	2	1	0	1
2883	ENSRNOG00000038328	Gjc2	2	0	1	1
2883	ENSRNOG00000012092	Gje1	2	0	1	1
2883	ENSRNOG00000011513	Gla	2	0	1	1
2883	ENSRNOG00000004206	Glrx5	2	0	1	1
2883	ENSRNOG00000070103	Gm13398	2	1	1	0
2883	ENSRNOG00000067094	Gm56451	2	0	0	2
2883	ENSRNOG00000014840	Gna14	2	0	1	1
2883	ENSRNOG00000025889	Gnas	2	0	1	1
2883	ENSRNOG00000011070	Gnb4	2	1	1	0
2883	ENSRNOG00000002011	Gnrhr	2	0	0	2
2883	ENSRNOG00000016356	Got1	2	0	1	1
2883	ENSRNOG00000001037	Gpalpp1	2	0	0	2
2883	ENSRNOG00000000848	Gpank1	2	0	0	2
2883	ENSRNOG00000025317	Gpatch11	2	0	1	1
2883	ENSRNOG00000046660	Gpc6	2	0	0	2
2883	ENSRNOG00000053201	Gpcpd1	2	0	1	1
2883	ENSRNOG00000004613	Gpm6b	2	0	0	2
2883	ENSRNOG00000046128	Gpr108	2	1	0	1
2883	ENSRNOG00000010718	Gpr153	2	0	1	1
2883	ENSRNOG00000016143	Gpr162	2	0	1	1
2883	ENSRNOG00000009766	Gpr180	2	0	0	2
2883	ENSRNOG00000004311	Gpr182	2	0	1	1
2883	ENSRNOG00000025094	Gpr183	2	0	0	2
2883	ENSRNOG00000038990	Gpr33-ps1	2	0	0	2
2883	ENSRNOG00000026953	Gpr88	2	0	1	1
2883	ENSRNOG00000046698	Gps1	2	1	1	0
2883	ENSRNOG00000013604	Gpx4	2	0	2	0
2883	ENSRNOG00000053406	Gramd1c	2	0	0	2
2883	ENSRNOG00000003616	Grem2	2	0	1	1
2883	ENSRNOG00000045816	Gria1	2	0	0	2
2883	ENSRNOG00000004013	Grip1	2	0	1	1
2883	ENSRNOG00000014290	Grm1	2	0	1	1
2883	ENSRNOG00000005662	Grm7	2	0	1	1
2883	ENSRNOG00000020417	Gsk3a	2	2	0	0
2883	ENSRNOG00000029726	Gstm1	2	0	2	0
2883	ENSRNOG00000019221	Gstm4	2	0	0	2
2883	ENSRNOG00000060939	Gstm5l	2	0	1	1
2883	ENSRNOG00000016703	Gtf2a1l	2	0	0	2
2883	ENSRNOG00000018230	Gtf2h2	2	0	1	1
2883	ENSRNOG00000018007	Gtf2h5	2	0	0	2
2883	ENSRNOG00000001482	Gtf2ird2	2	0	1	1
2883	ENSRNOG00000000586	Gtf3c6	2	1	1	0
2883	ENSRNOG00000069924	Gtsf1l	2	0	0	2
2883	ENSRNOG00000007931	Gucy2e	2	0	1	1
2883	ENSRNOG00000002928	Guk1	2	0	1	1
2883	ENSRNOG00000005234	Gxylt1	2	0	1	1
2883	ENSRNOG00000029096	Gykl1	2	0	0	2
2883	ENSRNOG00000047459	H1f4	2	0	0	2
2883	ENSRNOG00000069245	H2ac10	2	0	1	1
2883	ENSRNOG00000068614	H3c1	2	0	1	1
2883	ENSRNOG00000066835	H3c13	2	0	1	1
2883	ENSRNOG00000003220	H3f3a	2	1	1	0
2883	ENSRNOG00000065263	H4c14	2	0	1	1
2883	ENSRNOG00000043192	Hacd1	2	0	2	0
2883	ENSRNOG00000019630	Hacl1	2	0	0	2
2883	ENSRNOG00000019470	Hao2	2	0	1	1
2883	ENSRNOG00000014819	Hap1	2	1	0	1
2883	ENSRNOG00000049949	Hapln4	2	0	2	0
2883	ENSRNOG00000059362	Has3	2	1	0	1
2883	ENSRNOG00000024266	Haus5	2	0	0	2
2883	ENSRNOG00000046028	Haus6	2	0	0	2
2883	ENSRNOG00000052038	Haus8	2	1	1	0
2883	ENSRNOG00000029886	Hba-a2	2	0	2	0
2883	ENSRNOG00000006824	Hdac11	2	0	0	2
2883	ENSRNOG00000025926	Heatr5b	2	0	1	1
2883	ENSRNOG00000006905	Hectd1	2	1	1	0
2883	ENSRNOG00000001352	Hectd4	2	0	0	2
2883	ENSRNOG00000001793	Heg1	2	0	1	1
2883	ENSRNOG00000010893	Hes3	2	1	0	1
2883	ENSRNOG00000001448	Hip1	2	0	1	1
2883	ENSRNOG00000011358	Hipk3	2	1	1	0
2883	ENSRNOG00000046144	Hist1h2ail1	2	0	1	1
2883	ENSRNOG00000068516	Hist1h2ail1	2	0	1	1
2883	ENSRNOG00000060769	Hist1h2bd	2	0	1	1
2883	ENSRNOG00000070362	Hist1h2bg	2	0	1	1
2883	ENSRNOG00000068034	Hist1h2bo	2	0	1	1
2883	ENSRNOG00000046434	Hist1h3a	2	0	1	1
2883	ENSRNOG00000070513	Hist1h4m	2	0	0	2
2883	ENSRNOG00000048215	Hist2h4a	2	0	1	1
2883	ENSRNOG00000013326	Hmbox1	2	0	1	1
2883	ENSRNOG00000020601	Hmg20b	2	1	1	0
2883	ENSRNOG00000013167	Hmgb2l1	2	0	0	2
2883	ENSRNOG00000039876	Hnrnpa0	2	0	0	2
2883	ENSRNOG00000011175	Hnrnpa2b1	2	0	2	0
2883	ENSRNOG00000002270	Hnrnpdl	2	0	2	0
2883	ENSRNOG00000011661	Hnrnph2	2	0	1	1
2883	ENSRNOG00000019113	Hnrnpk	2	0	2	0
2883	ENSRNOG00000048337	Hnrnpr-ps2	2	0	2	0
2883	ENSRNOG00000020683	Hnrnpul1	2	1	1	0
2883	ENSRNOG00000014887	Homez	2	0	0	2
2883	ENSRNOG00000005628	Hoxa1	2	0	1	1
2883	ENSRNOG00000005968	Hoxa2	2	0	1	1
2883	ENSRNOG00000007573	Hoxb9	2	0	0	2
2883	ENSRNOG00000016199	Hoxc9	2	0	1	1
2883	ENSRNOG00000031406	Hps3	2	0	0	2
2883	ENSRNOG00000016611	Hras	2	0	0	2
2883	ENSRNOG00000039336	Hrct1	2	0	0	2
2883	ENSRNOG00000007420	Hrh1	2	0	0	2
2883	ENSRNOG00000006062	Hs1bp3	2	0	0	2
2883	ENSRNOG00000014672	Hs3st6	2	1	1	0
2883	ENSRNOG00000037886	Hs6st3	2	0	0	2
2883	ENSRNOG00000015212	Hspa14	2	0	0	2
2883	ENSRNOG00000034066	Hspa8	2	1	0	1
2883	ENSRNOG00000023546	Hspb1	2	0	0	2
2883	ENSRNOG00000010241	Hspb11	2	0	1	1
2883	ENSRNOG00000010254	Htr1a	2	0	1	1
2883	ENSRNOG00000000716	Htr1f	2	0	0	2
2883	ENSRNOG00000020533	Htra1	2	0	0	2
2883	ENSRNOG00000020679	Icam1	2	0	1	1
2883	ENSRNOG00000042078	Icam4	2	0	1	1
2883	ENSRNOG00000020694	Icam5	2	0	1	1
2883	ENSRNOG00000055572	Idh3g	2	0	0	2
2883	ENSRNOG00000000827	Ier3	2	1	1	0
2883	ENSRNOG00000002470	Ifi47	2	0	1	1
2883	ENSRNOG00000028594	Ifnar1	2	0	0	2
2883	ENSRNOG00000050997	Ifrd1	2	0	1	1
2883	ENSRNOG00000001958	Ift57	2	0	1	1
2883	ENSRNOG00000001294	Ift81	2	0	0	2
2883	ENSRNOG00000026267	Igbp1	2	0	0	2
2883	ENSRNOG00000030800	Igdcc3	2	2	0	0
2883	ENSRNOG00000020369	Igf2	2	0	0	2
2883	ENSRNOG00000058780	Igfbp1	2	1	1	0
2883	ENSRNOG00000013456	Ighmbp2	2	0	1	1
2883	ENSRNOG00000025990	Igll1	2	0	0	2
2883	ENSRNOG00000001525	Igsf11	2	0	2	0
2883	ENSRNOG00000023851	Igsf3	2	1	1	0
2883	ENSRNOG00000028216	Igsf5	2	0	0	2
2883	ENSRNOG00000017277	Igsf6	2	0	1	1
2883	ENSRNOG00000018059	Ihh	2	1	1	0
2883	ENSRNOG00000019695	Il17b	2	1	0	1
2883	ENSRNOG00000016456	Il33	2	0	0	2
2883	ENSRNOG00000010278	Il6	2	0	1	1
2883	ENSRNOG00000014154	Ilf2	2	1	1	0
2883	ENSRNOG00000017460	Imp3	2	0	1	1
2883	ENSRNOG00000020248	Ina	2	0	0	2
2883	ENSRNOG00000007700	Inhbc	2	0	0	2
2883	ENSRNOG00000016532	Ino80c	2	0	1	1
2883	ENSRNOG00000015868	Insl6	2	0	0	2
2883	ENSRNOG00000068937	Insm1	2	0	1	1
2883	ENSRNOG00000029986	Insr	2	0	2	0
2883	ENSRNOG00000012469	Ints14	2	0	1	1
2883	ENSRNOG00000027894	Iqgap3	2	0	0	2
2883	ENSRNOG00000017414	Irf7	2	0	0	2
2883	ENSRNOG00000031138	Irgm	2	0	2	0
2883	ENSRNOG00000005077	Isca2-ps1	2	0	0	2
2883	ENSRNOG00000010021	Isy1	2	0	0	2
2883	ENSRNOG00000006264	Itfg2	2	0	0	2
2883	ENSRNOG00000004678	Itln1	2	0	0	2
2883	ENSRNOG00000005865	Itprid2	2	0	0	2
2883	ENSRNOG00000002001	Itsn1	2	0	1	1
2883	ENSRNOG00000002618	Ivns1abp	2	0	0	2
2883	ENSRNOG00000016286	Iyd	2	0	0	2
2883	ENSRNOG00000019894	Izumo1r	2	0	2	0
2883	ENSRNOG00000014066	Jade1	2	0	0	2
2883	ENSRNOG00000018784	Jph3	2	0	0	2
2883	ENSRNOG00000032951	Jsrp1	2	0	2	0
2883	ENSRNOG00000012204	KIAA0319l	2	0	1	1
2883	ENSRNOG00000001706	Kalrn	2	1	0	1
2883	ENSRNOG00000010643	Kank2	2	1	1	0
2883	ENSRNOG00000007230	Kank3	2	0	1	1
2883	ENSRNOG00000030814	Kb23	2	0	1	1
2883	ENSRNOG00000013809	Kbtbd2	2	0	1	1
2883	ENSRNOG00000064052	Kcna1	2	0	2	0
2883	ENSRNOG00000018285	Kcna2	2	1	1	0
2883	ENSRNOG00000055401	Kcnc1	2	1	1	0
2883	ENSRNOG00000067416	Kcnd2	2	0	0	2
2883	ENSRNOG00000054314	Kcng1	2	0	2	0
2883	ENSRNOG00000009872	Kcnh2	2	0	1	1
2883	ENSRNOG00000007528	Kcnh7	2	0	0	2
2883	ENSRNOG00000014152	Kcnip3	2	1	1	0
2883	ENSRNOG00000032350	Kcnip4	2	0	0	2
2883	ENSRNOG00000032706	Kcnk18	2	0	1	1
2883	ENSRNOG00000054458	Kcnmb4	2	0	1	1
2883	ENSRNOG00000021831	Kcnrg	2	0	0	2
2883	ENSRNOG00000000231	Kctd17	2	0	1	1
2883	ENSRNOG00000023764	Kctd2	2	0	2	0
2883	ENSRNOG00000042384	Kctd7	2	0	1	1
2883	ENSRNOG00000007814	Kdm3a	2	0	1	1
2883	ENSRNOG00000037613	Kdm6b	2	0	1	1
2883	ENSRNOG00000012284	Khdrbs2	2	0	2	0
2883	ENSRNOG00000009539	Khdrbs3	2	0	0	2
2883	ENSRNOG00000007080	Kif12	2	0	1	1
2883	ENSRNOG00000014080	Kif23	2	0	1	1
2883	ENSRNOG00000019257	Kif27	2	0	0	2
2883	ENSRNOG00000038035	Kif4a	2	0	0	2
2883	ENSRNOG00000004680	Kif5c	2	0	2	0
2883	ENSRNOG00000002544	Kifap3	2	0	0	2
2883	ENSRNOG00000029441	Klhl2	2	0	1	1
2883	ENSRNOG00000006814	Klrg2	2	0	0	2
2883	ENSRNOG00000064318	Kmt5a	2	1	0	1
2883	ENSRNOG00000015329	Kpna2	2	0	0	2
2883	ENSRNOG00000009275	Kpnb1	2	0	1	1
2883	ENSRNOG00000004035	Krr1	2	0	0	2
2883	ENSRNOG00000030876	Krt72	2	0	1	1
2883	ENSRNOG00000008436	Krt85	2	0	0	2
2883	ENSRNOG00000001218	Krtap10-8l1	2	0	0	2
2883	ENSRNOG00000012818	Ksr1	2	0	1	1
2883	ENSRNOG00000004857	L2hgdh	2	0	0	2
2883	ENSRNOG00000026716	LOC100360449	2	0	0	2
2883	ENSRNOG00000020093	LOC100360573	2	0	0	2
2883	ENSRNOG00000033346	LOC100361636	2	0	1	1
2883	ENSRNOG00000062464	LOC100364194	2	0	1	1
2883	ENSRNOG00000019723	LOC100910990	2	0	0	2
2883	ENSRNOG00000070028	LOC100912027	2	0	1	1
2883	ENSRNOG00000051891	LOC100912489	2	0	0	2
2883	ENSRNOG00000004947	LOC102546572	2	0	1	1
2883	ENSRNOG00000060680	LOC102547830	2	0	0	2
2883	ENSRNOG00000070155	LOC102548446	2	0	1	1
2883	ENSRNOG00000064418	LOC102548621	2	0	0	2
2883	ENSRNOG00000049198	LOC102549173	2	0	0	2
2883	ENSRNOG00000069775	LOC102549347	2	0	1	1
2883	ENSRNOG00000068387	LOC102549654	2	0	2	0
2883	ENSRNOG00000068159	LOC102551322	2	0	0	2
2883	ENSRNOG00000063437	LOC102551819	2	0	1	1
2883	ENSRNOG00000064224	LOC102552092	2	0	0	2
2883	ENSRNOG00000022257	LOC102552669	2	0	1	1
2883	ENSRNOG00000064282	LOC102554670	2	0	0	2
2883	ENSRNOG00000064271	LOC102555670	2	0	0	2
2883	ENSRNOG00000052433	LOC103691935	2	0	0	2
2883	ENSRNOG00000070277	LOC108349241	2	0	0	2
2883	ENSRNOG00000069698	LOC108349467	2	0	0	2
2883	ENSRNOG00000015936	LOC108349548	2	0	1	1
2883	ENSRNOG00000067538	LOC108351161	2	1	1	0
2883	ENSRNOG00000031736	LOC108351703	2	0	0	2
2883	ENSRNOG00000059358	LOC120093051	2	0	0	2
2883	ENSRNOG00000067744	LOC120093285	2	0	0	2
2883	ENSRNOG00000061723	LOC120093312	2	0	0	2
2883	ENSRNOG00000070179	LOC120093493	2	0	1	1
2883	ENSRNOG00000059105	LOC120093495	2	0	0	2
2883	ENSRNOG00000064830	LOC120093899	2	0	1	1
2883	ENSRNOG00000060779	LOC120093927	2	0	0	2
2883	ENSRNOG00000054019	LOC120093944	2	0	0	2
2883	ENSRNOG00000055237	LOC120093952	2	0	0	2
2883	ENSRNOG00000055844	LOC120093957	2	0	0	2
2883	ENSRNOG00000069470	LOC120093966	2	0	0	2
2883	ENSRNOG00000059581	LOC120094467	2	0	0	2
2883	ENSRNOG00000051647	LOC120094486	2	0	1	1
2883	ENSRNOG00000060576	LOC120094487	2	0	0	2
2883	ENSRNOG00000068232	LOC120094534	2	0	1	1
2883	ENSRNOG00000051613	LOC120094861	2	0	2	0
2883	ENSRNOG00000065829	LOC120094977	2	0	1	1
2883	ENSRNOG00000054510	LOC120095350	2	0	0	2
2883	ENSRNOG00000056979	LOC120095368	2	0	2	0
2883	ENSRNOG00000055332	LOC120095371	2	0	1	1
2883	ENSRNOG00000058532	LOC120095372	2	0	0	2
2883	ENSRNOG00000053018	LOC120095388	2	0	1	1
2883	ENSRNOG00000059300	LOC120095414	2	0	0	2
2883	ENSRNOG00000054649	LOC120095416	2	0	0	2
2883	ENSRNOG00000053082	LOC120095429	2	1	1	0
2883	ENSRNOG00000068674	LOC120095439	2	0	0	2
2883	ENSRNOG00000057066	LOC120095735	2	0	0	2
2883	ENSRNOG00000058838	LOC120095750	2	0	1	1
2883	ENSRNOG00000068260	LOC120095807	2	0	1	1
2883	ENSRNOG00000061629	LOC120095819	2	0	0	2
2883	ENSRNOG00000056978	LOC120096111	2	0	0	2
2883	ENSRNOG00000055283	LOC120096118	2	0	1	1
2883	ENSRNOG00000056104	LOC120096122	2	0	1	1
2883	ENSRNOG00000051902	LOC120096371	2	0	1	1
2883	ENSRNOG00000069994	LOC120096741	2	0	0	2
2883	ENSRNOG00000056124	LOC120096756	2	0	0	2
2883	ENSRNOG00000052335	LOC120096761	2	0	2	0
2883	ENSRNOG00000064187	LOC120096845	2	0	0	2
2883	ENSRNOG00000064005	LOC120096874	2	1	1	0
2883	ENSRNOG00000055932	LOC120097226	2	0	0	2
2883	ENSRNOG00000052692	LOC120097227	2	0	0	2
2883	ENSRNOG00000066947	LOC120097593	2	0	0	2
2883	ENSRNOG00000051587	LOC120097604	2	0	0	2
2883	ENSRNOG00000059650	LOC120097621	2	0	0	2
2883	ENSRNOG00000060263	LOC120097665	2	0	0	2
2883	ENSRNOG00000062936	LOC120097971	2	0	0	2
2883	ENSRNOG00000061305	LOC120098009	2	0	0	2
2883	ENSRNOG00000069785	LOC120098014	2	0	0	2
2883	ENSRNOG00000054822	LOC120098044	2	0	0	2
2883	ENSRNOG00000066854	LOC120098269	2	0	1	1
2883	ENSRNOG00000058981	LOC120098360	2	0	1	1
2883	ENSRNOG00000070403	LOC120098372	2	0	0	2
2883	ENSRNOG00000058384	LOC120098396	2	0	0	2
2883	ENSRNOG00000052496	LOC120098445	2	0	0	2
2883	ENSRNOG00000051781	LOC120098669	2	0	0	2
2883	ENSRNOG00000054676	LOC120098732	2	0	1	1
2883	ENSRNOG00000058615	LOC120100182	2	1	0	1
2883	ENSRNOG00000056351	LOC120100209	2	0	0	2
2883	ENSRNOG00000064592	LOC120100217	2	0	0	2
2883	ENSRNOG00000059438	LOC120100311	2	1	0	1
2883	ENSRNOG00000069040	LOC120100403	2	2	0	0
2883	ENSRNOG00000035046	LOC120100437	2	1	1	0
2883	ENSRNOG00000056695	LOC120100442	2	0	0	2
2883	ENSRNOG00000066898	LOC120100471	2	0	1	1
2883	ENSRNOG00000067158	LOC120100492	2	0	0	2
2883	ENSRNOG00000069322	LOC120101140	2	0	0	2
2883	ENSRNOG00000065463	LOC120101166	2	2	0	0
2883	ENSRNOG00000058113	LOC120101212	2	0	0	2
2883	ENSRNOG00000054541	LOC120101326	2	0	0	2
2883	ENSRNOG00000051873	LOC120101331	2	0	1	1
2883	ENSRNOG00000059609	LOC120101358	2	0	1	1
2883	ENSRNOG00000055839	LOC120101362	2	0	0	2
2883	ENSRNOG00000069926	LOC120101758	2	0	0	2
2883	ENSRNOG00000057181	LOC120102010	2	0	0	2
2883	ENSRNOG00000058773	LOC120102104	2	0	0	2
2883	ENSRNOG00000068422	LOC120102268	2	0	1	1
2883	ENSRNOG00000068282	LOC120102586	2	0	0	2
2883	ENSRNOG00000058095	LOC120102708	2	0	0	2
2883	ENSRNOG00000056744	LOC120103206	2	0	2	0
2883	ENSRNOG00000056078	LOC120103210	2	0	0	2
2883	ENSRNOG00000061673	LOC120103213	2	0	1	1
2883	ENSRNOG00000063504	LOC120103259	2	0	0	2
2883	ENSRNOG00000053078	LOC120103286	2	0	2	0
2883	ENSRNOG00000053611	LOC120103297	2	0	0	2
2883	ENSRNOG00000053278	LOC120103350	2	0	0	2
2883	ENSRNOG00000069228	LOC120103380	2	0	0	2
2883	ENSRNOG00000065971	LOC134486984	2	0	2	0
2883	ENSRNOG00000010478	LOC299282	2	0	0	2
2883	ENSRNOG00000057851	LOC680254	2	0	1	1
2883	ENSRNOG00000047118	LOC683897	2	1	1	0
2883	ENSRNOG00000005457	Lamp5	2	0	2	0
2883	ENSRNOG00000003289	Lap3	2	0	0	2
2883	ENSRNOG00000004132	Lasp1	2	0	0	2
2883	ENSRNOG00000065845	Lce7a	2	0	1	1
2883	ENSRNOG00000059166	Ldb3	2	0	0	2
2883	ENSRNOG00000013000	Ldhb	2	0	1	1
2883	ENSRNOG00000060325	Lefty2	2	0	0	2
2883	ENSRNOG00000018621	Leng9	2	0	0	2
2883	ENSRNOG00000069605	Leng9	2	0	0	2
2883	ENSRNOG00000001250	Lfng	2	1	1	0
2883	ENSRNOG00000018046	Lgals8	2	0	0	2
2883	ENSRNOG00000021087	Lgi4	2	1	0	1
2883	ENSRNOG00000010551	Lhx2	2	0	0	2
2883	ENSRNOG00000001392	Lhx5	2	0	0	2
2883	ENSRNOG00000002759	Lias	2	0	0	2
2883	ENSRNOG00000007002	Lif	2	0	1	1
2883	ENSRNOG00000011696	Lifr	2	0	1	1
2883	ENSRNOG00000019077	Lipa	2	0	0	2
2883	ENSRNOG00000012988	Lix1	2	0	1	1
2883	ENSRNOG00000000230	Lmf1	2	0	1	1
2883	ENSRNOG00000025742	Lmnb2	2	0	2	0
2883	ENSRNOG00000046502	Lonp1	2	1	1	0
2883	ENSRNOG00000013092	Lonrf3	2	0	1	1
2883	ENSRNOG00000025053	Lrp1	2	1	1	0
2883	ENSRNOG00000011178	Lrp2bp	2	0	1	1
2883	ENSRNOG00000023274	Lrrc28	2	0	1	1
2883	ENSRNOG00000011555	Lrrc40	2	0	1	1
2883	ENSRNOG00000009983	Lrrc42	2	0	1	1
2883	ENSRNOG00000029798	Lrrc4c	2	0	1	1
2883	ENSRNOG00000068038	Lrrc53	2	0	0	2
2883	ENSRNOG00000016697	Lrrc56	2	0	0	2
2883	ENSRNOG00000002121	Lrrc8d	2	0	1	1
2883	ENSRNOG00000021047	Lrrfip2	2	0	2	0
2883	ENSRNOG00000009555	Lrriq3	2	0	0	2
2883	ENSRNOG00000026466	Lrrtm3	2	0	0	2
2883	ENSRNOG00000023434	Lrtomt	2	0	1	1
2883	ENSRNOG00000005450	Lsm11	2	0	1	1
2883	ENSRNOG00000020894	Lsm12	2	0	1	1
2883	ENSRNOG00000019572	Lsm4	2	1	1	0
2883	ENSRNOG00000052634	Lsmem2	2	1	1	0
2883	ENSRNOG00000021053	Lsr	2	0	1	1
2883	ENSRNOG00000033090	Ltbp1	2	0	1	1
2883	ENSRNOG00000020488	Luc7l	2	0	0	2
2883	ENSRNOG00000027516	Ly6g5b	2	0	0	2
2883	ENSRNOG00000002950	Lyl1	2	0	1	1
2883	ENSRNOG00000016298	Lysmd3	2	0	1	1
2883	ENSRNOG00000001265	Mad1l1	2	0	1	1
2883	ENSRNOG00000019463	Mad2l1bp	2	0	1	1
2883	ENSRNOG00000031453	Manbal	2	0	2	0
2883	ENSRNOG00000007271	Map3k9	2	0	2	0
2883	ENSRNOG00000012701	Map7	2	0	0	2
2883	ENSRNOG00000012982	Map9	2	0	1	1
2883	ENSRNOG00000002079	Mapk10	2	1	0	1
2883	ENSRNOG00000002823	Mapk9	2	0	0	2
2883	ENSRNOG00000004726	Mapkapk2	2	0	0	2
2883	ENSRNOG00000000579	Marcks	2	0	1	1
2883	ENSRNOG00000013520	Mat2a	2	0	1	1
2883	ENSRNOG00000006060	Matn2	2	0	1	1
2883	ENSRNOG00000025295	Mavs	2	0	0	2
2883	ENSRNOG00000004583	Mb	2	0	1	1
2883	ENSRNOG00000024040	Mb21d2	2	0	2	0
2883	ENSRNOG00000071078	Mblac1	2	0	0	2
2883	ENSRNOG00000050061	Mcart1	2	0	1	1
2883	ENSRNOG00000013293	Mccc1	2	0	1	1
2883	ENSRNOG00000016327	Mcee	2	0	0	2
2883	ENSRNOG00000018895	Mchr1	2	1	1	0
2883	ENSRNOG00000045920	Mcu	2	0	1	1
2883	ENSRNOG00000007053	Med7	2	0	2	0
2883	ENSRNOG00000000156	Megf6	2	1	0	1
2883	ENSRNOG00000067421	Meiosin	2	1	1	0
2883	ENSRNOG00000004606	Meis1	2	0	2	0
2883	ENSRNOG00000001739	Meltf	2	1	0	1
2883	ENSRNOG00000012366	Mesd	2	0	0	2
2883	ENSRNOG00000012947	Metap1	2	0	0	2
2883	ENSRNOG00000003042	Mettl13	2	0	0	2
2883	ENSRNOG00000015250	Mettl14	2	0	2	0
2883	ENSRNOG00000000589	Mfsd4b2l1	2	0	0	2
2883	ENSRNOG00000004234	Mgat2	2	0	0	2
2883	ENSRNOG00000003695	Mgat4d	2	0	1	1
2883	ENSRNOG00000028196	Mgme1	2	0	1	1
2883	ENSRNOG00000061857	Mgst2	2	0	0	2
2883	ENSRNOG00000059202	Mia3	2	1	1	0
2883	ENSRNOG00000017564	Mib2	2	0	1	1
2883	ENSRNOG00000042524	Milr1	2	0	0	2
2883	ENSRNOG00000035532	Mir101-2	2	0	1	1
2883	ENSRNOG00000035471	Mir124-1	2	0	0	2
2883	ENSRNOG00000035643	Mir138-2	2	0	0	2
2883	ENSRNOG00000035633	Mir142	2	0	0	2
2883	ENSRNOG00000035603	Mir143	2	1	1	0
2883	ENSRNOG00000035474	Mir145	2	1	1	0
2883	ENSRNOG00000035560	Mir150	2	1	0	1
2883	ENSRNOG00000035539	Mir152	2	0	0	2
2883	ENSRNOG00000041792	Mir1895	2	1	0	1
2883	ENSRNOG00000063469	Mir196b	2	0	1	1
2883	ENSRNOG00000035510	Mir196c	2	0	0	2
2883	ENSRNOG00000035620	Mir22	2	0	1	1
2883	ENSRNOG00000044314	Mir3084c	2	0	0	2
2883	ENSRNOG00000035567	Mir30c1	2	0	1	1
2883	ENSRNOG00000049574	Mir3102	2	0	1	1
2883	ENSRNOG00000035489	Mir3545	2	0	1	1
2883	ENSRNOG00000046739	Mir3564	2	0	0	2
2883	ENSRNOG00000048292	Mir3593	2	0	1	1
2883	ENSRNOG00000035580	Mir3597-3	2	1	0	1
2883	ENSRNOG00000035622	Mir449a	2	0	1	1
2883	ENSRNOG00000036435	Mir449c	2	0	1	1
2883	ENSRNOG00000046320	Mir6315	2	0	1	1
2883	ENSRNOG00000046753	Mir6320	2	0	0	2
2883	ENSRNOG00000049963	Mir6325	2	0	0	2
2883	ENSRNOG00000046282	Mir6326	2	0	1	1
2883	ENSRNOG00000047361	Mir6329	2	0	2	0
2883	ENSRNOG00000035613	Mir7-1	2	0	0	2
2883	ENSRNOG00000040385	Mir760	2	1	1	0
2883	ENSRNOG00000035477	Mir8	2	1	1	0
2883	ENSRNOG00000035642	Mirlet7i	2	1	1	0
2883	ENSRNOG00000006705	Mkks	2	0	0	2
2883	ENSRNOG00000018938	Mkx	2	1	0	1
2883	ENSRNOG00000036608	Mlana	2	0	1	1
2883	ENSRNOG00000016589	Mlf2	2	1	1	0
2883	ENSRNOG00000019763	Mlph	2	0	0	2
2883	ENSRNOG00000001255	Mlxip	2	1	1	0
2883	ENSRNOG00000017539	Mmp9	2	0	0	2
2883	ENSRNOG00000057867	Mns1	2	0	0	2
2883	ENSRNOG00000018700	Mobp	2	0	0	2
2883	ENSRNOG00000014692	Mogat1	2	0	1	1
2883	ENSRNOG00000012415	Mpc1	2	0	0	2
2883	ENSRNOG00000061152	Mphosph8	2	1	0	1
2883	ENSRNOG00000010834	Mpped1	2	0	0	2
2883	ENSRNOG00000004863	Mpped2	2	0	0	2
2883	ENSRNOG00000003226	Mprip	2	0	1	1
2883	ENSRNOG00000005382	Mroh4	2	1	1	0
2883	ENSRNOG00000021005	Mrpl16	2	0	0	2
2883	ENSRNOG00000013845	Mrpl21	2	0	1	1
2883	ENSRNOG00000042720	Mrpl28	2	0	0	2
2883	ENSRNOG00000020659	Mrpl4	2	0	1	1
2883	ENSRNOG00000010540	Mrpl45	2	0	1	1
2883	ENSRNOG00000020975	Mrpl49	2	0	0	2
2883	ENSRNOG00000053615	Mrpl50	2	0	1	1
2883	ENSRNOG00000018531	Mrps11	2	0	1	1
2883	ENSRNOG00000017272	Mrps27	2	0	1	1
2883	ENSRNOG00000032630	Mrps28	2	0	1	1
2883	ENSRNOG00000025997	Mrrf	2	1	1	0
2883	ENSRNOG00000065772	Msantd7	2	0	0	2
2883	ENSRNOG00000013673	Msh3	2	0	1	1
2883	ENSRNOG00000004016	Msl3	2	0	0	2
2883	ENSRNOG00000030118	Msn	2	1	0	1
2883	ENSRNOG00000012440	Msra	2	0	0	2
2883	ENSRNOG00000068566	Msx1	2	0	1	1
2883	ENSRNOG00000018958	Mt3	2	0	2	0
2883	ENSRNOG00000006615	Mtap	2	0	0	2
2883	ENSRNOG00000053240	Mtcl2	2	1	1	0
2883	ENSRNOG00000005602	Mthfd1	2	0	1	1
2883	ENSRNOG00000008553	Mthfr	2	0	1	1
2883	ENSRNOG00000004161	Mtif2	2	0	1	1
2883	ENSRNOG00000028744	Mtnr1a	2	1	1	0
2883	ENSRNOG00000008972	Mtnr1b	2	0	1	1
2883	ENSRNOG00000037659	Mto1	2	0	1	1
2883	ENSRNOG00000017500	Mtss1l	2	0	2	0
2883	ENSRNOG00000010655	Mttp	2	0	0	2
2883	ENSRNOG00000017887	Mutyh	2	0	0	2
2883	ENSRNOG00000015033	Mxd4	2	1	1	0
2883	ENSRNOG00000015236	Mybbp1a	2	0	1	1
2883	ENSRNOG00000027923	Mynn	2	0	0	2
2883	ENSRNOG00000048430	Myo18b	2	1	1	0
2883	ENSRNOG00000003276	Myo1d	2	0	2	0
2883	ENSRNOG00000016256	Myo9b	2	1	1	0
2883	ENSRNOG00000004269	Myt1l	2	0	1	1
2883	ENSRNOG00000015121	N4bp1	2	0	0	2
2883	ENSRNOG00000050827	NEWGENE	2	0	1	1
2883	ENSRNOG00000012959	Nab1	2	0	0	2
2883	ENSRNOG00000015416	Nabp1	2	0	0	2
2883	ENSRNOG00000002864	Nacc1	2	1	0	1
2883	ENSRNOG00000008064	Naga	2	0	1	1
2883	ENSRNOG00000038088	Nanos2	2	1	0	1
2883	ENSRNOG00000008945	Nans	2	0	1	1
2883	ENSRNOG00000001494	Napa	2	1	1	0
2883	ENSRNOG00000011476	Nars2	2	0	0	2
2883	ENSRNOG00000016454	Nasp	2	0	0	2
2883	ENSRNOG00000019201	Naxe	2	0	2	0
2883	ENSRNOG00000065312	Nbea	2	0	0	2
2883	ENSRNOG00000002126	Ncam2	2	0	1	1
2883	ENSRNOG00000038572	Ncapg	2	0	0	2
2883	ENSRNOG00000011751	Ncdn	2	0	1	1
2883	ENSRNOG00000013313	Nceh1	2	1	1	0
2883	ENSRNOG00000006940	Ncf4	2	1	1	0
2883	ENSRNOG00000007975	Ncoa2	2	0	0	2
2883	ENSRNOG00000064701	Ncs1	2	0	1	1
2883	ENSRNOG00000013562	Ndfip1	2	0	1	1
2883	ENSRNOG00000010389	Ndrg2	2	0	1	1
2883	ENSRNOG00000011849	Ndufs1	2	0	0	2
2883	ENSRNOG00000066027	Necab1	2	0	0	2
2883	ENSRNOG00000006403	Nectin1	2	0	1	1
2883	ENSRNOG00000018730	Nectin2	2	1	1	0
2883	ENSRNOG00000013658	Nefl	2	0	1	1
2883	ENSRNOG00000010418	Nek1	2	0	0	2
2883	ENSRNOG00000042432	Nek11	2	0	0	2
2883	ENSRNOG00000012866	Nek8	2	1	1	0
2883	ENSRNOG00000015474	Nelfa	2	0	0	2
2883	ENSRNOG00000016962	Neu2	2	0	0	2
2883	ENSRNOG00000027606	Neurl1b	2	0	1	1
2883	ENSRNOG00000008830	Nfe2l1	2	0	0	2
2883	ENSRNOG00000019907	Nfkbie	2	1	1	0
2883	ENSRNOG00000000839	Nfkbil1	2	1	1	0
2883	ENSRNOG00000016653	Ngef	2	0	1	1
2883	ENSRNOG00000006143	Ngly1	2	0	1	1
2883	ENSRNOG00000005166	Nhlh1	2	0	0	2
2883	ENSRNOG00000010843	Nhlrc3	2	0	0	2
2883	ENSRNOG00000070230	Nhlrc3	2	0	0	2
2883	ENSRNOG00000031834	Nkain4	2	0	0	2
2883	ENSRNOG00000016103	Nkd2	2	1	0	1
2883	ENSRNOG00000008644	Nkx2-1	2	0	0	2
2883	ENSRNOG00000021910	Nkx2-6	2	0	1	1
2883	ENSRNOG00000008704	Nlk	2	0	0	2
2883	ENSRNOG00000063464	Nme2-ps8	2	1	1	0
2883	ENSRNOG00000007128	Nop56	2	0	0	2
2883	ENSRNOG00000042929	Nos1ap	2	0	1	1
2883	ENSRNOG00000000442	Notch4	2	0	0	2
2883	ENSRNOG00000008176	Nppa	2	1	1	0
2883	ENSRNOG00000014684	Npr1	2	1	1	0
2883	ENSRNOG00000017820	Nqo2	2	0	2	0
2883	ENSRNOG00000050690	Nr2e3	2	0	0	2
2883	ENSRNOG00000010308	Nr2f2	2	0	0	2
2883	ENSRNOG00000005964	Nr4a3	2	0	0	2
2883	ENSRNOG00000023079	Nras	2	0	0	2
2883	ENSRNOG00000019093	Nrg2	2	0	1	1
2883	ENSRNOG00000015149	Nrg4	2	0	0	2
2883	ENSRNOG00000021103	Nrxn2	2	0	1	1
2883	ENSRNOG00000008604	Nsfl1c	2	0	1	1
2883	ENSRNOG00000017254	Nsun2	2	0	2	0
2883	ENSRNOG00000003650	Nt5c	2	0	0	2
2883	ENSRNOG00000015283	Nt5c1a	2	1	1	0
2883	ENSRNOG00000068555	Nt5c1a	2	1	1	0
2883	ENSRNOG00000021016	Ntn5	2	0	0	2
2883	ENSRNOG00000000034	Nuak2	2	2	0	0
2883	ENSRNOG00000024929	Nudcd1	2	0	0	2
2883	ENSRNOG00000056148	Nudcd3	2	0	1	1
2883	ENSRNOG00000001260	Nudt1	2	0	1	1
2883	ENSRNOG00000009094	Nudt4	2	0	1	1
2883	ENSRNOG00000001033	Nufip1	2	0	0	2
2883	ENSRNOG00000028215	Nup160	2	0	1	1
2883	ENSRNOG00000052129	Nwd1	2	0	0	2
2883	ENSRNOG00000042658	Nxnl1	2	1	1	0
2883	ENSRNOG00000027847	Nxpe2	2	0	1	1
2883	ENSRNOG00000024641	Nyap1	2	1	1	0
2883	ENSRNOG00000023765	Nyap2	2	0	0	2
2883	ENSRNOG00000001031	Ocm	2	0	1	1
2883	ENSRNOG00000052140	Ogg1	2	0	0	2
2883	ENSRNOG00000016403	Olah	2	0	0	2
2883	ENSRNOG00000021988	Olfr225	2	0	0	2
2883	ENSRNOG00000056219	Olr1	2	0	1	1
2883	ENSRNOG00000001717	Opa1	2	0	0	2
2883	ENSRNOG00000025890	Opa3	2	0	1	1
2883	ENSRNOG00000064373	Opa3	2	0	1	1
2883	ENSRNOG00000003778	Opn3	2	0	1	1
2883	ENSRNOG00000012689	Opn5	2	0	1	1
2883	ENSRNOG00000064488	Or10ad1	2	0	1	1
2883	ENSRNOG00000002858	Or11l3	2	0	0	2
2883	ENSRNOG00000052378	Or1f12-ps1	2	0	0	2
2883	ENSRNOG00000069777	Or2v2c	2	0	1	1
2883	ENSRNOG00000066651	Or5a3	2	0	0	2
2883	ENSRNOG00000001336	Orai1	2	0	1	1
2883	ENSRNOG00000012558	Orc2	2	0	0	2
2883	ENSRNOG00000005021	Orc4	2	0	0	2
2883	ENSRNOG00000064999	Ormdl1	2	0	0	2
2883	ENSRNOG00000010011	Osbpl3	2	0	1	1
2883	ENSRNOG00000030316	Otogl	2	0	0	2
2883	ENSRNOG00000010560	Otp	2	0	1	1
2883	ENSRNOG00000017037	Otud3	2	1	0	1
2883	ENSRNOG00000015503	Otud7a	2	0	1	1
2883	ENSRNOG00000009713	Oxa1l	2	0	1	1
2883	ENSRNOG00000005993	Oxsm	2	0	1	1
2883	ENSRNOG00000070777	P2ry4	2	0	0	2
2883	ENSRNOG00000036689	P4hb	2	0	1	1
2883	ENSRNOG00000042195	Pabpn1	2	1	1	0
2883	ENSRNOG00000054603	Pacsin1	2	0	1	1
2883	ENSRNOG00000014204	Pacsin3	2	0	0	2
2883	ENSRNOG00000022288	Pafah2	2	1	1	0
2883	ENSRNOG00000029784	Pak1	2	0	1	1
2883	ENSRNOG00000010107	Palld	2	0	0	2
2883	ENSRNOG00000025286	Pank2	2	0	0	2
2883	ENSRNOG00000055530	Panx2	2	0	0	2
2883	ENSRNOG00000032437	Pard3	2	0	1	1
2883	ENSRNOG00000017746	Pard6a	2	0	1	1
2883	ENSRNOG00000002579	Parm1	2	0	2	0
2883	ENSRNOG00000007551	Patj	2	0	1	1
2883	ENSRNOG00000070119	Pbx1	2	0	0	2
2883	ENSRNOG00000021221	Pced1a	2	0	1	1
2883	ENSRNOG00000013250	Pdcd5	2	0	1	1
2883	ENSRNOG00000068327	Pdcd5	2	0	1	1
2883	ENSRNOG00000013286	Pdcl3	2	0	0	2
2883	ENSRNOG00000014443	Pde5a	2	0	1	1
2883	ENSRNOG00000017816	Pde6a	2	0	0	2
2883	ENSRNOG00000013048	Pde7a	2	0	0	2
2883	ENSRNOG00000010695	Pdgfc	2	0	1	1
2883	ENSRNOG00000018461	Pdgfrb	2	0	2	0
2883	ENSRNOG00000050197	Pdia6	2	0	0	2
2883	ENSRNOG00000008543	Pdlim2	2	0	1	1
2883	ENSRNOG00000016419	Pdlim5	2	1	1	0
2883	ENSRNOG00000002838	Pdzd11	2	0	0	2
2883	ENSRNOG00000064140	Pdzd11	2	0	0	2
2883	ENSRNOG00000046996	Pea15	2	0	1	1
2883	ENSRNOG00000001136	Pebp1	2	0	1	1
2883	ENSRNOG00000013972	Pef1	2	0	0	2
2883	ENSRNOG00000050386	Pfn4	2	0	1	1
2883	ENSRNOG00000060431	Pfpl	2	0	0	2
2883	ENSRNOG00000006800	Pgap4	2	0	0	2
2883	ENSRNOG00000005650	Pgf	2	0	1	1
2883	ENSRNOG00000019639	Pgpep1	2	1	1	0
2883	ENSRNOG00000006004	Phc2	2	0	1	1
2883	ENSRNOG00000042522	Pheta2	2	0	1	1
2883	ENSRNOG00000018044	Phyh	2	1	1	0
2883	ENSRNOG00000015878	Pif1	2	1	1	0
2883	ENSRNOG00000014866	Pign	2	1	1	0
2883	ENSRNOG00000000145	Pik3r3	2	1	1	0
2883	ENSRNOG00000048676	Pip5kl1	2	0	1	1
2883	ENSRNOG00000019194	Pitx3	2	1	0	1
2883	ENSRNOG00000000934	Piwil1	2	1	1	0
2883	ENSRNOG00000001153	Pla2g1b	2	0	0	2
2883	ENSRNOG00000011263	Plac9	2	0	1	1
2883	ENSRNOG00000003033	Plcd3	2	0	2	0
2883	ENSRNOG00000010650	Plekhh1	2	0	1	1
2883	ENSRNOG00000009980	Plpp1	2	0	1	1
2883	ENSRNOG00000027940	Plppr3	2	0	2	0
2883	ENSRNOG00000016872	Plppr4	2	1	1	0
2883	ENSRNOG00000006655	Plrg1	2	1	1	0
2883	ENSRNOG00000005358	Pmm1	2	1	1	0
2883	ENSRNOG00000020696	Pmvk	2	0	1	1
2883	ENSRNOG00000008782	Pnisr	2	0	1	1
2883	ENSRNOG00000052022	Pnma3	2	0	0	2
2883	ENSRNOG00000014231	Pnoc	2	0	1	1
2883	ENSRNOG00000024450	Poc1b	2	0	0	2
2883	ENSRNOG00000004242	Pole2	2	0	0	2
2883	ENSRNOG00000012111	Poli	2	0	1	1
2883	ENSRNOG00000019439	Polr2g	2	0	2	0
2883	ENSRNOG00000019492	Pomgnt2	2	0	1	1
2883	ENSRNOG00000055650	Pou2f2	2	0	1	1
2883	ENSRNOG00000063836	Pou3f2	2	0	0	2
2883	ENSRNOG00000012091	Ppa2	2	0	1	1
2883	ENSRNOG00000020608	Ppan	2	0	0	2
2883	ENSRNOG00000018711	Ppcdc	2	0	2	0
2883	ENSRNOG00000012722	Ppdpf	2	0	1	1
2883	ENSRNOG00000030667	Ppm1b	2	1	1	0
2883	ENSRNOG00000004314	Ppm1h	2	0	0	2
2883	ENSRNOG00000012481	Ppm1j	2	0	1	1
2883	ENSRNOG00000067239	Ppm1l	2	0	1	1
2883	ENSRNOG00000053828	Ppp1r12c	2	0	0	2
2883	ENSRNOG00000012653	Ppp1r13b	2	1	1	0
2883	ENSRNOG00000028404	Ppp1r1b	2	1	1	0
2883	ENSRNOG00000020620	Ppp1r32	2	0	1	1
2883	ENSRNOG00000014904	Ppp1r3e	2	0	0	2
2883	ENSRNOG00000016222	Ppp1r3g	2	0	0	2
2883	ENSRNOG00000008869	Ppp1r9a	2	0	0	2
2883	ENSRNOG00000018851	Ppp2r2b	2	0	1	1
2883	ENSRNOG00000009882	Ppp3ca	2	0	0	2
2883	ENSRNOG00000008674	Prdm11	2	0	0	2
2883	ENSRNOG00000002004	Prdm8	2	0	0	2
2883	ENSRNOG00000021493	Prdm9	2	0	0	2
2883	ENSRNOG00000046644	Prelid3b	2	0	1	1
2883	ENSRNOG00000003120	Prelp	2	1	1	0
2883	ENSRNOG00000007326	Prepl	2	0	1	1
2883	ENSRNOG00000009085	Prkag2	2	0	0	2
2883	ENSRNOG00000049876	Prkar1a	2	0	0	2
2883	ENSRNOG00000009079	Prkar2b	2	0	0	2
2883	ENSRNOG00000004873	Prkch	2	1	0	1
2883	ENSRNOG00000005289	Prkd3	2	0	1	1
2883	ENSRNOG00000014829	Prmt3	2	0	1	1
2883	ENSRNOG00000053804	Prmt8	2	0	1	1
2883	ENSRNOG00000021266	Prokr2	2	0	0	2
2883	ENSRNOG00000003671	Prop1	2	0	0	2
2883	ENSRNOG00000004145	Prorsd1	2	0	1	1
2883	ENSRNOG00000010980	Proser1	2	0	0	2
2883	ENSRNOG00000025629	Prpf3	2	1	0	1
2883	ENSRNOG00000049162	Prr15l	2	1	1	0
2883	ENSRNOG00000019744	Prr16	2	0	0	2
2883	ENSRNOG00000060193	Prr29	2	0	1	1
2883	ENSRNOG00000000852	Prrc2a	2	1	1	0
2883	ENSRNOG00000033690	Prss41	2	0	1	1
2883	ENSRNOG00000029814	Prtn3	2	0	2	0
2883	ENSRNOG00000019177	Psd2	2	0	1	1
2883	ENSRNOG00000018994	Psmc4	2	1	0	1
2883	ENSRNOG00000003117	Psmd12	2	0	0	2
2883	ENSRNOG00000014097	Psmd7	2	0	1	1
2883	ENSRNOG00000016987	Pstpip2	2	0	1	1
2883	ENSRNOG00000013231	Ptafr	2	0	0	2
2883	ENSRNOG00000016334	Ptbp3	2	0	0	2
2883	ENSRNOG00000028403	Ptcd2	2	0	1	1
2883	ENSRNOG00000013240	Ptger4	2	0	0	2
2883	ENSRNOG00000015072	Ptgr1	2	0	1	1
2883	ENSRNOG00000016239	Ptgr3	2	0	0	2
2883	ENSRNOG00000007628	Ptp4a3	2	1	1	0
2883	ENSRNOG00000056915	Ptprq	2	0	0	2
2883	ENSRNOG00000004483	Ptprr	2	0	1	1
2883	ENSRNOG00000032656	Ptprt	2	0	0	2
2883	ENSRNOG00000009960	Puf60	2	1	1	0
2883	ENSRNOG00000012480	Pxylp1	2	0	2	0
2883	ENSRNOG00000006388	Pygl	2	0	2	0
2883	ENSRNOG00000015807	Pyroxd2	2	0	0	2
2883	ENSRNOG00000046473	Qrfp	2	0	1	1
2883	ENSRNOG00000026049	Qrsl1	2	0	1	1
2883	ENSRNOG00000016777	R3hcc1	2	1	1	0
2883	ENSRNOG00000037566	RGD1560398	2	0	1	1
2883	ENSRNOG00000042054	RGD1565959	2	0	0	2
2883	ENSRNOG00000051675	RNaseP_nuc	2	0	0	2
2883	ENSRNOG00000056093	RNaseP_nuc	2	1	1	0
2883	ENSRNOG00000056470	RNaseP_nuc	2	0	1	1
2883	ENSRNOG00000060256	RNaseP_nuc	2	0	1	1
2883	ENSRNOG00000032708	RT1-Bb	2	0	0	2
2883	ENSRNOG00000050183	RT1-CE1	2	0	1	1
2883	ENSRNOG00000048951	RT1-CE15	2	0	2	0
2883	ENSRNOG00000065311	RT1-CE15	2	0	2	0
2883	ENSRNOG00000065254	RT1-CE16	2	0	2	0
2883	ENSRNOG00000000723	RT1-CE5	2	1	1	0
2883	ENSRNOG00000000454	RT1-DOb	2	0	0	2
2883	ENSRNOG00000042189	Rab31	2	0	1	1
2883	ENSRNOG00000013035	Rab33b	2	0	0	2
2883	ENSRNOG00000001311	Rab36	2	0	1	1
2883	ENSRNOG00000008001	Rab3b	2	0	1	1
2883	ENSRNOG00000047960	Rab9b	2	0	0	2
2883	ENSRNOG00000004424	Rabif	2	0	0	2
2883	ENSRNOG00000018729	Rad9a	2	1	1	0
2883	ENSRNOG00000021480	Rad9b	2	0	2	0
2883	ENSRNOG00000021295	Rae1	2	0	1	1
2883	ENSRNOG00000010219	Ralgds	2	1	0	1
2883	ENSRNOG00000004980	Rangrf	2	0	2	0
2883	ENSRNOG00000007048	Rap1a	2	0	1	1
2883	ENSRNOG00000002652	Rap1gap2	2	0	1	1
2883	ENSRNOG00000051564	Rap2a	2	0	1	1
2883	ENSRNOG00000065432	Rap2b	2	0	1	1
2883	ENSRNOG00000059961	Rapgef3	2	0	1	1
2883	ENSRNOG00000001516	Rapgef4	2	0	0	2
2883	ENSRNOG00000009995	Rapgef6	2	0	0	2
2883	ENSRNOG00000009972	Rara	2	1	0	1
2883	ENSRNOG00000014761	Rasd2	2	1	1	0
2883	ENSRNOG00000008951	Rasl10a	2	1	1	0
2883	ENSRNOG00000005342	Rassf5	2	0	1	1
2883	ENSRNOG00000016944	Rax	2	0	0	2
2883	ENSRNOG00000057245	Rbbp8nl	2	0	2	0
2883	ENSRNOG00000003386	Rbfox3	2	0	2	0
2883	ENSRNOG00000006763	Rbm18	2	1	1	0
2883	ENSRNOG00000009836	Rbm26	2	0	0	2
2883	ENSRNOG00000005468	Rbm28	2	1	1	0
2883	ENSRNOG00000013794	Rbp1	2	0	1	1
2883	ENSRNOG00000011391	Rbsn	2	0	2	0
2883	ENSRNOG00000015054	Rcbtb2	2	0	0	2
2883	ENSRNOG00000002546	Rchy1	2	0	0	2
2883	ENSRNOG00000043031	Rd3l	2	0	0	2
2883	ENSRNOG00000012602	Recql	2	0	0	2
2883	ENSRNOG00000015508	Relch	2	1	1	0
2883	ENSRNOG00000002192	Rell1	2	0	0	2
2883	ENSRNOG00000025075	Relt	2	0	0	2
2883	ENSRNOG00000001840	Rep15	2	0	0	2
2883	ENSRNOG00000059224	Reps1	2	0	1	1
2883	ENSRNOG00000017940	Rere	2	0	0	2
2883	ENSRNOG00000014751	Ret	2	1	1	0
2883	ENSRNOG00000020056	Retreg3	2	0	2	0
2883	ENSRNOG00000001816	Rfc4	2	0	1	1
2883	ENSRNOG00000050298	Rfng	2	1	1	0
2883	ENSRNOG00000015594	Rftn2	2	0	0	2
2883	ENSRNOG00000013389	Rgs7bp	2	0	1	1
2883	ENSRNOG00000001443	Rhbdd2	2	0	0	2
2883	ENSRNOG00000019412	Rhbg	2	0	0	2
2883	ENSRNOG00000000633	Rhobtb1	2	0	1	1
2883	ENSRNOG00000003081	Ribc1	2	0	0	2
2883	ENSRNOG00000030452	Rimbp3	2	0	2	0
2883	ENSRNOG00000012692	Riok2	2	0	0	2
2883	ENSRNOG00000010126	Riox1	2	0	1	1
2883	ENSRNOG00000016897	Rlbp1	2	0	0	2
2883	ENSRNOG00000060867	Rln1	2	0	0	2
2883	ENSRNOG00000012597	Rmc1	2	0	1	1
2883	ENSRNOG00000019108	Rmi1	2	0	2	0
2883	ENSRNOG00000025625	Rnase4	2	0	1	1
2883	ENSRNOG00000060821	Rnf114	2	0	0	2
2883	ENSRNOG00000045637	Rnf14	2	0	2	0
2883	ENSRNOG00000026408	Rnf169	2	0	1	1
2883	ENSRNOG00000043329	Rnf180	2	0	2	0
2883	ENSRNOG00000004940	Rnf215	2	1	1	0
2883	ENSRNOG00000007720	Rnf26	2	0	0	2
2883	ENSRNOG00000000781	Rnf39	2	0	1	1
2883	ENSRNOG00000000968	Rnf6	2	0	0	2
2883	ENSRNOG00000020705	Rnls	2	0	1	1
2883	ENSRNOG00000055436	Rnu1-149	2	0	1	1
2883	ENSRNOG00000059004	Rnu2-72	2	0	1	1
2883	ENSRNOG00000054059	Rnu6-1267	2	0	0	2
2883	ENSRNOG00000052503	Rnu6-81	2	0	0	2
2883	ENSRNOG00000057704	Rnu6atac	2	0	2	0
2883	ENSRNOG00000013413	Rorb	2	0	0	2
2883	ENSRNOG00000008309	Rpa3	2	0	0	2
2883	ENSRNOG00000038085	Rpe	2	0	1	1
2883	ENSRNOG00000015969	Rpf1	2	0	0	2
2883	ENSRNOG00000062474	Rpl21l2	2	0	1	1
2883	ENSRNOG00000069581	Rpl22	2	0	1	1
2883	ENSRNOG00000004107	Rpl23	2	0	0	2
2883	ENSRNOG00000023344	Rpl23a	2	1	1	0
2883	ENSRNOG00000011138	Rpl29	2	0	1	1
2883	ENSRNOG00000068679	Rpl30	2	0	0	2
2883	ENSRNOG00000032835	Rpl39	2	0	0	2
2883	ENSRNOG00000034237	Rpl39-ps12	2	0	0	2
2883	ENSRNOG00000025936	Rpl6	2	0	0	2
2883	ENSRNOG00000001148	Rplp0	2	1	1	0
2883	ENSRNOG00000038025	Rpp38	2	0	0	2
2883	ENSRNOG00000063181	Rpp38	2	0	0	2
2883	ENSRNOG00000005109	Rprm	2	0	0	2
2883	ENSRNOG00000000490	Rps10	2	0	1	1
2883	ENSRNOG00000052141	Rps10l1	2	0	0	2
2883	ENSRNOG00000066637	Rps10l1	2	0	0	2
2883	ENSRNOG00000012174	Rps10l2	2	1	1	0
2883	ENSRNOG00000020595	Rps11	2	1	0	1
2883	ENSRNOG00000031439	Rps16l1	2	0	0	2
2883	ENSRNOG00000050473	Rps27l	2	0	0	2
2883	ENSRNOG00000032542	Rps29	2	0	1	1
2883	ENSRNOG00000019453	Rps5	2	0	2	0
2883	ENSRNOG00000013194	Rps6ka2	2	1	0	1
2883	ENSRNOG00000011568	Rspo3	2	0	1	1
2883	ENSRNOG00000027513	Rtel1	2	0	1	1
2883	ENSRNOG00000005083	Rtfdc1	2	0	1	1
2883	ENSRNOG00000000636	Rtkn2	2	0	1	1
2883	ENSRNOG00000067849	Rtkn2	2	0	1	1
2883	ENSRNOG00000045779	Rtl5	2	0	1	1
2883	ENSRNOG00000000279	Rtn4ip1	2	0	1	1
2883	ENSRNOG00000030920	Rtn4r	2	1	1	0
2883	ENSRNOG00000021513	Rtn4rl2	2	1	0	1
2883	ENSRNOG00000021992	Rtp1	2	0	0	2
2883	ENSRNOG00000038200	Rttn	2	0	1	1
2883	ENSRNOG00000003536	Rufy1	2	0	0	2
2883	ENSRNOG00000045843	Rusc2	2	2	0	0
2883	ENSRNOG00000017060	Ryr2	2	0	1	1
2883	ENSRNOG00000007099	S100pbp	2	0	1	1
2883	ENSRNOG00000014524	S1pr3	2	0	0	2
2883	ENSRNOG00000016432	Samd13	2	0	1	1
2883	ENSRNOG00000002575	Sap30l	2	0	1	1
2883	ENSRNOG00000013160	Sash1	2	0	1	1
2883	ENSRNOG00000004409	Sash3	2	0	0	2
2883	ENSRNOG00000001064	Sbno1	2	0	1	1
2883	ENSRNOG00000059389	Scarna13	2	0	1	1
2883	ENSRNOG00000053606	Scarna6	2	0	0	2
2883	ENSRNOG00000013552	Scd	2	0	0	2
2883	ENSRNOG00000026110	Scml4	2	0	0	2
2883	ENSRNOG00000053122	Scn1a	2	0	2	0
2883	ENSRNOG00000016221	Scn2b	2	1	0	1
2883	ENSRNOG00000063505	Scn2b	2	1	0	1
2883	ENSRNOG00000057221	Scn3b	2	1	1	0
2883	ENSRNOG00000022229	Sdad1	2	0	2	0
2883	ENSRNOG00000059947	Sdc1	2	0	0	2
2883	ENSRNOG00000011283	Sdhaf3	2	0	0	2
2883	ENSRNOG00000028087	Sdhaf4	2	0	0	2
2883	ENSRNOG00000001103	Sdk1	2	0	0	2
2883	ENSRNOG00000021014	Sec1	2	0	0	2
2883	ENSRNOG00000009042	Sec24c	2	0	0	2
2883	ENSRNOG00000005203	Sec61g	2	0	0	2
2883	ENSRNOG00000061231	Selenom	2	2	0	0
2883	ENSRNOG00000060120	Selenoo	2	0	0	2
2883	ENSRNOG00000016512	Sema3b	2	1	1	0
2883	ENSRNOG00000011977	Sema5a	2	0	1	1
2883	ENSRNOG00000001773	Senp2	2	0	2	0
2883	ENSRNOG00000049244	Sepsecs	2	0	0	2
2883	ENSRNOG00000029912	Sept5	2	0	1	1
2883	ENSRNOG00000002807	Septin9	2	0	1	1
2883	ENSRNOG00000017889	Serac1	2	0	0	2
2883	ENSRNOG00000009552	Serinc3	2	1	1	0
2883	ENSRNOG00000011141	Serpina11	2	0	1	1
2883	ENSRNOG00000029949	Serpina3a	2	0	0	2
2883	ENSRNOG00000070387	Serpinb3	2	0	1	1
2883	ENSRNOG00000000302	Sesn1	2	2	0	0
2883	ENSRNOG00000008173	Sesn3	2	0	0	2
2883	ENSRNOG00000016208	Setbp1	2	0	1	1
2883	ENSRNOG00000012447	Setd6	2	0	0	2
2883	ENSRNOG00000027098	Sez6l2	2	0	0	2
2883	ENSRNOG00000009465	Sfrp2	2	0	1	1
2883	ENSRNOG00000054957	Sfrp4	2	0	1	1
2883	ENSRNOG00000000931	Sfswap	2	0	1	1
2883	ENSRNOG00000024140	Sft2d1	2	1	1	0
2883	ENSRNOG00000013605	Sh2d6	2	0	1	1
2883	ENSRNOG00000004322	Sh3kbp1	2	0	1	1
2883	ENSRNOG00000014366	Shc3	2	1	1	0
2883	ENSRNOG00000037134	Shc4	2	1	1	0
2883	ENSRNOG00000028685	Shf	2	0	0	2
2883	ENSRNOG00000012478	Shox2	2	0	0	2
2883	ENSRNOG00000002208	Shroom3	2	0	0	2
2883	ENSRNOG00000045931	Sik3	2	0	1	1
2883	ENSRNOG00000017866	Sirt5	2	0	2	0
2883	ENSRNOG00000037680	Skint8	2	0	1	1
2883	ENSRNOG00000013959	Skor1	2	0	0	2
2883	ENSRNOG00000018111	Slc12a5	2	0	0	2
2883	ENSRNOG00000005196	Slc12a6	2	0	1	1
2883	ENSRNOG00000016372	Slc12a7	2	0	0	2
2883	ENSRNOG00000018748	Slc16a11	2	1	1	0
2883	ENSRNOG00000000245	Slc16a6	2	0	1	1
2883	ENSRNOG00000001232	Slc19a1	2	0	0	2
2883	ENSRNOG00000019490	Slc20a2	2	0	1	1
2883	ENSRNOG00000008169	Slc24a2	2	0	1	1
2883	ENSRNOG00000005158	Slc24a5	2	0	0	2
2883	ENSRNOG00000068493	Slc25a2	2	1	1	0
2883	ENSRNOG00000038398	Slc25a31	2	1	1	0
2883	ENSRNOG00000018552	Slc25a38	2	1	0	1
2883	ENSRNOG00000039278	Slc25a51l1	2	0	1	1
2883	ENSRNOG00000042387	Slc25a6	2	0	1	1
2883	ENSRNOG00000019752	Slc29a1	2	1	0	1
2883	ENSRNOG00000007284	Slc2a1	2	0	0	2
2883	ENSRNOG00000008376	Slc2a3	2	1	0	1
2883	ENSRNOG00000004749	Slc30a1	2	0	2	0
2883	ENSRNOG00000012287	Slc35e1	2	0	0	2
2883	ENSRNOG00000003403	Slc35f5	2	0	1	1
2883	ENSRNOG00000011455	Slc36a4	2	0	0	2
2883	ENSRNOG00000005291	Slc38a1	2	1	0	1
2883	ENSRNOG00000010375	Slc39a2	2	0	2	0
2883	ENSRNOG00000045821	Slc41a3	2	0	1	1
2883	ENSRNOG00000003835	Slc43a2	2	2	0	0
2883	ENSRNOG00000042332	Slc44a5	2	1	0	1
2883	ENSRNOG00000018229	Slc45a1	2	0	2	0
2883	ENSRNOG00000028879	Slc4a8	2	0	1	1
2883	ENSRNOG00000018525	Slc4a9	2	1	1	0
2883	ENSRNOG00000028889	Slc51b	2	1	1	0
2883	ENSRNOG00000017775	Slc5a1	2	0	2	0
2883	ENSRNOG00000017302	Slc6a3	2	0	1	1
2883	ENSRNOG00000003476	Slc6a4	2	0	2	0
2883	ENSRNOG00000018644	Slc6a7	2	0	2	0
2883	ENSRNOG00000011339	Slk	2	0	1	1
2883	ENSRNOG00000011307	Slmap	2	1	1	0
2883	ENSRNOG00000007430	Slx4ip	2	0	0	2
2883	ENSRNOG00000003139	Smc1a	2	0	0	2
2883	ENSRNOG00000011162	Smco4	2	0	0	2
2883	ENSRNOG00000070907	Smdt1	2	0	1	1
2883	ENSRNOG00000031995	Smim15	2	0	1	1
2883	ENSRNOG00000069860	Smim36	2	0	1	1
2883	ENSRNOG00000043197	Smim45	2	0	0	2
2883	ENSRNOG00000066597	Smim47	2	0	1	1
2883	ENSRNOG00000014833	Smndc1	2	0	1	1
2883	ENSRNOG00000025799	Smokl1	2	0	0	2
2883	ENSRNOG00000021255	Smox	2	0	2	0
2883	ENSRNOG00000031275	Sms-ps2	2	0	0	2
2883	ENSRNOG00000007671	Smu1	2	0	0	2
2883	ENSRNOG00000001056	Snapc2	2	0	2	0
2883	ENSRNOG00000013356	Snapin	2	1	0	1
2883	ENSRNOG00000052741	Snora21	2	0	0	2
2883	ENSRNOG00000054091	Snora38	2	1	1	0
2883	ENSRNOG00000058449	Snora41	2	0	0	2
2883	ENSRNOG00000058283	Snora6	2	0	0	2
2883	ENSRNOG00000055465	Snora62	2	0	0	2
2883	ENSRNOG00000056426	Snora69	2	1	1	0
2883	ENSRNOG00000052439	Snora73bl1	2	0	0	2
2883	ENSRNOG00000052748	Snora75	2	0	0	2
2883	ENSRNOG00000016606	Snorc	2	0	0	2
2883	ENSRNOG00000060532	Snord105	2	0	0	2
2883	ENSRNOG00000055949	Snord105b	2	0	0	2
2883	ENSRNOG00000054739	Snord110	2	0	0	2
2883	ENSRNOG00000061186	Snord123	2	0	1	1
2883	ENSRNOG00000056200	Snord12c	2	0	1	1
2883	ENSRNOG00000070981	Snord13	2	0	2	0
2883	ENSRNOG00000063162	Snord14a	2	1	0	1
2883	ENSRNOG00000067497	Snord14d	2	1	0	1
2883	ENSRNOG00000060216	Snord20	2	0	0	2
2883	ENSRNOG00000052300	Snord35b	2	1	0	1
2883	ENSRNOG00000056377	Snord42a	2	1	1	0
2883	ENSRNOG00000055722	Snord42b	2	1	1	0
2883	ENSRNOG00000052611	Snord43	2	0	1	1
2883	ENSRNOG00000055429	Snord4a	2	1	1	0
2883	ENSRNOG00000052156	Snord51	2	0	0	2
2883	ENSRNOG00000055640	Snord65	2	0	2	0
2883	ENSRNOG00000065477	Snord88a	2	0	1	1
2883	ENSRNOG00000054326	Snord88b	2	0	1	1
2883	ENSRNOG00000057316	Snord88c	2	0	1	1
2883	ENSRNOG00000066121	Snord93	2	0	1	1
2883	ENSRNOG00000012219	Snrnp40	2	0	1	1
2883	ENSRNOG00000011932	Snrpa1	2	0	1	1
2883	ENSRNOG00000016062	Snta1	2	0	0	2
2883	ENSRNOG00000005426	Snupn	2	0	1	1
2883	ENSRNOG00000008642	Snx11	2	1	0	1
2883	ENSRNOG00000011116	Snx25	2	0	0	2
2883	ENSRNOG00000017132	Snx30	2	0	2	0
2883	ENSRNOG00000006077	Snx5	2	0	1	1
2883	ENSRNOG00000064634	Sorl1	2	0	1	1
2883	ENSRNOG00000060061	Sowaha	2	1	1	0
2883	ENSRNOG00000007514	Sox12	2	1	1	0
2883	ENSRNOG00000065264	Sox12	2	1	1	0
2883	ENSRNOG00000033747	Sp110	2	0	0	2
2883	ENSRNOG00000022800	Sp140	2	0	0	2
2883	ENSRNOG00000068174	Sp8	2	0	0	2
2883	ENSRNOG00000070391	Spaar	2	0	0	2
2883	ENSRNOG00000022021	Spag6	2	0	0	2
2883	ENSRNOG00000015678	Spata1	2	0	1	1
2883	ENSRNOG00000002903	Specc1	2	1	1	0
2883	ENSRNOG00000033556	Spen	2	1	0	1
2883	ENSRNOG00000008252	Spink4	2	0	1	1
2883	ENSRNOG00000025324	Spire1	2	1	0	1
2883	ENSRNOG00000036711	Spn	2	0	1	1
2883	ENSRNOG00000057040	Spns2	2	1	1	0
2883	ENSRNOG00000061544	Spock2	2	0	0	2
2883	ENSRNOG00000021330	Sprtn	2	0	1	1
2883	ENSRNOG00000017212	Spsb1	2	1	0	1
2883	ENSRNOG00000005434	Sptbn1	2	0	0	2
2883	ENSRNOG00000013050	Spz1	2	1	1	0
2883	ENSRNOG00000018089	Sra1	2	0	1	1
2883	ENSRNOG00000017601	Srd5a1	2	0	2	0
2883	ENSRNOG00000007400	Srebf2	2	0	1	1
2883	ENSRNOG00000047506	Srek1ip1	2	0	0	2
2883	ENSRNOG00000006733	Srgap2	2	0	1	1
2883	ENSRNOG00000006509	Srgap3	2	0	0	2
2883	ENSRNOG00000000394	Srgn	2	1	1	0
2883	ENSRNOG00000032776	Srp54a	2	0	1	1
2883	ENSRNOG00000048277	Srrt	2	0	0	2
2883	ENSRNOG00000050323	Srsf1	2	0	2	0
2883	ENSRNOG00000029592	Srsf11	2	0	1	1
2883	ENSRNOG00000011148	Ssr3	2	0	1	1
2883	ENSRNOG00000053172	Ssr4	2	0	0	2
2883	ENSRNOG00000007332	Sstr3	2	0	1	1
2883	ENSRNOG00000014002	St7l	2	1	0	1
2883	ENSRNOG00000014018	St8sia1	2	0	1	1
2883	ENSRNOG00000027447	Stam2	2	0	2	0
2883	ENSRNOG00000012227	Stambp	2	0	1	1
2883	ENSRNOG00000011511	Stk24	2	0	1	1
2883	ENSRNOG00000018181	Stk25	2	0	1	1
2883	ENSRNOG00000011705	Stmn2	2	0	0	2
2883	ENSRNOG00000013657	Stmn3	2	0	1	1
2883	ENSRNOG00000015420	Stxbp1	2	0	2	0
2883	ENSRNOG00000023366	Styxl1	2	0	0	2
2883	ENSRNOG00000033110	Svep1	2	0	1	1
2883	ENSRNOG00000018110	Svil	2	0	0	2
2883	ENSRNOG00000017108	Syngr1	2	1	0	1
2883	ENSRNOG00000019181	Synpo	2	0	0	2
2883	ENSRNOG00000008949	Synpo2l	2	0	0	2
2883	ENSRNOG00000006426	Syt1	2	0	1	1
2883	ENSRNOG00000056012	Syt16	2	0	0	2
2883	ENSRNOG00000028659	Szt2	2	0	1	1
2883	ENSRNOG00000027326	Tada2b	2	0	0	2
2883	ENSRNOG00000001355	Taf6	2	0	0	2
2883	ENSRNOG00000020024	Taf7	2	1	1	0
2883	ENSRNOG00000030245	Tango2	2	1	1	0
2883	ENSRNOG00000026225	Tas2r138	2	0	1	1
2883	ENSRNOG00000008393	Tax1bp1	2	0	1	1
2883	ENSRNOG00000000564	Tbata	2	0	1	1
2883	ENSRNOG00000023348	Tbc1d2	2	1	0	1
2883	ENSRNOG00000003050	Tbc1d9b	2	1	1	0
2883	ENSRNOG00000011114	Tbpl1	2	0	1	1
2883	ENSRNOG00000066988	Tbpl1	2	0	1	1
2883	ENSRNOG00000048614	Teddm1	2	0	0	2
2883	ENSRNOG00000046786	Teddm1b	2	0	0	2
2883	ENSRNOG00000011033	Tekt2	2	0	0	2
2883	ENSRNOG00000018792	Tekt4	2	1	0	1
2883	ENSRNOG00000010240	Tent5a	2	0	2	0
2883	ENSRNOG00000051952	Tes	2	1	1	0
2883	ENSRNOG00000008618	Tex10	2	0	0	2
2883	ENSRNOG00000013201	Tex264	2	0	0	2
2883	ENSRNOG00000038921	Tex35	2	0	0	2
2883	ENSRNOG00000005246	Tfap2c	2	0	0	2
2883	ENSRNOG00000032395	Tfcp2	2	0	2	0
2883	ENSRNOG00000050573	Tgfbr3l	2	0	2	0
2883	ENSRNOG00000058724	Thap6	2	0	0	2
2883	ENSRNOG00000008456	Thoc5	2	0	0	2
2883	ENSRNOG00000006649	Thrb	2	0	0	2
2883	ENSRNOG00000030151	Thsd7a	2	0	0	2
2883	ENSRNOG00000018105	Thtpa	2	1	1	0
2883	ENSRNOG00000007040	Timm17a	2	1	1	0
2883	ENSRNOG00000020189	Tinf2	2	1	1	0
2883	ENSRNOG00000037275	Tlcd2	2	0	1	1
2883	ENSRNOG00000009300	Tlk1	2	0	0	2
2883	ENSRNOG00000060572	Tlk1	2	0	0	2
2883	ENSRNOG00000013519	Tll2	2	0	1	1
2883	ENSRNOG00000016630	Tln1	2	0	1	1
2883	ENSRNOG00000022067	Tlr5	2	0	1	1
2883	ENSRNOG00000002161	Tlr6	2	1	1	0
2883	ENSRNOG00000020989	Tm7sf2	2	0	1	1
2883	ENSRNOG00000047225	Tma7	2	2	0	0
2883	ENSRNOG00000013889	Tmed3	2	1	1	0
2883	ENSRNOG00000001441	Tmem120a	2	0	1	1
2883	ENSRNOG00000038406	Tmem132b	2	0	0	2
2883	ENSRNOG00000007455	Tmem132e	2	0	1	1
2883	ENSRNOG00000009220	Tmem17	2	0	1	1
2883	ENSRNOG00000018158	Tmem181	2	0	0	2
2883	ENSRNOG00000028945	Tmem182	2	1	1	0
2883	ENSRNOG00000032018	Tmem200b	2	1	1	0
2883	ENSRNOG00000020692	Tmem216	2	1	1	0
2883	ENSRNOG00000008757	Tmem218	2	1	0	1
2883	ENSRNOG00000008564	Tmem222	2	0	1	1
2883	ENSRNOG00000049326	Tmem234	2	0	1	1
2883	ENSRNOG00000028085	Tmem255a	2	0	0	2
2883	ENSRNOG00000032740	Tmem258b	2	0	0	2
2883	ENSRNOG00000014197	Tmem51	2	1	0	1
2883	ENSRNOG00000058653	Tmem52b	2	0	1	1
2883	ENSRNOG00000019743	Tmem63b	2	0	1	1
2883	ENSRNOG00000021316	Tmem98	2	0	1	1
2883	ENSRNOG00000004585	Tmtc2	2	0	2	0
2883	ENSRNOG00000049517	Tnfaip3	2	1	1	0
2883	ENSRNOG00000026136	Tnfaip8	2	0	1	1
2883	ENSRNOG00000007664	Tnfrsf13c	2	1	0	1
2883	ENSRNOG00000001769	Tnk2	2	1	1	0
2883	ENSRNOG00000020276	Tnni2	2	0	0	2
2883	ENSRNOG00000028041	Tnnt1	2	0	0	2
2883	ENSRNOG00000014999	Tnpo1	2	0	0	2
2883	ENSRNOG00000014182	Tns1	2	0	1	1
2883	ENSRNOG00000025695	Tns3	2	0	1	1
2883	ENSRNOG00000017561	Toe1	2	0	0	2
2883	ENSRNOG00000011040	Tomm70-ps1	2	0	1	1
2883	ENSRNOG00000007500	Top1mt	2	0	1	1
2883	ENSRNOG00000001845	Top3b	2	0	0	2
2883	ENSRNOG00000006435	Tor1b	2	0	0	2
2883	ENSRNOG00000022514	Tor2a	2	0	1	1
2883	ENSRNOG00000026215	Tp53tg5	2	1	1	0
2883	ENSRNOG00000042441	Tpd52l3	2	0	0	2
2883	ENSRNOG00000028261	Tppp	2	2	0	0
2883	ENSRNOG00000063970	Tprg1	2	0	0	2
2883	ENSRNOG00000008165	Tpx2	2	0	1	1
2883	ENSRNOG00000009156	Tra2a	2	1	1	0
2883	ENSRNOG00000029095	Trabd	2	0	0	2
2883	ENSRNOG00000001003	Trappc5	2	0	1	1
2883	ENSRNOG00000026941	Tril	2	1	1	0
2883	ENSRNOG00000009449	Trim35	2	0	0	2
2883	ENSRNOG00000002388	Trim41	2	2	0	0
2883	ENSRNOG00000071001	Trim56	2	0	0	2
2883	ENSRNOG00000026430	Trim58	2	0	0	2
2883	ENSRNOG00000014373	Trim66	2	0	0	2
2883	ENSRNOG00000055524	Trip10	2	1	0	1
2883	ENSRNOG00000016121	Trip4	2	0	1	1
2883	ENSRNOG00000002914	Trmt1	2	1	0	1
2883	ENSRNOG00000060703	Troap	2	0	0	2
2883	ENSRNOG00000012727	Trpc7	2	1	0	1
2883	ENSRNOG00000027770	Trpm3	2	0	0	2
2883	ENSRNOG00000003104	Trpv2	2	1	1	0
2883	ENSRNOG00000004598	Tsen54	2	1	1	0
2883	ENSRNOG00000016793	Tshb	2	0	0	2
2883	ENSRNOG00000016246	Tshz1	2	0	0	2
2883	ENSRNOG00000027784	Tsku	2	1	1	0
2883	ENSRNOG00000015913	Tspan5	2	0	0	2
2883	ENSRNOG00000028765	Ttc24	2	0	0	2
2883	ENSRNOG00000022791	Ttc6	2	0	0	2
2883	ENSRNOG00000018850	Ttc9b	2	1	1	0
2883	ENSRNOG00000023494	Tti2	2	0	2	0
2883	ENSRNOG00000056362	Ttll13	2	0	0	2
2883	ENSRNOG00000069271	Ttn	2	0	0	2
2883	ENSRNOG00000053468	Tuba1a	2	1	1	0
2883	ENSRNOG00000047505	Tubb4a	2	0	0	2
2883	ENSRNOG00000020213	Tubg1	2	0	2	0
2883	ENSRNOG00000017085	Tubgcp3	2	0	1	1
2883	ENSRNOG00000006028	Tubgcp6	2	0	1	1
2883	ENSRNOG00000020923	Tuft1	2	0	0	2
2883	ENSRNOG00000016629	Tut7	2	0	0	2
2883	ENSRNOG00000011101	Twist1	2	0	0	2
2883	ENSRNOG00000009088	Txnrd1	2	0	1	1
2883	ENSRNOG00000001890	Txnrd2	2	0	0	2
2883	ENSRNOG00000059810	Txnrd3	2	0	0	2
2883	ENSRNOG00000037225	Tyms	2	0	1	1
2883	ENSRNOG00000056693	U1	2	0	0	2
2883	ENSRNOG00000056741	U1	2	0	1	1
2883	ENSRNOG00000057518	U1	2	0	2	0
2883	ENSRNOG00000008187	Ubash3b	2	0	1	1
2883	ENSRNOG00000019953	Ube2f	2	0	1	1
2883	ENSRNOG00000001222	Ube2g2	2	0	0	2
2883	ENSRNOG00000016930	Ube2s	2	0	1	1
2883	ENSRNOG00000065893	Uchl3-ps1	2	0	0	2
2883	ENSRNOG00000047394	Ufd1	2	0	0	2
2883	ENSRNOG00000051006	Ufsp1	2	0	0	2
2883	ENSRNOG00000038459	Ulk3	2	0	2	0
2883	ENSRNOG00000008237	Unc13b	2	0	0	2
2883	ENSRNOG00000030679	Uqcrb-ps2	2	0	1	1
2883	ENSRNOG00000012184	Urgcp	2	0	1	1
2883	ENSRNOG00000043404	Uroc1	2	0	1	1
2883	ENSRNOG00000015956	Usp29	2	1	0	1
2883	ENSRNOG00000027711	Usp32	2	0	0	2
2883	ENSRNOG00000017644	Usp6nl	2	0	1	1
2883	ENSRNOG00000020333	Utp4	2	0	0	2
2883	ENSRNOG00000019219	Vamp1	2	1	1	0
2883	ENSRNOG00000014765	Vapa	2	0	1	1
2883	ENSRNOG00000029212	Vcan	2	0	0	2
2883	ENSRNOG00000015161	Vdac1-ps11	2	0	1	1
2883	ENSRNOG00000013505	Vdac2	2	0	1	1
2883	ENSRNOG00000011416	Vegfc	2	0	1	1
2883	ENSRNOG00000009819	Vezf1	2	0	1	1
2883	ENSRNOG00000018808	Vip	2	0	1	1
2883	ENSRNOG00000026508	Vmo1	2	0	2	0
2883	ENSRNOG00000052348	Vpreb1a	2	0	0	2
2883	ENSRNOG00000021222	Vps16	2	0	1	1
2883	ENSRNOG00000051179	Vps25	2	2	0	0
2883	ENSRNOG00000046439	Vps37c	2	0	1	1
2883	ENSRNOG00000009894	Vps50	2	0	1	1
2883	ENSRNOG00000006895	Vps53	2	0	1	1
2883	ENSRNOG00000005345	Vsnl1	2	0	0	2
2883	ENSRNOG00000018338	Vwa1	2	0	0	2
2883	ENSRNOG00000000860	Vwa7	2	0	1	1
2883	ENSRNOG00000055684	Wap	2	0	0	2
2883	ENSRNOG00000047476	Wasf1	2	0	1	1
2883	ENSRNOG00000011678	Wbp4	2	0	1	1
2883	ENSRNOG00000010042	Wdfy2	2	0	1	1
2883	ENSRNOG00000048847	Wdr17	2	0	1	1
2883	ENSRNOG00000018967	Wdr59	2	0	0	2
2883	ENSRNOG00000008377	Wdtc1	2	0	0	2
2883	ENSRNOG00000014739	Wfdc2	2	0	1	1
2883	ENSRNOG00000004476	Wif1	2	0	0	2
2883	ENSRNOG00000009956	Wnk1	2	1	1	0
2883	ENSRNOG00000052510	Wnt10a	2	0	0	2
2883	ENSRNOG00000017409	Wnt6	2	0	0	2
2883	ENSRNOG00000013074	Wt1	2	0	1	1
2883	ENSRNOG00000006328	Wwp1	2	0	0	2
2883	ENSRNOG00000028636	Xkr5	2	0	0	2
2883	ENSRNOG00000013288	Xpo7	2	0	1	1
2883	ENSRNOG00000056658	Xylt1	2	0	0	2
2883	ENSRNOG00000061624	Y_RNA	2	0	1	1
2883	ENSRNOG00000007213	Yars	2	0	1	1
2883	ENSRNOG00000032902	Ybx1-ps20	2	1	1	0
2883	ENSRNOG00000058593	Zbtb1	2	0	0	2
2883	ENSRNOG00000006441	Zbtb25	2	0	0	2
2883	ENSRNOG00000019461	Zbtb3	2	0	2	0
2883	ENSRNOG00000004306	Zbtb39	2	1	0	1
2883	ENSRNOG00000022356	Zc2hc1a	2	0	1	1
2883	ENSRNOG00000011508	Zc3h12b	2	0	1	1
2883	ENSRNOG00000005256	Zc3h15	2	0	1	1
2883	ENSRNOG00000015229	Zc3h4	2	0	2	0
2883	ENSRNOG00000012266	Zcchc17	2	0	1	1
2883	ENSRNOG00000024114	Zdbf2	2	0	1	1
2883	ENSRNOG00000051699	Zdhhc4	2	0	1	1
2883	ENSRNOG00000018107	Zfand5	2	0	1	1
2883	ENSRNOG00000025634	Zfhx2	2	1	1	0
2883	ENSRNOG00000017092	Zfp169	2	0	0	2
2883	ENSRNOG00000006972	Zfp189	2	0	1	1
2883	ENSRNOG00000007678	Zfp263	2	0	0	2
2883	ENSRNOG00000058646	Zfp36l1	2	0	1	1
2883	ENSRNOG00000032048	Zfp462	2	0	1	1
2883	ENSRNOG00000004572	Zfp472	2	0	0	2
2883	ENSRNOG00000056036	Zfp51	2	1	1	0
2883	ENSRNOG00000051578	Zfp54	2	1	1	0
2883	ENSRNOG00000043053	Zfp639	2	0	1	1
2883	ENSRNOG00000002112	Zfp644	2	0	2	0
2883	ENSRNOG00000017001	Zfp652	2	1	1	0
2883	ENSRNOG00000033906	Zfp667	2	0	2	0
2883	ENSRNOG00000066277	Zfp689	2	0	0	2
2883	ENSRNOG00000060956	Zfp706	2	0	0	2
2883	ENSRNOG00000014278	Zfp710	2	1	1	0
2883	ENSRNOG00000042777	Zfp78	2	0	0	2
2883	ENSRNOG00000032552	Zfp799	2	0	1	1
2883	ENSRNOG00000030416	Zfp870	2	0	0	2
2883	ENSRNOG00000043223	Zfp949	2	0	0	2
2883	ENSRNOG00000005417	Zhx2	2	0	1	1
2883	ENSRNOG00000054879	Zic2	2	0	0	2
2883	ENSRNOG00000053635	Zkscan8	2	0	0	2
2883	ENSRNOG00000001434	Zp3	2	0	1	1
2883	ENSRNOG00000009990	Zranb2	2	0	0	2
2883	ENSRNOG00000024535	Zzef1	2	0	1	1
2883	ENSRNOG00000067434	hist1h2ail2	2	0	0	2
4948	ENSRNOG00000013566	1700013G24Rikl	1	0	0	1
4948	ENSRNOG00000064423	4930488N24Rikl	1	1	0	0
4948	ENSRNOG00000062489	4932414N04Rikl	1	0	0	1
4948	ENSRNOG00000004914	4933412E24Rikl	1	0	0	1
4948	ENSRNOG00000064232	9130023H24Rik	1	0	1	0
4948	ENSRNOG00000014431	AABR07000222.1	1	0	1	0
4948	ENSRNOG00000056928	AABR07004134.1	1	0	0	1
4948	ENSRNOG00000036633	AABR07006255.1	1	0	1	0
4948	ENSRNOG00000046395	AABR07006576	1	0	1	0
4948	ENSRNOG00000058869	AABR07006740.1	1	0	0	1
4948	ENSRNOG00000056151	AABR07007642.1	1	0	1	0
4948	ENSRNOG00000053229	AABR07007905.2	1	0	1	0
4948	ENSRNOG00000047236	AABR07008066.2	1	0	1	0
4948	ENSRNOG00000011997	AABR07008940.1	1	0	1	0
4948	ENSRNOG00000038552	AABR07009978.1	1	0	0	1
4948	ENSRNOG00000047188	AABR07012133.1	1	0	0	1
4948	ENSRNOG00000030491	AABR07013200	1	0	0	1
4948	ENSRNOG00000058991	AABR07016640.3	1	0	0	1
4948	ENSRNOG00000052764	AABR07016779	1	0	1	0
4948	ENSRNOG00000057291	AABR07019088.1	1	0	1	0
4948	ENSRNOG00000026400	AABR07020999.1	1	1	0	0
4948	ENSRNOG00000058710	AABR07021465.2	1	0	1	0
4948	ENSRNOG00000051166	AABR07021503.1	1	0	0	1
4948	ENSRNOG00000046240	AABR07022023.1	1	0	1	0
4948	ENSRNOG00000054322	AABR07025051.3	1	0	1	0
4948	ENSRNOG00000052858	AABR07025896.1	1	0	0	1
4948	ENSRNOG00000056660	AABR07025928.1	1	0	0	1
4948	ENSRNOG00000056874	AABR07026565.1	1	0	1	0
4948	ENSRNOG00000042026	AABR07026929.1	1	0	0	1
4948	ENSRNOG00000046334	AABR07027753.1	1	0	0	1
4948	ENSRNOG00000005017	AABR07028839	1	0	0	1
4948	ENSRNOG00000009861	AABR07028859	1	0	0	1
4948	ENSRNOG00000046330	AABR07029581.1	1	0	0	1
4948	ENSRNOG00000061193	AABR07029863.4	1	0	0	1
4948	ENSRNOG00000050113	AABR07030019.1	1	0	0	1
4948	ENSRNOG00000056057	AABR07030425.1	1	0	1	0
4948	ENSRNOG00000029597	AABR07030544.1	1	0	1	0
4948	ENSRNOG00000050666	AABR07031947	1	0	0	1
4948	ENSRNOG00000048704	AABR07032392	1	0	0	1
4948	ENSRNOG00000033808	AABR07032520	1	0	0	1
4948	ENSRNOG00000001107	AABR07035428	1	0	0	1
4948	ENSRNOG00000059768	AABR07035428.3	1	0	0	1
4948	ENSRNOG00000029935	AABR07038981	1	0	0	1
4948	ENSRNOG00000003025	AABR07039336.2	1	0	0	1
4948	ENSRNOG00000022251	AABR07039336.3	1	0	0	1
4948	ENSRNOG00000034150	AABR07041778	1	0	0	1
4948	ENSRNOG00000060024	AABR07042733.2	1	0	0	1
4948	ENSRNOG00000042370	AABR07044308.1	1	0	0	1
4948	ENSRNOG00000051398	AABR07044308.2	1	0	0	1
4948	ENSRNOG00000033581	AABR07044388.2	1	1	0	0
4948	ENSRNOG00000050998	AABR07044397.1	1	0	1	0
4948	ENSRNOG00000058987	AABR07044408.3	1	0	1	0
4948	ENSRNOG00000048871	AABR07044495	1	0	1	0
4948	ENSRNOG00000051612	AABR07044570.2	1	0	0	1
4948	ENSRNOG00000026813	AABR07044933	1	0	0	1
4948	ENSRNOG00000049045	AABR07045032	1	0	0	1
4948	ENSRNOG00000048698	AABR07048031	1	0	0	1
4948	ENSRNOG00000005694	AABR07048253.1	1	0	0	1
4948	ENSRNOG00000027547	AABR07048308	1	0	0	1
4948	ENSRNOG00000006721	AABR07049064	1	0	0	1
4948	ENSRNOG00000006956	AABR07049085	1	0	0	1
4948	ENSRNOG00000008914	AABR07049348.1	1	0	0	1
4948	ENSRNOG00000053013	AABR07049466.1	1	0	0	1
4948	ENSRNOG00000011484	AABR07049821	1	0	0	1
4948	ENSRNOG00000009382	AABR07052486	1	0	0	1
4948	ENSRNOG00000060598	AABR07055864.2	1	0	0	1
4948	ENSRNOG00000056727	AABR07057353.2	1	0	0	1
4948	ENSRNOG00000032777	AABR07058519	1	0	0	1
4948	ENSRNOG00000050564	AABR07060585	1	0	0	1
4948	ENSRNOG00000011606	AABR07061825	1	0	1	0
4948	ENSRNOG00000015559	AABR07062670.1	1	0	0	1
4948	ENSRNOG00000052193	AABR07063323	1	0	0	1
4948	ENSRNOG00000038735	AABR07064702.1	1	0	0	1
4948	ENSRNOG00000032771	AABR07064811	1	0	0	1
4948	ENSRNOG00000031889	AABR07065438	1	0	0	1
4948	ENSRNOG00000022934	AABR07066818	1	0	0	1
4948	ENSRNOG00000055728	AABR07067583.1	1	0	0	1
4948	ENSRNOG00000032289	AABR07067814	1	0	1	0
4948	ENSRNOG00000025797	AABR07068417.1	1	0	0	1
4948	ENSRNOG00000028869	AABR07069585	1	0	0	1
4948	ENSRNOG00000052246	AABR07070085	1	0	0	1
4948	ENSRNOG00000000896	AABR07070892.1	1	0	0	1
4948	ENSRNOG00000029843	AABR07070957.1	1	0	0	1
4948	ENSRNOG00000023330	AABR07071210.1	1	0	0	1
4948	ENSRNOG00000059497	AABR07071383.1	1	0	0	1
4948	ENSRNOG00000051462	AABR07071739.1	1	0	0	1
4948	ENSRNOG00000025014	AABR07072260	1	0	0	1
4948	ENSRNOG00000054284	AABR07072639	1	1	0	0
4948	ENSRNOG00000060790	AC097575.2	1	0	0	1
4948	ENSRNOG00000047108	AC097845.1	1	0	0	1
4948	ENSRNOG00000014105	AC103056	1	0	0	1
4948	ENSRNOG00000017330	AC103221.1	1	0	0	1
4948	ENSRNOG00000045749	AC105515	1	0	0	1
4948	ENSRNOG00000061285	AC105604.2	1	0	0	1
4948	ENSRNOG00000053768	AC105804.1	1	0	0	1
4948	ENSRNOG00000042252	AC106648.1	1	0	1	0
4948	ENSRNOG00000053259	AC109844.1	1	0	0	1
4948	ENSRNOG00000026991	AC110981.1	1	0	1	0
4948	ENSRNOG00000033274	AC113910	1	0	0	1
4948	ENSRNOG00000056279	AC115369.1	1	0	0	1
4948	ENSRNOG00000021357	AC118772.2	1	0	0	1
4948	ENSRNOG00000055573	AC119007.5	1	0	1	0
4948	ENSRNOG00000029824	AC123185	1	0	0	1
4948	ENSRNOG00000025626	AC123358.1	1	0	0	1
4948	ENSRNOG00000028991	AC125757.1	1	0	0	1
4948	ENSRNOG00000051278	AC125920.1	1	0	0	1
4948	ENSRNOG00000034106	AC127887	1	1	0	0
4948	ENSRNOG00000054355	AC128212.1	1	0	1	0
4948	ENSRNOG00000054663	AC128303	1	0	0	1
4948	ENSRNOG00000039470	AC131360.1	1	0	0	1
4948	ENSRNOG00000039472	AC131360.2	1	0	0	1
4948	ENSRNOG00000017757	AC132020.1	1	0	1	0
4948	ENSRNOG00000048439	AC134087.1	1	0	0	1
4948	ENSRNOG00000053696	AC135294.1	1	0	0	1
4948	ENSRNOG00000042940	AC135389	1	0	0	1
4948	ENSRNOG00000021435	AC141966.1	1	0	1	0
4948	ENSRNOG00000042471	Aadacl2fm3l1	1	0	0	1
4948	ENSRNOG00000039494	Aass	1	0	1	0
4948	ENSRNOG00000002778	Aatf	1	0	0	1
4948	ENSRNOG00000002636	Abat	1	0	0	1
4948	ENSRNOG00000043296	Abca14	1	0	0	1
4948	ENSRNOG00000014268	Abca2	1	0	0	1
4948	ENSRNOG00000012939	Abca7	1	0	0	1
4948	ENSRNOG00000017993	Abcb10	1	0	0	1
4948	ENSRNOG00000002948	Abcc3	1	0	1	0
4948	ENSRNOG00000010064	Abcc4	1	0	1	0
4948	ENSRNOG00000011964	Abcd4	1	0	0	1
4948	ENSRNOG00000018345	Abce1	1	0	0	1
4948	ENSRNOG00000001710	Abcf3	1	0	0	1
4948	ENSRNOG00000054334	Abhd10	1	0	1	0
4948	ENSRNOG00000018910	Abhd11	1	0	0	1
4948	ENSRNOG00000015002	Abhd15	1	0	0	1
4948	ENSRNOG00000015067	Abhd16b	1	0	1	0
4948	ENSRNOG00000000221	Abhd5	1	0	0	1
4948	ENSRNOG00000000054	Abhd8	1	0	1	0
4948	ENSRNOG00000031325	Abi1	1	0	0	1
4948	ENSRNOG00000069798	Abol1	1	0	0	1
4948	ENSRNOG00000051450	Abracl	1	0	1	0
4948	ENSRNOG00000015762	Abtb1	1	0	0	1
4948	ENSRNOG00000017642	Acbd5	1	0	0	1
4948	ENSRNOG00000003550	Acbd6	1	0	0	1
4948	ENSRNOG00000013533	Acin1	1	0	0	1
4948	ENSRNOG00000069330	Ackr1	1	0	1	0
4948	ENSRNOG00000018415	Acot13	1	0	1	0
4948	ENSRNOG00000027960	Acot3	1	0	0	1
4948	ENSRNOG00000046864	Acot4	1	0	1	0
4948	ENSRNOG00000032508	Acot5	1	0	0	1
4948	ENSRNOG00000029637	Acot6	1	0	0	1
4948	ENSRNOG00000016179	Acoxl	1	0	1	0
4948	ENSRNOG00000005260	Acp1	1	0	0	1
4948	ENSRNOG00000017399	Acrbp	1	1	0	0
4948	ENSRNOG00000015077	Acsf3	1	0	0	1
4948	ENSRNOG00000010633	Acsl1	1	0	0	1
4948	ENSRNOG00000019180	Acsl4	1	0	0	1
4948	ENSRNOG00000031211	Acsm5	1	0	0	1
4948	ENSRNOG00000043292	Actbl2	1	0	1	0
4948	ENSRNOG00000036864	Actl10	1	1	0	0
4948	ENSRNOG00000011553	Actl6a	1	0	0	1
4948	ENSRNOG00000003206	Actr3	1	0	0	1
4948	ENSRNOG00000012586	Actrt2	1	0	0	1
4948	ENSRNOG00000042980	Adam19	1	0	0	1
4948	ENSRNOG00000012424	Adam23	1	0	0	1
4948	ENSRNOG00000014054	Adam7	1	0	0	1
4948	ENSRNOG00000017897	Adam8	1	0	0	1
4948	ENSRNOG00000011575	Adamts18	1	0	0	1
4948	ENSRNOG00000003538	Adamts4	1	0	0	1
4948	ENSRNOG00000010840	Adamtsl3	1	0	0	1
4948	ENSRNOG00000003999	Adcy3	1	0	0	1
4948	ENSRNOG00000054757	Adcy6	1	0	1	0
4948	ENSRNOG00000032472	Adgrg2	1	0	0	1
4948	ENSRNOG00000029134	Adgrl1	1	0	0	1
4948	ENSRNOG00000063253	Adgrl2	1	0	0	1
4948	ENSRNOG00000065347	Adgrl2	1	0	0	1
4948	ENSRNOG00000030149	Adgrl3	1	0	0	1
4948	ENSRNOG00000007069	Adhfe1	1	0	0	1
4948	ENSRNOG00000021245	Adissp	1	1	0	0
4948	ENSRNOG00000010975	Adnp	1	0	1	0
4948	ENSRNOG00000001302	Adora2a	1	0	0	1
4948	ENSRNOG00000060087	Adra1b	1	0	1	0
4948	ENSRNOG00000055984	Adrm1	1	0	1	0
4948	ENSRNOG00000046763	Adss1	1	0	1	0
4948	ENSRNOG00000014481	Adtrp	1	0	0	1
4948	ENSRNOG00000019403	Afap1l1	1	0	1	0
4948	ENSRNOG00000006965	Aff4	1	1	0	0
4948	ENSRNOG00000017462	Afg2a	1	0	1	0
4948	ENSRNOG00000010397	Agbl3	1	0	0	1
4948	ENSRNOG00000015619	Agfg1	1	0	1	0
4948	ENSRNOG00000016214	Agl	1	0	0	1
4948	ENSRNOG00000001205	Agpat3	1	0	0	1
4948	ENSRNOG00000001547	Agps	1	0	0	1
4948	ENSRNOG00000008619	Agtrap	1	0	0	1
4948	ENSRNOG00000010753	Aig1	1	0	0	1
4948	ENSRNOG00000001044	Aimp2	1	0	0	1
4948	ENSRNOG00000022289	Aip	1	0	1	0
4948	ENSRNOG00000007889	Aipl1	1	0	0	1
4948	ENSRNOG00000001213	Aire	1	0	0	1
4948	ENSRNOG00000052506	Ak3	1	0	0	1
4948	ENSRNOG00000039848	Ak6	1	0	0	1
4948	ENSRNOG00000063018	Ak6	1	0	0	1
4948	ENSRNOG00000006410	Akap5	1	0	0	1
4948	ENSRNOG00000013202	Akap7	1	0	1	0
4948	ENSRNOG00000013744	Akip1	1	0	0	1
4948	ENSRNOG00000016727	Akr1a1	1	0	0	1
4948	ENSRNOG00000033010	Akr1c12	1	0	0	1
4948	ENSRNOG00000017531	Akr1c3	1	0	0	1
4948	ENSRNOG00000015206	Alad	1	0	0	1
4948	ENSRNOG00000020623	Aldh16a1	1	0	1	0
4948	ENSRNOG00000017878	Aldh1a7	1	0	0	1
4948	ENSRNOG00000011419	Aldh6a1	1	0	0	1
4948	ENSRNOG00000014645	Aldh7a1	1	0	0	1
4948	ENSRNOG00000014907	Aldh8a1	1	0	1	0
4948	ENSRNOG00000014511	Alg10	1	0	0	1
4948	ENSRNOG00000012264	Alkbh1	1	0	0	1
4948	ENSRNOG00000028584	Alkbh2	1	0	1	0
4948	ENSRNOG00000001428	Alkbh4	1	0	1	0
4948	ENSRNOG00000024525	Alkbh8	1	1	0	0
4948	ENSRNOG00000022343	Alms1	1	0	1	0
4948	ENSRNOG00000027037	Alox12	1	0	1	0
4948	ENSRNOG00000033921	Als2cl	1	0	0	1
4948	ENSRNOG00000036687	Alyref	1	0	0	1
4948	ENSRNOG00000018662	Amacr	1	0	1	0
4948	ENSRNOG00000006460	Amdhd2	1	0	0	1
4948	ENSRNOG00000014850	Amhr2	1	0	1	0
4948	ENSRNOG00000045665	Amigo1	1	0	0	1
4948	ENSRNOG00000012490	Amph	1	1	0	0
4948	ENSRNOG00000059510	Amph	1	1	0	0
4948	ENSRNOG00000050214	Amt	1	0	0	1
4948	ENSRNOG00000018296	Anapc10	1	0	0	1
4948	ENSRNOG00000036686	Anapc11	1	0	0	1
4948	ENSRNOG00000004130	Anapc4	1	0	0	1
4948	ENSRNOG00000025562	Ang2	1	0	1	0
4948	ENSRNOG00000005854	Angpt1	1	0	0	1
4948	ENSRNOG00000011076	Ank2	1	0	0	1
4948	ENSRNOG00000053288	Ank3	1	0	0	1
4948	ENSRNOG00000030247	Ankhd1	1	0	0	1
4948	ENSRNOG00000005623	Ankmy2	1	0	0	1
4948	ENSRNOG00000011340	Ankrd13c	1	0	1	0
4948	ENSRNOG00000028168	Ankrd16	1	0	1	0
4948	ENSRNOG00000033741	Ankrd34a	1	0	1	0
4948	ENSRNOG00000002935	Ankrd40	1	0	1	0
4948	ENSRNOG00000063936	Ankrd40	1	0	1	0
4948	ENSRNOG00000045669	Ankrd40cl	1	1	0	0
4948	ENSRNOG00000013555	Ankrd55	1	0	0	1
4948	ENSRNOG00000001048	Ankrd61	1	0	0	1
4948	ENSRNOG00000008056	Ankrd9	1	0	1	0
4948	ENSRNOG00000070034	Ankub1	1	0	0	1
4948	ENSRNOG00000006841	Ano4	1	0	0	1
4948	ENSRNOG00000006995	Ano6	1	0	0	1
4948	ENSRNOG00000010984	Anxa11	1	1	0	0
4948	ENSRNOG00000002045	Anxa3	1	0	0	1
4948	ENSRNOG00000069458	Ap1g1	1	0	1	0
4948	ENSRNOG00000025619	Ap1g2	1	0	1	0
4948	ENSRNOG00000038686	Ap1s2	1	0	0	1
4948	ENSRNOG00000049873	Ap1s3	1	0	0	1
4948	ENSRNOG00000001709	Ap2m1	1	0	0	1
4948	ENSRNOG00000015865	Ap2s1	1	0	1	0
4948	ENSRNOG00000019455	Ap4b1	1	0	0	1
4948	ENSRNOG00000026114	Ap5b1	1	1	0	0
4948	ENSRNOG00000021249	Ap5s1	1	0	0	1
4948	ENSRNOG00000056768	Ap5z1	1	0	0	1
4948	ENSRNOG00000070609	Apeg3	1	0	0	1
4948	ENSRNOG00000009663	Apex1	1	0	0	1
4948	ENSRNOG00000026046	Apex2l1	1	0	1	0
4948	ENSRNOG00000003984	Apln	1	0	0	1
4948	ENSRNOG00000009227	Aplnr	1	0	0	1
4948	ENSRNOG00000045679	Apoa1	1	0	0	1
4948	ENSRNOG00000012303	Apobec2	1	0	0	1
4948	ENSRNOG00000047503	Apoc3	1	0	0	1
4948	ENSRNOG00000046918	Apoo	1	0	0	1
4948	ENSRNOG00000004452	Aqp12a	1	0	0	1
4948	ENSRNOG00000016043	Aqp4	1	0	0	1
4948	ENSRNOG00000051970	Aqp5	1	0	1	0
4948	ENSRNOG00000009686	Aqp7	1	0	0	1
4948	ENSRNOG00000019555	Arap1	1	0	0	1
4948	ENSRNOG00000056826	Arap2	1	0	0	1
4948	ENSRNOG00000061108	Arcn1	1	0	0	1
4948	ENSRNOG00000060229	Arf1	1	0	1	0
4948	ENSRNOG00000012623	Arf4	1	0	1	0
4948	ENSRNOG00000005703	Arfgef1	1	0	0	1
4948	ENSRNOG00000011460	Arfgef3	1	0	0	1
4948	ENSRNOG00000008115	Arhgap11a	1	0	0	1
4948	ENSRNOG00000017791	Arhgap12	1	0	1	0
4948	ENSRNOG00000031168	Arhgap15	1	0	0	1
4948	ENSRNOG00000011245	Arhgap18	1	0	0	1
4948	ENSRNOG00000009347	Arhgap25	1	0	0	1
4948	ENSRNOG00000058545	Arhgap4	1	0	0	1
4948	ENSRNOG00000036688	Arhgdia	1	0	0	1
4948	ENSRNOG00000020130	Arhgef1	1	0	1	0
4948	ENSRNOG00000005034	Arhgef25	1	0	1	0
4948	ENSRNOG00000014549	Arhgef26	1	0	0	1
4948	ENSRNOG00000016544	Arhgef28	1	0	0	1
4948	ENSRNOG00000012934	Arhgef7	1	0	0	1
4948	ENSRNOG00000017030	Arid1b	1	0	0	1
4948	ENSRNOG00000026239	Arid4a	1	1	0	0
4948	ENSRNOG00000016391	Arid4b	1	0	0	1
4948	ENSRNOG00000025590	Arl14epl	1	0	0	1
4948	ENSRNOG00000006839	Arl5a	1	0	0	1
4948	ENSRNOG00000036880	Arl5c	1	0	1	0
4948	ENSRNOG00000019935	Armc5	1	0	1	0
4948	ENSRNOG00000046862	Armcx1	1	0	0	1
4948	ENSRNOG00000025730	Armcx3	1	0	1	0
4948	ENSRNOG00000013017	Arnt2	1	0	1	0
4948	ENSRNOG00000008919	Arpp21	1	0	0	1
4948	ENSRNOG00000000001	Arsj	1	0	0	1
4948	ENSRNOG00000020251	Art1	1	0	0	1
4948	ENSRNOG00000002256	Art3	1	0	1	0
4948	ENSRNOG00000020242	Art5	1	0	0	1
4948	ENSRNOG00000003452	Asb11	1	0	0	1
4948	ENSRNOG00000013346	Asb14	1	0	0	1
4948	ENSRNOG00000013795	Asb7	1	0	0	1
4948	ENSRNOG00000005115	Asf1b	1	0	1	0
4948	ENSRNOG00000019985	Asic4	1	0	0	1
4948	ENSRNOG00000000903	Asl	1	0	0	1
4948	ENSRNOG00000012843	Aspg	1	0	0	1
4948	ENSRNOG00000020202	Asrgl1	1	0	0	1
4948	ENSRNOG00000018118	Atad3a	1	0	1	0
4948	ENSRNOG00000024414	Ate1	1	0	0	1
4948	ENSRNOG00000001597	Atf2	1	0	0	1
4948	ENSRNOG00000020060	Atf5	1	0	0	1
4948	ENSRNOG00000000431	Atf6b	1	0	1	0
4948	ENSRNOG00000016342	Atg10	1	0	0	1
4948	ENSRNOG00000007756	Atg101	1	1	0	0
4948	ENSRNOG00000019413	Atg16l2	1	0	1	0
4948	ENSRNOG00000015511	Atic	1	0	0	1
4948	ENSRNOG00000006523	Atl2	1	0	0	1
4948	ENSRNOG00000058522	Atosa	1	0	1	0
4948	ENSRNOG00000011501	Atp1b3	1	0	0	1
4948	ENSRNOG00000001285	Atp2a2	1	0	0	1
4948	ENSRNOG00000061304	Atp2b3	1	0	0	1
4948	ENSRNOG00000002840	Atp5f1b	1	0	0	1
4948	ENSRNOG00000013300	Atp5if1	1	0	0	1
4948	ENSRNOG00000028884	Atp5mg	1	0	0	1
4948	ENSRNOG00000062020	Atp5mgl3	1	0	1	0
4948	ENSRNOG00000066701	Atp5mj-ps1	1	0	0	1
4948	ENSRNOG00000052704	Atp6v0a2	1	0	0	1
4948	ENSRNOG00000013573	Atp6v1b1	1	0	1	0
4948	ENSRNOG00000061367	Atp7a	1	0	0	1
4948	ENSRNOG00000024975	Atp8b3	1	0	0	1
4948	ENSRNOG00000006326	Atraid	1	0	1	0
4948	ENSRNOG00000021240	Atrn	1	0	1	0
4948	ENSRNOG00000017406	Atrnl1	1	0	0	1
4948	ENSRNOG00000000885	Auts2	1	0	1	0
4948	ENSRNOG00000013314	Avl9	1	0	0	1
4948	ENSRNOG00000062714	Axin1	1	0	0	1
4948	ENSRNOG00000007625	B3galt1	1	0	0	1
4948	ENSRNOG00000046852	B3gat2	1	0	0	1
4948	ENSRNOG00000061346	B3glct	1	0	0	1
4948	ENSRNOG00000018267	B3gnt7	1	0	0	1
4948	ENSRNOG00000008283	B4galt5	1	0	1	0
4948	ENSRNOG00000021886	B4galt7	1	0	1	0
4948	ENSRNOG00000007395	Baat	1	0	0	1
4948	ENSRNOG00000004364	Babam2	1	0	0	1
4948	ENSRNOG00000008277	Bag1	1	0	1	0
4948	ENSRNOG00000020298	Bag3	1	0	1	0
4948	ENSRNOG00000042560	Bag4	1	0	0	1
4948	ENSRNOG00000012215	Baiap2l2	1	0	0	1
4948	ENSRNOG00000003716	Batf3	1	0	0	1
4948	ENSRNOG00000062473	Bbc3	1	0	1	0
4948	ENSRNOG00000068263	Bbs12	1	0	1	0
4948	ENSRNOG00000015816	Bbs7	1	0	0	1
4948	ENSRNOG00000015189	Bbs9	1	1	0	0
4948	ENSRNOG00000020956	Bcat2	1	0	0	1
4948	ENSRNOG00000009928	Bckdhb	1	0	0	1
4948	ENSRNOG00000007049	Bcl11a	1	0	0	1
4948	ENSRNOG00000028632	Bcl2l14	1	0	1	0
4948	ENSRNOG00000017516	Bcl9	1	1	0	0
4948	ENSRNOG00000058050	Bclaf1	1	0	0	1
4948	ENSRNOG00000004488	Bdkrb1	1	0	0	1
4948	ENSRNOG00000020513	Becn1	1	0	1	0
4948	ENSRNOG00000038076	Becn2	1	0	0	1
4948	ENSRNOG00000018749	Best4	1	0	0	1
4948	ENSRNOG00000032729	Bex2	1	0	0	1
4948	ENSRNOG00000005707	Bfsp1	1	0	1	0
4948	ENSRNOG00000055962	Bgn	1	0	0	1
4948	ENSRNOG00000016031	Bicd2	1	1	0	0
4948	ENSRNOG00000012439	Bid	1	0	1	0
4948	ENSRNOG00000012852	Bin1	1	0	0	1
4948	ENSRNOG00000010602	Birc2	1	0	1	0
4948	ENSRNOG00000005731	Birc3	1	0	0	1
4948	ENSRNOG00000007784	Bloc1s1	1	0	0	1
4948	ENSRNOG00000012684	Bloc1s2	1	0	0	1
4948	ENSRNOG00000016497	Bloc1s5	1	0	0	1
4948	ENSRNOG00000038436	Bltp1	1	0	0	1
4948	ENSRNOG00000002884	Blzf1	1	0	0	1
4948	ENSRNOG00000010917	Bmp5	1	0	0	1
4948	ENSRNOG00000016289	Bmpr1b	1	0	0	1
4948	ENSRNOG00000006576	Bms1	1	0	0	1
4948	ENSRNOG00000042556	Bmyc	1	0	0	1
4948	ENSRNOG00000006553	Bnc2	1	0	0	1
4948	ENSRNOG00000047988	Bola2	1	0	0	1
4948	ENSRNOG00000021866	Bola3	1	0	1	0
4948	ENSRNOG00000020427	Borcs8	1	0	1	0
4948	ENSRNOG00000034195	Bpi	1	0	1	0
4948	ENSRNOG00000020701	Brca1	1	0	0	1
4948	ENSRNOG00000009611	Bricd5	1	0	0	1
4948	ENSRNOG00000018021	Brix1	1	0	0	1
4948	ENSRNOG00000017673	Brsk1	1	0	1	0
4948	ENSRNOG00000006543	Bsnd	1	1	0	0
4948	ENSRNOG00000019529	Btbd1	1	0	0	1
4948	ENSRNOG00000042163	Btbd19	1	0	0	1
4948	ENSRNOG00000008088	Btbd3	1	0	1	0
4948	ENSRNOG00000017514	Btn1a1	1	0	1	0
4948	ENSRNOG00000032778	Bub1	1	0	1	0
4948	ENSRNOG00000007906	Bub1b	1	0	0	1
4948	ENSRNOG00000020643	Bub3	1	0	0	1
4948	ENSRNOG00000033700	Bud23	1	0	1	0
4948	ENSRNOG00000049121	Bysl	1	1	0	0
4948	ENSRNOG00000064206	C10h17orf67	1	0	1	0
4948	ENSRNOG00000000237	C10h17orf75	1	0	0	1
4948	ENSRNOG00000063811	C11h3orf70	1	0	1	0
4948	ENSRNOG00000026523	C13h1orf105	1	0	0	1
4948	ENSRNOG00000038427	C14h4orf50	1	0	1	0
4948	ENSRNOG00000008351	C15h8orf58	1	1	0	0
4948	ENSRNOG00000013738	C18h5orf63	1	0	0	1
4948	ENSRNOG00000017867	C19h16orf86	1	0	0	1
4948	ENSRNOG00000017090	C19h16orf87	1	0	0	1
4948	ENSRNOG00000049931	C19h19orf53	1	0	1	0
4948	ENSRNOG00000052273	C1h15orf40	1	0	0	1
4948	ENSRNOG00000056651	C1h19orf33	1	0	1	0
4948	ENSRNOG00000070184	C1h6orf120	1	0	0	1
4948	ENSRNOG00000025644	C1h9orf40	1	0	0	1
4948	ENSRNOG00000046863	C1ql2	1	0	0	1
4948	ENSRNOG00000003259	C1qtnf1	1	0	0	1
4948	ENSRNOG00000005094	C1qtnf7	1	0	0	1
4948	ENSRNOG00000011718	C1rl	1	0	1	0
4948	ENSRNOG00000034236	C2cd4a	1	0	0	1
4948	ENSRNOG00000020832	C2cd4d	1	0	0	1
4948	ENSRNOG00000014382	C2cd5	1	1	0	0
4948	ENSRNOG00000024623	C2h4orf17	1	0	1	0
4948	ENSRNOG00000014654	C2h4orf3	1	0	0	1
4948	ENSRNOG00000063384	C2h4orf54	1	0	1	0
4948	ENSRNOG00000010963	C3h11orf91	1	0	0	1
4948	ENSRNOG00000016583	C3h20orf144	1	1	0	0
4948	ENSRNOG00000017380	C4h2orf42	1	0	0	1
4948	ENSRNOG00000022155	C4h3orf20	1	0	0	1
4948	ENSRNOG00000054734	C5h1orf232	1	0	1	0
4948	ENSRNOG00000009178	C5h6orf163	1	0	0	1
4948	ENSRNOG00000024506	C5h9orf43	1	0	0	1
4948	ENSRNOG00000038943	C7h12orf42	1	0	0	1
4948	ENSRNOG00000023824	C7h12orf56	1	0	0	1
4948	ENSRNOG00000006370	C7h8orf76	1	0	0	1
4948	ENSRNOG00000028701	C8g	1	0	1	0
4948	ENSRNOG00000025463	C8h11orf87	1	0	0	1
4948	ENSRNOG00000009203	C8h11orf97	1	0	1	0
4948	ENSRNOG00000018689	C8h15orf39	1	0	0	1
4948	ENSRNOG00000033256	C8h19orf38	1	0	0	1
4948	ENSRNOG00000067303	C9h2orf66	1	0	0	1
4948	ENSRNOG00000038738	C9h2orf88	1	0	1	0
4948	ENSRNOG00000048967	C9h6orf141	1	0	0	1
4948	ENSRNOG00000005840	Cacfd1	1	0	1	0
4948	ENSRNOG00000010514	Cachd1	1	0	0	1
4948	ENSRNOG00000007090	Cacna1c	1	0	0	1
4948	ENSRNOG00000060528	Cacna1g	1	0	1	0
4948	ENSRNOG00000033531	Cacna2d1	1	0	0	1
4948	ENSRNOG00000004518	Cacnb1	1	0	1	0
4948	ENSRNOG00000007666	Cacnb4	1	0	0	1
4948	ENSRNOG00000003262	Cacng4	1	0	0	1
4948	ENSRNOG00000056257	Cacng7	1	0	0	1
4948	ENSRNOG00000002572	Cacybp	1	0	0	1
4948	ENSRNOG00000026474	Cad	1	0	1	0
4948	ENSRNOG00000018778	Cadm1	1	0	1	0
4948	ENSRNOG00000007456	Calb1	1	0	0	1
4948	ENSRNOG00000010233	Cald1	1	0	0	1
4948	ENSRNOG00000000580	Calhm4	1	0	0	1
4948	ENSRNOG00000018337	Caly	1	0	1	0
4948	ENSRNOG00000017882	Camk1d	1	0	0	1
4948	ENSRNOG00000017883	Camsap1	1	0	0	1
4948	ENSRNOG00000003239	Cant1	1	0	0	1
4948	ENSRNOG00000043350	Cap2	1	0	1	0
4948	ENSRNOG00000002626	Car10	1	0	0	1
4948	ENSRNOG00000023162	Car14	1	1	0	0
4948	ENSRNOG00000031129	Carm1	1	0	0	1
4948	ENSRNOG00000003195	Caskin1	1	0	1	0
4948	ENSRNOG00000012331	Casp8	1	0	1	0
4948	ENSRNOG00000021001	Cblif	1	0	0	1
4948	ENSRNOG00000049215	Cbx2	1	0	0	1
4948	ENSRNOG00000036841	Cbx5	1	0	1	0
4948	ENSRNOG00000046955	Cbx6	1	1	0	0
4948	ENSRNOG00000013892	Cby1	1	0	0	1
4948	ENSRNOG00000008634	Cc2d1b	1	0	0	1
4948	ENSRNOG00000002905	Ccdc103	1	0	0	1
4948	ENSRNOG00000007375	Ccdc105	1	0	1	0
4948	ENSRNOG00000003559	Ccdc112	1	0	0	1
4948	ENSRNOG00000020946	Ccdc12	1	0	1	0
4948	ENSRNOG00000030948	Ccdc121l2	1	0	0	1
4948	ENSRNOG00000007262	Ccdc134	1	0	1	0
4948	ENSRNOG00000057740	Ccdc148	1	0	0	1
4948	ENSRNOG00000013263	Ccdc151	1	0	1	0
4948	ENSRNOG00000039473	Ccdc152	1	0	0	1
4948	ENSRNOG00000002204	Ccdc158	1	0	1	0
4948	ENSRNOG00000022953	Ccdc163	1	0	0	1
4948	ENSRNOG00000024545	Ccdc18	1	0	0	1
4948	ENSRNOG00000010446	Ccdc182	1	0	0	1
4948	ENSRNOG00000068230	Ccdc182	1	0	0	1
4948	ENSRNOG00000021945	Ccdc184	1	0	0	1
4948	ENSRNOG00000051680	Ccdc186	1	0	0	1
4948	ENSRNOG00000027392	Ccdc187	1	0	0	1
4948	ENSRNOG00000025005	Ccdc190	1	0	0	1
4948	ENSRNOG00000057815	Ccdc191	1	0	0	1
4948	ENSRNOG00000062469	Ccdc194	1	0	1	0
4948	ENSRNOG00000033423	Ccdc196	1	0	1	0
4948	ENSRNOG00000062766	Ccdc198	1	0	0	1
4948	ENSRNOG00000068472	Ccdc201	1	0	1	0
4948	ENSRNOG00000047578	Ccdc28b	1	0	0	1
4948	ENSRNOG00000017933	Ccdc3	1	0	0	1
4948	ENSRNOG00000021892	Ccdc38	1	0	0	1
4948	ENSRNOG00000011440	Ccdc39	1	0	0	1
4948	ENSRNOG00000004075	Ccdc42	1	0	0	1
4948	ENSRNOG00000047531	Ccdc57	1	0	0	1
4948	ENSRNOG00000028380	Ccdc66	1	0	0	1
4948	ENSRNOG00000048718	Ccdc71	1	0	0	1
4948	ENSRNOG00000065213	Ccdc85c	1	0	1	0
4948	ENSRNOG00000025247	Ccdc87	1	0	0	1
4948	ENSRNOG00000004057	Ccdc88a	1	0	0	1
4948	ENSRNOG00000048071	Ccdc89	1	0	0	1
4948	ENSRNOG00000019321	Cck	1	1	0	0
4948	ENSRNOG00000007159	Ccl2	1	0	0	1
4948	ENSRNOG00000034290	Ccl21	1	0	1	0
4948	ENSRNOG00000039530	Ccl27	1	0	0	1
4948	ENSRNOG00000007719	Ccnc	1	0	0	1
4948	ENSRNOG00000007483	Ccnf	1	0	0	1
4948	ENSRNOG00000002089	Ccng2	1	1	0	0
4948	ENSRNOG00000003893	Ccnjl	1	1	0	0
4948	ENSRNOG00000011586	Ccnl1	1	0	0	1
4948	ENSRNOG00000053054	Ccnt1	1	0	1	0
4948	ENSRNOG00000018123	Ccny	1	0	0	1
4948	ENSRNOG00000027405	Ccp110	1	0	0	1
4948	ENSRNOG00000020275	Ccr10	1	0	1	0
4948	ENSRNOG00000047816	Ccs	1	0	0	1
4948	ENSRNOG00000069794	Cct6a-ps7	1	0	0	1
4948	ENSRNOG00000001032	Ccz1	1	0	0	1
4948	ENSRNOG00000039048	Cd200r1	1	0	1	0
4948	ENSRNOG00000020837	Cd300lg	1	0	1	0
4948	ENSRNOG00000018488	Cd40	1	0	0	1
4948	ENSRNOG00000004737	Cd48	1	0	0	1
4948	ENSRNOG00000036674	Cd7	1	0	1	0
4948	ENSRNOG00000014515	Cdc14a	1	0	1	0
4948	ENSRNOG00000017536	Cdc16	1	0	1	0
4948	ENSRNOG00000024241	Cdc23	1	0	1	0
4948	ENSRNOG00000029785	Cdc26	1	0	0	1
4948	ENSRNOG00000033426	Cdc37	1	0	1	0
4948	ENSRNOG00000020904	Cdc42ep2	1	1	0	0
4948	ENSRNOG00000027787	Cdc6	1	0	1	0
4948	ENSRNOG00000025302	Cdca2	1	0	0	1
4948	ENSRNOG00000005410	Cdca7l	1	0	0	1
4948	ENSRNOG00000020151	Cdh1	1	0	0	1
4948	ENSRNOG00000015602	Cdh2	1	0	0	1
4948	ENSRNOG00000018557	Cdh22	1	0	1	0
4948	ENSRNOG00000056643	Cdh8	1	0	0	1
4948	ENSRNOG00000047455	Cdhr3	1	0	0	1
4948	ENSRNOG00000024144	Cdipt	1	0	0	1
4948	ENSRNOG00000057003	Cdiptos	1	0	0	1
4948	ENSRNOG00000013620	Cdk13	1	0	1	0
4948	ENSRNOG00000022899	Cdk15	1	0	1	0
4948	ENSRNOG00000008578	Cdk16	1	0	0	1
4948	ENSRNOG00000059485	Cdkl3	1	0	0	1
4948	ENSRNOG00000000521	Cdkn1a	1	1	0	0
4948	ENSRNOG00000007249	Cdkn1b	1	0	1	0
4948	ENSRNOG00000059837	Cdkn2a	1	0	0	1
4948	ENSRNOG00000006735	Cdkn2b	1	0	0	1
4948	ENSRNOG00000064248	Cdkn2d	1	0	1	0
4948	ENSRNOG00000000158	Cdo1	1	0	0	1
4948	ENSRNOG00000021265	Cds2	1	0	1	0
4948	ENSRNOG00000060334	Cdx1	1	0	1	0
4948	ENSRNOG00000032215	Cdyl	1	0	0	1
4948	ENSRNOG00000019260	Ceacam20	1	0	0	1
4948	ENSRNOG00000010918	Cebpa	1	0	1	0
4948	ENSRNOG00000014282	Cebpe	1	1	0	0
4948	ENSRNOG00000014503	Celf4	1	0	0	1
4948	ENSRNOG00000009339	Cenpe	1	0	0	1
4948	ENSRNOG00000033335	Cenpi	1	0	0	1
4948	ENSRNOG00000038789	Cenpl	1	0	0	1
4948	ENSRNOG00000024178	Cenpt	1	0	0	1
4948	ENSRNOG00000004430	Cep131	1	0	1	0
4948	ENSRNOG00000010608	Cep162	1	0	0	1
4948	ENSRNOG00000019340	Cep250	1	0	1	0
4948	ENSRNOG00000033143	Cep295nl	1	1	0	0
4948	ENSRNOG00000027282	Cep68	1	0	0	1
4948	ENSRNOG00000015465	Cep72	1	0	0	1
4948	ENSRNOG00000000414	Cep85l	1	0	1	0
4948	ENSRNOG00000024595	Cers6	1	0	0	1
4948	ENSRNOG00000012034	Ces2a	1	1	0	0
4948	ENSRNOG00000013808	Ces2g	1	1	0	0
4948	ENSRNOG00000070043	Ces2g	1	1	0	0
4948	ENSRNOG00000014257	Ces4a	1	0	1	0
4948	ENSRNOG00000026162	Cetn4	1	0	1	0
4948	ENSRNOG00000034221	Cfap126	1	0	1	0
4948	ENSRNOG00000021399	Cfap298	1	0	0	1
4948	ENSRNOG00000006114	Cfap69	1	0	0	1
4948	ENSRNOG00000056407	Cfap73	1	0	0	1
4948	ENSRNOG00000002976	Cfap91	1	0	0	1
4948	ENSRNOG00000058434	Cfap99	1	0	1	0
4948	ENSRNOG00000042646	Cfc1	1	0	0	1
4948	ENSRNOG00000019326	Cfdp1	1	0	0	1
4948	ENSRNOG00000051180	Chchd2l3	1	0	0	1
4948	ENSRNOG00000003143	Chct1	1	0	0	1
4948	ENSRNOG00000018309	Chd4	1	0	0	1
4948	ENSRNOG00000052549	Chga	1	0	0	1
4948	ENSRNOG00000008672	Chmp5	1	0	1	0
4948	ENSRNOG00000017939	Chn1	1	0	0	1
4948	ENSRNOG00000020038	Chpf	1	0	0	1
4948	ENSRNOG00000058271	Chpt1	1	1	0	0
4948	ENSRNOG00000018385	Chrm1	1	0	1	0
4948	ENSRNOG00000046972	Chrm2	1	0	0	1
4948	ENSRNOG00000017556	Chrm4	1	0	1	0
4948	ENSRNOG00000020293	Chrna10	1	0	0	1
4948	ENSRNOG00000012448	Chrnb3	1	0	1	0
4948	ENSRNOG00000001252	Chst12	1	0	0	1
4948	ENSRNOG00000004258	Chst7	1	0	0	1
4948	ENSRNOG00000050152	Chsy3	1	0	0	1
4948	ENSRNOG00000019174	Chtf18	1	0	0	1
4948	ENSRNOG00000007336	Churc1	1	0	0	1
4948	ENSRNOG00000011865	Ciao2b	1	1	0	0
4948	ENSRNOG00000042717	Ciart	1	0	0	1
4948	ENSRNOG00000056118	Cic	1	1	0	0
4948	ENSRNOG00000065204	Cimip2b	1	0	0	1
4948	ENSRNOG00000009905	Cimip2c	1	0	0	1
4948	ENSRNOG00000011111	Cipc	1	1	0	0
4948	ENSRNOG00000048258	Cisd2	1	0	0	1
4948	ENSRNOG00000013442	Ciz1	1	0	0	1
4948	ENSRNOG00000026143	Ckap2l	1	0	0	1
4948	ENSRNOG00000008016	Ckap4	1	0	0	1
4948	ENSRNOG00000002376	Clasp1	1	0	0	1
4948	ENSRNOG00000009161	Clasp2	1	0	0	1
4948	ENSRNOG00000013771	Clca2	1	0	1	0
4948	ENSRNOG00000036877	Clca4l	1	0	0	1
4948	ENSRNOG00000010682	Clcn3	1	0	0	1
4948	ENSRNOG00000052368	Clcnka	1	0	0	1
4948	ENSRNOG00000011424	Cldn23	1	0	0	1
4948	ENSRNOG00000001657	Cldnd1	1	0	1	0
4948	ENSRNOG00000059538	Clec2g	1	1	0	0
4948	ENSRNOG00000012238	Clec3a	1	0	0	1
4948	ENSRNOG00000070954	Clec3a	1	0	0	1
4948	ENSRNOG00000018109	Clic4	1	1	0	0
4948	ENSRNOG00000020500	Clk2	1	0	0	1
4948	ENSRNOG00000019103	Cln3	1	0	0	1
4948	ENSRNOG00000016398	Clstn1	1	1	0	0
4948	ENSRNOG00000043085	Clstn2	1	0	0	1
4948	ENSRNOG00000059237	Clul1	1	0	1	0
4948	ENSRNOG00000006919	Clvs1	1	0	0	1
4948	ENSRNOG00000013816	Cmas	1	0	0	1
4948	ENSRNOG00000010149	Cmc1	1	0	0	1
4948	ENSRNOG00000013178	Cmip	1	0	0	1
4948	ENSRNOG00000010691	Cmtm3	1	0	1	0
4948	ENSRNOG00000010986	Cmtm7	1	0	0	1
4948	ENSRNOG00000067317	Cmtm7	1	0	0	1
4948	ENSRNOG00000056330	Cnbd1	1	0	0	1
4948	ENSRNOG00000010239	Cnbp	1	0	1	0
4948	ENSRNOG00000027739	Cndp1	1	0	0	1
4948	ENSRNOG00000015534	Cnep1r1	1	0	0	1
4948	ENSRNOG00000031773	Cngb1	1	0	0	1
4948	ENSRNOG00000022838	Cnksr1	1	0	1	0
4948	ENSRNOG00000007014	Cnksr2	1	0	0	1
4948	ENSRNOG00000015886	Cnnm4	1	0	0	1
4948	ENSRNOG00000023220	Cnot11	1	0	0	1
4948	ENSRNOG00000053234	Cnot3	1	0	0	1
4948	ENSRNOG00000009260	Cnr2	1	0	0	1
4948	ENSRNOG00000043151	Cntln	1	0	0	1
4948	ENSRNOG00000007038	Cntn5	1	0	0	1
4948	ENSRNOG00000020277	Cntnap1	1	0	1	0
4948	ENSRNOG00000052701	Coa6	1	0	0	1
4948	ENSRNOG00000062808	Coa6	1	0	0	1
4948	ENSRNOG00000019918	Coasy	1	0	0	1
4948	ENSRNOG00000004281	Cobl	1	0	0	1
4948	ENSRNOG00000005286	Coch	1	0	0	1
4948	ENSRNOG00000002795	Cog1	1	0	0	1
4948	ENSRNOG00000060008	Cog7	1	0	0	1
4948	ENSRNOG00000000552	Col13a1	1	0	0	1
4948	ENSRNOG00000012110	Col17a1	1	0	0	1
4948	ENSRNOG00000050706	Col25a1	1	0	0	1
4948	ENSRNOG00000020525	Col5a3	1	0	0	1
4948	ENSRNOG00000031782	Col6a4	1	0	0	1
4948	ENSRNOG00000016366	Colec12	1	0	1	0
4948	ENSRNOG00000043386	Commd2	1	0	0	1
4948	ENSRNOG00000018671	Commd4	1	0	0	1
4948	ENSRNOG00000038012	Commd6	1	0	1	0
4948	ENSRNOG00000002320	Commd8	1	0	0	1
4948	ENSRNOG00000013968	Comtd1	1	0	0	1
4948	ENSRNOG00000006247	Copa	1	0	0	1
4948	ENSRNOG00000000111	Coprs	1	0	0	1
4948	ENSRNOG00000008744	Cops2	1	0	0	1
4948	ENSRNOG00000023650	Cops4	1	0	0	1
4948	ENSRNOG00000001346	Cops6	1	0	0	1
4948	ENSRNOG00000019635	Cops8	1	0	0	1
4948	ENSRNOG00000036835	Copz1	1	1	0	0
4948	ENSRNOG00000009974	Coq3	1	1	0	0
4948	ENSRNOG00000019430	Coro1a	1	0	0	1
4948	ENSRNOG00000000697	Coro1c	1	0	1	0
4948	ENSRNOG00000014496	Coro6	1	0	0	1
4948	ENSRNOG00000004146	Coro7	1	0	0	1
4948	ENSRNOG00000052096	Cox11	1	0	0	1
4948	ENSRNOG00000047115	Cox16	1	0	0	1
4948	ENSRNOG00000038951	Cox17	1	0	0	1
4948	ENSRNOG00000007827	Cox4i2	1	0	1	0
4948	ENSRNOG00000016660	Cox5b	1	0	1	0
4948	ENSRNOG00000010807	Cox6c	1	0	0	1
4948	ENSRNOG00000004526	Cox7a2l	1	0	0	1
4948	ENSRNOG00000054689	Cox7b	1	0	0	1
4948	ENSRNOG00000020689	Cpeb3	1	0	0	1
4948	ENSRNOG00000034134	Cpm	1	0	0	1
4948	ENSRNOG00000066159	Cpm	1	0	0	1
4948	ENSRNOG00000069087	Cpne1	1	0	0	1
4948	ENSRNOG00000043286	Cpne2	1	0	1	0
4948	ENSRNOG00000001654	Cpox	1	0	0	1
4948	ENSRNOG00000014254	Cpt1a	1	0	0	1
4948	ENSRNOG00000012443	Cpt2	1	0	0	1
4948	ENSRNOG00000023633	Crabp1	1	0	0	1
4948	ENSRNOG00000022101	Crabp2	1	0	0	1
4948	ENSRNOG00000032202	Creb3l3	1	0	1	0
4948	ENSRNOG00000008622	Creb5	1	0	0	1
4948	ENSRNOG00000005330	Crebbp	1	0	0	1
4948	ENSRNOG00000007115	Crebl2	1	0	0	1
4948	ENSRNOG00000067300	Crebl2	1	0	0	1
4948	ENSRNOG00000003291	Creg1	1	0	1	0
4948	ENSRNOG00000013991	Creg2	1	0	1	0
4948	ENSRNOG00000014900	Crem	1	0	0	1
4948	ENSRNOG00000027990	Crip1	1	0	1	0
4948	ENSRNOG00000020030	Crlf1	1	0	0	1
4948	ENSRNOG00000008721	Crnn	1	0	1	0
4948	ENSRNOG00000063752	Crocc2	1	0	0	1
4948	ENSRNOG00000000053	Crp	1	0	0	1
4948	ENSRNOG00000011975	Crtc3	1	0	0	1
4948	ENSRNOG00000047175	Cryaa	1	1	0	0
4948	ENSRNOG00000017996	Cryba2	1	0	0	1
4948	ENSRNOG00000050023	Crybb2	1	0	0	1
4948	ENSRNOG00000014790	Cryga	1	0	1	0
4948	ENSRNOG00000061215	Crym	1	0	0	1
4948	ENSRNOG00000005332	Csdc2	1	0	0	1
4948	ENSRNOG00000018659	Csf1	1	0	0	1
4948	ENSRNOG00000018414	Csf1r	1	0	1	0
4948	ENSRNOG00000008525	Csf3	1	0	0	1
4948	ENSRNOG00000030719	Csmd1	1	0	0	1
4948	ENSRNOG00000033433	Csrnp1	1	1	0	0
4948	ENSRNOG00000005545	Cst5	1	0	0	1
4948	ENSRNOG00000020455	Cst6	1	0	1	0
4948	ENSRNOG00000004858	Cstdc1	1	0	0	1
4948	ENSRNOG00000056845	Ct47b1	1	0	0	1
4948	ENSRNOG00000022141	Ctdspl2	1	0	0	1
4948	ENSRNOG00000000373	Ctnna3	1	0	1	0
4948	ENSRNOG00000015857	Ctsa	1	0	1	0
4948	ENSRNOG00000019708	Ctsf	1	0	1	0
4948	ENSRNOG00000018566	Ctsl	1	0	1	0
4948	ENSRNOG00000018334	Ctu1	1	0	1	0
4948	ENSRNOG00000005310	Cul1	1	0	0	1
4948	ENSRNOG00000017857	Cul7	1	0	0	1
4948	ENSRNOG00000018372	Cul9	1	0	0	1
4948	ENSRNOG00000065301	Cux1-ps1	1	0	0	1
4948	ENSRNOG00000008490	Cwc15	1	0	0	1
4948	ENSRNOG00000016326	Cx3cl1	1	0	1	0
4948	ENSRNOG00000024899	Cxcl13	1	0	0	1
4948	ENSRNOG00000022242	Cxcl9	1	0	1	0
4948	ENSRNOG00000060462	Cxhxorf49l1	1	0	0	1
4948	ENSRNOG00000051365	Cxhxorf58	1	0	0	1
4948	ENSRNOG00000003954	Cxhxorf65	1	0	0	1
4948	ENSRNOG00000052232	Cyb561d1	1	1	0	0
4948	ENSRNOG00000021887	Cyb561d2	1	0	0	1
4948	ENSRNOG00000070068	Cyb5a	1	0	1	0
4948	ENSRNOG00000024553	Cyb5d2	1	0	0	1
4948	ENSRNOG00000010024	Cyb5r4	1	0	0	1
4948	ENSRNOG00000012457	Cyc1	1	0	0	1
4948	ENSRNOG00000020035	Cyp17a1	1	0	1	0
4948	ENSRNOG00000008988	Cyp2d2	1	0	0	1
4948	ENSRNOG00000011367	Cyp2r1	1	0	0	1
4948	ENSRNOG00000051770	Cyp2w1	1	0	0	1
4948	ENSRNOG00000026958	Cyren	1	0	0	1
4948	ENSRNOG00000061246	Cyrib	1	0	0	1
4948	ENSRNOG00000018775	Cystm1	1	0	0	1
4948	ENSRNOG00000012724	Czib	1	0	0	1
4948	ENSRNOG00000028930	Dab2	1	0	0	1
4948	ENSRNOG00000052256	Dact3	1	1	0	0
4948	ENSRNOG00000027264	Dagla	1	1	0	0
4948	ENSRNOG00000001079	Daglb	1	0	0	1
4948	ENSRNOG00000033368	Dand5	1	0	0	1
4948	ENSRNOG00000010747	Dap	1	0	0	1
4948	ENSRNOG00000017332	Dapk2	1	0	1	0
4948	ENSRNOG00000002813	Dars2	1	0	0	1
4948	ENSRNOG00000031387	Dazap1	1	1	0	0
4948	ENSRNOG00000046889	Dbi	1	0	1	0
4948	ENSRNOG00000013841	Dcaf1	1	0	0	1
4948	ENSRNOG00000009403	Dcaf17	1	0	0	1
4948	ENSRNOG00000004556	Dcaf5	1	0	1	0
4948	ENSRNOG00000033099	Dcc	1	0	0	1
4948	ENSRNOG00000064585	Dcdc2b	1	0	0	1
4948	ENSRNOG00000016550	Dclk2	1	0	1	0
4948	ENSRNOG00000019367	Dclre1b	1	0	0	1
4948	ENSRNOG00000015980	Dclre1c	1	0	1	0
4948	ENSRNOG00000017850	Dctpp1	1	0	0	1
4948	ENSRNOG00000039417	Dda1	1	0	1	0
4948	ENSRNOG00000009481	Ddhd1	1	0	0	1
4948	ENSRNOG00000059605	Ddn	1	0	0	1
4948	ENSRNOG00000060154	Ddx23	1	0	0	1
4948	ENSRNOG00000009166	Ddx24	1	1	0	0
4948	ENSRNOG00000012771	Ddx41	1	0	0	1
4948	ENSRNOG00000001043	Ddx55	1	0	0	1
4948	ENSRNOG00000036898	Defb19	1	0	1	0
4948	ENSRNOG00000036895	Defb25	1	0	1	0
4948	ENSRNOG00000036896	Defb27	1	0	1	0
4948	ENSRNOG00000023195	Defb29	1	0	0	1
4948	ENSRNOG00000003601	Degs1l2	1	0	1	0
4948	ENSRNOG00000011716	Degs2	1	0	1	0
4948	ENSRNOG00000022373	Dennd4b	1	0	1	0
4948	ENSRNOG00000010701	Depdc1b	1	0	0	1
4948	ENSRNOG00000018144	Depdc5	1	0	0	1
4948	ENSRNOG00000005577	Desi1	1	0	0	1
4948	ENSRNOG00000004524	Desi2	1	0	1	0
4948	ENSRNOG00000028711	Dgat1	1	0	1	0
4948	ENSRNOG00000016573	Dgat2	1	0	1	0
4948	ENSRNOG00000030771	Dgkb	1	1	0	0
4948	ENSRNOG00000023238	Dgkd	1	0	1	0
4948	ENSRNOG00000002338	Dgke	1	0	1	0
4948	ENSRNOG00000001796	Dgkg	1	0	0	1
4948	ENSRNOG00000011617	Dguok	1	0	1	0
4948	ENSRNOG00000020776	Dhcr7	1	0	1	0
4948	ENSRNOG00000020883	Dhdh	1	0	0	1
4948	ENSRNOG00000009673	Dhrs13	1	0	1	0
4948	ENSRNOG00000028323	Dhrsx	1	0	0	1
4948	ENSRNOG00000030157	Dhx16	1	1	0	0
4948	ENSRNOG00000010369	Dhx29	1	0	0	1
4948	ENSRNOG00000018247	Dhx58	1	0	1	0
4948	ENSRNOG00000010711	Dicer1	1	0	0	1
4948	ENSRNOG00000004789	Diexf	1	0	0	1
4948	ENSRNOG00000048688	Dkk1	1	0	0	1
4948	ENSRNOG00000011360	Dkk2	1	0	0	1
4948	ENSRNOG00000020686	Dkkl1	1	0	1	0
4948	ENSRNOG00000010780	Dlc1	1	0	1	0
4948	ENSRNOG00000038597	Dlg1	1	0	0	1
4948	ENSRNOG00000002767	Dlg3	1	0	0	1
4948	ENSRNOG00000049187	Dlg5l17	1	0	1	0
4948	ENSRNOG00000012573	Dlgap2	1	0	0	1
4948	ENSRNOG00000063630	Dlx6	1	0	0	1
4948	ENSRNOG00000010835	Dmbx1	1	0	0	1
4948	ENSRNOG00000068045	Dmrta2	1	0	0	1
4948	ENSRNOG00000005908	Dmtf1	1	0	0	1
4948	ENSRNOG00000038600	Dnaaf3	1	0	0	1
4948	ENSRNOG00000059865	Dnah12	1	0	0	1
4948	ENSRNOG00000027630	Dnai7	1	0	0	1
4948	ENSRNOG00000003855	Dnaja3	1	0	0	1
4948	ENSRNOG00000049819	Dnajc19	1	0	0	1
4948	ENSRNOG00000017876	Dnajc21	1	0	1	0
4948	ENSRNOG00000053498	Dnajc22	1	0	1	0
4948	ENSRNOG00000015340	Dnajc25	1	0	0	1
4948	ENSRNOG00000031721	Dnajc30	1	0	1	0
4948	ENSRNOG00000012851	Dnajc5b	1	0	0	1
4948	ENSRNOG00000013255	Dnajc8	1	0	0	1
4948	ENSRNOG00000006619	Dnajc9	1	0	0	1
4948	ENSRNOG00000042333	Dnal1	1	0	0	1
4948	ENSRNOG00000024957	Dnali1	1	0	1	0
4948	ENSRNOG00000042352	Dnase1l2	1	0	0	1
4948	ENSRNOG00000033835	Dnm1	1	0	0	1
4948	ENSRNOG00000007649	Dnm2	1	0	0	1
4948	ENSRNOG00000026490	Dnm3	1	0	0	1
4948	ENSRNOG00000050742	Dnmbp	1	0	0	1
4948	ENSRNOG00000001212	Dnmt3l	1	0	0	1
4948	ENSRNOG00000018397	Dnph1	1	0	0	1
4948	ENSRNOG00000060054	Doc2b	1	0	0	1
4948	ENSRNOG00000024703	Dock5	1	0	0	1
4948	ENSRNOG00000004259	Dohh	1	0	1	0
4948	ENSRNOG00000013196	Dok5	1	0	0	1
4948	ENSRNOG00000038190	Dok6	1	0	0	1
4948	ENSRNOG00000016989	Dolk	1	0	1	0
4948	ENSRNOG00000002012	Donson	1	0	0	1
4948	ENSRNOG00000017241	Dpcd	1	0	0	1
4948	ENSRNOG00000020892	Dpf2	1	0	0	1
4948	ENSRNOG00000013719	Dph5	1	0	1	0
4948	ENSRNOG00000008996	Dpysl5	1	0	0	1
4948	ENSRNOG00000024905	Drc1	1	0	1	0
4948	ENSRNOG00000039086	Drc12	1	0	1	0
4948	ENSRNOG00000020045	Drgx	1	0	0	1
4948	ENSRNOG00000050848	Dtx1	1	0	0	1
4948	ENSRNOG00000001432	Dtx2	1	0	0	1
4948	ENSRNOG00000017395	Duox2	1	0	0	1
4948	ENSRNOG00000017805	Duoxa2	1	0	0	1
4948	ENSRNOG00000006628	Dusp16	1	0	0	1
4948	ENSRNOG00000008868	Dusp19	1	0	1	0
4948	ENSRNOG00000014061	Dusp5	1	0	0	1
4948	ENSRNOG00000010789	Dusp7	1	0	1	0
4948	ENSRNOG00000001708	Dvl3	1	0	0	1
4948	ENSRNOG00000011222	Dynll1	1	0	1	0
4948	ENSRNOG00000052174	Dynll1l1	1	0	0	1
4948	ENSRNOG00000025715	Dynlrb1	1	0	0	1
4948	ENSRNOG00000018207	Dynlt1	1	0	0	1
4948	ENSRNOG00000001758	Dynlt2b	1	1	0	0
4948	ENSRNOG00000018463	Dynlt4	1	0	0	1
4948	ENSRNOG00000001662	Dyrk1a	1	0	1	0
4948	ENSRNOG00000053178	Dyrk4	1	0	0	1
4948	ENSRNOG00000032788	Dysf	1	0	1	0
4948	ENSRNOG00000065422	E130218I03Rik	1	0	1	0
4948	ENSRNOG00000024567	E130309D02Rik	1	0	0	1
4948	ENSRNOG00000009738	ENSRNOG00000009738	1	0	0	1
4948	ENSRNOG00000030354	ENSRNOG00000030354	1	0	0	1
4948	ENSRNOG00000030963	ENSRNOG00000030963	1	0	0	1
4948	ENSRNOG00000031115	ENSRNOG00000031115	1	0	1	0
4948	ENSRNOG00000032427	ENSRNOG00000032427	1	0	0	1
4948	ENSRNOG00000053594	ENSRNOG00000053594	1	0	0	1
4948	ENSRNOG00000055485	ENSRNOG00000055485	1	0	0	1
4948	ENSRNOG00000056621	ENSRNOG00000056621	1	0	0	1
4948	ENSRNOG00000062327	ENSRNOG00000062327	1	0	0	1
4948	ENSRNOG00000062369	ENSRNOG00000062369	1	0	1	0
4948	ENSRNOG00000062386	ENSRNOG00000062386	1	0	0	1
4948	ENSRNOG00000062419	ENSRNOG00000062419	1	0	0	1
4948	ENSRNOG00000062445	ENSRNOG00000062445	1	0	0	1
4948	ENSRNOG00000062446	ENSRNOG00000062446	1	0	1	0
4948	ENSRNOG00000062453	ENSRNOG00000062453	1	0	1	0
4948	ENSRNOG00000062486	ENSRNOG00000062486	1	0	0	1
4948	ENSRNOG00000062501	ENSRNOG00000062501	1	0	0	1
4948	ENSRNOG00000062509	ENSRNOG00000062509	1	0	0	1
4948	ENSRNOG00000062584	ENSRNOG00000062584	1	0	0	1
4948	ENSRNOG00000062597	ENSRNOG00000062597	1	0	1	0
4948	ENSRNOG00000062613	ENSRNOG00000062613	1	0	1	0
4948	ENSRNOG00000062620	ENSRNOG00000062620	1	0	0	1
4948	ENSRNOG00000062671	ENSRNOG00000062671	1	0	1	0
4948	ENSRNOG00000062674	ENSRNOG00000062674	1	0	0	1
4948	ENSRNOG00000062694	ENSRNOG00000062694	1	0	1	0
4948	ENSRNOG00000062703	ENSRNOG00000062703	1	0	0	1
4948	ENSRNOG00000062740	ENSRNOG00000062740	1	0	0	1
4948	ENSRNOG00000062747	ENSRNOG00000062747	1	0	0	1
4948	ENSRNOG00000062778	ENSRNOG00000062778	1	0	0	1
4948	ENSRNOG00000062835	ENSRNOG00000062835	1	0	0	1
4948	ENSRNOG00000062843	ENSRNOG00000062843	1	0	0	1
4948	ENSRNOG00000062858	ENSRNOG00000062858	1	0	1	0
4948	ENSRNOG00000062955	ENSRNOG00000062955	1	0	0	1
4948	ENSRNOG00000062960	ENSRNOG00000062960	1	0	0	1
4948	ENSRNOG00000063007	ENSRNOG00000063007	1	0	0	1
4948	ENSRNOG00000063063	ENSRNOG00000063063	1	0	1	0
4948	ENSRNOG00000063071	ENSRNOG00000063071	1	0	1	0
4948	ENSRNOG00000063097	ENSRNOG00000063097	1	0	0	1
4948	ENSRNOG00000063114	ENSRNOG00000063114	1	0	0	1
4948	ENSRNOG00000063122	ENSRNOG00000063122	1	0	1	0
4948	ENSRNOG00000063123	ENSRNOG00000063123	1	0	1	0
4948	ENSRNOG00000063191	ENSRNOG00000063191	1	0	0	1
4948	ENSRNOG00000063207	ENSRNOG00000063207	1	0	1	0
4948	ENSRNOG00000063238	ENSRNOG00000063238	1	0	0	1
4948	ENSRNOG00000063268	ENSRNOG00000063268	1	0	0	1
4948	ENSRNOG00000063363	ENSRNOG00000063363	1	0	0	1
4948	ENSRNOG00000063368	ENSRNOG00000063368	1	0	0	1
4948	ENSRNOG00000063392	ENSRNOG00000063392	1	0	0	1
4948	ENSRNOG00000063397	ENSRNOG00000063397	1	0	0	1
4948	ENSRNOG00000063460	ENSRNOG00000063460	1	0	0	1
4948	ENSRNOG00000063463	ENSRNOG00000063463	1	0	1	0
4948	ENSRNOG00000063471	ENSRNOG00000063471	1	0	0	1
4948	ENSRNOG00000063475	ENSRNOG00000063475	1	0	1	0
4948	ENSRNOG00000063484	ENSRNOG00000063484	1	0	0	1
4948	ENSRNOG00000063486	ENSRNOG00000063486	1	0	0	1
4948	ENSRNOG00000063535	ENSRNOG00000063535	1	0	0	1
4948	ENSRNOG00000063536	ENSRNOG00000063536	1	0	0	1
4948	ENSRNOG00000063555	ENSRNOG00000063555	1	0	1	0
4948	ENSRNOG00000063564	ENSRNOG00000063564	1	0	0	1
4948	ENSRNOG00000063571	ENSRNOG00000063571	1	0	0	1
4948	ENSRNOG00000063594	ENSRNOG00000063594	1	0	0	1
4948	ENSRNOG00000063597	ENSRNOG00000063597	1	0	0	1
4948	ENSRNOG00000063607	ENSRNOG00000063607	1	0	0	1
4948	ENSRNOG00000063639	ENSRNOG00000063639	1	0	0	1
4948	ENSRNOG00000063680	ENSRNOG00000063680	1	0	1	0
4948	ENSRNOG00000063689	ENSRNOG00000063689	1	0	0	1
4948	ENSRNOG00000063703	ENSRNOG00000063703	1	0	1	0
4948	ENSRNOG00000063757	ENSRNOG00000063757	1	0	1	0
4948	ENSRNOG00000063760	ENSRNOG00000063760	1	0	1	0
4948	ENSRNOG00000063771	ENSRNOG00000063771	1	0	0	1
4948	ENSRNOG00000063814	ENSRNOG00000063814	1	0	0	1
4948	ENSRNOG00000063821	ENSRNOG00000063821	1	0	0	1
4948	ENSRNOG00000063835	ENSRNOG00000063835	1	0	0	1
4948	ENSRNOG00000063848	ENSRNOG00000063848	1	0	0	1
4948	ENSRNOG00000063856	ENSRNOG00000063856	1	0	0	1
4948	ENSRNOG00000063870	ENSRNOG00000063870	1	0	0	1
4948	ENSRNOG00000063885	ENSRNOG00000063885	1	0	1	0
4948	ENSRNOG00000063888	ENSRNOG00000063888	1	0	1	0
4948	ENSRNOG00000063891	ENSRNOG00000063891	1	0	0	1
4948	ENSRNOG00000063899	ENSRNOG00000063899	1	0	0	1
4948	ENSRNOG00000063932	ENSRNOG00000063932	1	0	0	1
4948	ENSRNOG00000063935	ENSRNOG00000063935	1	0	0	1
4948	ENSRNOG00000063950	ENSRNOG00000063950	1	0	0	1
4948	ENSRNOG00000063961	ENSRNOG00000063961	1	0	0	1
4948	ENSRNOG00000063978	ENSRNOG00000063978	1	0	0	1
4948	ENSRNOG00000064066	ENSRNOG00000064066	1	0	0	1
4948	ENSRNOG00000064076	ENSRNOG00000064076	1	0	0	1
4948	ENSRNOG00000064084	ENSRNOG00000064084	1	0	0	1
4948	ENSRNOG00000064128	ENSRNOG00000064128	1	0	0	1
4948	ENSRNOG00000064133	ENSRNOG00000064133	1	0	1	0
4948	ENSRNOG00000064176	ENSRNOG00000064176	1	0	1	0
4948	ENSRNOG00000064209	ENSRNOG00000064209	1	0	0	1
4948	ENSRNOG00000064235	ENSRNOG00000064235	1	0	0	1
4948	ENSRNOG00000064257	ENSRNOG00000064257	1	0	1	0
4948	ENSRNOG00000064269	ENSRNOG00000064269	1	0	0	1
4948	ENSRNOG00000064288	ENSRNOG00000064288	1	0	0	1
4948	ENSRNOG00000064308	ENSRNOG00000064308	1	0	0	1
4948	ENSRNOG00000064408	ENSRNOG00000064408	1	0	0	1
4948	ENSRNOG00000064413	ENSRNOG00000064413	1	0	0	1
4948	ENSRNOG00000064414	ENSRNOG00000064414	1	1	0	0
4948	ENSRNOG00000064451	ENSRNOG00000064451	1	0	1	0
4948	ENSRNOG00000064525	ENSRNOG00000064525	1	0	0	1
4948	ENSRNOG00000064540	ENSRNOG00000064540	1	1	0	0
4948	ENSRNOG00000064546	ENSRNOG00000064546	1	0	1	0
4948	ENSRNOG00000064548	ENSRNOG00000064548	1	0	1	0
4948	ENSRNOG00000064563	ENSRNOG00000064563	1	0	0	1
4948	ENSRNOG00000064568	ENSRNOG00000064568	1	0	0	1
4948	ENSRNOG00000064602	ENSRNOG00000064602	1	0	0	1
4948	ENSRNOG00000064604	ENSRNOG00000064604	1	0	0	1
4948	ENSRNOG00000064699	ENSRNOG00000064699	1	1	0	0
4948	ENSRNOG00000064705	ENSRNOG00000064705	1	0	0	1
4948	ENSRNOG00000064815	ENSRNOG00000064815	1	0	0	1
4948	ENSRNOG00000064821	ENSRNOG00000064821	1	0	0	1
4948	ENSRNOG00000064835	ENSRNOG00000064835	1	0	0	1
4948	ENSRNOG00000064841	ENSRNOG00000064841	1	1	0	0
4948	ENSRNOG00000064849	ENSRNOG00000064849	1	0	1	0
4948	ENSRNOG00000064858	ENSRNOG00000064858	1	0	0	1
4948	ENSRNOG00000064909	ENSRNOG00000064909	1	1	0	0
4948	ENSRNOG00000064997	ENSRNOG00000064997	1	0	1	0
4948	ENSRNOG00000065023	ENSRNOG00000065023	1	0	0	1
4948	ENSRNOG00000065037	ENSRNOG00000065037	1	0	0	1
4948	ENSRNOG00000065038	ENSRNOG00000065038	1	0	0	1
4948	ENSRNOG00000065045	ENSRNOG00000065045	1	0	0	1
4948	ENSRNOG00000065056	ENSRNOG00000065056	1	0	0	1
4948	ENSRNOG00000065088	ENSRNOG00000065088	1	0	0	1
4948	ENSRNOG00000065090	ENSRNOG00000065090	1	0	0	1
4948	ENSRNOG00000065105	ENSRNOG00000065105	1	0	1	0
4948	ENSRNOG00000065110	ENSRNOG00000065110	1	0	1	0
4948	ENSRNOG00000065113	ENSRNOG00000065113	1	0	1	0
4948	ENSRNOG00000065127	ENSRNOG00000065127	1	0	0	1
4948	ENSRNOG00000065129	ENSRNOG00000065129	1	0	0	1
4948	ENSRNOG00000065141	ENSRNOG00000065141	1	0	1	0
4948	ENSRNOG00000065145	ENSRNOG00000065145	1	0	1	0
4948	ENSRNOG00000065146	ENSRNOG00000065146	1	0	1	0
4948	ENSRNOG00000065156	ENSRNOG00000065156	1	0	0	1
4948	ENSRNOG00000065160	ENSRNOG00000065160	1	0	1	0
4948	ENSRNOG00000065176	ENSRNOG00000065176	1	0	1	0
4948	ENSRNOG00000065188	ENSRNOG00000065188	1	0	1	0
4948	ENSRNOG00000065241	ENSRNOG00000065241	1	0	0	1
4948	ENSRNOG00000065247	ENSRNOG00000065247	1	0	1	0
4948	ENSRNOG00000065259	ENSRNOG00000065259	1	0	0	1
4948	ENSRNOG00000065265	ENSRNOG00000065265	1	0	0	1
4948	ENSRNOG00000065318	ENSRNOG00000065318	1	0	1	0
4948	ENSRNOG00000065326	ENSRNOG00000065326	1	0	0	1
4948	ENSRNOG00000065414	ENSRNOG00000065414	1	0	0	1
4948	ENSRNOG00000065435	ENSRNOG00000065435	1	0	0	1
4948	ENSRNOG00000065450	ENSRNOG00000065450	1	0	0	1
4948	ENSRNOG00000065452	ENSRNOG00000065452	1	0	0	1
4948	ENSRNOG00000065460	ENSRNOG00000065460	1	0	0	1
4948	ENSRNOG00000065512	ENSRNOG00000065512	1	0	0	1
4948	ENSRNOG00000065518	ENSRNOG00000065518	1	0	0	1
4948	ENSRNOG00000065543	ENSRNOG00000065543	1	0	0	1
4948	ENSRNOG00000065556	ENSRNOG00000065556	1	0	0	1
4948	ENSRNOG00000065577	ENSRNOG00000065577	1	0	1	0
4948	ENSRNOG00000065578	ENSRNOG00000065578	1	0	0	1
4948	ENSRNOG00000065584	ENSRNOG00000065584	1	0	0	1
4948	ENSRNOG00000065585	ENSRNOG00000065585	1	0	0	1
4948	ENSRNOG00000065587	ENSRNOG00000065587	1	0	1	0
4948	ENSRNOG00000065600	ENSRNOG00000065600	1	0	0	1
4948	ENSRNOG00000065623	ENSRNOG00000065623	1	0	0	1
4948	ENSRNOG00000065639	ENSRNOG00000065639	1	0	1	0
4948	ENSRNOG00000065642	ENSRNOG00000065642	1	1	0	0
4948	ENSRNOG00000065652	ENSRNOG00000065652	1	0	1	0
4948	ENSRNOG00000065700	ENSRNOG00000065700	1	0	0	1
4948	ENSRNOG00000065768	ENSRNOG00000065768	1	0	1	0
4948	ENSRNOG00000065873	ENSRNOG00000065873	1	0	1	0
4948	ENSRNOG00000065874	ENSRNOG00000065874	1	0	1	0
4948	ENSRNOG00000065880	ENSRNOG00000065880	1	0	0	1
4948	ENSRNOG00000065910	ENSRNOG00000065910	1	0	0	1
4948	ENSRNOG00000065945	ENSRNOG00000065945	1	0	1	0
4948	ENSRNOG00000065964	ENSRNOG00000065964	1	0	0	1
4948	ENSRNOG00000065985	ENSRNOG00000065985	1	0	0	1
4948	ENSRNOG00000066056	ENSRNOG00000066056	1	1	0	0
4948	ENSRNOG00000066075	ENSRNOG00000066075	1	0	0	1
4948	ENSRNOG00000066080	ENSRNOG00000066080	1	0	0	1
4948	ENSRNOG00000066084	ENSRNOG00000066084	1	0	1	0
4948	ENSRNOG00000066124	ENSRNOG00000066124	1	0	0	1
4948	ENSRNOG00000066144	ENSRNOG00000066144	1	0	0	1
4948	ENSRNOG00000066199	ENSRNOG00000066199	1	0	0	1
4948	ENSRNOG00000066205	ENSRNOG00000066205	1	0	0	1
4948	ENSRNOG00000066220	ENSRNOG00000066220	1	0	0	1
4948	ENSRNOG00000066236	ENSRNOG00000066236	1	0	0	1
4948	ENSRNOG00000066289	ENSRNOG00000066289	1	0	1	0
4948	ENSRNOG00000066293	ENSRNOG00000066293	1	0	1	0
4948	ENSRNOG00000066297	ENSRNOG00000066297	1	0	0	1
4948	ENSRNOG00000066300	ENSRNOG00000066300	1	0	1	0
4948	ENSRNOG00000066307	ENSRNOG00000066307	1	1	0	0
4948	ENSRNOG00000066318	ENSRNOG00000066318	1	0	0	1
4948	ENSRNOG00000066359	ENSRNOG00000066359	1	0	0	1
4948	ENSRNOG00000066399	ENSRNOG00000066399	1	1	0	0
4948	ENSRNOG00000066439	ENSRNOG00000066439	1	0	1	0
4948	ENSRNOG00000066454	ENSRNOG00000066454	1	0	0	1
4948	ENSRNOG00000066455	ENSRNOG00000066455	1	0	0	1
4948	ENSRNOG00000066478	ENSRNOG00000066478	1	1	0	0
4948	ENSRNOG00000066482	ENSRNOG00000066482	1	0	0	1
4948	ENSRNOG00000066498	ENSRNOG00000066498	1	0	0	1
4948	ENSRNOG00000066512	ENSRNOG00000066512	1	0	0	1
4948	ENSRNOG00000066560	ENSRNOG00000066560	1	0	0	1
4948	ENSRNOG00000066562	ENSRNOG00000066562	1	0	1	0
4948	ENSRNOG00000066568	ENSRNOG00000066568	1	0	0	1
4948	ENSRNOG00000066609	ENSRNOG00000066609	1	0	0	1
4948	ENSRNOG00000066634	ENSRNOG00000066634	1	0	0	1
4948	ENSRNOG00000066659	ENSRNOG00000066659	1	0	0	1
4948	ENSRNOG00000066750	ENSRNOG00000066750	1	0	1	0
4948	ENSRNOG00000066829	ENSRNOG00000066829	1	0	0	1
4948	ENSRNOG00000066866	ENSRNOG00000066866	1	0	0	1
4948	ENSRNOG00000066899	ENSRNOG00000066899	1	0	0	1
4948	ENSRNOG00000066914	ENSRNOG00000066914	1	0	0	1
4948	ENSRNOG00000066930	ENSRNOG00000066930	1	0	0	1
4948	ENSRNOG00000066956	ENSRNOG00000066956	1	0	0	1
4948	ENSRNOG00000066974	ENSRNOG00000066974	1	0	0	1
4948	ENSRNOG00000066992	ENSRNOG00000066992	1	0	0	1
4948	ENSRNOG00000067002	ENSRNOG00000067002	1	0	0	1
4948	ENSRNOG00000067016	ENSRNOG00000067016	1	0	0	1
4948	ENSRNOG00000067038	ENSRNOG00000067038	1	0	0	1
4948	ENSRNOG00000067053	ENSRNOG00000067053	1	0	0	1
4948	ENSRNOG00000067059	ENSRNOG00000067059	1	0	0	1
4948	ENSRNOG00000067062	ENSRNOG00000067062	1	0	0	1
4948	ENSRNOG00000067128	ENSRNOG00000067128	1	0	0	1
4948	ENSRNOG00000067152	ENSRNOG00000067152	1	0	0	1
4948	ENSRNOG00000067154	ENSRNOG00000067154	1	0	0	1
4948	ENSRNOG00000067189	ENSRNOG00000067189	1	0	0	1
4948	ENSRNOG00000067214	ENSRNOG00000067214	1	0	1	0
4948	ENSRNOG00000067226	ENSRNOG00000067226	1	0	0	1
4948	ENSRNOG00000067238	ENSRNOG00000067238	1	0	0	1
4948	ENSRNOG00000067256	ENSRNOG00000067256	1	1	0	0
4948	ENSRNOG00000067261	ENSRNOG00000067261	1	0	0	1
4948	ENSRNOG00000067268	ENSRNOG00000067268	1	0	1	0
4948	ENSRNOG00000067291	ENSRNOG00000067291	1	0	0	1
4948	ENSRNOG00000067297	ENSRNOG00000067297	1	0	0	1
4948	ENSRNOG00000067325	ENSRNOG00000067325	1	0	0	1
4948	ENSRNOG00000067326	ENSRNOG00000067326	1	0	1	0
4948	ENSRNOG00000067334	ENSRNOG00000067334	1	0	0	1
4948	ENSRNOG00000067342	ENSRNOG00000067342	1	0	0	1
4948	ENSRNOG00000067362	ENSRNOG00000067362	1	0	0	1
4948	ENSRNOG00000067366	ENSRNOG00000067366	1	0	0	1
4948	ENSRNOG00000067367	ENSRNOG00000067367	1	0	0	1
4948	ENSRNOG00000067374	ENSRNOG00000067374	1	0	1	0
4948	ENSRNOG00000067382	ENSRNOG00000067382	1	0	1	0
4948	ENSRNOG00000067397	ENSRNOG00000067397	1	0	0	1
4948	ENSRNOG00000067400	ENSRNOG00000067400	1	0	1	0
4948	ENSRNOG00000067415	ENSRNOG00000067415	1	0	1	0
4948	ENSRNOG00000067425	ENSRNOG00000067425	1	0	1	0
4948	ENSRNOG00000067426	ENSRNOG00000067426	1	0	0	1
4948	ENSRNOG00000067459	ENSRNOG00000067459	1	0	0	1
4948	ENSRNOG00000067473	ENSRNOG00000067473	1	0	0	1
4948	ENSRNOG00000067494	ENSRNOG00000067494	1	0	0	1
4948	ENSRNOG00000067526	ENSRNOG00000067526	1	0	1	0
4948	ENSRNOG00000067542	ENSRNOG00000067542	1	0	0	1
4948	ENSRNOG00000067561	ENSRNOG00000067561	1	0	0	1
4948	ENSRNOG00000067573	ENSRNOG00000067573	1	0	1	0
4948	ENSRNOG00000067599	ENSRNOG00000067599	1	0	0	1
4948	ENSRNOG00000067609	ENSRNOG00000067609	1	0	0	1
4948	ENSRNOG00000067645	ENSRNOG00000067645	1	0	0	1
4948	ENSRNOG00000067652	ENSRNOG00000067652	1	0	0	1
4948	ENSRNOG00000067663	ENSRNOG00000067663	1	0	0	1
4948	ENSRNOG00000067692	ENSRNOG00000067692	1	0	0	1
4948	ENSRNOG00000067704	ENSRNOG00000067704	1	0	0	1
4948	ENSRNOG00000067726	ENSRNOG00000067726	1	0	0	1
4948	ENSRNOG00000067727	ENSRNOG00000067727	1	0	0	1
4948	ENSRNOG00000067750	ENSRNOG00000067750	1	0	1	0
4948	ENSRNOG00000067754	ENSRNOG00000067754	1	0	0	1
4948	ENSRNOG00000067775	ENSRNOG00000067775	1	0	0	1
4948	ENSRNOG00000067785	ENSRNOG00000067785	1	0	0	1
4948	ENSRNOG00000067858	ENSRNOG00000067858	1	0	1	0
4948	ENSRNOG00000067873	ENSRNOG00000067873	1	0	1	0
4948	ENSRNOG00000067886	ENSRNOG00000067886	1	0	0	1
4948	ENSRNOG00000067907	ENSRNOG00000067907	1	0	0	1
4948	ENSRNOG00000067923	ENSRNOG00000067923	1	0	0	1
4948	ENSRNOG00000067930	ENSRNOG00000067930	1	0	0	1
4948	ENSRNOG00000067932	ENSRNOG00000067932	1	0	0	1
4948	ENSRNOG00000067974	ENSRNOG00000067974	1	0	1	0
4948	ENSRNOG00000067986	ENSRNOG00000067986	1	0	0	1
4948	ENSRNOG00000067991	ENSRNOG00000067991	1	0	0	1
4948	ENSRNOG00000068009	ENSRNOG00000068009	1	0	0	1
4948	ENSRNOG00000068023	ENSRNOG00000068023	1	0	1	0
4948	ENSRNOG00000068041	ENSRNOG00000068041	1	0	0	1
4948	ENSRNOG00000068084	ENSRNOG00000068084	1	0	0	1
4948	ENSRNOG00000068089	ENSRNOG00000068089	1	0	0	1
4948	ENSRNOG00000068109	ENSRNOG00000068109	1	0	0	1
4948	ENSRNOG00000068110	ENSRNOG00000068110	1	0	0	1
4948	ENSRNOG00000068181	ENSRNOG00000068181	1	0	0	1
4948	ENSRNOG00000068235	ENSRNOG00000068235	1	0	0	1
4948	ENSRNOG00000068262	ENSRNOG00000068262	1	0	0	1
4948	ENSRNOG00000068271	ENSRNOG00000068271	1	0	1	0
4948	ENSRNOG00000068276	ENSRNOG00000068276	1	0	0	1
4948	ENSRNOG00000068332	ENSRNOG00000068332	1	0	0	1
4948	ENSRNOG00000068334	ENSRNOG00000068334	1	0	1	0
4948	ENSRNOG00000068361	ENSRNOG00000068361	1	0	1	0
4948	ENSRNOG00000068379	ENSRNOG00000068379	1	0	0	1
4948	ENSRNOG00000068381	ENSRNOG00000068381	1	0	0	1
4948	ENSRNOG00000068402	ENSRNOG00000068402	1	0	0	1
4948	ENSRNOG00000068403	ENSRNOG00000068403	1	0	0	1
4948	ENSRNOG00000068419	ENSRNOG00000068419	1	0	0	1
4948	ENSRNOG00000068471	ENSRNOG00000068471	1	1	0	0
4948	ENSRNOG00000068484	ENSRNOG00000068484	1	1	0	0
4948	ENSRNOG00000068496	ENSRNOG00000068496	1	0	1	0
4948	ENSRNOG00000068500	ENSRNOG00000068500	1	1	0	0
4948	ENSRNOG00000068511	ENSRNOG00000068511	1	0	1	0
4948	ENSRNOG00000068513	ENSRNOG00000068513	1	0	1	0
4948	ENSRNOG00000068525	ENSRNOG00000068525	1	0	0	1
4948	ENSRNOG00000068528	ENSRNOG00000068528	1	0	0	1
4948	ENSRNOG00000068542	ENSRNOG00000068542	1	0	1	0
4948	ENSRNOG00000068560	ENSRNOG00000068560	1	0	0	1
4948	ENSRNOG00000068587	ENSRNOG00000068587	1	0	1	0
4948	ENSRNOG00000068600	ENSRNOG00000068600	1	0	0	1
4948	ENSRNOG00000068673	ENSRNOG00000068673	1	0	1	0
4948	ENSRNOG00000068675	ENSRNOG00000068675	1	0	0	1
4948	ENSRNOG00000068689	ENSRNOG00000068689	1	0	0	1
4948	ENSRNOG00000068706	ENSRNOG00000068706	1	0	1	0
4948	ENSRNOG00000068713	ENSRNOG00000068713	1	0	0	1
4948	ENSRNOG00000068716	ENSRNOG00000068716	1	0	0	1
4948	ENSRNOG00000068753	ENSRNOG00000068753	1	0	1	0
4948	ENSRNOG00000068765	ENSRNOG00000068765	1	0	0	1
4948	ENSRNOG00000068766	ENSRNOG00000068766	1	0	0	1
4948	ENSRNOG00000068830	ENSRNOG00000068830	1	0	0	1
4948	ENSRNOG00000068842	ENSRNOG00000068842	1	0	1	0
4948	ENSRNOG00000068868	ENSRNOG00000068868	1	0	0	1
4948	ENSRNOG00000068880	ENSRNOG00000068880	1	0	0	1
4948	ENSRNOG00000068903	ENSRNOG00000068903	1	0	1	0
4948	ENSRNOG00000068932	ENSRNOG00000068932	1	0	0	1
4948	ENSRNOG00000068954	ENSRNOG00000068954	1	0	0	1
4948	ENSRNOG00000068959	ENSRNOG00000068959	1	0	1	0
4948	ENSRNOG00000068976	ENSRNOG00000068976	1	0	0	1
4948	ENSRNOG00000069003	ENSRNOG00000069003	1	0	0	1
4948	ENSRNOG00000069014	ENSRNOG00000069014	1	0	0	1
4948	ENSRNOG00000069048	ENSRNOG00000069048	1	0	0	1
4948	ENSRNOG00000069051	ENSRNOG00000069051	1	0	0	1
4948	ENSRNOG00000069054	ENSRNOG00000069054	1	0	0	1
4948	ENSRNOG00000069090	ENSRNOG00000069090	1	0	0	1
4948	ENSRNOG00000069101	ENSRNOG00000069101	1	0	1	0
4948	ENSRNOG00000069110	ENSRNOG00000069110	1	0	1	0
4948	ENSRNOG00000069120	ENSRNOG00000069120	1	0	0	1
4948	ENSRNOG00000069125	ENSRNOG00000069125	1	0	1	0
4948	ENSRNOG00000069138	ENSRNOG00000069138	1	0	0	1
4948	ENSRNOG00000069146	ENSRNOG00000069146	1	1	0	0
4948	ENSRNOG00000069163	ENSRNOG00000069163	1	0	1	0
4948	ENSRNOG00000069171	ENSRNOG00000069171	1	0	0	1
4948	ENSRNOG00000069186	ENSRNOG00000069186	1	0	0	1
4948	ENSRNOG00000069213	ENSRNOG00000069213	1	0	1	0
4948	ENSRNOG00000069247	ENSRNOG00000069247	1	0	1	0
4948	ENSRNOG00000069308	ENSRNOG00000069308	1	0	1	0
4948	ENSRNOG00000069351	ENSRNOG00000069351	1	0	0	1
4948	ENSRNOG00000069378	ENSRNOG00000069378	1	0	0	1
4948	ENSRNOG00000069383	ENSRNOG00000069383	1	0	1	0
4948	ENSRNOG00000069416	ENSRNOG00000069416	1	0	1	0
4948	ENSRNOG00000069434	ENSRNOG00000069434	1	0	1	0
4948	ENSRNOG00000069436	ENSRNOG00000069436	1	0	0	1
4948	ENSRNOG00000069445	ENSRNOG00000069445	1	0	1	0
4948	ENSRNOG00000069457	ENSRNOG00000069457	1	1	0	0
4948	ENSRNOG00000069500	ENSRNOG00000069500	1	0	1	0
4948	ENSRNOG00000069502	ENSRNOG00000069502	1	0	0	1
4948	ENSRNOG00000069523	ENSRNOG00000069523	1	0	0	1
4948	ENSRNOG00000069533	ENSRNOG00000069533	1	0	0	1
4948	ENSRNOG00000069534	ENSRNOG00000069534	1	0	0	1
4948	ENSRNOG00000069541	ENSRNOG00000069541	1	0	0	1
4948	ENSRNOG00000069544	ENSRNOG00000069544	1	0	0	1
4948	ENSRNOG00000069558	ENSRNOG00000069558	1	0	1	0
4948	ENSRNOG00000069563	ENSRNOG00000069563	1	0	0	1
4948	ENSRNOG00000069588	ENSRNOG00000069588	1	0	0	1
4948	ENSRNOG00000069638	ENSRNOG00000069638	1	0	1	0
4948	ENSRNOG00000069642	ENSRNOG00000069642	1	0	0	1
4948	ENSRNOG00000069652	ENSRNOG00000069652	1	0	1	0
4948	ENSRNOG00000069653	ENSRNOG00000069653	1	1	0	0
4948	ENSRNOG00000069655	ENSRNOG00000069655	1	0	0	1
4948	ENSRNOG00000069703	ENSRNOG00000069703	1	0	0	1
4948	ENSRNOG00000069729	ENSRNOG00000069729	1	0	1	0
4948	ENSRNOG00000069786	ENSRNOG00000069786	1	0	1	0
4948	ENSRNOG00000069788	ENSRNOG00000069788	1	0	0	1
4948	ENSRNOG00000069799	ENSRNOG00000069799	1	0	0	1
4948	ENSRNOG00000069812	ENSRNOG00000069812	1	0	0	1
4948	ENSRNOG00000069818	ENSRNOG00000069818	1	0	1	0
4948	ENSRNOG00000069841	ENSRNOG00000069841	1	0	0	1
4948	ENSRNOG00000069855	ENSRNOG00000069855	1	1	0	0
4948	ENSRNOG00000069862	ENSRNOG00000069862	1	0	1	0
4948	ENSRNOG00000069867	ENSRNOG00000069867	1	0	0	1
4948	ENSRNOG00000069879	ENSRNOG00000069879	1	0	0	1
4948	ENSRNOG00000069887	ENSRNOG00000069887	1	0	0	1
4948	ENSRNOG00000069893	ENSRNOG00000069893	1	0	0	1
4948	ENSRNOG00000069895	ENSRNOG00000069895	1	0	1	0
4948	ENSRNOG00000069938	ENSRNOG00000069938	1	0	0	1
4948	ENSRNOG00000069941	ENSRNOG00000069941	1	0	0	1
4948	ENSRNOG00000069968	ENSRNOG00000069968	1	0	1	0
4948	ENSRNOG00000070003	ENSRNOG00000070003	1	0	1	0
4948	ENSRNOG00000070027	ENSRNOG00000070027	1	0	0	1
4948	ENSRNOG00000070076	ENSRNOG00000070076	1	0	0	1
4948	ENSRNOG00000070098	ENSRNOG00000070098	1	0	0	1
4948	ENSRNOG00000070101	ENSRNOG00000070101	1	0	0	1
4948	ENSRNOG00000070109	ENSRNOG00000070109	1	0	1	0
4948	ENSRNOG00000070189	ENSRNOG00000070189	1	0	1	0
4948	ENSRNOG00000070219	ENSRNOG00000070219	1	0	1	0
4948	ENSRNOG00000070233	ENSRNOG00000070233	1	0	1	0
4948	ENSRNOG00000070239	ENSRNOG00000070239	1	0	0	1
4948	ENSRNOG00000070297	ENSRNOG00000070297	1	0	0	1
4948	ENSRNOG00000070307	ENSRNOG00000070307	1	0	1	0
4948	ENSRNOG00000070318	ENSRNOG00000070318	1	0	0	1
4948	ENSRNOG00000070364	ENSRNOG00000070364	1	0	0	1
4948	ENSRNOG00000070383	ENSRNOG00000070383	1	0	0	1
4948	ENSRNOG00000070426	ENSRNOG00000070426	1	0	0	1
4948	ENSRNOG00000070436	ENSRNOG00000070436	1	0	0	1
4948	ENSRNOG00000070502	ENSRNOG00000070502	1	0	0	1
4948	ENSRNOG00000070524	ENSRNOG00000070524	1	0	0	1
4948	ENSRNOG00000070527	ENSRNOG00000070527	1	0	1	0
4948	ENSRNOG00000070551	ENSRNOG00000070551	1	0	0	1
4948	ENSRNOG00000070579	ENSRNOG00000070579	1	0	0	1
4948	ENSRNOG00000070583	ENSRNOG00000070583	1	0	1	0
4948	ENSRNOG00000070595	ENSRNOG00000070595	1	0	0	1
4948	ENSRNOG00000070666	ENSRNOG00000070666	1	0	0	1
4948	ENSRNOG00000070698	ENSRNOG00000070698	1	0	1	0
4948	ENSRNOG00000070699	ENSRNOG00000070699	1	0	1	0
4948	ENSRNOG00000070715	ENSRNOG00000070715	1	0	0	1
4948	ENSRNOG00000070742	ENSRNOG00000070742	1	0	1	0
4948	ENSRNOG00000070757	ENSRNOG00000070757	1	1	0	0
4948	ENSRNOG00000070797	ENSRNOG00000070797	1	0	0	1
4948	ENSRNOG00000070817	ENSRNOG00000070817	1	0	0	1
4948	ENSRNOG00000070829	ENSRNOG00000070829	1	0	0	1
4948	ENSRNOG00000070855	ENSRNOG00000070855	1	0	0	1
4948	ENSRNOG00000070862	ENSRNOG00000070862	1	0	0	1
4948	ENSRNOG00000070878	ENSRNOG00000070878	1	0	0	1
4948	ENSRNOG00000070893	ENSRNOG00000070893	1	0	0	1
4948	ENSRNOG00000070909	ENSRNOG00000070909	1	0	1	0
4948	ENSRNOG00000070918	ENSRNOG00000070918	1	0	0	1
4948	ENSRNOG00000070938	ENSRNOG00000070938	1	0	1	0
4948	ENSRNOG00000070939	ENSRNOG00000070939	1	0	0	1
4948	ENSRNOG00000070940	ENSRNOG00000070940	1	0	0	1
4948	ENSRNOG00000070976	ENSRNOG00000070976	1	0	0	1
4948	ENSRNOG00000071014	ENSRNOG00000071014	1	0	1	0
4948	ENSRNOG00000071053	ENSRNOG00000071053	1	0	1	0
4948	ENSRNOG00000071084	ENSRNOG00000071084	1	0	1	0
4948	ENSRNOG00000071113	ENSRNOG00000071113	1	0	0	1
4948	ENSRNOG00000071115	ENSRNOG00000071115	1	0	0	1
4948	ENSRNOG00000071141	ENSRNOG00000071141	1	0	0	1
4948	ENSRNOG00000071161	ENSRNOG00000071161	1	0	0	1
4948	ENSRNOG00000071175	ENSRNOG00000071175	1	0	0	1
4948	ENSRNOG00000071189	ENSRNOG00000071189	1	0	0	1
4948	ENSRNOG00000011548	Ebf2	1	0	1	0
4948	ENSRNOG00000016102	Ebf3	1	0	0	1
4948	ENSRNOG00000020308	Ech1	1	1	0	0
4948	ENSRNOG00000032208	Eda	1	0	0	1
4948	ENSRNOG00000016272	Edf1	1	0	1	0
4948	ENSRNOG00000033064	Edil3	1	0	0	1
4948	ENSRNOG00000014361	Edn1	1	0	0	1
4948	ENSRNOG00000009439	Eef1a1	1	1	0	0
4948	ENSRNOG00000011624	Eef1a2	1	0	0	1
4948	ENSRNOG00000012477	Eef1a2	1	0	0	1
4948	ENSRNOG00000047631	Eef1akmt3	1	0	0	1
4948	ENSRNOG00000016390	Eef1e1	1	0	0	1
4948	ENSRNOG00000066344	Eef1e1	1	0	0	1
4948	ENSRNOG00000012954	Eefsec	1	0	0	1
4948	ENSRNOG00000027540	Eeig2	1	0	1	0
4948	ENSRNOG00000010091	Efcab14	1	0	0	1
4948	ENSRNOG00000011094	Efcab6	1	0	0	1
4948	ENSRNOG00000009782	Efcab7	1	0	0	1
4948	ENSRNOG00000004142	Efcab9	1	0	1	0
4948	ENSRNOG00000013783	Efhd2	1	0	0	1
4948	ENSRNOG00000020573	Efna1	1	1	0	0
4948	ENSRNOG00000016203	Efna2	1	1	0	0
4948	ENSRNOG00000012950	Efr3b	1	0	1	0
4948	ENSRNOG00000042029	Efs	1	0	0	1
4948	ENSRNOG00000063609	Egln1	1	0	1	0
4948	ENSRNOG00000056038	Ehbp1l1	1	0	1	0
4948	ENSRNOG00000007744	Ehd3	1	0	1	0
4948	ENSRNOG00000007584	Ehd4	1	1	0	0
4948	ENSRNOG00000008452	Eid1	1	0	0	1
4948	ENSRNOG00000031421	Eif1a	1	1	0	0
4948	ENSRNOG00000004910	Eif2d	1	1	0	0
4948	ENSRNOG00000011020	Eif3l	1	0	1	0
4948	ENSRNOG00000046740	Eif4a1-ps8	1	0	0	1
4948	ENSRNOG00000001815	Eif4a2	1	0	0	1
4948	ENSRNOG00000052343	Eif4e	1	0	0	1
4948	ENSRNOG00000010301	Eif4e3	1	0	0	1
4948	ENSRNOG00000055391	Eif4ebp2	1	0	0	1
4948	ENSRNOG00000023601	Elavl4	1	0	0	1
4948	ENSRNOG00000010815	Elf2	1	0	1	0
4948	ENSRNOG00000022767	Elfn1	1	0	0	1
4948	ENSRNOG00000010171	Elk1	1	0	0	1
4948	ENSRNOG00000004367	Elk3	1	0	0	1
4948	ENSRNOG00000018747	Elmo2	1	0	0	1
4948	ENSRNOG00000062517	Elobl7	1	0	1	0
4948	ENSRNOG00000014702	Elovl2	1	0	0	1
4948	ENSRNOG00000048949	Elovl6	1	0	0	1
4948	ENSRNOG00000010450	Elovl7	1	0	0	1
4948	ENSRNOG00000020847	Elp6	1	0	1	0
4948	ENSRNOG00000005884	Emc7	1	0	0	1
4948	ENSRNOG00000043143	Eml1	1	0	0	1
4948	ENSRNOG00000019873	Eml3	1	0	0	1
4948	ENSRNOG00000030294	Eml4	1	0	1	0
4948	ENSRNOG00000008676	Emp1	1	0	0	1
4948	ENSRNOG00000006846	En2	1	0	0	1
4948	ENSRNOG00000016033	Endog	1	0	0	1
4948	ENSRNOG00000056446	Endou	1	0	0	1
4948	ENSRNOG00000003699	Endov	1	0	0	1
4948	ENSRNOG00000024364	Enkd1	1	0	0	1
4948	ENSRNOG00000010232	Enpp5	1	0	0	1
4948	ENSRNOG00000014574	Entpd1	1	0	0	1
4948	ENSRNOG00000016321	Entpd4	1	0	1	0
4948	ENSRNOG00000007427	Entpd6	1	0	0	1
4948	ENSRNOG00000023496	Entrep2	1	0	0	1
4948	ENSRNOG00000020518	Entrep3	1	0	0	1
4948	ENSRNOG00000000190	Ep300	1	0	0	1
4948	ENSRNOG00000021318	Epas1	1	0	0	1
4948	ENSRNOG00000012346	Epb41l2	1	0	0	1
4948	ENSRNOG00000026050	Epb41l4a	1	0	0	1
4948	ENSRNOG00000056550	Epb41l4b	1	0	0	1
4948	ENSRNOG00000014834	Epc1	1	0	1	0
4948	ENSRNOG00000060141	Epdr1	1	0	0	1
4948	ENSRNOG00000029184	Epha6	1	0	0	1
4948	ENSRNOG00000007030	Epha7	1	0	0	1
4948	ENSRNOG00000012531	Ephb2	1	0	0	1
4948	ENSRNOG00000003515	Ephx1	1	0	0	1
4948	ENSRNOG00000043006	Epm2aip1	1	0	1	0
4948	ENSRNOG00000015753	Epn1	1	0	0	1
4948	ENSRNOG00000028908	Eppin	1	0	1	0
4948	ENSRNOG00000010299	Eps15	1	0	1	0
4948	ENSRNOG00000027942	Eps8l1	1	0	0	1
4948	ENSRNOG00000004717	Epyc	1	0	1	0
4948	ENSRNOG00000010673	Eral1	1	0	0	1
4948	ENSRNOG00000042470	Eras	1	0	0	1
4948	ENSRNOG00000047137	Erbin	1	0	0	1
4948	ENSRNOG00000070542	Ercc4	1	0	0	1
4948	ENSRNOG00000003208	Ercc6l	1	0	0	1
4948	ENSRNOG00000002771	Ereg	1	0	0	1
4948	ENSRNOG00000020426	Erf	1	1	0	0
4948	ENSRNOG00000001852	Ergic2	1	0	0	1
4948	ENSRNOG00000042114	Erich1	1	0	0	1
4948	ENSRNOG00000037798	Erich4	1	0	0	1
4948	ENSRNOG00000013662	Erich6	1	0	0	1
4948	ENSRNOG00000000335	Ermap	1	0	0	1
4948	ENSRNOG00000006462	Ero1a	1	0	1	0
4948	ENSRNOG00000033217	Esam	1	0	0	1
4948	ENSRNOG00000010259	Esrrb	1	0	0	1
4948	ENSRNOG00000022704	Esyt3	1	0	0	1
4948	ENSRNOG00000007118	Eva1a	1	0	1	0
4948	ENSRNOG00000001034	Evi5l	1	0	0	1
4948	ENSRNOG00000037432	Exo5	1	0	0	1
4948	ENSRNOG00000039776	Exoc3	1	0	0	1
4948	ENSRNOG00000010111	Exoc3l4	1	0	0	1
4948	ENSRNOG00000036601	Exoc6	1	0	0	1
4948	ENSRNOG00000014801	Exog	1	0	0	1
4948	ENSRNOG00000012348	Exosc4	1	0	1	0
4948	ENSRNOG00000060337	Exosc7	1	0	0	1
4948	ENSRNOG00000014674	Exosc9	1	0	0	1
4948	ENSRNOG00000016776	Extl1	1	0	0	1
4948	ENSRNOG00000019203	Eya2	1	1	0	0
4948	ENSRNOG00000006048	Ezh2	1	0	0	1
4948	ENSRNOG00000018524	Ezr	1	0	0	1
4948	ENSRNOG00000015139	F12	1	0	0	1
4948	ENSRNOG00000011800	F3	1	0	0	1
4948	ENSRNOG00000002918	FAM187A	1	0	0	1
4948	ENSRNOG00000018950	Fa2h	1	0	1	0
4948	ENSRNOG00000024947	Fabp2	1	0	0	1
4948	ENSRNOG00000048535	Fabp5-ps3	1	0	0	1
4948	ENSRNOG00000002851	Fam104a	1	0	0	1
4948	ENSRNOG00000050946	Fam110a	1	0	0	1
4948	ENSRNOG00000038872	Fam115e	1	0	0	1
4948	ENSRNOG00000016779	Fam120a	1	0	0	1
4948	ENSRNOG00000058790	Fam120b	1	0	0	1
4948	ENSRNOG00000009802	Fam124a	1	0	1	0
4948	ENSRNOG00000002403	Fam129a	1	0	0	1
4948	ENSRNOG00000015845	Fam129b	1	1	0	0
4948	ENSRNOG00000038066	Fam155b	1	0	0	1
4948	ENSRNOG00000019087	Fam174a	1	0	0	1
4948	ENSRNOG00000021060	Fam187b	1	0	1	0
4948	ENSRNOG00000017841	Fam192a	1	0	0	1
4948	ENSRNOG00000010183	Fam198b	1	0	1	0
4948	ENSRNOG00000025453	Fam221b	1	1	0	0
4948	ENSRNOG00000001198	Fam222a	1	0	0	1
4948	ENSRNOG00000021795	Fam227a	1	0	0	1
4948	ENSRNOG00000042787	Fam229a	1	0	1	0
4948	ENSRNOG00000000551	Fam241b	1	1	0	0
4948	ENSRNOG00000055025	Fam25a	1	0	0	1
4948	ENSRNOG00000029371	Fam71a	1	0	1	0
4948	ENSRNOG00000068017	Fam78b	1	0	0	1
4948	ENSRNOG00000015794	Fam83d	1	0	1	0
4948	ENSRNOG00000021039	Fam83e	1	0	0	1
4948	ENSRNOG00000024239	Fam89b	1	0	1	0
4948	ENSRNOG00000030328	Fam98a	1	0	0	1
4948	ENSRNOG00000023968	Fancf	1	0	0	1
4948	ENSRNOG00000011203	Farp1	1	0	1	0
4948	ENSRNOG00000027422	Fastkd3	1	0	0	1
4948	ENSRNOG00000030954	Fat1	1	0	1	0
4948	ENSRNOG00000018549	Fbh1	1	0	1	0
4948	ENSRNOG00000017637	Fbp2	1	0	0	1
4948	ENSRNOG00000070828	Fbxl14	1	0	0	1
4948	ENSRNOG00000000021	Fbxl14-ps1	1	0	0	1
4948	ENSRNOG00000018986	Fbxl19	1	0	1	0
4948	ENSRNOG00000016396	Fbxo11	1	0	0	1
4948	ENSRNOG00000022702	Fbxo22	1	0	0	1
4948	ENSRNOG00000042464	Fbxo25	1	0	0	1
4948	ENSRNOG00000006738	Fbxo32	1	0	0	1
4948	ENSRNOG00000019063	Fbxo38	1	0	0	1
4948	ENSRNOG00000015622	Fbxo4	1	0	1	0
4948	ENSRNOG00000014305	Fbxo42	1	1	0	0
4948	ENSRNOG00000010459	Fbxo43	1	0	1	0
4948	ENSRNOG00000061515	Fbxo45	1	0	0	1
4948	ENSRNOG00000067589	Fbxo45	1	0	0	1
4948	ENSRNOG00000028674	Fbxw5	1	0	1	0
4948	ENSRNOG00000004393	Fcamr	1	0	0	1
4948	ENSRNOG00000001005	Fcer2	1	0	0	1
4948	ENSRNOG00000019129	Fcgbp	1	0	0	1
4948	ENSRNOG00000024382	Fcgr3a	1	0	0	1
4948	ENSRNOG00000033912	Fcho1	1	0	0	1
4948	ENSRNOG00000015334	Fcho2	1	0	0	1
4948	ENSRNOG00000039415	Fchsd1	1	0	0	1
4948	ENSRNOG00000000055	Fcrl6	1	0	0	1
4948	ENSRNOG00000003135	Fcrlb	1	1	0	0
4948	ENSRNOG00000059453	Fcsk	1	0	1	0
4948	ENSRNOG00000058497	Fdxr	1	1	0	0
4948	ENSRNOG00000050646	Fem1a	1	0	0	1
4948	ENSRNOG00000066151	Fem1a	1	0	0	1
4948	ENSRNOG00000024201	Fer1l5	1	0	0	1
4948	ENSRNOG00000021161	Fermt3	1	0	1	0
4948	ENSRNOG00000055036	Ferry3	1	0	0	1
4948	ENSRNOG00000017856	Fev	1	0	0	1
4948	ENSRNOG00000004577	Fez2	1	0	0	1
4948	ENSRNOG00000009206	Fezf2	1	0	0	1
4948	ENSRNOG00000021763	Ffar4	1	0	0	1
4948	ENSRNOG00000000528	Fgd2	1	0	0	1
4948	ENSRNOG00000042753	Fgf13	1	0	0	1
4948	ENSRNOG00000017392	Fgf2	1	1	0	0
4948	ENSRNOG00000066556	Fgf23	1	0	0	1
4948	ENSRNOG00000016763	Fgfr4	1	0	0	1
4948	ENSRNOG00000003653	Fh	1	0	0	1
4948	ENSRNOG00000064939	Fhit	1	0	0	1
4948	ENSRNOG00000000875	Fhl1	1	0	0	1
4948	ENSRNOG00000007680	Fhl5	1	0	0	1
4948	ENSRNOG00000059276	Firrm	1	0	1	0
4948	ENSRNOG00000047143	Fkbp1b	1	0	1	0
4948	ENSRNOG00000000432	Fkbpl	1	0	1	0
4948	ENSRNOG00000008904	Fli1	1	0	0	1
4948	ENSRNOG00000000826	Flot1	1	1	0	0
4948	ENSRNOG00000009681	Flot2	1	0	1	0
4948	ENSRNOG00000022428	Flrt1	1	0	1	0
4948	ENSRNOG00000003732	Flrt2	1	0	0	1
4948	ENSRNOG00000004874	Flrt3	1	0	0	1
4948	ENSRNOG00000003183	Fmod	1	0	0	1
4948	ENSRNOG00000036659	Fn3k	1	0	1	0
4948	ENSRNOG00000008258	Fnbp1	1	0	0	1
4948	ENSRNOG00000014256	Foxa3	1	1	0	0
4948	ENSRNOG00000023497	Foxe1	1	0	0	1
4948	ENSRNOG00000006491	Foxi3	1	0	0	1
4948	ENSRNOG00000009000	Foxj2	1	0	0	1
4948	ENSRNOG00000017190	Foxl2	1	0	0	1
4948	ENSRNOG00000005936	Foxm1	1	0	1	0
4948	ENSRNOG00000040110	Foxn2	1	0	1	0
4948	ENSRNOG00000021752	Foxq1	1	0	1	0
4948	ENSRNOG00000062314	Foxq1	1	0	1	0
4948	ENSRNOG00000045543	Frat2	1	1	0	0
4948	ENSRNOG00000000964	Frg1l1	1	0	0	1
4948	ENSRNOG00000007329	Frmd6	1	0	0	1
4948	ENSRNOG00000012546	Frmpd1	1	0	0	1
4948	ENSRNOG00000005642	Frs2	1	0	1	0
4948	ENSRNOG00000000894	Fry	1	0	0	1
4948	ENSRNOG00000006565	Fstl4	1	0	0	1
4948	ENSRNOG00000067596	Fthl17fl	1	0	0	1
4948	ENSRNOG00000020843	Ftl1	1	0	0	1
4948	ENSRNOG00000009139	Fubp3	1	0	0	1
4948	ENSRNOG00000050857	Fut10	1	0	0	1
4948	ENSRNOG00000070149	Fut9	1	0	0	1
4948	ENSRNOG00000021062	Fxyd5	1	0	0	1
4948	ENSRNOG00000016412	Fxyd6	1	0	0	1
4948	ENSRNOG00000021067	Fxyd7	1	0	0	1
4948	ENSRNOG00000016242	Fzd1	1	0	0	1
4948	ENSRNOG00000062541	Fzd1	1	0	0	1
4948	ENSRNOG00000063590	Fzd4	1	0	0	1
4948	ENSRNOG00000004169	Fzr1	1	0	1	0
4948	ENSRNOG00000006019	G0s2	1	1	0	0
4948	ENSRNOG00000020902	G6pc3	1	0	0	1
4948	ENSRNOG00000019425	Gabarapl2	1	0	1	0
4948	ENSRNOG00000000774	Gabbr1	1	0	0	1
4948	ENSRNOG00000021105	Gabpb2	1	1	0	0
4948	ENSRNOG00000010803	Gabra5	1	0	0	1
4948	ENSRNOG00000016385	Gabrd	1	0	1	0
4948	ENSRNOG00000018200	Gad2	1	0	0	1
4948	ENSRNOG00000003011	Gadd45gip1	1	0	0	1
4948	ENSRNOG00000028743	Gal3st3	1	0	1	0
4948	ENSRNOG00000009289	Galk2	1	0	0	1
4948	ENSRNOG00000014461	Galns	1	0	0	1
4948	ENSRNOG00000007951	Galnt14	1	0	1	0
4948	ENSRNOG00000024435	Galnt17	1	0	0	1
4948	ENSRNOG00000005727	Galnt3	1	0	0	1
4948	ENSRNOG00000012037	Galnt7	1	0	0	1
4948	ENSRNOG00000037476	Galnt9	1	0	1	0
4948	ENSRNOG00000016654	Galr1	1	0	0	1
4948	ENSRNOG00000014766	Galt	1	0	0	1
4948	ENSRNOG00000018630	Gapdhl3	1	0	1	0
4948	ENSRNOG00000057044	Garnl3	1	0	0	1
4948	ENSRNOG00000045621	Gatc	1	0	1	0
4948	ENSRNOG00000049281	Gba	1	0	0	1
4948	ENSRNOG00000032240	Gbp5	1	0	1	0
4948	ENSRNOG00000013369	Gbx1	1	0	1	0
4948	ENSRNOG00000019495	Gbx2	1	0	0	1
4948	ENSRNOG00000006302	Gclc	1	0	0	1
4948	ENSRNOG00000007932	Gcm1	1	0	0	1
4948	ENSRNOG00000021871	Gcn1	1	0	1	0
4948	ENSRNOG00000023778	Gcnt2	1	0	0	1
4948	ENSRNOG00000063099	Gcnt7	1	0	0	1
4948	ENSRNOG00000050445	Gde1	1	0	0	1
4948	ENSRNOG00000019661	Gdf15	1	1	0	0
4948	ENSRNOG00000007810	Gdf6	1	0	0	1
4948	ENSRNOG00000067800	Gdf6	1	0	0	1
4948	ENSRNOG00000004667	Gen1	1	0	0	1
4948	ENSRNOG00000017438	Gfra1	1	0	0	1
4948	ENSRNOG00000027040	Ggact	1	0	1	0
4948	ENSRNOG00000007351	Ggh	1	0	0	1
4948	ENSRNOG00000016767	Ggps1	1	0	0	1
4948	ENSRNOG00000011207	Gh1	1	0	1	0
4948	ENSRNOG00000001410	Gigyf1	1	0	0	1
4948	ENSRNOG00000024569	Gimap9	1	0	0	1
4948	ENSRNOG00000006478	Gja10	1	0	0	1
4948	ENSRNOG00000008847	Gja3	1	0	0	1
4948	ENSRNOG00000010196	Glb1	1	0	1	0
4948	ENSRNOG00000025372	Glce	1	0	0	1
4948	ENSRNOG00000025120	Gli1	1	0	1	0
4948	ENSRNOG00000026644	Glipr1	1	0	0	1
4948	ENSRNOG00000033579	Glt8d2	1	1	0	0
4948	ENSRNOG00000026488	Gltpd2	1	0	1	0
4948	ENSRNOG00000070553	Gltpd2	1	0	1	0
4948	ENSRNOG00000012387	Glyatl2	1	0	0	1
4948	ENSRNOG00000046307	Glyctk	1	0	0	1
4948	ENSRNOG00000003065	Glyr1	1	0	0	1
4948	ENSRNOG00000057749	Gm22598	1	0	0	1
4948	ENSRNOG00000067340	Gm47791	1	0	0	1
4948	ENSRNOG00000059872	Gm50450	1	0	0	1
4948	ENSRNOG00000062695	Gm56820	1	0	0	1
4948	ENSRNOG00000013339	Gmeb2	1	0	0	1
4948	ENSRNOG00000019946	Gmppa	1	0	0	1
4948	ENSRNOG00000036745	Gna13	1	0	1	0
4948	ENSRNOG00000063135	Gna13	1	0	1	0
4948	ENSRNOG00000014183	Gnaq	1	0	0	1
4948	ENSRNOG00000019296	Gnat2	1	0	1	0
4948	ENSRNOG00000047799	Gnb5	1	0	0	1
4948	ENSRNOG00000050231	Gng12	1	0	1	0
4948	ENSRNOG00000039350	Gng13	1	0	0	1
4948	ENSRNOG00000047213	Gnpda1	1	0	1	0
4948	ENSRNOG00000066847	Gnrh1	1	0	0	1
4948	ENSRNOG00000014493	Golga1	1	0	0	1
4948	ENSRNOG00000011884	Golga2	1	0	1	0
4948	ENSRNOG00000061046	Golga3-ps1	1	0	0	1
4948	ENSRNOG00000029910	Golga4	1	0	1	0
4948	ENSRNOG00000024213	Golim4	1	0	1	0
4948	ENSRNOG00000012186	Golph3	1	1	0	0
4948	ENSRNOG00000058386	Golt1b	1	0	0	1
4948	ENSRNOG00000046085	Gon7	1	0	0	1
4948	ENSRNOG00000003506	Gosr2	1	0	0	1
4948	ENSRNOG00000003740	Gpa33	1	0	0	1
4948	ENSRNOG00000013002	Gpbp1	1	0	0	1
4948	ENSRNOG00000002413	Gpc4	1	0	0	1
4948	ENSRNOG00000039832	Gpr12	1	0	0	1
4948	ENSRNOG00000004499	Gpr135	1	0	0	1
4948	ENSRNOG00000026328	Gpr137c	1	0	1	0
4948	ENSRNOG00000023863	Gpr139	1	0	1	0
4948	ENSRNOG00000024446	Gpr142	1	0	1	0
4948	ENSRNOG00000039680	Gpr15	1	0	1	0
4948	ENSRNOG00000026944	Gpr150	1	0	0	1
4948	ENSRNOG00000025297	Gpr171	1	0	0	1
4948	ENSRNOG00000029245	Gpr179	1	0	1	0
4948	ENSRNOG00000007126	Gpr19	1	0	1	0
4948	ENSRNOG00000008603	Gpr25	1	0	0	1
4948	ENSRNOG00000016446	Gpr45	1	0	0	1
4948	ENSRNOG00000013894	Gpr87	1	0	1	0
4948	ENSRNOG00000049985	Gprasp1	1	0	0	1
4948	ENSRNOG00000023657	Gprin3	1	0	0	1
4948	ENSRNOG00000010461	Gpx8	1	0	1	0
4948	ENSRNOG00000021106	Gramd1a	1	0	0	1
4948	ENSRNOG00000004290	Grb10	1	0	0	1
4948	ENSRNOG00000026053	Grem1	1	0	0	1
4948	ENSRNOG00000006174	Grid2	1	0	0	1
4948	ENSRNOG00000030910	Grik4	1	0	0	1
4948	ENSRNOG00000003280	Grin2c	1	1	0	0
4948	ENSRNOG00000018985	Grk2	1	0	1	0
4948	ENSRNOG00000011847	Grk4	1	0	0	1
4948	ENSRNOG00000005519	Grm3	1	0	0	1
4948	ENSRNOG00000000487	Grm4	1	0	1	0
4948	ENSRNOG00000021031	Grn	1	0	1	0
4948	ENSRNOG00000003392	Grsf1	1	0	1	0
4948	ENSRNOG00000038891	Grxcr1	1	0	0	1
4948	ENSRNOG00000054576	Gsdmc	1	0	0	1
4948	ENSRNOG00000059240	Gsdmdl1	1	0	0	1
4948	ENSRNOG00000002833	Gsk3b	1	0	0	1
4948	ENSRNOG00000046271	Gspt1	1	0	0	1
4948	ENSRNOG00000019017	Gstm6	1	0	0	1
4948	ENSRNOG00000019332	Gtpbp2	1	0	0	1
4948	ENSRNOG00000015623	Guca1b	1	0	0	1
4948	ENSRNOG00000012302	Gucy1a1	1	0	0	1
4948	ENSRNOG00000029876	Gucy1a2	1	0	0	1
4948	ENSRNOG00000012060	Gucy1b1	1	0	0	1
4948	ENSRNOG00000015058	Gucy2d	1	0	1	0
4948	ENSRNOG00000019086	Gucy2f	1	0	0	1
4948	ENSRNOG00000000913	Gusb	1	0	0	1
4948	ENSRNOG00000069498	Gvinp1	1	0	1	0
4948	ENSRNOG00000011146	Gyg1	1	1	0	0
4948	ENSRNOG00000017175	H1f1	1	0	0	1
4948	ENSRNOG00000027722	H1f10	1	0	0	1
4948	ENSRNOG00000063108	H3f3a-ps3	1	0	0	1
4948	ENSRNOG00000006532	H3f3b	1	0	0	1
4948	ENSRNOG00000048264	H4f3	1	0	0	1
4948	ENSRNOG00000002582	Hand1	1	0	0	1
4948	ENSRNOG00000002545	Hapstr1	1	0	0	1
4948	ENSRNOG00000039284	Haus4	1	0	0	1
4948	ENSRNOG00000047321	Hba-a2	1	0	1	0
4948	ENSRNOG00000029286	Hbe1	1	0	0	1
4948	ENSRNOG00000030784	Hbe2	1	0	0	1
4948	ENSRNOG00000018646	Hbegf	1	1	0	0
4948	ENSRNOG00000030879	Hbg1	1	0	0	1
4948	ENSRNOG00000008927	Hbp1	1	0	0	1
4948	ENSRNOG00000020849	Hcst	1	0	1	0
4948	ENSRNOG00000031915	Hdac10	1	0	1	0
4948	ENSRNOG00000000604	Hdac2	1	0	0	1
4948	ENSRNOG00000004158	Hdac9	1	0	0	1
4948	ENSRNOG00000010262	Hdc	1	0	0	1
4948	ENSRNOG00000021442	Hddc2	1	0	0	1
4948	ENSRNOG00000019740	Hdgfl3	1	0	0	1
4948	ENSRNOG00000015195	Hdhd3	1	0	0	1
4948	ENSRNOG00000064638	Hdhd3	1	0	0	1
4948	ENSRNOG00000011338	Hdhd5	1	0	0	1
4948	ENSRNOG00000015459	Heatr3	1	0	0	1
4948	ENSRNOG00000053735	Hebp2	1	0	0	1
4948	ENSRNOG00000009711	Hepacam2	1	0	0	1
4948	ENSRNOG00000056092	Hephl1	1	0	1	0
4948	ENSRNOG00000061040	Herc4	1	0	1	0
4948	ENSRNOG00000018796	Herpud1	1	1	0	0
4948	ENSRNOG00000029995	Herpud2	1	0	0	1
4948	ENSRNOG00000013850	Hes5	1	0	0	1
4948	ENSRNOG00000003203	Hexim1	1	1	0	0
4948	ENSRNOG00000003925	Hhat	1	0	0	1
4948	ENSRNOG00000028390	Hhipl1	1	0	0	1
4948	ENSRNOG00000008063	Hibadh	1	0	1	0
4948	ENSRNOG00000008292	Hif1a	1	0	0	1
4948	ENSRNOG00000014234	Hif1an	1	0	0	1
4948	ENSRNOG00000003008	Higd1al1	1	0	0	1
4948	ENSRNOG00000046069	Higd1c	1	0	1	0
4948	ENSRNOG00000070930	Hilpda	1	0	1	0
4948	ENSRNOG00000024041	Hils1	1	0	0	1
4948	ENSRNOG00000019333	Hipk1	1	0	0	1
4948	ENSRNOG00000059748	Hist1h2ac	1	1	0	0
4948	ENSRNOG00000054296	Hist1h2bo	1	1	0	0
4948	ENSRNOG00000064011	Hist1h2bq	1	0	0	1
4948	ENSRNOG00000066473	Hist1h4m	1	0	0	1
4948	ENSRNOG00000064521	Hist2h3c2	1	0	0	1
4948	ENSRNOG00000046891	Hk1	1	0	0	1
4948	ENSRNOG00000001686	Hlcs	1	0	0	1
4948	ENSRNOG00000000082	Hltf	1	0	0	1
4948	ENSRNOG00000000488	Hmga1	1	0	0	1
4948	ENSRNOG00000016122	Hmgcr	1	0	0	1
4948	ENSRNOG00000016552	Hmgcs1	1	1	0	0
4948	ENSRNOG00000001183	Hnf1a	1	0	0	1
4948	ENSRNOG00000008895	Hnf4a	1	0	0	1
4948	ENSRNOG00000008971	Hnf4g	1	0	0	1
4948	ENSRNOG00000036839	Hnrnpa1	1	0	1	0
4948	ENSRNOG00000002292	Hnrnpd	1	0	1	0
4948	ENSRNOG00000006929	Hnrnpll	1	0	1	0
4948	ENSRNOG00000033790	Hnrnpu	1	1	0	0
4948	ENSRNOG00000019507	Hnrnpul2	1	0	1	0
4948	ENSRNOG00000065199	Hoxa10	1	0	0	1
4948	ENSRNOG00000053884	Hoxa11	1	0	0	1
4948	ENSRNOG00000059870	Hoxa11	1	0	0	1
4948	ENSRNOG00000027365	Hoxa4	1	0	1	0
4948	ENSRNOG00000008313	Hoxb3	1	0	0	1
4948	ENSRNOG00000008191	Hoxb4	1	0	0	1
4948	ENSRNOG00000016149	Hoxc10	1	0	0	1
4948	ENSRNOG00000016116	Hoxc12	1	0	0	1
4948	ENSRNOG00000028679	Hoxc13	1	0	0	1
4948	ENSRNOG00000028619	Hoxc8	1	0	1	0
4948	ENSRNOG00000001572	Hoxd1	1	0	0	1
4948	ENSRNOG00000001581	Hoxd10	1	0	0	1
4948	ENSRNOG00000069591	Hoxd11	1	0	0	1
4948	ENSRNOG00000001587	Hoxd12	1	0	0	1
4948	ENSRNOG00000001577	Hoxd3	1	0	0	1
4948	ENSRNOG00000006583	Hpgds	1	0	0	1
4948	ENSRNOG00000045838	Hps1	1	0	0	1
4948	ENSRNOG00000012549	Hs2st1	1	0	0	1
4948	ENSRNOG00000063290	Hs3st4	1	0	0	1
4948	ENSRNOG00000030880	Hs6st2	1	0	0	1
4948	ENSRNOG00000019830	Hsd17b1	1	0	0	1
4948	ENSRNOG00000020949	Hsd17b14	1	0	0	1
4948	ENSRNOG00000015840	Hsd17b4	1	0	1	0
4948	ENSRNOG00000000466	Hsd17b8	1	0	0	1
4948	ENSRNOG00000000808	Hsf2	1	0	0	1
4948	ENSRNOG00000023614	Hsh2d	1	0	0	1
4948	ENSRNOG00000006472	Hspa2	1	0	1	0
4948	ENSRNOG00000017795	Hspbp1	1	0	1	0
4948	ENSRNOG00000027761	Htatsf1	1	0	0	1
4948	ENSRNOG00000018827	Htr7	1	0	0	1
4948	ENSRNOG00000008182	Htra3	1	0	0	1
4948	ENSRNOG00000002092	Hunk	1	0	1	0
4948	ENSRNOG00000061262	Huwe1	1	0	0	1
4948	ENSRNOG00000007212	Hyal4	1	0	0	1
4948	ENSRNOG00000022725	Iba57	1	0	0	1
4948	ENSRNOG00000068756	Iba57	1	0	0	1
4948	ENSRNOG00000017258	Ica1l	1	0	0	1
4948	ENSRNOG00000025143	Icam2	1	0	0	1
4948	ENSRNOG00000016690	Idi1	1	0	0	1
4948	ENSRNOG00000001465	Ids	1	0	0	1
4948	ENSRNOG00000000043	Idua	1	0	1	0
4948	ENSRNOG00000059406	Ier5	1	0	1	0
4948	ENSRNOG00000020678	Ifi35	1	0	0	1
4948	ENSRNOG00000014936	Ifitm2	1	0	1	0
4948	ENSRNOG00000015078	Ifitm3	1	1	0	0
4948	ENSRNOG00000045668	Ifnar2	1	0	0	1
4948	ENSRNOG00000007468	Ifng	1	0	1	0
4948	ENSRNOG00000033984	Ifnlr1	1	0	0	1
4948	ENSRNOG00000010952	Ift122	1	1	0	0
4948	ENSRNOG00000013919	Ift46	1	0	0	1
4948	ENSRNOG00000052519	Ift70a2	1	0	0	1
4948	ENSRNOG00000009808	Ift80	1	0	0	1
4948	ENSRNOG00000037567	Iftap	1	0	0	1
4948	ENSRNOG00000009052	Igf2bp3	1	0	0	1
4948	ENSRNOG00000002050	Igfbp7	1	1	0	0
4948	ENSRNOG00000017251	Ik	1	0	0	1
4948	ENSRNOG00000027430	Ikzf2	1	0	1	0
4948	ENSRNOG00000015068	Il11ra1	1	0	0	1
4948	ENSRNOG00000051120	Il17d	1	0	1	0
4948	ENSRNOG00000021966	Il17rd	1	0	1	0
4948	ENSRNOG00000009848	Il18	1	0	0	1
4948	ENSRNOG00000015027	Il18r1	1	0	1	0
4948	ENSRNOG00000014504	Il1r1	1	0	0	1
4948	ENSRNOG00000017376	Il21	1	0	0	1
4948	ENSRNOG00000001325	Il3ra	1	0	0	1
4948	ENSRNOG00000020148	Il4i1	1	0	0	1
4948	ENSRNOG00000015441	Il4r	1	0	0	1
4948	ENSRNOG00000008111	Il5	1	0	0	1
4948	ENSRNOG00000025151	Ildr2	1	0	1	0
4948	ENSRNOG00000022741	Ilf3	1	1	0	0
4948	ENSRNOG00000018993	Ilk	1	0	0	1
4948	ENSRNOG00000028512	Ilvbl	1	0	0	1
4948	ENSRNOG00000049661	Inafm1	1	0	0	1
4948	ENSRNOG00000023363	Ing4	1	1	0	0
4948	ENSRNOG00000020097	Inha	1	0	1	0
4948	ENSRNOG00000019730	Inppl1	1	0	0	1
4948	ENSRNOG00000055331	Ints10	1	0	0	1
4948	ENSRNOG00000019758	Ipo13	1	0	0	1
4948	ENSRNOG00000016183	Ipp	1	0	0	1
4948	ENSRNOG00000048553	Iqcc	1	0	0	1
4948	ENSRNOG00000025406	Iqgap2	1	0	0	1
4948	ENSRNOG00000017767	Irag1	1	0	0	1
4948	ENSRNOG00000021817	Irak2	1	0	1	0
4948	ENSRNOG00000005965	Irak4	1	0	0	1
4948	ENSRNOG00000008144	Irf1	1	1	0	0
4948	ENSRNOG00000012556	Isl1	1	0	0	1
4948	ENSRNOG00000050348	Isoc2a	1	0	0	1
4948	ENSRNOG00000016829	Isoc2b	1	0	0	1
4948	ENSRNOG00000015144	Ist1	1	0	0	1
4948	ENSRNOG00000021217	Itga10	1	0	0	1
4948	ENSRNOG00000001518	Itga6	1	0	1	0
4948	ENSRNOG00000059402	Itgb1bp1	1	0	0	1
4948	ENSRNOG00000009116	Itgb3bp	1	0	0	1
4948	ENSRNOG00000006569	Itgb8	1	0	0	1
4948	ENSRNOG00000001066	Itih2	1	0	0	1
4948	ENSRNOG00000016271	Itm2b	1	0	1	0
4948	ENSRNOG00000017359	Itm2c	1	1	0	0
4948	ENSRNOG00000069633	Itpripl2	1	0	0	1
4948	ENSRNOG00000031950	Izumo4	1	0	0	1
4948	ENSRNOG00000004956	Jade2	1	0	0	1
4948	ENSRNOG00000004998	Jakmip1	1	0	1	0
4948	ENSRNOG00000019159	Jakmip2	1	0	0	1
4948	ENSRNOG00000042848	Jam2	1	0	1	0
4948	ENSRNOG00000045918	Jarid2	1	0	0	1
4948	ENSRNOG00000008138	Jhy	1	0	1	0
4948	ENSRNOG00000050343	Jmy	1	0	0	1
4948	ENSRNOG00000025589	Jph4	1	0	1	0
4948	ENSRNOG00000027238	Jrk	1	0	0	1
4948	ENSRNOG00000019568	Jund	1	0	1	0
4948	ENSRNOG00000028149	Kansl1l	1	0	0	1
4948	ENSRNOG00000015417	Kansl3	1	0	0	1
4948	ENSRNOG00000025378	Kash5	1	0	1	0
4948	ENSRNOG00000011871	Kat2b	1	0	0	1
4948	ENSRNOG00000022664	Kat7	1	0	1	0
4948	ENSRNOG00000009397	Kbtbd4	1	0	1	0
4948	ENSRNOG00000052486	Kcna6	1	0	1	0
4948	ENSRNOG00000011550	Kcnab2	1	0	0	1
4948	ENSRNOG00000017054	Kcne3	1	0	0	1
4948	ENSRNOG00000019176	Kcne5	1	0	0	1
4948	ENSRNOG00000009542	Kcnh5	1	0	0	1
4948	ENSRNOG00000005369	Kcnj3	1	0	0	1
4948	ENSRNOG00000007645	Kcnj9	1	0	1	0
4948	ENSRNOG00000020784	Kcnk7	1	0	1	0
4948	ENSRNOG00000020706	Kcnn3	1	0	0	1
4948	ENSRNOG00000060435	Kcnq4	1	0	0	1
4948	ENSRNOG00000004117	Kcnv1	1	0	0	1
4948	ENSRNOG00000020010	Kctd13	1	0	0	1
4948	ENSRNOG00000050996	Kctd4	1	0	1	0
4948	ENSRNOG00000012951	Kctd9	1	0	0	1
4948	ENSRNOG00000007177	Kdelc2	1	0	1	0
4948	ENSRNOG00000019956	Kdm4a	1	0	1	0
4948	ENSRNOG00000045905	Kdm4d	1	0	0	1
4948	ENSRNOG00000054460	Khdc3	1	0	0	1
4948	ENSRNOG00000042309	Kiaa0408L	1	0	0	1
4948	ENSRNOG00000008244	Kiaa0586	1	0	0	1
4948	ENSRNOG00000013729	Kiaa1549	1	0	1	0
4948	ENSRNOG00000016780	Kiaa1958	1	0	1	0
4948	ENSRNOG00000013089	Kif13b	1	0	0	1
4948	ENSRNOG00000008471	Kif21b	1	0	0	1
4948	ENSRNOG00000011394	Kif3c	1	0	0	1
4948	ENSRNOG00000064692	Kif4b	1	0	0	1
4948	ENSRNOG00000017466	Kif5b	1	1	0	0
4948	ENSRNOG00000026857	Kif7	1	0	1	0
4948	ENSRNOG00000005386	Kitlg	1	0	0	1
4948	ENSRNOG00000018101	Klc3	1	0	0	1
4948	ENSRNOG00000018168	Klc4	1	0	0	1
4948	ENSRNOG00000017808	Klf15	1	1	0	0
4948	ENSRNOG00000014205	Klf2	1	0	1	0
4948	ENSRNOG00000067705	Klf2	1	0	1	0
4948	ENSRNOG00000008785	Klf5	1	0	0	1
4948	ENSRNOG00000016921	Klhl11	1	0	0	1
4948	ENSRNOG00000010959	Klhl25	1	0	0	1
4948	ENSRNOG00000017365	Klhl35	1	0	0	1
4948	ENSRNOG00000061499	Kmt2d	1	0	1	0
4948	ENSRNOG00000016790	Kmt5b	1	1	0	0
4948	ENSRNOG00000027240	Kndc1	1	0	1	0
4948	ENSRNOG00000051711	Kpna1	1	0	0	1
4948	ENSRNOG00000030109	Kpna5	1	0	0	1
4948	ENSRNOG00000001493	Kptn	1	0	0	1
4948	ENSRNOG00000007405	Krba1	1	0	0	1
4948	ENSRNOG00000063118	Krbox1	1	0	1	0
4948	ENSRNOG00000051487	Kremen1	1	0	1	0
4948	ENSRNOG00000057447	Kri1	1	0	1	0
4948	ENSRNOG00000011986	Krt12	1	0	0	1
4948	ENSRNOG00000027139	Krt20	1	0	0	1
4948	ENSRNOG00000062912	Krt33a	1	0	0	1
4948	ENSRNOG00000008819	Krt84	1	0	1	0
4948	ENSRNOG00000042473	Krtap17-1	1	0	0	1
4948	ENSRNOG00000069027	Krtap28-13	1	0	1	0
4948	ENSRNOG00000012544	Krtap3-1	1	0	1	0
4948	ENSRNOG00000028630	Ksr2	1	0	1	0
4948	ENSRNOG00000070073	Kti12	1	0	0	1
4948	ENSRNOG00000004503	L3hypdh	1	0	0	1
4948	ENSRNOG00000015597	LOC100125364	1	0	0	1
4948	ENSRNOG00000046342	LOC100359503	1	0	0	1
4948	ENSRNOG00000048456	LOC100360117	1	0	0	1
4948	ENSRNOG00000013874	LOC100360522	1	0	0	1
4948	ENSRNOG00000022601	LOC100360821	1	0	0	1
4948	ENSRNOG00000034180	LOC100360841	1	0	0	1
4948	ENSRNOG00000047004	LOC100365450	1	0	0	1
4948	ENSRNOG00000014581	LOC100909916	1	0	0	1
4948	ENSRNOG00000070985	LOC100909928	1	0	0	1
4948	ENSRNOG00000002217	LOC100910270	1	0	0	1
4948	ENSRNOG00000049229	LOC100911238	1	0	0	1
4948	ENSRNOG00000057650	LOC100911668	1	0	0	1
4948	ENSRNOG00000022766	LOC100911776	1	0	0	1
4948	ENSRNOG00000059441	LOC100912266	1	0	0	1
4948	ENSRNOG00000057690	LOC100912489	1	0	0	1
4948	ENSRNOG00000060994	LOC100912537	1	0	0	1
4948	ENSRNOG00000068101	LOC100912991	1	0	0	1
4948	ENSRNOG00000066404	LOC102546414	1	0	0	1
4948	ENSRNOG00000064015	LOC102547042	1	0	0	1
4948	ENSRNOG00000069833	LOC102547276	1	0	1	0
4948	ENSRNOG00000068862	LOC102548326	1	0	0	1
4948	ENSRNOG00000045644	LOC102548682	1	0	0	1
4948	ENSRNOG00000065150	LOC102549277	1	0	1	0
4948	ENSRNOG00000010468	LOC102549542	1	0	0	1
4948	ENSRNOG00000051152	LOC102549817	1	0	1	0
4948	ENSRNOG00000062733	LOC102550011	1	0	0	1
4948	ENSRNOG00000058324	LOC102550325	1	1	0	0
4948	ENSRNOG00000065189	LOC102550466	1	0	1	0
4948	ENSRNOG00000063110	LOC102550950	1	0	0	1
4948	ENSRNOG00000070852	LOC102551319	1	1	0	0
4948	ENSRNOG00000053759	LOC102552466	1	0	0	1
4948	ENSRNOG00000053916	LOC102552874	1	0	0	1
4948	ENSRNOG00000038474	LOC102552882	1	0	0	1
4948	ENSRNOG00000053481	LOC102553338	1	0	0	1
4948	ENSRNOG00000064252	LOC102553736	1	0	0	1
4948	ENSRNOG00000070127	LOC102554140	1	1	0	0
4948	ENSRNOG00000063920	LOC102555109	1	0	0	1
4948	ENSRNOG00000065613	LOC102556715	1	0	1	0
4948	ENSRNOG00000037984	LOC103689999	1	0	0	1
4948	ENSRNOG00000020628	LOC103690068	1	0	1	0
4948	ENSRNOG00000065089	LOC103690858	1	1	0	0
4948	ENSRNOG00000067780	LOC103691054	1	0	1	0
4948	ENSRNOG00000036648	LOC103691261	1	0	0	1
4948	ENSRNOG00000066703	LOC103692025	1	0	1	0
4948	ENSRNOG00000067905	LOC103692103	1	0	0	1
4948	ENSRNOG00000048073	LOC103692785	1	1	0	0
4948	ENSRNOG00000055012	LOC108348078	1	0	0	1
4948	ENSRNOG00000032635	LOC108348142	1	1	0	0
4948	ENSRNOG00000046021	LOC108348172	1	0	0	1
4948	ENSRNOG00000066354	LOC108348750	1	0	0	1
4948	ENSRNOG00000000376	LOC108349010	1	0	0	1
4948	ENSRNOG00000064934	LOC108349475	1	1	0	0
4948	ENSRNOG00000046421	LOC108350036	1	0	0	1
4948	ENSRNOG00000067539	LOC108350739	1	0	1	0
4948	ENSRNOG00000065198	LOC108351472	1	1	0	0
4948	ENSRNOG00000062838	LOC108351955	1	0	0	1
4948	ENSRNOG00000065407	LOC108351965	1	0	0	1
4948	ENSRNOG00000067186	LOC108352140	1	0	0	1
4948	ENSRNOG00000052428	LOC108352292	1	0	0	1
4948	ENSRNOG00000039678	LOC108352322	1	0	0	1
4948	ENSRNOG00000069819	LOC108352947	1	0	0	1
4948	ENSRNOG00000068619	LOC108353138	1	1	0	0
4948	ENSRNOG00000062565	LOC120093276	1	0	0	1
4948	ENSRNOG00000066230	LOC120093278	1	0	0	1
4948	ENSRNOG00000066856	LOC120093279	1	0	0	1
4948	ENSRNOG00000056761	LOC120093286	1	0	0	1
4948	ENSRNOG00000058332	LOC120093289	1	0	1	0
4948	ENSRNOG00000057665	LOC120093305	1	0	0	1
4948	ENSRNOG00000059151	LOC120093307	1	0	0	1
4948	ENSRNOG00000065761	LOC120093368	1	0	1	0
4948	ENSRNOG00000055167	LOC120093419	1	0	0	1
4948	ENSRNOG00000068877	LOC120093433	1	0	0	1
4948	ENSRNOG00000057283	LOC120093467	1	0	0	1
4948	ENSRNOG00000057210	LOC120093497	1	0	0	1
4948	ENSRNOG00000052171	LOC120093499	1	0	0	1
4948	ENSRNOG00000067703	LOC120093688	1	0	0	1
4948	ENSRNOG00000064404	LOC120093813	1	0	0	1
4948	ENSRNOG00000064225	LOC120093850	1	0	0	1
4948	ENSRNOG00000063441	LOC120093903	1	0	0	1
4948	ENSRNOG00000061717	LOC120093911	1	0	0	1
4948	ENSRNOG00000060183	LOC120093928	1	0	1	0
4948	ENSRNOG00000067964	LOC120093932	1	0	0	1
4948	ENSRNOG00000065227	LOC120093939	1	0	0	1
4948	ENSRNOG00000057249	LOC120093948	1	0	0	1
4948	ENSRNOG00000055418	LOC120093958	1	0	0	1
4948	ENSRNOG00000053801	LOC120093962	1	0	1	0
4948	ENSRNOG00000067345	LOC120093979	1	0	1	0
4948	ENSRNOG00000067888	LOC120093982	1	0	0	1
4948	ENSRNOG00000061079	LOC120093986	1	0	0	1
4948	ENSRNOG00000059305	LOC120094010	1	0	1	0
4948	ENSRNOG00000053870	LOC120094027	1	0	0	1
4948	ENSRNOG00000063500	LOC120094218	1	0	0	1
4948	ENSRNOG00000059167	LOC120094286	1	0	1	0
4948	ENSRNOG00000059831	LOC120094432	1	0	1	0
4948	ENSRNOG00000065714	LOC120094451	1	0	0	1
4948	ENSRNOG00000064439	LOC120094484	1	0	0	1
4948	ENSRNOG00000055522	LOC120094485	1	0	0	1
4948	ENSRNOG00000054357	LOC120094496	1	0	0	1
4948	ENSRNOG00000061858	LOC120094500	1	0	0	1
4948	ENSRNOG00000060841	LOC120094506	1	0	0	1
4948	ENSRNOG00000055808	LOC120094508	1	0	0	1
4948	ENSRNOG00000051411	LOC120094514	1	0	0	1
4948	ENSRNOG00000052082	LOC120094515	1	0	0	1
4948	ENSRNOG00000065611	LOC120094532	1	0	0	1
4948	ENSRNOG00000056506	LOC120094545	1	0	1	0
4948	ENSRNOG00000062396	LOC120094549	1	0	1	0
4948	ENSRNOG00000067829	LOC120094550	1	0	1	0
4948	ENSRNOG00000069442	LOC120094553	1	0	1	0
4948	ENSRNOG00000058900	LOC120094650	1	0	0	1
4948	ENSRNOG00000065393	LOC120094784	1	0	0	1
4948	ENSRNOG00000059692	LOC120094862	1	0	0	1
4948	ENSRNOG00000068294	LOC120094864	1	0	0	1
4948	ENSRNOG00000060945	LOC120094875	1	0	0	1
4948	ENSRNOG00000061501	LOC120094905	1	0	1	0
4948	ENSRNOG00000051897	LOC120094909	1	0	0	1
4948	ENSRNOG00000061666	LOC120094916	1	0	0	1
4948	ENSRNOG00000052045	LOC120094924	1	0	0	1
4948	ENSRNOG00000065549	LOC120094951	1	0	0	1
4948	ENSRNOG00000054491	LOC120094958	1	0	0	1
4948	ENSRNOG00000068211	LOC120094963	1	0	0	1
4948	ENSRNOG00000063445	LOC120094974	1	0	0	1
4948	ENSRNOG00000063001	LOC120095352	1	0	1	0
4948	ENSRNOG00000055800	LOC120095363	1	0	0	1
4948	ENSRNOG00000057512	LOC120095366	1	0	1	0
4948	ENSRNOG00000052147	LOC120095373	1	0	1	0
4948	ENSRNOG00000052684	LOC120095375	1	0	1	0
4948	ENSRNOG00000069404	LOC120095397	1	0	1	0
4948	ENSRNOG00000061486	LOC120095402	1	0	1	0
4948	ENSRNOG00000060666	LOC120095415	1	0	0	1
4948	ENSRNOG00000058244	LOC120095419	1	0	0	1
4948	ENSRNOG00000071058	LOC120095443	1	0	0	1
4948	ENSRNOG00000067635	LOC120095446	1	0	0	1
4948	ENSRNOG00000062549	LOC120095447	1	0	1	0
4948	ENSRNOG00000061671	LOC120095458	1	1	0	0
4948	ENSRNOG00000057077	LOC120095481	1	0	0	1
4948	ENSRNOG00000065881	LOC120095493	1	0	0	1
4948	ENSRNOG00000063532	LOC120095500	1	0	0	1
4948	ENSRNOG00000070676	LOC120095536	1	0	0	1
4948	ENSRNOG00000056834	LOC120095726	1	0	0	1
4948	ENSRNOG00000052714	LOC120095727	1	0	0	1
4948	ENSRNOG00000070665	LOC120095731	1	0	1	0
4948	ENSRNOG00000052338	LOC120095736	1	0	0	1
4948	ENSRNOG00000060035	LOC120095739	1	0	1	0
4948	ENSRNOG00000055311	LOC120095751	1	0	0	1
4948	ENSRNOG00000054745	LOC120095762	1	0	0	1
4948	ENSRNOG00000056085	LOC120095766	1	0	0	1
4948	ENSRNOG00000058660	LOC120095776	1	0	0	1
4948	ENSRNOG00000061734	LOC120095786	1	0	1	0
4948	ENSRNOG00000060275	LOC120095787	1	0	1	0
4948	ENSRNOG00000065454	LOC120095806	1	0	0	1
4948	ENSRNOG00000056109	LOC120095810	1	0	0	1
4948	ENSRNOG00000069182	LOC120096084	1	0	0	1
4948	ENSRNOG00000071022	LOC120096085	1	0	0	1
4948	ENSRNOG00000060796	LOC120096089	1	0	0	1
4948	ENSRNOG00000064713	LOC120096091	1	0	0	1
4948	ENSRNOG00000063770	LOC120096107	1	0	0	1
4948	ENSRNOG00000053421	LOC120096117	1	0	0	1
4948	ENSRNOG00000052399	LOC120096368	1	0	0	1
4948	ENSRNOG00000057771	LOC120096369	1	1	0	0
4948	ENSRNOG00000060068	LOC120096394	1	0	0	1
4948	ENSRNOG00000060253	LOC120096397	1	0	0	1
4948	ENSRNOG00000053385	LOC120096420	1	0	0	1
4948	ENSRNOG00000057270	LOC120096423	1	0	0	1
4948	ENSRNOG00000066057	LOC120096434	1	0	0	1
4948	ENSRNOG00000066327	LOC120096449	1	0	1	0
4948	ENSRNOG00000064784	LOC120096452	1	0	0	1
4948	ENSRNOG00000059085	LOC120096459	1	0	0	1
4948	ENSRNOG00000051971	LOC120096465	1	0	0	1
4948	ENSRNOG00000061029	LOC120096747	1	0	0	1
4948	ENSRNOG00000068284	LOC120096748	1	0	1	0
4948	ENSRNOG00000061258	LOC120096759	1	0	0	1
4948	ENSRNOG00000052544	LOC120096783	1	0	1	0
4948	ENSRNOG00000065069	LOC120096837	1	0	0	1
4948	ENSRNOG00000069714	LOC120096871	1	0	0	1
4948	ENSRNOG00000053579	LOC120097196	1	0	1	0
4948	ENSRNOG00000061269	LOC120097203	1	0	0	1
4948	ENSRNOG00000058584	LOC120097204	1	0	0	1
4948	ENSRNOG00000059034	LOC120097240	1	0	0	1
4948	ENSRNOG00000070464	LOC120097249	1	0	0	1
4948	ENSRNOG00000058865	LOC120097259	1	0	0	1
4948	ENSRNOG00000057251	LOC120097262	1	0	0	1
4948	ENSRNOG00000054874	LOC120097273	1	0	0	1
4948	ENSRNOG00000057990	LOC120097275	1	0	0	1
4948	ENSRNOG00000065612	LOC120097299	1	0	1	0
4948	ENSRNOG00000055682	LOC120097304	1	0	0	1
4948	ENSRNOG00000054577	LOC120097318	1	0	0	1
4948	ENSRNOG00000068397	LOC120097435	1	0	1	0
4948	ENSRNOG00000067760	LOC120097529	1	0	0	1
4948	ENSRNOG00000051532	LOC120097581	1	0	0	1
4948	ENSRNOG00000058810	LOC120097583	1	0	1	0
4948	ENSRNOG00000063369	LOC120097586	1	0	0	1
4948	ENSRNOG00000064740	LOC120097594	1	0	0	1
4948	ENSRNOG00000066656	LOC120097602	1	0	0	1
4948	ENSRNOG00000060710	LOC120097612	1	0	0	1
4948	ENSRNOG00000054043	LOC120097613	1	0	0	1
4948	ENSRNOG00000061440	LOC120097670	1	0	0	1
4948	ENSRNOG00000058596	LOC120097964	1	0	0	1
4948	ENSRNOG00000055073	LOC120097967	1	0	0	1
4948	ENSRNOG00000051427	LOC120097999	1	0	0	1
4948	ENSRNOG00000067009	LOC120098010	1	0	0	1
4948	ENSRNOG00000062570	LOC120098011	1	0	1	0
4948	ENSRNOG00000056220	LOC120098022	1	0	0	1
4948	ENSRNOG00000053333	LOC120098048	1	0	0	1
4948	ENSRNOG00000061286	LOC120098056	1	0	0	1
4948	ENSRNOG00000060362	LOC120098359	1	0	0	1
4948	ENSRNOG00000056510	LOC120098391	1	0	0	1
4948	ENSRNOG00000060083	LOC120098392	1	0	0	1
4948	ENSRNOG00000054858	LOC120098399	1	0	0	1
4948	ENSRNOG00000069131	LOC120098424	1	0	0	1
4948	ENSRNOG00000068446	LOC120098433	1	0	0	1
4948	ENSRNOG00000066739	LOC120098436	1	0	0	1
4948	ENSRNOG00000056003	LOC120098678	1	0	0	1
4948	ENSRNOG00000061325	LOC120098689	1	0	0	1
4948	ENSRNOG00000055195	LOC120098690	1	0	0	1
4948	ENSRNOG00000070630	LOC120098812	1	1	0	0
4948	ENSRNOG00000067213	LOC120098897	1	0	0	1
4948	ENSRNOG00000061550	LOC120099016	1	0	0	1
4948	ENSRNOG00000053958	LOC120099019	1	0	0	1
4948	ENSRNOG00000052382	LOC120099047	1	0	0	1
4948	ENSRNOG00000057911	LOC120099063	1	0	0	1
4948	ENSRNOG00000057485	LOC120099065	1	0	0	1
4948	ENSRNOG00000063746	LOC120099417	1	0	0	1
4948	ENSRNOG00000054868	LOC120099465	1	0	0	1
4948	ENSRNOG00000058743	LOC120099471	1	0	0	1
4948	ENSRNOG00000065575	LOC120099474	1	0	0	1
4948	ENSRNOG00000069354	LOC120099478	1	0	0	1
4948	ENSRNOG00000063107	LOC120099482	1	0	0	1
4948	ENSRNOG00000055625	LOC120100113	1	0	0	1
4948	ENSRNOG00000071210	LOC120100334	1	0	0	1
4948	ENSRNOG00000061755	LOC120100355	1	0	0	1
4948	ENSRNOG00000054452	LOC120100374	1	0	0	1
4948	ENSRNOG00000066105	LOC120100401	1	0	0	1
4948	ENSRNOG00000067353	LOC120100406	1	0	0	1
4948	ENSRNOG00000060965	LOC120100422	1	0	0	1
4948	ENSRNOG00000068808	LOC120100428	1	0	1	0
4948	ENSRNOG00000070650	LOC120100443	1	0	0	1
4948	ENSRNOG00000058965	LOC120100458	1	0	0	1
4948	ENSRNOG00000063410	LOC120100483	1	0	0	1
4948	ENSRNOG00000066052	LOC120101118	1	0	0	1
4948	ENSRNOG00000068568	LOC120101126	1	0	0	1
4948	ENSRNOG00000061021	LOC120101127	1	0	0	1
4948	ENSRNOG00000053571	LOC120101208	1	0	0	1
4948	ENSRNOG00000053898	LOC120101240	1	0	0	1
4948	ENSRNOG00000068223	LOC120101260	1	0	0	1
4948	ENSRNOG00000066403	LOC120101273	1	0	0	1
4948	ENSRNOG00000068833	LOC120101277	1	0	1	0
4948	ENSRNOG00000068384	LOC120101278	1	1	0	0
4948	ENSRNOG00000056607	LOC120101315	1	0	0	1
4948	ENSRNOG00000061123	LOC120101328	1	0	0	1
4948	ENSRNOG00000059800	LOC120101334	1	0	0	1
4948	ENSRNOG00000057916	LOC120101338	1	0	0	1
4948	ENSRNOG00000058150	LOC120101342	1	0	0	1
4948	ENSRNOG00000070871	LOC120101355	1	0	1	0
4948	ENSRNOG00000061565	LOC120101361	1	0	0	1
4948	ENSRNOG00000051930	LOC120101375	1	0	0	1
4948	ENSRNOG00000056690	LOC120101383	1	0	0	1
4948	ENSRNOG00000067868	LOC120101572	1	0	0	1
4948	ENSRNOG00000063566	LOC120101913	1	0	1	0
4948	ENSRNOG00000067143	LOC120101934	1	0	0	1
4948	ENSRNOG00000064287	LOC120101941	1	0	0	1
4948	ENSRNOG00000060304	LOC120101955	1	0	0	1
4948	ENSRNOG00000055244	LOC120101972	1	0	1	0
4948	ENSRNOG00000060959	LOC120101977	1	0	0	1
4948	ENSRNOG00000064572	LOC120101996	1	0	0	1
4948	ENSRNOG00000063473	LOC120102008	1	0	0	1
4948	ENSRNOG00000058734	LOC120102019	1	0	0	1
4948	ENSRNOG00000069943	LOC120102026	1	0	0	1
4948	ENSRNOG00000058974	LOC120102042	1	0	0	1
4948	ENSRNOG00000056867	LOC120102046	1	0	0	1
4948	ENSRNOG00000051908	LOC120102054	1	0	1	0
4948	ENSRNOG00000059024	LOC120102055	1	0	0	1
4948	ENSRNOG00000063896	LOC120102060	1	0	0	1
4948	ENSRNOG00000051919	LOC120102064	1	0	1	0
4948	ENSRNOG00000059132	LOC120102073	1	0	0	1
4948	ENSRNOG00000058802	LOC120102084	1	0	1	0
4948	ENSRNOG00000055021	LOC120102096	1	0	1	0
4948	ENSRNOG00000067074	LOC120102103	1	0	0	1
4948	ENSRNOG00000052327	LOC120102109	1	0	0	1
4948	ENSRNOG00000065185	LOC120102114	1	0	0	1
4948	ENSRNOG00000054047	LOC120102115	1	0	0	1
4948	ENSRNOG00000070734	LOC120102116	1	0	0	1
4948	ENSRNOG00000005353	LOC120102351	1	0	0	1
4948	ENSRNOG00000066290	LOC120102486	1	0	0	1
4948	ENSRNOG00000067024	LOC120102560	1	1	0	0
4948	ENSRNOG00000064175	LOC120102568	1	0	0	1
4948	ENSRNOG00000067689	LOC120102587	1	0	0	1
4948	ENSRNOG00000058905	LOC120102662	1	0	0	1
4948	ENSRNOG00000055703	LOC120102685	1	0	0	1
4948	ENSRNOG00000058065	LOC120102724	1	0	0	1
4948	ENSRNOG00000053111	LOC120102740	1	0	0	1
4948	ENSRNOG00000062571	LOC120102763	1	0	0	1
4948	ENSRNOG00000068188	LOC120102765	1	0	0	1
4948	ENSRNOG00000062380	LOC120102771	1	0	1	0
4948	ENSRNOG00000064351	LOC120103158	1	0	1	0
4948	ENSRNOG00000060997	LOC120103196	1	0	0	1
4948	ENSRNOG00000070652	LOC120103199	1	0	0	1
4948	ENSRNOG00000060848	LOC120103220	1	0	0	1
4948	ENSRNOG00000055928	LOC120103233	1	0	0	1
4948	ENSRNOG00000061662	LOC120103239	1	0	1	0
4948	ENSRNOG00000066353	LOC120103243	1	0	1	0
4948	ENSRNOG00000053071	LOC120103254	1	0	0	1
4948	ENSRNOG00000061098	LOC120103298	1	0	0	1
4948	ENSRNOG00000058595	LOC120103310	1	0	0	1
4948	ENSRNOG00000058607	LOC120103312	1	0	0	1
4948	ENSRNOG00000059967	LOC120103325	1	0	1	0
4948	ENSRNOG00000054161	LOC120103328	1	0	0	1
4948	ENSRNOG00000067208	LOC120103333	1	0	0	1
4948	ENSRNOG00000052786	LOC120103335	1	0	0	1
4948	ENSRNOG00000065746	LOC134478878	1	1	0	0
4948	ENSRNOG00000049311	LOC134480557	1	0	0	1
4948	ENSRNOG00000004188	LOC298795	1	0	1	0
4948	ENSRNOG00000046002	LOC301124	1	0	1	0
4948	ENSRNOG00000016063	LOC361635	1	0	0	1
4948	ENSRNOG00000048659	LOC498316	1	0	0	1
4948	ENSRNOG00000023721	LOC502684	1	0	1	0
4948	ENSRNOG00000037911	LOC680227	1	0	1	0
4948	ENSRNOG00000025953	LOC681006	1	0	0	1
4948	ENSRNOG00000032232	LOC687679	1	0	1	0
4948	ENSRNOG00000032130	LOC691427	1	0	0	1
4948	ENSRNOG00000011300	Lama3	1	0	1	0
4948	ENSRNOG00000005678	Lamb1	1	0	0	1
4948	ENSRNOG00000002680	Lamc1	1	0	1	0
4948	ENSRNOG00000000164	Lamp2	1	0	0	1
4948	ENSRNOG00000020016	Lamtor1	1	0	0	1
4948	ENSRNOG00000006810	Lancl2	1	0	0	1
4948	ENSRNOG00000006766	Laptm4b	1	0	0	1
4948	ENSRNOG00000006353	Large2	1	0	1	0
4948	ENSRNOG00000031544	Larp1	1	0	0	1
4948	ENSRNOG00000015888	Larp4b	1	0	0	1
4948	ENSRNOG00000011228	Layn	1	0	1	0
4948	ENSRNOG00000039902	Lbh	1	0	1	0
4948	ENSRNOG00000043137	Lbhd2	1	0	0	1
4948	ENSRNOG00000014532	Lbp	1	0	0	1
4948	ENSRNOG00000064953	Lce3el2	1	0	0	1
4948	ENSRNOG00000063005	Lce3fl1	1	0	0	1
4948	ENSRNOG00000055370	Lce6a	1	0	0	1
4948	ENSRNOG00000034026	Lclat1	1	0	0	1
4948	ENSRNOG00000014565	Lcmt1	1	0	1	0
4948	ENSRNOG00000058597	Lcn5	1	0	0	1
4948	ENSRNOG00000017161	Lcn8	1	0	0	1
4948	ENSRNOG00000058157	Ldlrad3	1	0	0	1
4948	ENSRNOG00000010121	Lef1	1	0	0	1
4948	ENSRNOG00000061893	Leng1	1	0	0	1
4948	ENSRNOG00000010116	Leo1	1	0	1	0
4948	ENSRNOG00000023664	Lepr	1	0	0	1
4948	ENSRNOG00000050849	Leprot	1	0	0	1
4948	ENSRNOG00000016427	Letm1	1	0	0	1
4948	ENSRNOG00000008539	Lgals2	1	0	0	1
4948	ENSRNOG00000003217	Lgals3bp	1	0	0	1
4948	ENSRNOG00000012681	Lgals9	1	0	1	0
4948	ENSRNOG00000011323	Lgi3	1	0	1	0
4948	ENSRNOG00000005715	Lgr4	1	0	0	1
4948	ENSRNOG00000005996	Lhx6	1	0	0	1
4948	ENSRNOG00000025287	Liat1	1	0	0	1
4948	ENSRNOG00000037765	Lims1	1	0	0	1
4948	ENSRNOG00000016021	Lims2	1	1	0	0
4948	ENSRNOG00000043441	Lin52	1	0	0	1
4948	ENSRNOG00000004527	Lin7a	1	0	0	1
4948	ENSRNOG00000020746	Lin7b	1	0	1	0
4948	ENSRNOG00000045698	Lin7c	1	0	0	1
4948	ENSRNOG00000062543	Lin7c	1	0	0	1
4948	ENSRNOG00000022863	Lingo4	1	0	0	1
4948	ENSRNOG00000042776	Lins1	1	0	0	1
4948	ENSRNOG00000049161	Lipj	1	0	0	1
4948	ENSRNOG00000025444	Lipo1	1	0	0	1
4948	ENSRNOG00000018464	Lipt1	1	0	0	1
4948	ENSRNOG00000004834	Llgl2	1	0	1	0
4948	ENSRNOG00000005718	Llph-ps1	1	0	1	0
4948	ENSRNOG00000061607	Lmbr1l	1	0	1	0
4948	ENSRNOG00000014629	Lmo1	1	0	1	0
4948	ENSRNOG00000060775	Lmo7	1	0	1	0
4948	ENSRNOG00000025155	Lmtk2	1	0	1	0
4948	ENSRNOG00000021048	Lmtk3	1	0	1	0
4948	ENSRNOG00000017019	Lmx1b	1	0	0	1
4948	ENSRNOG00000039649	Lnp1	1	0	0	1
4948	ENSRNOG00000053706	Lonrf1	1	0	0	1
4948	ENSRNOG00000021401	Lpar5	1	0	0	1
4948	ENSRNOG00000015577	Lpar6	1	0	0	1
4948	ENSRNOG00000005058	Lpcat4	1	0	0	1
4948	ENSRNOG00000031669	Lpp	1	0	1	0
4948	ENSRNOG00000019356	Lrfn4	1	0	0	1
4948	ENSRNOG00000005550	Lrfn5	1	0	0	1
4948	ENSRNOG00000049918	Lrg1	1	0	0	1
4948	ENSRNOG00000012790	Lrit1	1	0	0	1
4948	ENSRNOG00000015285	Lrp4	1	0	0	1
4948	ENSRNOG00000000560	Lrrc20	1	0	0	1
4948	ENSRNOG00000001217	Lrrc3	1	0	0	1
4948	ENSRNOG00000027971	Lrrc31	1	0	0	1
4948	ENSRNOG00000015264	Lrrc38	1	0	1	0
4948	ENSRNOG00000045926	Lrrc45	1	0	1	0
4948	ENSRNOG00000014937	Lrrc71	1	0	1	0
4948	ENSRNOG00000039856	Lrrc73	1	0	1	0
4948	ENSRNOG00000002129	Lrrc8b	1	0	0	1
4948	ENSRNOG00000002122	Lrrc8c	1	0	1	0
4948	ENSRNOG00000065000	Lrrc8c	1	0	1	0
4948	ENSRNOG00000007508	Lrtm2	1	0	0	1
4948	ENSRNOG00000001429	Lrwd1	1	0	1	0
4948	ENSRNOG00000031852	Lsamp	1	0	0	1
4948	ENSRNOG00000015375	Lsm1	1	0	0	1
4948	ENSRNOG00000025716	Lsm10	1	0	0	1
4948	ENSRNOG00000068296	Lsm10	1	0	0	1
4948	ENSRNOG00000054557	Lsm14b	1	0	0	1
4948	ENSRNOG00000048725	Lsm2	1	0	0	1
4948	ENSRNOG00000042126	Lsm5	1	0	0	1
4948	ENSRNOG00000012094	Ltbp2	1	0	0	1
4948	ENSRNOG00000003244	Ltc4s	1	0	1	0
4948	ENSRNOG00000023459	Lurap1	1	0	0	1
4948	ENSRNOG00000062943	Lurap1	1	0	0	1
4948	ENSRNOG00000003453	Lypd1	1	0	0	1
4948	ENSRNOG00000004614	Lypd6b	1	0	0	1
4948	ENSRNOG00000008320	Lypla1	1	0	0	1
4948	ENSRNOG00000021099	Lysmd1	1	0	0	1
4948	ENSRNOG00000011826	Lzts1	1	0	1	0
4948	ENSRNOG00000023557	Mab21l4	1	0	0	1
4948	ENSRNOG00000032398	Macir	1	0	0	1
4948	ENSRNOG00000056156	Maco1	1	0	0	1
4948	ENSRNOG00000005397	Maea	1	0	1	0
4948	ENSRNOG00000013514	Maf1	1	0	0	1
4948	ENSRNOG00000001277	Mafk	1	0	0	1
4948	ENSRNOG00000065794	Mafk	1	0	0	1
4948	ENSRNOG00000013962	Magi2	1	0	0	1
4948	ENSRNOG00000051408	Magt1	1	0	0	1
4948	ENSRNOG00000015983	Maip1	1	0	0	1
4948	ENSRNOG00000015101	Mak	1	0	0	1
4948	ENSRNOG00000010783	Mak16	1	0	0	1
4948	ENSRNOG00000015445	Mal	1	0	1	0
4948	ENSRNOG00000025443	Map1lc3a	1	0	0	1
4948	ENSRNOG00000018781	Map1s	1	0	0	1
4948	ENSRNOG00000006612	Map2k3	1	0	0	1
4948	ENSRNOG00000065992	Map2k3	1	0	0	1
4948	ENSRNOG00000004437	Map2k6	1	0	0	1
4948	ENSRNOG00000013177	Map3k1	1	0	0	1
4948	ENSRNOG00000001515	Map3k20	1	0	0	1
4948	ENSRNOG00000061424	Map3k3	1	0	1	0
4948	ENSRNOG00000017419	Map3k4	1	0	1	0
4948	ENSRNOG00000020748	Map4	1	0	1	0
4948	ENSRNOG00000007172	Map4k3	1	0	0	1
4948	ENSRNOG00000027204	Map6	1	0	1	0
4948	ENSRNOG00000000515	Mapk13	1	0	0	1
4948	ENSRNOG00000011611	Mapk1ip1l	1	0	0	1
4948	ENSRNOG00000005133	Mapt	1	1	0	0
4948	ENSRNOG00000037850	Marc2	1	0	1	0
4948	ENSRNOG00000007769	March2	1	0	0	1
4948	ENSRNOG00000011066	March6	1	0	1	0
4948	ENSRNOG00000012297	March8	1	0	0	1
4948	ENSRNOG00000026310	Marchf1	1	0	0	1
4948	ENSRNOG00000016472	Marchf4	1	0	0	1
4948	ENSRNOG00000017069	Mark4	1	0	1	0
4948	ENSRNOG00000018297	Marveld2	1	0	0	1
4948	ENSRNOG00000052167	Marveld2	1	0	0	1
4948	ENSRNOG00000054474	Mastl	1	0	0	1
4948	ENSRNOG00000026979	Matcap2	1	0	0	1
4948	ENSRNOG00000010932	Matn1	1	0	1	0
4948	ENSRNOG00000010919	Mbd4	1	1	0	0
4948	ENSRNOG00000014076	Mbnl1	1	0	0	1
4948	ENSRNOG00000061050	Mboat2	1	0	0	1
4948	ENSRNOG00000004451	Mc3r	1	0	0	1
4948	ENSRNOG00000016685	Mc5r	1	0	0	1
4948	ENSRNOG00000011271	Mcc	1	0	0	1
4948	ENSRNOG00000017752	Mccc2	1	0	0	1
4948	ENSRNOG00000017981	Mcm10	1	0	0	1
4948	ENSRNOG00000012543	Mcm3	1	0	1	0
4948	ENSRNOG00000014336	Mcm5	1	1	0	0
4948	ENSRNOG00000003281	Mcm9	1	0	0	1
4948	ENSRNOG00000000536	Mdga1	1	0	0	1
4948	ENSRNOG00000017150	Med10	1	0	0	1
4948	ENSRNOG00000003848	Med12	1	0	0	1
4948	ENSRNOG00000003679	Med13	1	0	0	1
4948	ENSRNOG00000003792	Med14	1	0	1	0
4948	ENSRNOG00000001877	Med15	1	0	1	0
4948	ENSRNOG00000067073	Med18	1	1	0	0
4948	ENSRNOG00000013852	Med20	1	1	0	0
4948	ENSRNOG00000008711	Med24	1	0	1	0
4948	ENSRNOG00000003592	Med28	1	0	0	1
4948	ENSRNOG00000065196	Med29-ps1	1	0	1	0
4948	ENSRNOG00000017170	Med4	1	0	0	1
4948	ENSRNOG00000053961	Med9	1	0	1	0
4948	ENSRNOG00000010634	Megf11	1	0	0	1
4948	ENSRNOG00000016283	Meig1	1	0	1	0
4948	ENSRNOG00000014711	Meiob	1	0	1	0
4948	ENSRNOG00000021390	Meis3	1	0	0	1
4948	ENSRNOG00000021054	Men1	1	0	1	0
4948	ENSRNOG00000021881	Metap2	1	0	0	1
4948	ENSRNOG00000060374	Metazoa_SRP	1	0	0	1
4948	ENSRNOG00000060522	Metazoa_SRP	1	0	0	1
4948	ENSRNOG00000063046	Metazoa_SRP	1	0	0	1
4948	ENSRNOG00000047895	Mettl1	1	0	0	1
4948	ENSRNOG00000025189	Mettl18	1	0	1	0
4948	ENSRNOG00000006131	Mettl2	1	0	0	1
4948	ENSRNOG00000025940	Mettl9	1	0	0	1
4948	ENSRNOG00000039107	Mfrp	1	0	0	1
4948	ENSRNOG00000014008	Mfsd2a	1	1	0	0
4948	ENSRNOG00000024543	Mfsd4b	1	1	0	0
4948	ENSRNOG00000050425	Mfsd4b2l2	1	0	1	0
4948	ENSRNOG00000012832	Mfsd5	1	1	0	0
4948	ENSRNOG00000037712	Mfsd6l	1	0	0	1
4948	ENSRNOG00000026177	Mgam	1	0	0	1
4948	ENSRNOG00000003235	Mgat4b	1	0	1	0
4948	ENSRNOG00000016244	Mical2	1	0	0	1
4948	ENSRNOG00000053203	Mical3	1	0	1	0
4948	ENSRNOG00000043436	Micu1	1	0	0	1
4948	ENSRNOG00000003613	Mid1	1	0	0	1
4948	ENSRNOG00000013121	Mier3	1	0	0	1
4948	ENSRNOG00000043502	Mindy4b	1	0	0	1
4948	ENSRNOG00000042696	Minos1	1	1	0	0
4948	ENSRNOG00000011287	Minpp1	1	0	0	1
4948	ENSRNOG00000007924	Mios	1	0	0	1
4948	ENSRNOG00000013876	Mipep	1	0	0	1
4948	ENSRNOG00000035599	Mir101a	1	0	0	1
4948	ENSRNOG00000035540	Mir106b	1	0	0	1
4948	ENSRNOG00000035639	Mir107	1	0	0	1
4948	ENSRNOG00000035535	Mir10a	1	0	0	1
4948	ENSRNOG00000035554	Mir10b	1	0	0	1
4948	ENSRNOG00000035572	Mir125a	1	0	0	1
4948	ENSRNOG00000041538	Mir1298	1	0	0	1
4948	ENSRNOG00000035541	Mir130b	1	0	1	0
4948	ENSRNOG00000035571	Mir133b	1	0	0	1
4948	ENSRNOG00000035491	Mir137	1	0	0	1
4948	ENSRNOG00000035641	Mir138-1	1	0	0	1
4948	ENSRNOG00000035647	Mir144	1	0	0	1
4948	ENSRNOG00000050999	Mir149	1	0	0	1
4948	ENSRNOG00000050840	Mir155	1	0	0	1
4948	ENSRNOG00000035483	Mir15b	1	0	0	1
4948	ENSRNOG00000035504	Mir16	1	0	0	1
4948	ENSRNOG00000035657	Mir17	1	0	0	1
4948	ENSRNOG00000035617	Mir186	1	0	0	1
4948	ENSRNOG00000041870	Mir1893	1	0	1	0
4948	ENSRNOG00000035645	Mir18a	1	0	0	1
4948	ENSRNOG00000035530	Mir192	1	1	0	0
4948	ENSRNOG00000035588	Mir194-2	1	1	0	0
4948	ENSRNOG00000044615	Mir1949	1	0	1	0
4948	ENSRNOG00000043562	Mir1956	1	0	0	1
4948	ENSRNOG00000035614	Mir196a	1	0	0	1
4948	ENSRNOG00000035578	Mir19a	1	0	0	1
4948	ENSRNOG00000035462	Mir19b1	1	0	0	1
4948	ENSRNOG00000035605	Mir20a	1	0	0	1
4948	ENSRNOG00000035653	Mir219a1	1	0	0	1
4948	ENSRNOG00000035531	Mir25	1	0	0	1
4948	ENSRNOG00000035582	Mir26a	1	0	0	1
4948	ENSRNOG00000035619	Mir296	1	0	0	1
4948	ENSRNOG00000035566	Mir298	1	0	0	1
4948	ENSRNOG00000047006	Mir2985	1	0	0	1
4948	ENSRNOG00000035463	Mir29b1	1	0	0	1
4948	ENSRNOG00000035637	Mir29b2	1	1	0	0
4948	ENSRNOG00000040402	Mir301b	1	0	1	0
4948	ENSRNOG00000050073	Mir3072	1	0	1	0
4948	ENSRNOG00000035562	Mir30c2	1	0	0	1
4948	ENSRNOG00000035459	Mir336	1	0	0	1
4948	ENSRNOG00000035479	Mir339	1	0	0	1
4948	ENSRNOG00000035623	Mir34a	1	1	0	0
4948	ENSRNOG00000048716	Mir3541	1	0	0	1
4948	ENSRNOG00000068467	Mir3542	1	0	0	1
4948	ENSRNOG00000035458	Mir3556a	1	0	0	1
4948	ENSRNOG00000035509	Mir3556b-2	1	1	0	0
4948	ENSRNOG00000035517	Mir3557	1	0	1	0
4948	ENSRNOG00000050479	Mir3558	1	0	0	1
4948	ENSRNOG00000050512	Mir3568	1	0	1	0
4948	ENSRNOG00000060004	Mir3572	1	0	0	1
4948	ENSRNOG00000035497	Mir3578	1	0	1	0
4948	ENSRNOG00000035453	Mir3596c	1	0	0	1
4948	ENSRNOG00000047135	Mir365-1	1	0	0	1
4948	ENSRNOG00000036562	Mir374b	1	0	1	0
4948	ENSRNOG00000035557	Mir410	1	0	1	0
4948	ENSRNOG00000035546	Mir421	1	0	1	0
4948	ENSRNOG00000035537	Mir423	1	0	1	0
4948	ENSRNOG00000036258	Mir451a	1	0	0	1
4948	ENSRNOG00000036272	Mir490	1	0	0	1
4948	ENSRNOG00000046923	Mir6215	1	0	0	1
4948	ENSRNOG00000050007	Mir6327	1	0	0	1
4948	ENSRNOG00000046115	Mir6332	1	0	0	1
4948	ENSRNOG00000045994	Mir6333	1	0	0	1
4948	ENSRNOG00000049688	Mir6334	1	0	0	1
4948	ENSRNOG00000041219	Mir872	1	0	1	0
4948	ENSRNOG00000041300	Mir874	1	0	0	1
4948	ENSRNOG00000041320	Mir876	1	0	0	1
4948	ENSRNOG00000049078	Mir9	1	0	0	1
4948	ENSRNOG00000035649	Mir92a1	1	0	0	1
4948	ENSRNOG00000035485	Mir93	1	0	0	1
4948	ENSRNOG00000035654	Mir99b	1	0	0	1
4948	ENSRNOG00000050242	Mirlet7g	1	0	0	1
4948	ENSRNOG00000018467	Mitd1	1	0	0	1
4948	ENSRNOG00000054514	Mkln1	1	0	0	1
4948	ENSRNOG00000033809	Mlh1	1	0	1	0
4948	ENSRNOG00000005934	Mlip	1	0	0	1
4948	ENSRNOG00000042353	Mlkl	1	0	1	0
4948	ENSRNOG00000048736	Mllt1	1	0	0	1
4948	ENSRNOG00000022249	Mllt10	1	0	0	1
4948	ENSRNOG00000021110	Mllt11	1	1	0	0
4948	ENSRNOG00000019983	Mlx	1	0	0	1
4948	ENSRNOG00000017233	Mmachc	1	0	0	1
4948	ENSRNOG00000012593	Mmel1	1	0	0	1
4948	ENSRNOG00000005708	Mmp16	1	0	0	1
4948	ENSRNOG00000006778	Mmp19	1	0	0	1
4948	ENSRNOG00000016695	Mmp2	1	0	1	0
4948	ENSRNOG00000017756	Mmp21	1	0	0	1
4948	ENSRNOG00000047028	Mmp24	1	0	0	1
4948	ENSRNOG00000010507	Mmp7	1	0	1	0
4948	ENSRNOG00000024986	Mmrn1	1	0	0	1
4948	ENSRNOG00000051977	Mmrn2	1	0	0	1
4948	ENSRNOG00000033970	Moap1	1	0	0	1
4948	ENSRNOG00000059474	Mob1a	1	0	0	1
4948	ENSRNOG00000018971	Mob3a	1	0	0	1
4948	ENSRNOG00000000775	Mog	1	0	0	1
4948	ENSRNOG00000018502	Mon1a	1	0	0	1
4948	ENSRNOG00000019624	Morc2	1	0	0	1
4948	ENSRNOG00000014642	Morn1	1	0	0	1
4948	ENSRNOG00000045574	Morn3	1	0	1	0
4948	ENSRNOG00000027156	Morn4	1	0	1	0
4948	ENSRNOG00000016266	Mphosph10	1	0	0	1
4948	ENSRNOG00000018760	Mpp7	1	0	0	1
4948	ENSRNOG00000019394	Mpv17l2	1	0	1	0
4948	ENSRNOG00000003248	Mpzl1	1	0	1	0
4948	ENSRNOG00000003522	Mr1	1	0	1	0
4948	ENSRNOG00000014060	Mras	1	0	1	0
4948	ENSRNOG00000018251	Mrc1	1	0	0	1
4948	ENSRNOG00000045955	Mrgbp	1	0	0	1
4948	ENSRNOG00000059891	Mrgbp	1	0	0	1
4948	ENSRNOG00000069807	Mrgprg	1	0	0	1
4948	ENSRNOG00000061525	Mrgprgl1	1	0	0	1
4948	ENSRNOG00000014227	Mrgprx3	1	0	0	1
4948	ENSRNOG00000003698	Mroh9	1	0	1	0
4948	ENSRNOG00000019734	Mrpl14	1	0	0	1
4948	ENSRNOG00000014582	Mrpl18	1	0	0	1
4948	ENSRNOG00000018057	Mrpl2	1	0	0	1
4948	ENSRNOG00000020354	Mrpl23	1	0	0	1
4948	ENSRNOG00000012650	Mrpl3	1	0	0	1
4948	ENSRNOG00000049330	Mrpl30	1	0	0	1
4948	ENSRNOG00000017552	Mrpl34	1	0	1	0
4948	ENSRNOG00000008256	Mrpl38	1	0	0	1
4948	ENSRNOG00000029875	Mrpl41	1	0	0	1
4948	ENSRNOG00000063489	Mrpl41	1	0	0	1
4948	ENSRNOG00000018547	Mrpl46	1	0	0	1
4948	ENSRNOG00000011639	Mrpl47	1	0	0	1
4948	ENSRNOG00000010855	Mrpl57	1	0	0	1
4948	ENSRNOG00000062588	Mrpl57	1	0	0	1
4948	ENSRNOG00000006898	Mrps16	1	0	0	1
4948	ENSRNOG00000000926	Mrps17	1	0	0	1
4948	ENSRNOG00000066020	Mrps17	1	0	0	1
4948	ENSRNOG00000024845	Mrps21	1	0	0	1
4948	ENSRNOG00000011979	Mrps24	1	0	0	1
4948	ENSRNOG00000021224	Mrps26	1	0	0	1
4948	ENSRNOG00000001842	Mrps35	1	0	0	1
4948	ENSRNOG00000017545	Mrs2	1	0	0	1
4948	ENSRNOG00000020991	Ms4a6a	1	0	0	1
4948	ENSRNOG00000022245	Msantd4	1	1	0	0
4948	ENSRNOG00000015796	Msh2	1	0	0	1
4948	ENSRNOG00000016873	Msrb2	1	0	0	1
4948	ENSRNOG00000042668	Msrb3	1	0	0	1
4948	ENSRNOG00000065877	Mt1	1	0	0	1
4948	ENSRNOG00000004711	Mta1	1	0	0	1
4948	ENSRNOG00000019913	Mta2	1	0	0	1
4948	ENSRNOG00000037376	Mterf4	1	0	0	1
4948	ENSRNOG00000000075	Mtf2	1	0	0	1
4948	ENSRNOG00000018860	Mtg1	1	0	0	1
4948	ENSRNOG00000059919	Mtg2	1	0	0	1
4948	ENSRNOG00000010833	Mthfd2	1	0	0	1
4948	ENSRNOG00000047329	Mtif3	1	0	0	1
4948	ENSRNOG00000070811	Mtif3	1	0	0	1
4948	ENSRNOG00000016090	Mtmr10	1	0	0	1
4948	ENSRNOG00000022929	Mtmr12	1	1	0	0
4948	ENSRNOG00000011420	Mtmr7	1	0	0	1
4948	ENSRNOG00000024780	Mtnap1	1	0	0	1
4948	ENSRNOG00000011857	Mtpn	1	0	0	1
4948	ENSRNOG00000017593	Mtr	1	0	0	1
4948	ENSRNOG00000010125	Mtrex	1	0	0	1
4948	ENSRNOG00000047106	Mtrf1	1	0	0	1
4948	ENSRNOG00000017826	Mtrr	1	0	0	1
4948	ENSRNOG00000010205	Mturn	1	0	0	1
4948	ENSRNOG00000042977	Mtx1	1	0	0	1
4948	ENSRNOG00000001776	Muc20	1	0	0	1
4948	ENSRNOG00000053450	Myadm	1	0	0	1
4948	ENSRNOG00000046883	Mydgf	1	0	1	0
4948	ENSRNOG00000013343	Myg1	1	1	0	0
4948	ENSRNOG00000049695	Myh2	1	0	0	1
4948	ENSRNOG00000046276	Myh3	1	1	0	0
4948	ENSRNOG00000025757	Myh6	1	1	0	0
4948	ENSRNOG00000016983	Myh7	1	0	1	0
4948	ENSRNOG00000017645	Myl11	1	0	0	1
4948	ENSRNOG00000030848	Myl2	1	0	1	0
4948	ENSRNOG00000054140	Myl6	1	0	1	0
4948	ENSRNOG00000028837	Myl6bl1	1	0	1	0
4948	ENSRNOG00000017579	Mylip	1	0	1	0
4948	ENSRNOG00000042497	Mymx	1	1	0	0
4948	ENSRNOG00000033101	Myo18a	1	0	1	0
4948	ENSRNOG00000048152	Myo1b	1	0	0	1
4948	ENSRNOG00000011852	Myo6	1	0	0	1
4948	ENSRNOG00000011619	Myo9a	1	0	0	1
4948	ENSRNOG00000011306	Myod1	1	0	0	1
4948	ENSRNOG00000001834	Mzt2b	1	0	0	1
4948	ENSRNOG00000066842	Mzt2b	1	0	0	1
4948	ENSRNOG00000027152	N4bp2	1	0	0	1
4948	ENSRNOG00000001108	N4bp2l2	1	1	0	0
4948	ENSRNOG00000001160	NEWGENE	1	0	1	0
4948	ENSRNOG00000003872	NEWGENE	1	0	0	1
4948	ENSRNOG00000037897	NEWGENE	1	0	1	0
4948	ENSRNOG00000047786	NEWGENE	1	0	0	1
4948	ENSRNOG00000060063	Naa10	1	0	0	1
4948	ENSRNOG00000010523	Naa20	1	0	0	1
4948	ENSRNOG00000070736	Naa38-ps1	1	0	0	1
4948	ENSRNOG00000007280	Naa60	1	0	0	1
4948	ENSRNOG00000016936	Nadk	1	0	0	1
4948	ENSRNOG00000020736	Nadsyn1	1	0	1	0
4948	ENSRNOG00000032381	Naglu	1	0	0	1
4948	ENSRNOG00000020879	Nags	1	0	0	1
4948	ENSRNOG00000065128	Naip5	1	0	0	1
4948	ENSRNOG00000008307	Nanp	1	0	0	1
4948	ENSRNOG00000029977	Nat3	1	0	0	1
4948	ENSRNOG00000049351	Nat8l	1	0	0	1
4948	ENSRNOG00000027880	Nbeal2	1	0	1	0
4948	ENSRNOG00000020730	Nbr1	1	0	0	1
4948	ENSRNOG00000004968	Ncapg2	1	0	0	1
4948	ENSRNOG00000023605	Ncbp1	1	0	0	1
4948	ENSRNOG00000018550	Ncbp3	1	1	0	0
4948	ENSRNOG00000021553	Nckap5	1	0	1	0
4948	ENSRNOG00000004068	Ncoa1	1	0	1	0
4948	ENSRNOG00000001004	Ncor2	1	0	1	0
4948	ENSRNOG00000070704	Ncr3lg1	1	0	0	1
4948	ENSRNOG00000005355	Ncstn	1	0	0	1
4948	ENSRNOG00000024022	Ndfip2	1	0	1	0
4948	ENSRNOG00000057755	Ndst2	1	0	0	1
4948	ENSRNOG00000020602	Ndufa13	1	0	0	1
4948	ENSRNOG00000021688	Ndufa13-ps1	1	0	0	1
4948	ENSRNOG00000017571	Ndufa2	1	0	0	1
4948	ENSRNOG00000008569	Ndufa6	1	0	0	1
4948	ENSRNOG00000040040	Ndufaf6	1	0	1	0
4948	ENSRNOG00000042653	Ndufaf8	1	0	1	0
4948	ENSRNOG00000011825	Ndufb3	1	0	1	0
4948	ENSRNOG00000066018	Ndufb4-ps9	1	0	1	0
4948	ENSRNOG00000011949	Ndufb5	1	0	0	1
4948	ENSRNOG00000014078	Ndufb8	1	0	0	1
4948	ENSRNOG00000009364	Ndufb9	1	0	0	1
4948	ENSRNOG00000038372	Ndufs2	1	0	0	1
4948	ENSRNOG00000009155	Ndufs3	1	0	1	0
4948	ENSRNOG00000026646	Ndufs5	1	0	0	1
4948	ENSRNOG00000024568	Ndufs7	1	1	0	0
4948	ENSRNOG00000015084	Necab2	1	0	1	0
4948	ENSRNOG00000016708	Necab3	1	0	1	0
4948	ENSRNOG00000002176	Nectin3	1	0	1	0
4948	ENSRNOG00000014548	Nedd9	1	0	0	1
4948	ENSRNOG00000018577	Neil1	1	0	0	1
4948	ENSRNOG00000010897	Nek6	1	0	0	1
4948	ENSRNOG00000000657	Nek7	1	0	0	1
4948	ENSRNOG00000058572	Nek9	1	0	0	1
4948	ENSRNOG00000047874	Nelfcd	1	0	0	1
4948	ENSRNOG00000015675	Nell1	1	0	0	1
4948	ENSRNOG00000015797	Neurl2	1	0	1	0
4948	ENSRNOG00000007948	Nf2	1	0	0	1
4948	ENSRNOG00000030515	Nfasc	1	0	0	1
4948	ENSRNOG00000017146	Nfatc1	1	0	0	1
4948	ENSRNOG00000057384	Nfatc2ip	1	0	1	0
4948	ENSRNOG00000036837	Nfe2	1	0	1	0
4948	ENSRNOG00000004505	Nfic	1	1	0	0
4948	ENSRNOG00000025111	Nfkbid	1	0	1	0
4948	ENSRNOG00000037951	Nhsl2	1	0	0	1
4948	ENSRNOG00000008113	Nhsl3	1	0	0	1
4948	ENSRNOG00000049083	Nicn1	1	0	0	1
4948	ENSRNOG00000065022	Nicol1	1	0	0	1
4948	ENSRNOG00000013446	Nif3l1	1	0	0	1
4948	ENSRNOG00000012690	Nipa2	1	0	1	0
4948	ENSRNOG00000037165	Nipal3	1	0	0	1
4948	ENSRNOG00000003881	Nit1	1	0	0	1
4948	ENSRNOG00000029608	Nkain2	1	0	0	1
4948	ENSRNOG00000014293	Nkd1	1	0	1	0
4948	ENSRNOG00000043378	Nkpd1	1	0	0	1
4948	ENSRNOG00000016656	Nkx2-3	1	0	0	1
4948	ENSRNOG00000012647	Nkx2-4	1	0	0	1
4948	ENSRNOG00000017748	Nkx6-2	1	0	1	0
4948	ENSRNOG00000032576	Nlgn1	1	0	0	1
4948	ENSRNOG00000060745	Nlrp12	1	0	0	1
4948	ENSRNOG00000048125	Nlrp1b	1	0	1	0
4948	ENSRNOG00000009310	Nmd3	1	0	0	1
4948	ENSRNOG00000002671	Nme2	1	0	0	1
4948	ENSRNOG00000020118	Nme5	1	1	0	0
4948	ENSRNOG00000002898	Nme7	1	0	0	1
4948	ENSRNOG00000024923	Nnat	1	0	0	1
4948	ENSRNOG00000010409	Nol6	1	0	1	0
4948	ENSRNOG00000017904	Nol7	1	0	1	0
4948	ENSRNOG00000005184	Nop10	1	0	0	1
4948	ENSRNOG00000012147	Nop14	1	0	0	1
4948	ENSRNOG00000020543	Nosip	1	1	0	0
4948	ENSRNOG00000019322	Notch1	1	0	1	0
4948	ENSRNOG00000036680	Notum	1	0	1	0
4948	ENSRNOG00000009286	Noxa1	1	0	1	0
4948	ENSRNOG00000015376	Npas1	1	0	1	0
4948	ENSRNOG00000068162	Npas3	1	0	0	1
4948	ENSRNOG00000020009	Npas4	1	0	0	1
4948	ENSRNOG00000049955	Npc1l1	1	0	0	1
4948	ENSRNOG00000047739	Npff	1	0	0	1
4948	ENSRNOG00000002775	Npl	1	1	0	0
4948	ENSRNOG00000052873	Npnt	1	0	1	0
4948	ENSRNOG00000008141	Nppb	1	0	0	1
4948	ENSRNOG00000019184	Npr3	1	0	1	0
4948	ENSRNOG00000021660	Nprl2	1	0	0	1
4948	ENSRNOG00000009029	Nptn	1	0	1	0
4948	ENSRNOG00000001006	Nptx2	1	0	1	0
4948	ENSRNOG00000009329	Nr1d1	1	1	0	0
4948	ENSRNOG00000019812	Nr1h2	1	0	1	0
4948	ENSRNOG00000013172	Nr1h3	1	0	1	0
4948	ENSRNOG00000022247	Nr2c2ap	1	0	1	0
4948	ENSRNOG00000050550	Nr2e1	1	0	1	0
4948	ENSRNOG00000034007	Nr3c2	1	0	0	1
4948	ENSRNOG00000005600	Nr4a2	1	0	0	1
4948	ENSRNOG00000004004	Nrde2	1	1	0	0
4948	ENSRNOG00000063347	Nrip2	1	0	1	0
4948	ENSRNOG00000013290	Nrip3	1	0	0	1
4948	ENSRNOG00000001752	Nrros	1	0	1	0
4948	ENSRNOG00000023935	Nrsn2	1	0	0	1
4948	ENSRNOG00000048651	Nrtn	1	0	1	0
4948	ENSRNOG00000010234	Nsmaf	1	0	0	1
4948	ENSRNOG00000020452	Nsmce4a	1	0	0	1
4948	ENSRNOG00000022502	Nsrp1	1	0	1	0
4948	ENSRNOG00000062400	Nsrp1	1	0	1	0
4948	ENSRNOG00000018520	Nsun6	1	0	0	1
4948	ENSRNOG00000011071	Nt5e	1	0	1	0
4948	ENSRNOG00000013694	Ntng2	1	0	0	1
4948	ENSRNOG00000019922	Ntpcr	1	0	0	1
4948	ENSRNOG00000018674	Ntrk3	1	0	0	1
4948	ENSRNOG00000009282	Nub1	1	0	0	1
4948	ENSRNOG00000027444	Nubpl	1	0	0	1
4948	ENSRNOG00000020456	Nucb2	1	0	0	1
4948	ENSRNOG00000059386	Nudt19	1	0	0	1
4948	ENSRNOG00000017420	Nudt6	1	0	1	0
4948	ENSRNOG00000002186	Nudt9	1	0	0	1
4948	ENSRNOG00000006541	Nup107	1	0	0	1
4948	ENSRNOG00000064401	Nup160l1	1	0	0	1
4948	ENSRNOG00000025185	Nup188	1	0	1	0
4948	ENSRNOG00000005390	Nup210	1	0	0	1
4948	ENSRNOG00000002247	Nup54	1	0	1	0
4948	ENSRNOG00000048733	Nup62	1	0	0	1
4948	ENSRNOG00000003673	Nup85	1	0	1	0
4948	ENSRNOG00000018564	Nup93	1	0	1	0
4948	ENSRNOG00000000917	Nupr2	1	0	0	1
4948	ENSRNOG00000000411	Nus1	1	1	0	0
4948	ENSRNOG00000005111	Nutm1	1	0	0	1
4948	ENSRNOG00000014538	Nxnl2	1	0	0	1
4948	ENSRNOG00000070472	Nxpe4	1	0	0	1
4948	ENSRNOG00000008939	Nxph1	1	0	0	1
4948	ENSRNOG00000009646	Nyx	1	0	0	1
4948	ENSRNOG00000024640	Oacyl	1	0	0	1
4948	ENSRNOG00000033220	Oas1b	1	1	0	0
4948	ENSRNOG00000037744	Oas1g	1	0	0	1
4948	ENSRNOG00000069835	Oas1i	1	0	0	1
4948	ENSRNOG00000016807	Oat	1	0	1	0
4948	ENSRNOG00000020863	Oaz3	1	0	0	1
4948	ENSRNOG00000042407	Obp2a	1	0	0	1
4948	ENSRNOG00000015346	Obsl1	1	0	1	0
4948	ENSRNOG00000025516	Oc90	1	0	0	1
4948	ENSRNOG00000032575	Ocel1	1	0	1	0
4948	ENSRNOG00000003359	Ogt	1	0	0	1
4948	ENSRNOG00000017969	Olfm3	1	0	0	1
4948	ENSRNOG00000013280	Olfm4	1	0	0	1
4948	ENSRNOG00000067184	Olr1520	1	0	0	1
4948	ENSRNOG00000018606	Olr59	1	0	0	1
4948	ENSRNOG00000052665	Onecut2	1	0	0	1
4948	ENSRNOG00000068848	Onecut3	1	0	1	0
4948	ENSRNOG00000026573	Ophn1	1	0	0	1
4948	ENSRNOG00000029420	Or10c1	1	0	1	0
4948	ENSRNOG00000071075	Or13c3b	1	0	0	1
4948	ENSRNOG00000015652	Or13e8	1	0	0	1
4948	ENSRNOG00000064455	Or13p10	1	0	1	0
4948	ENSRNOG00000063756	Or1ad1	1	0	0	1
4948	ENSRNOG00000003668	Or1ad6	1	0	0	1
4948	ENSRNOG00000065571	Or1x2b	1	0	0	1
4948	ENSRNOG00000065272	Or2h1	1	1	0	0
4948	ENSRNOG00000021071	Or4d6	1	0	0	1
4948	ENSRNOG00000070265	Or4f60	1	0	0	1
4948	ENSRNOG00000067536	Or4k48	1	0	0	1
4948	ENSRNOG00000068386	Or4k49	1	0	0	1
4948	ENSRNOG00000065412	Or4k50	1	0	0	1
4948	ENSRNOG00000065884	Or4z4	1	0	0	1
4948	ENSRNOG00000018612	Or51f23b-ps1	1	0	0	1
4948	ENSRNOG00000015407	Or51f5	1	0	0	1
4948	ENSRNOG00000050663	Or51h5	1	0	0	1
4948	ENSRNOG00000017143	Or52h2	1	0	0	1
4948	ENSRNOG00000063165	Or52l1b	1	1	0	0
4948	ENSRNOG00000070164	Or52m1	1	0	0	1
4948	ENSRNOG00000064536	Or52m2	1	0	0	1
4948	ENSRNOG00000049480	Or52w1	1	1	0	0
4948	ENSRNOG00000063133	Or6b2	1	0	0	1
4948	ENSRNOG00000070837	Or6b2b	1	0	0	1
4948	ENSRNOG00000057400	Or6k2	1	0	0	1
4948	ENSRNOG00000022329	Or6k8	1	0	0	1
4948	ENSRNOG00000022063	Or6y1	1	0	1	0
4948	ENSRNOG00000070488	Or8g20	1	0	0	1
4948	ENSRNOG00000066959	Or8g36c	1	0	0	1
4948	ENSRNOG00000068277	Or9k7	1	0	0	1
4948	ENSRNOG00000070697	Or9s13	1	1	0	0
4948	ENSRNOG00000008314	Orc3	1	0	0	1
4948	ENSRNOG00000024043	Orc6	1	1	0	0
4948	ENSRNOG00000001782	Osbpl11	1	0	0	1
4948	ENSRNOG00000054058	Osbpl1a	1	0	1	0
4948	ENSRNOG00000009333	Osgep	1	0	0	1
4948	ENSRNOG00000004001	Osgepl1	1	0	0	1
4948	ENSRNOG00000014948	Osgin1	1	0	1	0
4948	ENSRNOG00000028121	Otop2	1	1	0	0
4948	ENSRNOG00000028721	Otor	1	0	0	1
4948	ENSRNOG00000016567	Otos	1	1	0	0
4948	ENSRNOG00000008764	Otud5	1	1	0	0
4948	ENSRNOG00000012017	Otulin	1	0	0	1
4948	ENSRNOG00000019794	Ovch2	1	0	0	1
4948	ENSRNOG00000006850	Ovol2	1	0	0	1
4948	ENSRNOG00000043094	Oxct1	1	1	0	0
4948	ENSRNOG00000005806	Oxtr	1	0	0	1
4948	ENSRNOG00000017606	P2rx1	1	0	1	0
4948	ENSRNOG00000008552	P2rx3	1	0	0	1
4948	ENSRNOG00000001300	P2rx4	1	0	0	1
4948	ENSRNOG00000001296	P2rx7	1	0	0	1
4948	ENSRNOG00000019270	P2ry6	1	0	0	1
4948	ENSRNOG00000029558	Pabpn1l	1	0	0	1
4948	ENSRNOG00000020350	Pacs1	1	0	0	1
4948	ENSRNOG00000014744	Pacs2	1	0	0	1
4948	ENSRNOG00000006855	Padi4	1	0	0	1
4948	ENSRNOG00000019934	Paip2	1	0	0	1
4948	ENSRNOG00000023799	Pak1ip1	1	0	1	0
4948	ENSRNOG00000005509	Pak5	1	0	0	1
4948	ENSRNOG00000007925	Pak6	1	0	0	1
4948	ENSRNOG00000004608	Pam16	1	1	0	0
4948	ENSRNOG00000014044	Pank4	1	0	0	1
4948	ENSRNOG00000012099	Papd4	1	0	0	1
4948	ENSRNOG00000011068	Papss2	1	0	1	0
4948	ENSRNOG00000019978	Parg	1	0	0	1
4948	ENSRNOG00000018289	Park7	1	0	0	1
4948	ENSRNOG00000004361	Parp10	1	0	1	0
4948	ENSRNOG00000060689	Parp11	1	1	0	0
4948	ENSRNOG00000023334	Parp14	1	0	0	1
4948	ENSRNOG00000055305	Parvb	1	0	0	1
4948	ENSRNOG00000018709	Patz1	1	0	1	0
4948	ENSRNOG00000013670	Pax3	1	0	0	1
4948	ENSRNOG00000002662	Pbdc1	1	0	0	1
4948	ENSRNOG00000020673	Pbxip1	1	0	0	1
4948	ENSRNOG00000000606	Pcdh15	1	0	0	1
4948	ENSRNOG00000008970	Pcdh17	1	0	0	1
4948	ENSRNOG00000012367	Pcdh7	1	0	0	1
4948	ENSRNOG00000063828	Pcdh7	1	0	0	1
4948	ENSRNOG00000033719	Pcdhb12	1	0	1	0
4948	ENSRNOG00000020054	Pcdhb15	1	0	0	1
4948	ENSRNOG00000039471	Pcdhb16	1	0	0	1
4948	ENSRNOG00000033123	Pcdhb20	1	0	0	1
4948	ENSRNOG00000033479	Pcdhb21	1	0	0	1
4948	ENSRNOG00000020028	Pcdhb22	1	0	0	1
4948	ENSRNOG00000020062	Pcdhb6l	1	0	1	0
4948	ENSRNOG00000012705	Pcgf2	1	1	0	0
4948	ENSRNOG00000018532	Pcgf5	1	0	0	1
4948	ENSRNOG00000005726	Pclo	1	0	0	1
4948	ENSRNOG00000028411	Pcnp	1	0	1	0
4948	ENSRNOG00000000993	Pcp2	1	1	0	0
4948	ENSRNOG00000011107	Pcsk1	1	0	0	1
4948	ENSRNOG00000007112	Pcsk1n	1	0	0	1
4948	ENSRNOG00000012036	Pcsk5	1	0	0	1
4948	ENSRNOG00000019643	Pcyox1l	1	0	1	0
4948	ENSRNOG00000012358	Pcyt1b	1	0	0	1
4948	ENSRNOG00000010147	Pdcd10	1	0	0	1
4948	ENSRNOG00000014485	Pdcd6	1	0	0	1
4948	ENSRNOG00000010280	Pde8b	1	1	0	0
4948	ENSRNOG00000017197	Pdgfb	1	0	1	0
4948	ENSRNOG00000010832	Pdgfrl	1	0	1	0
4948	ENSRNOG00000015368	Pdilt	1	0	0	1
4948	ENSRNOG00000016180	Pdp1	1	0	1	0
4948	ENSRNOG00000006136	Pdpk1	1	0	0	1
4948	ENSRNOG00000002541	Pds5a	1	0	0	1
4948	ENSRNOG00000002407	Pdxdc1	1	0	0	1
4948	ENSRNOG00000026036	Pdyn	1	0	0	1
4948	ENSRNOG00000008161	Pdzk1ip1	1	0	1	0
4948	ENSRNOG00000022844	Pdzrn4	1	0	0	1
4948	ENSRNOG00000066008	Pecam1	1	0	0	1
4948	ENSRNOG00000055295	Pecr	1	0	0	1
4948	ENSRNOG00000012363	Peli2	1	0	0	1
4948	ENSRNOG00000054423	Pemt	1	0	0	1
4948	ENSRNOG00000020254	Per2	1	0	1	0
4948	ENSRNOG00000011994	Perp	1	0	0	1
4948	ENSRNOG00000006539	Pex16	1	0	1	0
4948	ENSRNOG00000012322	Pex7	1	0	0	1
4948	ENSRNOG00000018653	Pfdn1	1	0	1	0
4948	ENSRNOG00000003983	Pfdn2	1	0	0	1
4948	ENSRNOG00000066932	Pfdn2	1	0	0	1
4948	ENSRNOG00000004162	Pfkfb2	1	0	0	1
4948	ENSRNOG00000047752	Pfn3	1	0	0	1
4948	ENSRNOG00000020374	Pgap6	1	0	0	1
4948	ENSRNOG00000057626	Pgd	1	0	0	1
4948	ENSRNOG00000014783	Pgghg	1	0	1	0
4948	ENSRNOG00000003541	Pggt1b	1	0	0	1
4948	ENSRNOG00000013600	Pgk2	1	0	1	0
4948	ENSRNOG00000009536	Pgp	1	0	0	1
4948	ENSRNOG00000002949	Pgs1	1	0	0	1
4948	ENSRNOG00000009491	Phc3	1	0	0	1
4948	ENSRNOG00000061312	Phf10	1	0	0	1
4948	ENSRNOG00000009566	Phf12	1	0	0	1
4948	ENSRNOG00000009046	Phf13	1	0	1	0
4948	ENSRNOG00000060434	Phgr1	1	0	0	1
4948	ENSRNOG00000055259	Phldb3	1	0	1	0
4948	ENSRNOG00000005569	Phospho1	1	1	0	0
4948	ENSRNOG00000019706	Phox2a	1	0	0	1
4948	ENSRNOG00000017686	Pi15	1	0	0	1
4948	ENSRNOG00000011507	Pick1	1	0	0	1
4948	ENSRNOG00000003554	Piga	1	0	0	1
4948	ENSRNOG00000010914	Pigh	1	0	1	0
4948	ENSRNOG00000007735	Pigm	1	0	0	1
4948	ENSRNOG00000009930	Pigo	1	0	1	0
4948	ENSRNOG00000039850	Pigp	1	0	1	0
4948	ENSRNOG00000025181	Pigu	1	0	0	1
4948	ENSRNOG00000052134	Pigy	1	0	1	0
4948	ENSRNOG00000020634	Pih1d1	1	0	1	0
4948	ENSRNOG00000020479	Pik3c2a	1	1	0	0
4948	ENSRNOG00000029938	Pik3c2b	1	1	0	0
4948	ENSRNOG00000034228	Pik3c2g	1	0	0	1
4948	ENSRNOG00000018859	Pik3ip1	1	0	1	0
4948	ENSRNOG00000013669	Pik3r4	1	0	0	1
4948	ENSRNOG00000029698	Pim3	1	0	0	1
4948	ENSRNOG00000008040	Pimreg	1	0	0	1
4948	ENSRNOG00000020474	Pin1	1	0	1	0
4948	ENSRNOG00000015385	Pink1	1	0	0	1
4948	ENSRNOG00000021068	Pip5k1a	1	1	0	0
4948	ENSRNOG00000020577	Pip5k1c	1	0	1	0
4948	ENSRNOG00000063443	Pirt	1	0	0	1
4948	ENSRNOG00000018319	Pisd	1	0	0	1
4948	ENSRNOG00000008323	Pitpnm3	1	0	1	0
4948	ENSRNOG00000010771	Pkd1	1	0	0	1
4948	ENSRNOG00000004865	Pkd1l1	1	0	0	1
4948	ENSRNOG00000025489	Pkd2l2	1	0	1	0
4948	ENSRNOG00000029591	Pkdrej	1	0	0	1
4948	ENSRNOG00000058742	Pkhd1	1	0	1	0
4948	ENSRNOG00000004398	Pkhd1l1	1	0	0	1
4948	ENSRNOG00000011317	Pkn2	1	0	1	0
4948	ENSRNOG00000028856	Pknox2	1	0	0	1
4948	ENSRNOG00000005504	Pkp4	1	0	0	1
4948	ENSRNOG00000046619	Pla2g12b	1	0	0	1
4948	ENSRNOG00000021206	Pla2g16	1	0	1	0
4948	ENSRNOG00000016647	Pla2g2c	1	0	1	0
4948	ENSRNOG00000037231	Pla2g4d	1	0	0	1
4948	ENSRNOG00000024904	Pla2g4e	1	0	0	1
4948	ENSRNOG00000025587	Plagl1	1	0	1	0
4948	ENSRNOG00000028566	Pld4	1	0	0	1
4948	ENSRNOG00000010098	Plek2	1	0	1	0
4948	ENSRNOG00000024602	Plekha7	1	0	1	0
4948	ENSRNOG00000016479	Plekhg4	1	1	0	0
4948	ENSRNOG00000019247	Plekhj1	1	0	1	0
4948	ENSRNOG00000018484	Plk3	1	0	0	1
4948	ENSRNOG00000011654	Plk4	1	0	0	1
4948	ENSRNOG00000016558	Pllp	1	0	0	1
4948	ENSRNOG00000000413	Pln	1	0	0	1
4948	ENSRNOG00000002419	Plp1	1	0	1	0
4948	ENSRNOG00000015568	Plpp5	1	0	0	1
4948	ENSRNOG00000015268	Plpp6	1	0	0	1
4948	ENSRNOG00000007970	Plxnc1	1	0	0	1
4948	ENSRNOG00000019620	Pmf1	1	0	1	0
4948	ENSRNOG00000002615	Pmm2	1	0	0	1
4948	ENSRNOG00000004076	Pms1	1	0	0	1
4948	ENSRNOG00000001040	Pms2	1	0	0	1
4948	ENSRNOG00000058317	Pnck	1	0	0	1
4948	ENSRNOG00000023140	Pnldc1	1	0	0	1
4948	ENSRNOG00000010553	Pnma1	1	0	0	1
4948	ENSRNOG00000070467	Pnma6e	1	0	0	1
4948	ENSRNOG00000046057	Pnmt	1	1	0	0
4948	ENSRNOG00000004061	Pnn	1	0	1	0
4948	ENSRNOG00000009982	Pnp	1	0	0	1
4948	ENSRNOG00000008190	Pnpla7	1	0	0	1
4948	ENSRNOG00000018193	Poc5	1	0	0	1
4948	ENSRNOG00000001228	Pofut2	1	0	0	1
4948	ENSRNOG00000032058	Pogk	1	0	0	1
4948	ENSRNOG00000013322	Pola1	1	0	0	1
4948	ENSRNOG00000018411	Pold3	1	0	1	0
4948	ENSRNOG00000032293	Polg	1	0	0	1
4948	ENSRNOG00000016748	Poll	1	0	0	1
4948	ENSRNOG00000009545	Polr1a	1	0	0	1
4948	ENSRNOG00000012664	Polr1e	1	0	1	0
4948	ENSRNOG00000015720	Polr2c	1	1	0	0
4948	ENSRNOG00000001430	Polr2j	1	0	0	1
4948	ENSRNOG00000055424	Polr2k-ps2	1	0	0	1
4948	ENSRNOG00000021209	Polr3gl	1	0	1	0
4948	ENSRNOG00000004471	Polr3h	1	0	0	1
4948	ENSRNOG00000023455	Pomgnt1	1	0	0	1
4948	ENSRNOG00000014628	Pomk	1	0	0	1
4948	ENSRNOG00000048470	Pomp	1	0	0	1
4948	ENSRNOG00000027646	Pop4	1	0	1	0
4948	ENSRNOG00000012660	Postn	1	0	1	0
4948	ENSRNOG00000004719	Pp2d1	1	0	0	1
4948	ENSRNOG00000017503	Ppargc1b	1	0	1	0
4948	ENSRNOG00000004353	Ppfia2	1	0	0	1
4948	ENSRNOG00000020731	Ppfia3	1	0	1	0
4948	ENSRNOG00000031709	Ppfibp1	1	0	1	0
4948	ENSRNOG00000022778	Pphln1	1	0	0	1
4948	ENSRNOG00000013636	Ppil3	1	0	0	1
4948	ENSRNOG00000024730	Ppm1e	1	0	1	0
4948	ENSRNOG00000006893	Ppm1k	1	0	0	1
4948	ENSRNOG00000058133	Ppm1n	1	0	1	0
4948	ENSRNOG00000004925	Ppp1r12a	1	0	0	1
4948	ENSRNOG00000016368	Ppp1r14c	1	0	0	1
4948	ENSRNOG00000038480	Ppp1r36	1	0	1	0
4948	ENSRNOG00000011474	Ppp1r3b	1	0	1	0
4948	ENSRNOG00000018494	Ppp1r3c	1	0	0	1
4948	ENSRNOG00000011282	Ppp2r1a	1	0	0	1
4948	ENSRNOG00000058202	Ppp2r2c	1	0	0	1
4948	ENSRNOG00000005045	Ppp2r5e	1	0	0	1
4948	ENSRNOG00000054782	Ppp3cb	1	0	1	0
4948	ENSRNOG00000009745	Ppp3cc	1	0	0	1
4948	ENSRNOG00000005368	Ppp3r2	1	0	0	1
4948	ENSRNOG00000065066	Ppp3r2	1	0	0	1
4948	ENSRNOG00000018090	Ppp6r1	1	0	0	1
4948	ENSRNOG00000012616	Ppt1	1	0	0	1
4948	ENSRNOG00000020874	Ppy	1	1	0	0
4948	ENSRNOG00000005126	Pqlc3	1	0	0	1
4948	ENSRNOG00000011407	Prag1	1	0	0	1
4948	ENSRNOG00000007853	Prdm10	1	0	0	1
4948	ENSRNOG00000007683	Prdm13	1	0	0	1
4948	ENSRNOG00000021792	Prdm14	1	0	0	1
4948	ENSRNOG00000017954	Prelid3a	1	0	0	1
4948	ENSRNOG00000006952	Prex1	1	0	1	0
4948	ENSRNOG00000005391	Prex2	1	0	0	1
4948	ENSRNOG00000022772	Prickle1	1	0	1	0
4948	ENSRNOG00000070180	Prkag1	1	0	0	1
4948	ENSRNOG00000017248	Prkag3	1	0	0	1
4948	ENSRNOG00000028733	Prkar1b	1	0	0	1
4948	ENSRNOG00000016346	Prkcd	1	1	0	0
4948	ENSRNOG00000013360	Prkcsh	1	0	1	0
4948	ENSRNOG00000015480	Prkcz	1	0	1	0
4948	ENSRNOG00000060168	Prkx	1	0	1	0
4948	ENSRNOG00000002539	Prm2	1	0	0	1
4948	ENSRNOG00000002564	Prm3	1	0	0	1
4948	ENSRNOG00000000258	Prmt7	1	0	0	1
4948	ENSRNOG00000021259	Prnp	1	0	0	1
4948	ENSRNOG00000019330	Procr	1	0	0	1
4948	ENSRNOG00000018201	Prok1	1	0	1	0
4948	ENSRNOG00000045553	Proser2	1	0	0	1
4948	ENSRNOG00000020897	Prpf19	1	0	1	0
4948	ENSRNOG00000014777	Prpf4	1	0	0	1
4948	ENSRNOG00000010083	Prpsap1	1	0	0	1
4948	ENSRNOG00000048891	Prr14l	1	0	0	1
4948	ENSRNOG00000047295	Prr22	1	0	1	0
4948	ENSRNOG00000004666	Prr5l	1	0	1	0
4948	ENSRNOG00000020517	Prrg2	1	1	0	0
4948	ENSRNOG00000047969	Prss21	1	0	0	1
4948	ENSRNOG00000017307	Prss23	1	0	0	1
4948	ENSRNOG00000029223	Prss32	1	0	0	1
4948	ENSRNOG00000037175	Prss50	1	0	1	0
4948	ENSRNOG00000006845	Psapl1	1	0	0	1
4948	ENSRNOG00000061376	Psca	1	0	0	1
4948	ENSRNOG00000006079	Psd4	1	0	0	1
4948	ENSRNOG00000009110	Psen1	1	0	0	1
4948	ENSRNOG00000011498	Psip1	1	0	1	0
4948	ENSRNOG00000011745	Psma1	1	0	0	1
4948	ENSRNOG00000019868	Psma5	1	0	1	0
4948	ENSRNOG00000001488	Psmb1	1	0	0	1
4948	ENSRNOG00000052730	Psmb3	1	1	0	0
4948	ENSRNOG00000019551	Psmb6	1	0	1	0
4948	ENSRNOG00000011732	Psmb7	1	0	0	1
4948	ENSRNOG00000011414	Psmc3	1	0	0	1
4948	ENSRNOG00000020022	Psmc3ip	1	1	0	0
4948	ENSRNOG00000020013	Psrc1	1	0	1	0
4948	ENSRNOG00000016413	Pstpip1	1	0	1	0
4948	ENSRNOG00000014891	Ptar1	1	0	0	1
4948	ENSRNOG00000010448	Ptbp1	1	0	0	1
4948	ENSRNOG00000009484	Ptcd3	1	0	0	1
4948	ENSRNOG00000016902	Ptf1a	1	0	0	1
4948	ENSRNOG00000002642	Ptges3	1	0	0	1
4948	ENSRNOG00000069267	Pthlh	1	0	0	1
4948	ENSRNOG00000039976	Ptk7	1	0	0	1
4948	ENSRNOG00000025731	Ptma	1	0	0	1
4948	ENSRNOG00000011771	Ptp4a1	1	0	0	1
4948	ENSRNOG00000009723	Ptpmt1	1	0	0	1
4948	ENSRNOG00000011425	Ptpn3	1	0	0	1
4948	ENSRNOG00000002625	Ptpn4	1	0	1	0
4948	ENSRNOG00000055293	Ptprb	1	0	0	1
4948	ENSRNOG00000005711	Ptprd	1	0	0	1
4948	ENSRNOG00000015717	Ptpre	1	1	0	0
4948	ENSRNOG00000009419	Ptprg	1	0	1	0
4948	ENSRNOG00000034025	Ptprj	1	0	0	1
4948	ENSRNOG00000005003	Ptprn2	1	0	0	1
4948	ENSRNOG00000049034	Ptrh1	1	0	0	1
4948	ENSRNOG00000012280	Ptx3	1	0	0	1
4948	ENSRNOG00000019062	Pura	1	0	1	0
4948	ENSRNOG00000062721	Pura	1	0	1	0
4948	ENSRNOG00000022570	Pus7l	1	0	0	1
4948	ENSRNOG00000001210	Pwp2	1	0	0	1
4948	ENSRNOG00000003936	Pwwp2a	1	0	1	0
4948	ENSRNOG00000016975	Pxmp4	1	0	0	1
4948	ENSRNOG00000019675	Pycard	1	0	0	1
4948	ENSRNOG00000020663	Pygo2	1	0	0	1
4948	ENSRNOG00000012472	Pyroxd1	1	0	0	1
4948	ENSRNOG00000006858	Pyurf	1	0	0	1
4948	ENSRNOG00000020877	Pyy	1	1	0	0
4948	ENSRNOG00000060729	Qtrt2	1	0	0	1
4948	ENSRNOG00000031437	RGD1308195	1	0	0	1
4948	ENSRNOG00000048275	RGD1309350	1	0	0	1
4948	ENSRNOG00000037621	RGD1309870	1	0	0	1
4948	ENSRNOG00000038150	RGD1560394	1	0	0	1
4948	ENSRNOG00000016193	RGD1562114	1	1	0	0
4948	ENSRNOG00000001123	RGD1562310	1	0	0	1
4948	ENSRNOG00000042716	RGD1562699	1	0	0	1
4948	ENSRNOG00000069173	RGD1563285	1	0	0	1
4948	ENSRNOG00000028651	RGD1566386	1	0	1	0
4948	ENSRNOG00000054703	RNaseP_nuc	1	0	0	1
4948	ENSRNOG00000070453	RNaseP_nuc	1	0	1	0
4948	ENSRNOG00000038999	RT1-A1	1	0	1	0
4948	ENSRNOG00000050210	RT1-CE10	1	0	1	0
4948	ENSRNOG00000066181	RT1-CE14	1	0	0	1
4948	ENSRNOG00000031607	RT1-CE3	1	0	1	0
4948	ENSRNOG00000039744	RT1-CE4	1	0	1	0
4948	ENSRNOG00000040052	RT1-M6-1	1	0	0	1
4948	ENSRNOG00000007648	Rab11b	1	0	0	1
4948	ENSRNOG00000009523	Rab11fip2	1	0	0	1
4948	ENSRNOG00000056009	Rab11fip5	1	1	0	0
4948	ENSRNOG00000007364	Rab15	1	0	0	1
4948	ENSRNOG00000023991	Rab20	1	0	1	0
4948	ENSRNOG00000003923	Rab21	1	0	0	1
4948	ENSRNOG00000012488	Rab2b	1	0	1	0
4948	ENSRNOG00000014258	Rab32	1	0	0	1
4948	ENSRNOG00000059793	Rab37	1	0	1	0
4948	ENSRNOG00000019433	Rab3a	1	0	1	0
4948	ENSRNOG00000036661	Rab40b	1	0	1	0
4948	ENSRNOG00000063150	Rab42	1	0	0	1
4948	ENSRNOG00000037768	Rab43	1	1	0	0
4948	ENSRNOG00000018176	Rab6a	1	0	1	0
4948	ENSRNOG00000020233	Rabac1	1	0	1	0
4948	ENSRNOG00000018462	Rabep2	1	0	1	0
4948	ENSRNOG00000013947	Rabl2	1	0	0	1
4948	ENSRNOG00000069600	Rac3	1	0	1	0
4948	ENSRNOG00000049033	Racgap1	1	0	0	1
4948	ENSRNOG00000018063	Rad1	1	0	0	1
4948	ENSRNOG00000018353	Rad17	1	0	0	1
4948	ENSRNOG00000004420	Rad21	1	0	0	1
4948	ENSRNOG00000022335	Rad21l1	1	0	1	0
4948	ENSRNOG00000037302	Rad51	1	0	0	1
4948	ENSRNOG00000059878	Rad51ap1	1	0	0	1
4948	ENSRNOG00000049271	Rad51ap2	1	0	0	1
4948	ENSRNOG00000059245	Rad51b	1	0	1	0
4948	ENSRNOG00000006661	Rad51c	1	0	1	0
4948	ENSRNOG00000010153	Raf1	1	0	0	1
4948	ENSRNOG00000004623	Rag2	1	0	0	1
4948	ENSRNOG00000028872	Rai14	1	0	0	1
4948	ENSRNOG00000014836	Ralgapb	1	0	0	1
4948	ENSRNOG00000056463	Ralgds-ps4	1	0	0	1
4948	ENSRNOG00000016910	Ralgps1	1	0	0	1
4948	ENSRNOG00000000796	Ranbp2	1	0	1	0
4948	ENSRNOG00000017951	Ranbp9	1	0	1	0
4948	ENSRNOG00000021581	Rapgef2	1	1	0	0
4948	ENSRNOG00000037853	Rarres1	1	1	0	0
4948	ENSRNOG00000031671	Rasgef1a	1	0	1	0
4948	ENSRNOG00000000956	Rasl11a	1	0	1	0
4948	ENSRNOG00000021548	Rassf1	1	0	0	1
4948	ENSRNOG00000021261	Rassf2	1	0	1	0
4948	ENSRNOG00000016029	Rb1	1	0	1	0
4948	ENSRNOG00000002827	Rbfox1	1	0	1	0
4948	ENSRNOG00000004688	Rbfox2	1	1	0	0
4948	ENSRNOG00000004710	Rbks	1	0	0	1
4948	ENSRNOG00000001397	Rbm19	1	0	0	1
4948	ENSRNOG00000046547	Rbm24	1	0	0	1
4948	ENSRNOG00000006420	Rbm38	1	0	0	1
4948	ENSRNOG00000007371	Rbmx2	1	0	0	1
4948	ENSRNOG00000015850	Rbp7	1	0	0	1
4948	ENSRNOG00000013328	Rbpms	1	0	1	0
4948	ENSRNOG00000050106	Rcc1	1	0	1	0
4948	ENSRNOG00000001483	Rcc1l	1	0	0	1
4948	ENSRNOG00000060849	Rcor2	1	0	1	0
4948	ENSRNOG00000027919	Rdh13	1	0	0	1
4948	ENSRNOG00000029651	Rdh16	1	0	0	1
4948	ENSRNOG00000053850	Rdh5	1	0	0	1
4948	ENSRNOG00000025767	Rdh8	1	0	0	1
4948	ENSRNOG00000009332	Rec114	1	0	0	1
4948	ENSRNOG00000005107	Recql5	1	0	1	0
4948	ENSRNOG00000049629	Reep2	1	0	1	0
4948	ENSRNOG00000021441	Reln	1	0	0	1
4948	ENSRNOG00000011646	Rem2	1	0	0	1
4948	ENSRNOG00000054765	Renbp	1	0	0	1
4948	ENSRNOG00000008239	Repin1	1	0	1	0
4948	ENSRNOG00000061508	Reps2	1	0	0	1
4948	ENSRNOG00000014270	Rer1	1	0	0	1
4948	ENSRNOG00000001088	Rfc3	1	0	1	0
4948	ENSRNOG00000001134	Rfc5	1	0	0	1
4948	ENSRNOG00000022273	Rfk	1	0	0	1
4948	ENSRNOG00000063517	Rflna	1	0	0	1
4948	ENSRNOG00000021805	Rft1	1	0	1	0
4948	ENSRNOG00000011321	Rftn1	1	0	0	1
4948	ENSRNOG00000051536	Rfx4	1	0	0	1
4948	ENSRNOG00000033318	Rfxank	1	0	1	0
4948	ENSRNOG00000012396	Rgr	1	0	0	1
4948	ENSRNOG00000003895	Rgs1	1	0	1	0
4948	ENSRNOG00000027024	Rgs16	1	0	1	0
4948	ENSRNOG00000008100	Rgs20	1	1	0	0
4948	ENSRNOG00000002730	Rgs5	1	0	0	1
4948	ENSRNOG00000002369	Rgs8	1	0	0	1
4948	ENSRNOG00000054963	Rhbdd1	1	0	0	1
4948	ENSRNOG00000017130	Rhd	1	0	0	1
4948	ENSRNOG00000028517	Rhno1	1	0	1	0
4948	ENSRNOG00000067361	Rhno1-ps2	1	0	0	1
4948	ENSRNOG00000050519	Rhoa	1	0	0	1
4948	ENSRNOG00000012414	Rhobtb3	1	0	0	1
4948	ENSRNOG00000012630	Rhoc	1	0	0	1
4948	ENSRNOG00000042607	Rhof	1	1	0	0
4948	ENSRNOG00000020393	Rhog	1	0	1	0
4948	ENSRNOG00000053560	Rhou	1	0	0	1
4948	ENSRNOG00000062578	Rhou	1	0	0	1
4948	ENSRNOG00000040033	Rhox12	1	0	0	1
4948	ENSRNOG00000011885	Rhpn2	1	0	1	0
4948	ENSRNOG00000001055	Rilpl1	1	0	0	1
4948	ENSRNOG00000000467	Ring1	1	0	0	1
4948	ENSRNOG00000001680	Riox2	1	0	0	1
4948	ENSRNOG00000020465	Ripk3	1	0	1	0
4948	ENSRNOG00000017604	Ripor1	1	0	0	1
4948	ENSRNOG00000010004	Ripply2	1	0	0	1
4948	ENSRNOG00000028422	Rmnd5a	1	0	0	1
4948	ENSRNOG00000013373	Rmt1	1	0	0	1
4948	ENSRNOG00000039500	Rnase13	1	0	0	1
4948	ENSRNOG00000009192	Rnaseh2b	1	0	0	1
4948	ENSRNOG00000013190	Rnaset2	1	0	1	0
4948	ENSRNOG00000020698	Rnd2	1	0	0	1
4948	ENSRNOG00000004624	Rnd3	1	0	0	1
4948	ENSRNOG00000008987	Rnf139	1	0	0	1
4948	ENSRNOG00000016123	Rnf144b	1	0	0	1
4948	ENSRNOG00000014859	Rnf152	1	0	0	1
4948	ENSRNOG00000000123	Rnf19b	1	0	1	0
4948	ENSRNOG00000002454	Rnf2	1	0	0	1
4948	ENSRNOG00000033722	Rnf207	1	0	0	1
4948	ENSRNOG00000021540	Rnf227	1	0	1	0
4948	ENSRNOG00000021250	Rnf24	1	0	0	1
4948	ENSRNOG00000016886	Rnf25	1	0	0	1
4948	ENSRNOG00000007606	Rnf43	1	0	0	1
4948	ENSRNOG00000011663	Rnf7	1	0	0	1
4948	ENSRNOG00000047171	Rnf8	1	0	0	1
4948	ENSRNOG00000001124	Rnft2	1	0	0	1
4948	ENSRNOG00000006720	Rnpep	1	0	1	0
4948	ENSRNOG00000069583	Rnu2-12	1	0	1	0
4948	ENSRNOG00000057115	Rnu2-57	1	0	1	0
4948	ENSRNOG00000056349	Rnu2-64	1	0	0	1
4948	ENSRNOG00000053336	Rnu6-1136	1	0	0	1
4948	ENSRNOG00000069731	Rnu6-1297	1	0	0	1
4948	ENSRNOG00000053851	Rnu6-198	1	1	0	0
4948	ENSRNOG00000069333	Rnu6-22	1	0	1	0
4948	ENSRNOG00000070826	Rnu6-26	1	0	0	1
4948	ENSRNOG00000070539	Rnu6-434	1	0	0	1
4948	ENSRNOG00000056816	Rnu6-446	1	0	1	0
4948	ENSRNOG00000056125	Rnu6-603	1	0	0	1
4948	ENSRNOG00000069212	Rnu6-651	1	0	0	1
4948	ENSRNOG00000057516	Rnu6-806	1	0	0	1
4948	ENSRNOG00000070824	Rnu6-891	1	0	0	1
4948	ENSRNOG00000052241	Rnu6-959	1	0	0	1
4948	ENSRNOG00000057414	Rnu6-982	1	0	0	1
4948	ENSRNOG00000029614	Robo1	1	0	0	1
4948	ENSRNOG00000030016	Robo3	1	0	0	1
4948	ENSRNOG00000031092	Rock1	1	0	0	1
4948	ENSRNOG00000003125	Rogdi	1	0	0	1
4948	ENSRNOG00000019858	Rom1	1	0	0	1
4948	ENSRNOG00000002187	Ropn1	1	0	0	1
4948	ENSRNOG00000042781	Ropn1l	1	0	0	1
4948	ENSRNOG00000029449	Ror1	1	0	1	0
4948	ENSRNOG00000027145	Rora	1	0	0	1
4948	ENSRNOG00000020836	Rorc	1	0	0	1
4948	ENSRNOG00000000406	Ros1	1	0	0	1
4948	ENSRNOG00000061429	Rph3al	1	0	0	1
4948	ENSRNOG00000005576	Rpia	1	0	0	1
4948	ENSRNOG00000047067	Rpl10a-ps9	1	0	0	1
4948	ENSRNOG00000025212	Rpl15l1	1	0	0	1
4948	ENSRNOG00000021035	Rpl18	1	0	0	1
4948	ENSRNOG00000018795	Rpl18a	1	0	0	1
4948	ENSRNOG00000004741	Rpl19	1	0	1	0
4948	ENSRNOG00000011104	Rpl22	1	0	0	1
4948	ENSRNOG00000062253	Rpl24-ps11	1	0	0	1
4948	ENSRNOG00000020674	Rpl27	1	0	0	1
4948	ENSRNOG00000017127	Rpl28	1	0	1	0
4948	ENSRNOG00000005975	Rpl30	1	0	0	1
4948	ENSRNOG00000013508	Rpl31	1	0	0	1
4948	ENSRNOG00000023529	Rpl5	1	0	0	1
4948	ENSRNOG00000068956	Rpl8	1	0	0	1
4948	ENSRNOG00000068097	Rpl9-ps20	1	0	0	1
4948	ENSRNOG00000039829	Rpp14	1	0	1	0
4948	ENSRNOG00000063660	Rpp14	1	0	1	0
4948	ENSRNOG00000059653	Rpp25l	1	0	1	0
4948	ENSRNOG00000064027	Rpp25l	1	0	1	0
4948	ENSRNOG00000018718	Rpp30	1	0	1	0
4948	ENSRNOG00000016036	Rprd1a	1	0	1	0
4948	ENSRNOG00000067461	Rps12l2	1	0	0	1
4948	ENSRNOG00000038746	Rps13	1	0	0	1
4948	ENSRNOG00000068955	Rps13	1	0	0	1
4948	ENSRNOG00000018774	Rps14	1	0	0	1
4948	ENSRNOG00000018320	Rps15a	1	0	0	1
4948	ENSRNOG00000030447	Rps15al2	1	0	0	1
4948	ENSRNOG00000048199	Rps19	1	0	1	0
4948	ENSRNOG00000008555	Rps20	1	0	0	1
4948	ENSRNOG00000060449	Rps21	1	0	0	1
4948	ENSRNOG00000066272	Rps27a-ps13	1	0	0	1
4948	ENSRNOG00000051047	Rps27a-ps2	1	0	0	1
4948	ENSRNOG00000068233	Rps29-ps19	1	0	0	1
4948	ENSRNOG00000003201	Rps4x	1	0	0	1
4948	ENSRNOG00000006632	Rps6ka3	1	0	0	1
4948	ENSRNOG00000005530	Rps6kl1	1	0	0	1
4948	ENSRNOG00000038471	Rps7-ps20	1	0	0	1
4948	ENSRNOG00000022882	Rpsa-ps4	1	0	0	1
4948	ENSRNOG00000023639	Rpusd1	1	0	0	1
4948	ENSRNOG00000017426	Rragc	1	0	0	1
4948	ENSRNOG00000053349	Rrh	1	0	0	1
4948	ENSRNOG00000018766	Rrp8	1	0	0	1
4948	ENSRNOG00000007240	Rrs1	1	0	0	1
4948	ENSRNOG00000030434	Rs1	1	0	0	1
4948	ENSRNOG00000013431	Rsbn1l	1	0	1	0
4948	ENSRNOG00000037687	Rspo2	1	0	0	1
4948	ENSRNOG00000060931	Rspry1	1	0	0	1
4948	ENSRNOG00000017595	Rsu1	1	0	0	1
4948	ENSRNOG00000005546	Rtcb-ps1	1	0	1	0
4948	ENSRNOG00000016603	Rtn2	1	0	1	0
4948	ENSRNOG00000024120	Rxfp1	1	0	1	0
4948	ENSRNOG00000000464	Rxrb	1	0	0	1
4948	ENSRNOG00000004421	Rxylt1	1	0	0	1
4948	ENSRNOG00000023226	S100a10	1	0	1	0
4948	ENSRNOG00000069413	S100a14	1	0	0	1
4948	ENSRNOG00000012053	S100a16	1	0	0	1
4948	ENSRNOG00000011647	S100a6	1	0	0	1
4948	ENSRNOG00000017998	S100z	1	0	0	1
4948	ENSRNOG00000020653	S1pr2	1	0	0	1
4948	ENSRNOG00000011895	Saal1	1	1	0	0
4948	ENSRNOG00000005149	Sacm1l	1	0	0	1
4948	ENSRNOG00000015128	Sae1	1	0	0	1
4948	ENSRNOG00000026116	Sall3	1	0	0	1
4948	ENSRNOG00000010732	Sap18	1	0	0	1
4948	ENSRNOG00000064694	Sap18	1	0	0	1
4948	ENSRNOG00000005482	Sap30bp	1	0	1	0
4948	ENSRNOG00000000858	Sapcd1	1	0	1	0
4948	ENSRNOG00000013069	Sapcd2	1	1	0	0
4948	ENSRNOG00000006916	Sardh	1	0	0	1
4948	ENSRNOG00000015211	Sass6	1	0	0	1
4948	ENSRNOG00000012942	Satb1	1	0	0	1
4948	ENSRNOG00000038625	Sbk2	1	0	0	1
4948	ENSRNOG00000007258	Sbspon	1	0	0	1
4948	ENSRNOG00000016919	Scaf8	1	0	1	0
4948	ENSRNOG00000061582	Scamp1	1	0	0	1
4948	ENSRNOG00000057209	Scarna14l1	1	0	1	0
4948	ENSRNOG00000066712	Sccpdh	1	0	0	1
4948	ENSRNOG00000046005	Scd2	1	1	0	0
4948	ENSRNOG00000026828	Scfd2	1	0	0	1
4948	ENSRNOG00000015055	Scg2	1	0	0	1
4948	ENSRNOG00000002718	Scgb3a1	1	0	1	0
4948	ENSRNOG00000037409	Scimp	1	1	0	0
4948	ENSRNOG00000026679	Scn4b	1	0	0	1
4948	ENSRNOG00000005309	Scn8a	1	0	0	1
4948	ENSRNOG00000021092	Scnm1	1	0	0	1
4948	ENSRNOG00000050047	Scpppq1	1	0	0	1
4948	ENSRNOG00000009683	Sdcbp	1	0	0	1
4948	ENSRNOG00000009528	Sdcbp2	1	0	1	0
4948	ENSRNOG00000004181	Sdccag8	1	1	0	0
4948	ENSRNOG00000003247	Sde2	1	0	0	1
4948	ENSRNOG00000001859	Sdf2l1	1	0	1	0
4948	ENSRNOG00000022980	Sdhd	1	0	1	0
4948	ENSRNOG00000001391	Sdsl	1	0	0	1
4948	ENSRNOG00000011029	Sec11a	1	1	0	0
4948	ENSRNOG00000017036	Sec11c	1	0	0	1
4948	ENSRNOG00000002722	Sec14l1	1	1	0	0
4948	ENSRNOG00000005229	Sec16b	1	0	0	1
4948	ENSRNOG00000018673	Sec22b	1	0	0	1
4948	ENSRNOG00000002251	Sec31a	1	0	0	1
4948	ENSRNOG00000025781	Sec31b	1	0	0	1
4948	ENSRNOG00000013773	Secisbp2	1	0	1	0
4948	ENSRNOG00000036672	Sectm1a	1	0	0	1
4948	ENSRNOG00000036673	Sectm1b	1	0	0	1
4948	ENSRNOG00000055257	Selenof	1	0	0	1
4948	ENSRNOG00000059295	Selenoi	1	0	0	1
4948	ENSRNOG00000002776	Sell	1	0	1	0
4948	ENSRNOG00000023337	Sema3a	1	0	0	1
4948	ENSRNOG00000006526	Sema3c	1	0	1	0
4948	ENSRNOG00000025167	Sema4b	1	0	1	0
4948	ENSRNOG00000013679	Sema4d	1	0	1	0
4948	ENSRNOG00000045998	Sema6b	1	0	0	1
4948	ENSRNOG00000011595	Senp8	1	0	0	1
4948	ENSRNOG00000018125	Sephs1	1	0	0	1
4948	ENSRNOG00000048397	Sephs2	1	0	0	1
4948	ENSRNOG00000017804	Sept1	1	0	0	1
4948	ENSRNOG00000038495	Septin14	1	0	0	1
4948	ENSRNOG00000007462	Septin8	1	0	1	0
4948	ENSRNOG00000005890	Serbp1	1	0	0	1
4948	ENSRNOG00000038228	Serp2	1	0	0	1
4948	ENSRNOG00000032669	Serpina1	1	0	1	0
4948	ENSRNOG00000002583	Serpinb11	1	0	0	1
4948	ENSRNOG00000016581	Serpinb1a	1	0	0	1
4948	ENSRNOG00000002396	Serpinb8	1	0	0	1
4948	ENSRNOG00000003233	Serpinf2	1	0	0	1
4948	ENSRNOG00000016831	Serpinh1	1	0	0	1
4948	ENSRNOG00000010248	Serpini1	1	0	0	1
4948	ENSRNOG00000014046	Sertm1	1	0	0	1
4948	ENSRNOG00000012603	Sestd1	1	0	0	1
4948	ENSRNOG00000001337	Setd1b	1	1	0	0
4948	ENSRNOG00000007472	Setd5	1	0	0	1
4948	ENSRNOG00000021680	Setdb2	1	0	0	1
4948	ENSRNOG00000009350	Sez6	1	1	0	0
4948	ENSRNOG00000019349	Sf3a2	1	0	1	0
4948	ENSRNOG00000013516	Sf3b1	1	0	0	1
4948	ENSRNOG00000020412	Sf3b2	1	0	1	0
4948	ENSRNOG00000014908	Sf3b5	1	0	0	1
4948	ENSRNOG00000018412	Sfi1	1	0	0	1
4948	ENSRNOG00000029235	Sfmbt2	1	0	0	1
4948	ENSRNOG00000033153	Sfn	1	0	1	0
4948	ENSRNOG00000012641	Sfr1	1	0	0	1
4948	ENSRNOG00000011438	Sftpa1	1	0	1	0
4948	ENSRNOG00000011177	Sftpc	1	0	1	0
4948	ENSRNOG00000056001	Sftpd	1	0	0	1
4948	ENSRNOG00000037871	Sfxn5	1	0	1	0
4948	ENSRNOG00000003998	Sgca	1	0	0	1
4948	ENSRNOG00000011284	Sgms2	1	0	0	1
4948	ENSRNOG00000054560	Sh2d3c	1	0	1	0
4948	ENSRNOG00000014909	Sh2d5	1	1	0	0
4948	ENSRNOG00000015967	Sh3bgrl3	1	0	1	0
4948	ENSRNOG00000019316	Sh3bp4	1	0	1	0
4948	ENSRNOG00000012957	Sh3glb1	1	0	0	1
4948	ENSRNOG00000004063	Sh3pxd2b	1	0	0	1
4948	ENSRNOG00000007993	Sh3tc1	1	0	0	1
4948	ENSRNOG00000019305	Sh3tc2	1	0	0	1
4948	ENSRNOG00000005522	Sh3yl1	1	0	0	1
4948	ENSRNOG00000050206	Shank2	1	0	1	0
4948	ENSRNOG00000012812	Sharpin	1	0	0	1
4948	ENSRNOG00000008030	Shc2	1	0	1	0
4948	ENSRNOG00000007369	Shisa4	1	1	0	0
4948	ENSRNOG00000029012	Shisa6	1	0	0	1
4948	ENSRNOG00000049407	Shisa8	1	0	0	1
4948	ENSRNOG00000052725	Shisal1	1	0	0	1
4948	ENSRNOG00000014450	Shprh	1	0	1	0
4948	ENSRNOG00000043498	Sik2	1	0	1	0
4948	ENSRNOG00000019826	Sil1	1	0	0	1
4948	ENSRNOG00000007646	Sipa1l1	1	0	0	1
4948	ENSRNOG00000004763	Sirpa	1	0	0	1
4948	ENSRNOG00000001151	Sirt4	1	0	0	1
4948	ENSRNOG00000015275	Ska1	1	0	0	1
4948	ENSRNOG00000021847	Ska3	1	0	0	1
4948	ENSRNOG00000012228	Skap2	1	0	1	0
4948	ENSRNOG00000033330	Skida1	1	0	0	1
4948	ENSRNOG00000022988	Skint10	1	0	0	1
4948	ENSRNOG00000005828	Skp1	1	0	0	1
4948	ENSRNOG00000024125	Slain1	1	0	1	0
4948	ENSRNOG00000008736	Slamf8	1	0	0	1
4948	ENSRNOG00000005794	Slc10a1	1	0	1	0
4948	ENSRNOG00000015971	Slc12a2	1	0	0	1
4948	ENSRNOG00000019996	Slc16a1	1	1	0	0
4948	ENSRNOG00000012090	Slc16a8	1	0	0	1
4948	ENSRNOG00000020650	Slc17a7	1	0	1	0
4948	ENSRNOG00000005479	Slc1a2	1	0	1	0
4948	ENSRNOG00000063767	Slc22a16	1	0	0	1
4948	ENSRNOG00000016414	Slc22a17	1	0	0	1
4948	ENSRNOG00000021262	Slc23a2	1	0	1	0
4948	ENSRNOG00000018266	Slc23a3	1	0	1	0
4948	ENSRNOG00000006729	Slc24a4	1	0	0	1
4948	ENSRNOG00000036693	Slc25a10	1	1	0	0
4948	ENSRNOG00000003918	Slc25a19	1	0	0	1
4948	ENSRNOG00000001052	Slc25a30	1	0	1	0
4948	ENSRNOG00000004668	Slc25a35	1	0	1	0
4948	ENSRNOG00000010830	Slc25a4	1	0	0	1
4948	ENSRNOG00000017091	Slc25a46	1	0	0	1
4948	ENSRNOG00000000041	Slc26a1	1	0	1	0
4948	ENSRNOG00000020450	Slc26a6	1	0	0	1
4948	ENSRNOG00000018170	Slc27a1	1	0	1	0
4948	ENSRNOG00000011161	Slc2a12	1	0	1	0
4948	ENSRNOG00000017226	Slc2a4	1	0	0	1
4948	ENSRNOG00000022274	Slc2a8	1	0	0	1
4948	ENSRNOG00000008908	Slc35a1	1	0	0	1
4948	ENSRNOG00000018649	Slc35c2	1	0	0	1
4948	ENSRNOG00000017075	Slc35e2b	1	0	0	1
4948	ENSRNOG00000004168	Slc35e4	1	1	0	0
4948	ENSRNOG00000049456	Slc35f3	1	0	0	1
4948	ENSRNOG00000011981	Slc39a13	1	0	0	1
4948	ENSRNOG00000000465	Slc39a7	1	0	0	1
4948	ENSRNOG00000008243	Slc43a1	1	0	0	1
4948	ENSRNOG00000001765	Slc51a	1	0	0	1
4948	ENSRNOG00000002616	Slc5a10	1	0	1	0
4948	ENSRNOG00000018822	Slc5a5	1	0	0	1
4948	ENSRNOG00000057628	Slc5a6	1	0	1	0
4948	ENSRNOG00000042950	Slc5a9	1	0	0	1
4948	ENSRNOG00000013547	Slc6a12	1	0	0	1
4948	ENSRNOG00000031662	Slc6a5	1	0	0	1
4948	ENSRNOG00000009019	Slc6a6	1	0	0	1
4948	ENSRNOG00000057620	Slc6a8	1	0	0	1
4948	ENSRNOG00000019484	Slc6a9	1	0	0	1
4948	ENSRNOG00000020049	Slc7a6os	1	0	0	1
4948	ENSRNOG00000001492	Slc8a2	1	0	0	1
4948	ENSRNOG00000029871	Slc8a3	1	0	0	1
4948	ENSRNOG00000007982	Slc9a1	1	0	1	0
4948	ENSRNOG00000015306	Slc9a4	1	0	0	1
4948	ENSRNOG00000008354	Slc9a8	1	0	0	1
4948	ENSRNOG00000008554	Slc9a9	1	0	0	1
4948	ENSRNOG00000012314	Slirp	1	0	0	1
4948	ENSRNOG00000019369	Slx1b	1	0	0	1
4948	ENSRNOG00000008620	Smad3	1	0	0	1
4948	ENSRNOG00000051965	Smad4	1	0	0	1
4948	ENSRNOG00000011931	Smarca2	1	0	0	1
4948	ENSRNOG00000009271	Smarca4	1	0	0	1
4948	ENSRNOG00000016503	Smarcal1	1	0	0	1
4948	ENSRNOG00000031135	Smarcc2	1	0	1	0
4948	ENSRNOG00000010557	Smarcd2	1	0	0	1
4948	ENSRNOG00000014173	Smc3	1	0	0	1
4948	ENSRNOG00000010274	Smc4	1	0	0	1
4948	ENSRNOG00000004908	Smc6	1	0	0	1
4948	ENSRNOG00000026883	Smco2	1	0	0	1
4948	ENSRNOG00000008461	Smdt1	1	0	0	1
4948	ENSRNOG00000024507	Smg5l1	1	0	0	1
4948	ENSRNOG00000024930	Smim19	1	0	0	1
4948	ENSRNOG00000042344	Smim22	1	0	0	1
4948	ENSRNOG00000066999	Smim44	1	0	1	0
4948	ENSRNOG00000042037	Smim7	1	0	0	1
4948	ENSRNOG00000023035	Smim8	1	0	0	1
4948	ENSRNOG00000069390	Smokyl-ps1	1	1	0	0
4948	ENSRNOG00000017977	Smpd1	1	0	0	1
4948	ENSRNOG00000001875	Smpd4	1	0	0	1
4948	ENSRNOG00000042326	Smpdl3b	1	1	0	0
4948	ENSRNOG00000007495	Smpx	1	0	0	1
4948	ENSRNOG00000007516	Smtnl1	1	0	0	1
4948	ENSRNOG00000015157	Smtnl2	1	0	0	1
4948	ENSRNOG00000003583	Smyd2	1	0	0	1
4948	ENSRNOG00000066304	Smyd3	1	0	0	1
4948	ENSRNOG00000023861	Snap91	1	0	0	1
4948	ENSRNOG00000018254	Sncaip	1	0	1	0
4948	ENSRNOG00000058006	Sncg	1	0	0	1
4948	ENSRNOG00000031173	Snd1	1	0	1	0
4948	ENSRNOG00000036802	Snhg11	1	0	0	1
4948	ENSRNOG00000024889	Snip1	1	0	1	0
4948	ENSRNOG00000063324	Snora20	1	0	0	1
4948	ENSRNOG00000061349	Snora24	1	0	0	1
4948	ENSRNOG00000051969	Snora29	1	0	0	1
4948	ENSRNOG00000063116	Snora2b	1	0	1	0
4948	ENSRNOG00000070636	Snora34	1	0	1	0
4948	ENSRNOG00000056026	Snora4	1	0	0	1
4948	ENSRNOG00000044194	Snora47	1	0	0	1
4948	ENSRNOG00000035409	Snora58	1	0	0	1
4948	ENSRNOG00000056518	Snora60	1	0	0	1
4948	ENSRNOG00000068214	Snora66	1	0	0	1
4948	ENSRNOG00000068435	Snora66	1	0	0	1
4948	ENSRNOG00000069717	Snora71e	1	0	0	1
4948	ENSRNOG00000057812	Snora72	1	0	1	0
4948	ENSRNOG00000061536	Snora73b	1	0	1	0
4948	ENSRNOG00000051492	Snora74a	1	0	1	0
4948	ENSRNOG00000052026	Snora77b	1	0	0	1
4948	ENSRNOG00000060539	Snora81	1	0	0	1
4948	ENSRNOG00000060944	Snora81	1	0	0	1
4948	ENSRNOG00000057568	Snora84	1	0	0	1
4948	ENSRNOG00000055792	Snord124	1	0	0	1
4948	ENSRNOG00000057762	Snord14a	1	0	0	1
4948	ENSRNOG00000052573	Snord17	1	0	0	1
4948	ENSRNOG00000065576	Snord1c	1	0	1	0
4948	ENSRNOG00000053621	Snord2	1	0	0	1
4948	ENSRNOG00000058679	Snord21	1	0	0	1
4948	ENSRNOG00000059478	Snord54	1	0	0	1
4948	ENSRNOG00000058093	Snord59a	1	0	0	1
4948	ENSRNOG00000058816	Snord73a	1	0	0	1
4948	ENSRNOG00000055675	Snord94	1	0	0	1
4948	ENSRNOG00000001060	Snrnp35	1	1	0	0
4948	ENSRNOG00000006961	Snrpb	1	0	1	0
4948	ENSRNOG00000004967	Snrpb2	1	0	0	1
4948	ENSRNOG00000048758	Snrpd2l	1	0	0	1
4948	ENSRNOG00000005556	Snrpf	1	0	0	1
4948	ENSRNOG00000065591	Snrpg-ps8	1	0	1	0
4948	ENSRNOG00000004928	Sntg2	1	0	0	1
4948	ENSRNOG00000027383	Sntn	1	0	0	1
4948	ENSRNOG00000037998	Snw1	1	0	0	1
4948	ENSRNOG00000004036	Snx12	1	0	0	1
4948	ENSRNOG00000004186	Snx13	1	0	0	1
4948	ENSRNOG00000014719	Snx19	1	0	0	1
4948	ENSRNOG00000002294	Snx29	1	0	1	0
4948	ENSRNOG00000017382	Snx33	1	0	0	1
4948	ENSRNOG00000001258	Snx8	1	0	0	1
4948	ENSRNOG00000068183	Socs4	1	0	0	1
4948	ENSRNOG00000013391	Sorbs2	1	0	0	1
4948	ENSRNOG00000008829	Sorbs3	1	0	0	1
4948	ENSRNOG00000007106	Sos1	1	1	0	0
4948	ENSRNOG00000004826	Sos2	1	0	0	1
4948	ENSRNOG00000049392	Sowahd	1	0	0	1
4948	ENSRNOG00000064976	Sox1	1	0	0	1
4948	ENSRNOG00000027357	Sox17	1	0	1	0
4948	ENSRNOG00000063983	Sox21	1	0	0	1
4948	ENSRNOG00000006098	Sox30	1	0	0	1
4948	ENSRNOG00000010492	Sp2	1	1	0	0
4948	ENSRNOG00000021037	Spaca4	1	0	0	1
4948	ENSRNOG00000039076	Spaca6	1	0	0	1
4948	ENSRNOG00000013957	Spag11a	1	0	1	0
4948	ENSRNOG00000025787	Spag6l	1	0	0	1
4948	ENSRNOG00000002749	Spag9	1	0	0	1
4948	ENSRNOG00000012840	Sparc	1	0	0	1
4948	ENSRNOG00000015093	Sparcl1	1	0	0	1
4948	ENSRNOG00000015744	Spata25	1	0	1	0
4948	ENSRNOG00000016167	Spata2L	1	0	0	1
4948	ENSRNOG00000018202	Spata31	1	0	1	0
4948	ENSRNOG00000027014	Spata31d1	1	0	0	1
4948	ENSRNOG00000002972	Spata46	1	0	0	1
4948	ENSRNOG00000015137	Spata6l	1	0	0	1
4948	ENSRNOG00000003955	Spata7	1	0	1	0
4948	ENSRNOG00000019963	Spats1	1	0	1	0
4948	ENSRNOG00000004534	Spdya	1	0	0	1
4948	ENSRNOG00000065267	Spetex2a	1	0	1	0
4948	ENSRNOG00000015150	Spg7	1	0	0	1
4948	ENSRNOG00000021032	Sphk2	1	0	0	1
4948	ENSRNOG00000037851	Spidr	1	0	0	1
4948	ENSRNOG00000025061	Spindoc	1	0	0	1
4948	ENSRNOG00000052294	Spint3	1	0	0	1
4948	ENSRNOG00000014807	Spint5p	1	0	0	1
4948	ENSRNOG00000007960	Spmap2	1	0	0	1
4948	ENSRNOG00000057264	Spmip11	1	0	1	0
4948	ENSRNOG00000013465	Spmip8	1	0	0	1
4948	ENSRNOG00000006476	Spmip9	1	0	0	1
4948	ENSRNOG00000006732	Spo11	1	0	0	1
4948	ENSRNOG00000069800	Spopfm2l2	1	0	0	1
4948	ENSRNOG00000005104	Sppl2c	1	0	0	1
4948	ENSRNOG00000001178	Sppl3	1	0	0	1
4948	ENSRNOG00000067971	Sprn	1	0	0	1
4948	ENSRNOG00000042266	Sprr4	1	0	0	1
4948	ENSRNOG00000025371	Spry1	1	0	0	1
4948	ENSRNOG00000059260	Sptbn5	1	0	0	1
4948	ENSRNOG00000012210	Sptlc2	1	0	1	0
4948	ENSRNOG00000009495	Src	1	0	1	0
4948	ENSRNOG00000050282	Srcap	1	0	1	0
4948	ENSRNOG00000018232	Srf	1	0	0	1
4948	ENSRNOG00000020204	Srp19	1	0	0	1
4948	ENSRNOG00000003211	Srp9	1	0	0	1
4948	ENSRNOG00000054548	Srpk3	1	0	0	1
4948	ENSRNOG00000003013	Srpx	1	0	1	0
4948	ENSRNOG00000001439	Srrm3	1	0	1	0
4948	ENSRNOG00000006380	Srsf6	1	0	0	1
4948	ENSRNOG00000027360	Srsf7	1	0	0	1
4948	ENSRNOG00000001435	Ssc4d	1	0	1	0
4948	ENSRNOG00000018878	Ssh3	1	1	0	0
4948	ENSRNOG00000010345	Ssmem1	1	0	0	1
4948	ENSRNOG00000008825	Ssrp1	1	0	0	1
4948	ENSRNOG00000012736	Sssca1	1	0	1	0
4948	ENSRNOG00000048145	Sstr1	1	0	0	1
4948	ENSRNOG00000015425	Ssx2ip	1	0	1	0
4948	ENSRNOG00000004239	St13-ps2	1	0	0	1
4948	ENSRNOG00000019843	St3gal3	1	0	0	1
4948	ENSRNOG00000056894	St6galnac3	1	1	0	0
4948	ENSRNOG00000048870	St6galnac4	1	0	0	1
4948	ENSRNOG00000046984	St6galnac6	1	0	0	1
4948	ENSRNOG00000018305	St8sia3	1	0	1	0
4948	ENSRNOG00000019128	St8sia4	1	0	0	1
4948	ENSRNOG00000019491	Stard10	1	0	1	0
4948	ENSRNOG00000025023	Stat6	1	0	1	0
4948	ENSRNOG00000021164	Stip1	1	0	0	1
4948	ENSRNOG00000004217	Stk10	1	0	1	0
4948	ENSRNOG00000014287	Stk11	1	0	0	1
4948	ENSRNOG00000016913	Stk36	1	0	0	1
4948	ENSRNOG00000000519	Stk38	1	0	1	0
4948	ENSRNOG00000001828	Stk38l	1	0	1	0
4948	ENSRNOG00000031595	Stmnd1	1	0	0	1
4948	ENSRNOG00000020376	Stn1	1	0	0	1
4948	ENSRNOG00000009535	Stoml2	1	0	1	0
4948	ENSRNOG00000009590	Stox2	1	0	1	0
4948	ENSRNOG00000023457	Stpg2	1	0	0	1
4948	ENSRNOG00000040136	Stpg4	1	0	1	0
4948	ENSRNOG00000018293	Strip1	1	0	1	0
4948	ENSRNOG00000011922	Stt3b	1	0	0	1
4948	ENSRNOG00000005801	Stx17	1	0	1	0
4948	ENSRNOG00000029165	Stx1a	1	0	1	0
4948	ENSRNOG00000015670	Stx7	1	0	0	1
4948	ENSRNOG00000000994	Stxbp2	1	1	0	0
4948	ENSRNOG00000020392	Stxbp3	1	0	1	0
4948	ENSRNOG00000032768	Stxbp4	1	0	0	1
4948	ENSRNOG00000013351	Stxbp5	1	0	0	1
4948	ENSRNOG00000003722	Styxl2	1	0	0	1
4948	ENSRNOG00000017481	Sucla2	1	0	0	1
4948	ENSRNOG00000009037	Sulf1	1	0	0	1
4948	ENSRNOG00000019342	Sult1a1	1	0	0	1
4948	ENSRNOG00000065530	Sult1c2	1	0	0	1
4948	ENSRNOG00000046975	Sult4a1	1	0	0	1
4948	ENSRNOG00000036959	Sult6b2	1	0	0	1
4948	ENSRNOG00000005987	Suox	1	1	0	0
4948	ENSRNOG00000059480	Supt20h	1	0	0	1
4948	ENSRNOG00000048066	Supt20hl2	1	0	0	1
4948	ENSRNOG00000020153	Supt3h	1	0	0	1
4948	ENSRNOG00000005247	Surf1	1	0	0	1
4948	ENSRNOG00000015585	Suv39h2	1	0	1	0
4948	ENSRNOG00000000693	Svop	1	0	0	1
4948	ENSRNOG00000022860	Swi5	1	0	1	0
4948	ENSRNOG00000004200	Sybu	1	0	0	1
4948	ENSRNOG00000007307	Syde1	1	0	0	1
4948	ENSRNOG00000060597	Syf2	1	0	0	1
4948	ENSRNOG00000014353	Sympk	1	1	0	0
4948	ENSRNOG00000008157	Syn2	1	0	1	0
4948	ENSRNOG00000026866	Syn3	1	0	0	1
4948	ENSRNOG00000031536	Syndig1	1	0	0	1
4948	ENSRNOG00000008203	Synpr	1	0	0	1
4948	ENSRNOG00000019318	Syt3	1	0	0	1
4948	ENSRNOG00000018217	Syt5	1	0	0	1
4948	ENSRNOG00000030776	Sytl2	1	0	0	1
4948	ENSRNOG00000018321	Sytl3	1	0	0	1
4948	ENSRNOG00000009183	Szrd1	1	1	0	0
4948	ENSRNOG00000039869	Taar5	1	0	1	0
4948	ENSRNOG00000016089	Taar6	1	0	1	0
4948	ENSRNOG00000005853	Tacr1	1	0	0	1
4948	ENSRNOG00000050658	Tacr2	1	0	0	1
4948	ENSRNOG00000019178	Taf10	1	0	0	1
4948	ENSRNOG00000054497	Taf4	1	0	1	0
4948	ENSRNOG00000015249	Taf8	1	0	1	0
4948	ENSRNOG00000051258	Taf9	1	0	0	1
4948	ENSRNOG00000018915	Tagap	1	0	1	0
4948	ENSRNOG00000028082	Tal2	1	0	1	0
4948	ENSRNOG00000018367	Taldo1	1	0	0	1
4948	ENSRNOG00000022524	Tango6	1	0	0	1
4948	ENSRNOG00000001138	Taok3	1	0	0	1
4948	ENSRNOG00000003174	Tapt1	1	0	0	1
4948	ENSRNOG00000042355	Tarbp2	1	0	0	1
4948	ENSRNOG00000047198	Tatdn1	1	0	0	1
4948	ENSRNOG00000017349	Tbc1d10b	1	0	0	1
4948	ENSRNOG00000021510	Tbc1d10c	1	1	0	0
4948	ENSRNOG00000006400	Tbc1d14	1	0	0	1
4948	ENSRNOG00000009431	Tbc1d4	1	0	0	1
4948	ENSRNOG00000010637	Tbc1d5	1	0	0	1
4948	ENSRNOG00000014019	Tbc1d7	1	0	0	1
4948	ENSRNOG00000013583	Tbc1d8	1	0	0	1
4948	ENSRNOG00000003496	Tbc1d9	1	0	1	0
4948	ENSRNOG00000009370	Tbkbp1	1	0	1	0
4948	ENSRNOG00000046252	Tbl2	1	0	0	1
4948	ENSRNOG00000001489	Tbp	1	0	0	1
4948	ENSRNOG00000019565	Tbx15	1	0	0	1
4948	ENSRNOG00000001399	Tbx5	1	0	0	1
4948	ENSRNOG00000007918	Tbxas1	1	0	0	1
4948	ENSRNOG00000066894	Tcaf2c	1	0	0	1
4948	ENSRNOG00000010929	Tcam1	1	0	0	1
4948	ENSRNOG00000016288	Tcea2	1	1	0	0
4948	ENSRNOG00000034198	Tceal9	1	0	1	0
4948	ENSRNOG00000009398	Tceanc2	1	0	0	1
4948	ENSRNOG00000017023	Tcf25	1	0	0	1
4948	ENSRNOG00000051499	Tcf3	1	1	0	0
4948	ENSRNOG00000025233	Tcl1a	1	0	0	1
4948	ENSRNOG00000014160	Tcp1	1	0	0	1
4948	ENSRNOG00000000499	Tcp11	1	0	0	1
4948	ENSRNOG00000048237	Tcta	1	0	0	1
4948	ENSRNOG00000047112	Tctn3	1	0	0	1
4948	ENSRNOG00000062728	Tctn3	1	0	0	1
4948	ENSRNOG00000018246	Tdp2	1	0	1	0
4948	ENSRNOG00000017064	Tdrd1	1	0	0	1
4948	ENSRNOG00000012719	Tdrd12	1	0	0	1
4948	ENSRNOG00000005608	Tead4	1	0	1	0
4948	ENSRNOG00000070355	Tedc1	1	0	1	0
4948	ENSRNOG00000014973	Tekt1	1	0	1	0
4948	ENSRNOG00000069618	Tekt5l1	1	0	0	1
4948	ENSRNOG00000062454	Tenm1	1	0	0	1
4948	ENSRNOG00000017613	Tent4a	1	0	0	1
4948	ENSRNOG00000028161	Tepsin	1	0	1	0
4948	ENSRNOG00000025327	Tert	1	0	0	1
4948	ENSRNOG00000001128	Tesc	1	1	0	0
4948	ENSRNOG00000019427	Tescl	1	0	1	0
4948	ENSRNOG00000026712	Tex13a	1	0	0	1
4948	ENSRNOG00000023698	Tex14	1	0	1	0
4948	ENSRNOG00000000905	Tex26	1	0	0	1
4948	ENSRNOG00000026848	Tex36	1	0	0	1
4948	ENSRNOG00000062735	Tex52	1	0	1	0
4948	ENSRNOG00000027595	Tfap2e	1	0	0	1
4948	ENSRNOG00000011241	Tfdp2	1	0	1	0
4948	ENSRNOG00000001633	Tfg	1	0	0	1
4948	ENSRNOG00000005039	Tfpi	1	0	0	1
4948	ENSRNOG00000019965	Tgfb1i1	1	0	1	0
4948	ENSRNOG00000024562	Tgfbrap1	1	0	1	0
4948	ENSRNOG00000020410	Th	1	0	1	0
4948	ENSRNOG00000045615	Tha1	1	0	0	1
4948	ENSRNOG00000019109	Thap11	1	0	0	1
4948	ENSRNOG00000026840	Thap3	1	0	1	0
4948	ENSRNOG00000059903	Thbs3	1	0	0	1
4948	ENSRNOG00000012965	Themis2	1	0	0	1
4948	ENSRNOG00000012115	Themis3	1	0	0	1
4948	ENSRNOG00000005539	Thg1l	1	0	0	1
4948	ENSRNOG00000009066	Thra	1	0	1	0
4948	ENSRNOG00000006941	Thumpd3	1	0	0	1
4948	ENSRNOG00000006604	Thy1	1	0	1	0
4948	ENSRNOG00000042070	Ticam2	1	0	1	0
4948	ENSRNOG00000015520	Ticrr	1	0	1	0
4948	ENSRNOG00000051816	Tigar	1	0	0	1
4948	ENSRNOG00000023318	Tigd3	1	0	0	1
4948	ENSRNOG00000007883	Timm10	1	0	0	1
4948	ENSRNOG00000019811	Timm23	1	0	0	1
4948	ENSRNOG00000031285	Timm23b	1	0	0	1
4948	ENSRNOG00000001058	Timm44	1	0	1	0
4948	ENSRNOG00000009888	Timm8b	1	0	1	0
4948	ENSRNOG00000008222	Timm9	1	0	0	1
4948	ENSRNOG00000002999	Timmdc1	1	0	0	1
4948	ENSRNOG00000007955	Timp4	1	0	0	1
4948	ENSRNOG00000013179	Tinagl1	1	0	0	1
4948	ENSRNOG00000020501	Tjp3	1	0	1	0
4948	ENSRNOG00000025160	Tlcd4	1	0	0	1
4948	ENSRNOG00000021793	Tlcd5	1	0	0	1
4948	ENSRNOG00000033528	Tll1	1	0	0	1
4948	ENSRNOG00000042455	Tlr12	1	0	1	0
4948	ENSRNOG00000015812	Tm4sf1	1	0	0	1
4948	ENSRNOG00000001757	Tm4sf19	1	0	1	0
4948	ENSRNOG00000015460	Tm4sf20	1	0	0	1
4948	ENSRNOG00000019510	Tm4sf5	1	0	1	0
4948	ENSRNOG00000012751	Tm9sf2	1	0	0	1
4948	ENSRNOG00000014188	Tma16	1	0	0	1
4948	ENSRNOG00000036760	Tmc5	1	0	0	1
4948	ENSRNOG00000016679	Tmc7	1	0	0	1
4948	ENSRNOG00000005100	Tmco5a	1	0	0	1
4948	ENSRNOG00000017718	Tmco6	1	0	0	1
4948	ENSRNOG00000001053	Tmed2	1	0	0	1
4948	ENSRNOG00000000073	Tmed5	1	0	0	1
4948	ENSRNOG00000008034	Tmeff1	1	0	0	1
4948	ENSRNOG00000002434	Tmem100	1	0	1	0
4948	ENSRNOG00000054581	Tmem101	1	0	0	1
4948	ENSRNOG00000006519	Tmem107	1	0	1	0
4948	ENSRNOG00000021899	Tmem115	1	0	0	1
4948	ENSRNOG00000010584	Tmem123	1	0	1	0
4948	ENSRNOG00000017265	Tmem131	1	0	0	1
4948	ENSRNOG00000000963	Tmem132c	1	0	0	1
4948	ENSRNOG00000022153	Tmem134	1	0	1	0
4948	ENSRNOG00000015437	Tmem14c	1	0	1	0
4948	ENSRNOG00000028273	Tmem150b	1	0	0	1
4948	ENSRNOG00000049951	Tmem151a	1	0	1	0
4948	ENSRNOG00000015304	Tmem160	1	0	1	0
4948	ENSRNOG00000032414	Tmem161b	1	0	0	1
4948	ENSRNOG00000069782	Tmem161bl1	1	0	1	0
4948	ENSRNOG00000016686	Tmem167a	1	0	0	1
4948	ENSRNOG00000016091	Tmem169	1	0	0	1
4948	ENSRNOG00000001275	Tmem184a	1	0	0	1
4948	ENSRNOG00000027087	Tmem186	1	0	0	1
4948	ENSRNOG00000001864	Tmem191c	1	0	1	0
4948	ENSRNOG00000020061	Tmem198	1	0	0	1
4948	ENSRNOG00000047783	Tmem200a	1	0	0	1
4948	ENSRNOG00000023152	Tmem201	1	0	1	0
4948	ENSRNOG00000028219	Tmem209	1	0	0	1
4948	ENSRNOG00000020000	Tmem219	1	0	0	1
4948	ENSRNOG00000039464	Tmem229a	1	1	0	0
4948	ENSRNOG00000069945	Tmem229a	1	1	0	0
4948	ENSRNOG00000021517	Tmem231	1	0	1	0
4948	ENSRNOG00000031348	Tmem232	1	0	0	1
4948	ENSRNOG00000070914	Tmem238	1	0	1	0
4948	ENSRNOG00000066137	Tmem240	1	0	1	0
4948	ENSRNOG00000039489	Tmem253	1	0	0	1
4948	ENSRNOG00000047431	Tmem262	1	0	0	1
4948	ENSRNOG00000015201	Tmem266	1	0	1	0
4948	ENSRNOG00000008712	Tmem268	1	0	1	0
4948	ENSRNOG00000001474	Tmem270	1	1	0	0
4948	ENSRNOG00000008046	Tmem30b	1	0	0	1
4948	ENSRNOG00000001506	Tmem35a	1	0	0	1
4948	ENSRNOG00000011912	Tmem38a	1	0	0	1
4948	ENSRNOG00000009778	Tmem59	1	0	0	1
4948	ENSRNOG00000022432	Tmem59l	1	0	0	1
4948	ENSRNOG00000008934	Tmem65	1	0	0	1
4948	ENSRNOG00000031141	Tmem89	1	0	0	1
4948	ENSRNOG00000015664	Tmem8b	1	1	0	0
4948	ENSRNOG00000027799	Tmie	1	0	0	1
4948	ENSRNOG00000003865	Tmigd1	1	0	1	0
4948	ENSRNOG00000043375	Tmigd3	1	0	0	1
4948	ENSRNOG00000031099	Tmprss12	1	0	0	1
4948	ENSRNOG00000016397	Tmprss13	1	0	0	1
4948	ENSRNOG00000042499	Tmsb10	1	0	1	0
4948	ENSRNOG00000064090	Tmsb10	1	0	1	0
4948	ENSRNOG00000001376	Tmt1a	1	0	0	1
4948	ENSRNOG00000001854	Tmtc1	1	0	1	0
4948	ENSRNOG00000057934	Tmx1	1	0	1	0
4948	ENSRNOG00000010165	Tnfaip2	1	0	0	1
4948	ENSRNOG00000021100	Tnfaip8l2	1	0	0	1
4948	ENSRNOG00000048321	Tnfsf8	1	0	1	0
4948	ENSRNOG00000011625	Tnks	1	0	0	1
4948	ENSRNOG00000002468	Tnr	1	0	0	1
4948	ENSRNOG00000026344	Togaram2	1	0	1	0
4948	ENSRNOG00000003590	Tom1l2	1	0	0	1
4948	ENSRNOG00000014058	Tomm22	1	0	0	1
4948	ENSRNOG00000046316	Tomm6	1	1	0	0
4948	ENSRNOG00000048795	Top2b	1	0	0	1
4948	ENSRNOG00000025601	Topaz1	1	0	0	1
4948	ENSRNOG00000004307	Tor3a	1	0	0	1
4948	ENSRNOG00000012844	Tox4	1	0	1	0
4948	ENSRNOG00000010756	Tp53	1	1	0	0
4948	ENSRNOG00000022615	Tp53i13	1	0	0	1
4948	ENSRNOG00000007964	Tp53inp1	1	1	0	0
4948	ENSRNOG00000018225	Tp53inp2	1	0	0	1
4948	ENSRNOG00000007285	Tp53rkb	1	0	1	0
4948	ENSRNOG00000013387	Tpcn2	1	0	0	1
4948	ENSRNOG00000011441	Tpd52	1	1	0	0
4948	ENSRNOG00000021478	Tpd52l1	1	0	1	0
4948	ENSRNOG00000015122	Tpd52l2	1	0	1	0
4948	ENSRNOG00000011194	Tpp2	1	0	0	1
4948	ENSRNOG00000025473	Tppp2	1	0	0	1
4948	ENSRNOG00000046227	Tprg1l	1	0	0	1
4948	ENSRNOG00000000664	Tpst2	1	0	1	0
4948	ENSRNOG00000019262	Trak1	1	0	1	0
4948	ENSRNOG00000013046	Tram2	1	0	0	1
4948	ENSRNOG00000010550	Trappc3	1	0	1	0
4948	ENSRNOG00000004103	Trappc6b	1	0	1	0
4948	ENSRNOG00000027569	Trappc9	1	0	0	1
4948	ENSRNOG00000065401	Trav21-dv12	1	0	1	0
4948	ENSRNOG00000068621	Trav34l	1	0	1	0
4948	ENSRNOG00000026132	Trdmt1	1	0	0	1
4948	ENSRNOG00000013578	Trem2	1	0	0	1
4948	ENSRNOG00000022540	Trex1	1	0	1	0
4948	ENSRNOG00000005278	Trhde	1	0	0	1
4948	ENSRNOG00000047812	Triap1	1	0	1	0
4948	ENSRNOG00000002915	Trim11	1	0	0	1
4948	ENSRNOG00000013251	Trim24	1	0	0	1
4948	ENSRNOG00000002341	Trim25	1	0	0	1
4948	ENSRNOG00000016612	Trim36	1	0	0	1
4948	ENSRNOG00000010699	Trim43a	1	0	0	1
4948	ENSRNOG00000005191	Trim44	1	0	1	0
4948	ENSRNOG00000006146	Trim54	1	0	1	0
4948	ENSRNOG00000024145	Trim65	1	0	0	1
4948	ENSRNOG00000047229	Trim68	1	0	0	1
4948	ENSRNOG00000022099	Trim72	1	0	0	1
4948	ENSRNOG00000007031	Trim9	1	0	0	1
4948	ENSRNOG00000009492	Trmo	1	0	0	1
4948	ENSRNOG00000012454	Trmt10b	1	0	0	1
4948	ENSRNOG00000015140	Trmt13	1	0	0	1
4948	ENSRNOG00000054902	Trpc1	1	0	0	1
4948	ENSRNOG00000002352	Tsen15	1	0	1	0
4948	ENSRNOG00000060175	Tsen2	1	0	0	1
4948	ENSRNOG00000048843	Tsfm	1	0	0	1
4948	ENSRNOG00000058681	Tsga10	1	0	0	1
4948	ENSRNOG00000058856	Tslp	1	0	0	1
4948	ENSRNOG00000049784	Tsnax	1	0	0	1
4948	ENSRNOG00000005046	Tspan13	1	0	0	1
4948	ENSRNOG00000002556	Tsr2	1	0	0	1
4948	ENSRNOG00000064917	Tsr2	1	0	0	1
4948	ENSRNOG00000008693	Tssk3	1	0	1	0
4948	ENSRNOG00000020599	Tssk6	1	0	0	1
4948	ENSRNOG00000009724	Tstd2	1	0	0	1
4948	ENSRNOG00000018416	Ttbk1	1	0	0	1
4948	ENSRNOG00000003980	Ttc1	1	0	0	1
4948	ENSRNOG00000050650	Ttc16	1	0	0	1
4948	ENSRNOG00000005868	Ttc21b	1	0	0	1
4948	ENSRNOG00000007189	Ttc22	1	0	0	1
4948	ENSRNOG00000001682	Ttc3	1	0	1	0
4948	ENSRNOG00000042603	Ttc39b	1	0	0	1
4948	ENSRNOG00000050949	Ttc39c	1	0	0	1
4948	ENSRNOG00000027343	Ttc39d	1	0	0	1
4948	ENSRNOG00000042467	Ttc4	1	0	1	0
4948	ENSRNOG00000027300	Ttc7b	1	0	0	1
4948	ENSRNOG00000012880	Tti1	1	0	0	1
4948	ENSRNOG00000033901	Ttll2	1	0	1	0
4948	ENSRNOG00000032311	Ttll8	1	0	0	1
4948	ENSRNOG00000055583	Ttyh3	1	0	0	1
4948	ENSRNOG00000060728	Tuba1a	1	1	0	0
4948	ENSRNOG00000070725	Tuba1a-ps1	1	0	1	0
4948	ENSRNOG00000046151	Tubb1	1	0	0	1
4948	ENSRNOG00000051135	Tug1	1	0	0	1
4948	ENSRNOG00000064262	Tug1	1	0	0	1
4948	ENSRNOG00000020927	Tulp2	1	0	0	1
4948	ENSRNOG00000005767	Tulp3	1	0	1	0
4948	ENSRNOG00000020047	Tut1	1	0	0	1
4948	ENSRNOG00000050649	Tvp23b	1	0	0	1
4948	ENSRNOG00000012081	Txn1	1	0	0	1
4948	ENSRNOG00000002452	Txndc11	1	0	0	1
4948	ENSRNOG00000006334	Txndc16	1	0	1	0
4948	ENSRNOG00000032948	Tyk2	1	0	0	1
4948	ENSRNOG00000010100	Tyw5	1	0	0	1
4948	ENSRNOG00000051524	U1	1	0	1	0
4948	ENSRNOG00000052012	U1	1	0	0	1
4948	ENSRNOG00000052756	U1	1	0	1	0
4948	ENSRNOG00000052768	U1	1	0	0	1
4948	ENSRNOG00000055394	U1	1	0	0	1
4948	ENSRNOG00000055945	U1	1	0	0	1
4948	ENSRNOG00000056238	U1	1	0	0	1
4948	ENSRNOG00000057737	U1	1	0	0	1
4948	ENSRNOG00000060287	U1	1	1	0	0
4948	ENSRNOG00000067202	U1	1	0	0	1
4948	ENSRNOG00000051638	U2l1	1	0	0	1
4948	ENSRNOG00000012868	Uaca	1	0	0	1
4948	ENSRNOG00000021931	Uba6	1	0	0	1
4948	ENSRNOG00000059348	Ube2b	1	0	0	1
4948	ENSRNOG00000013741	Ube2d2	1	0	0	1
4948	ENSRNOG00000004544	Ube2e3	1	0	0	1
4948	ENSRNOG00000027088	Ube2k	1	0	0	1
4948	ENSRNOG00000001862	Ube2l3	1	0	1	0
4948	ENSRNOG00000030467	Ube2l6	1	0	1	0
4948	ENSRNOG00000023261	Ube2q2l	1	0	0	1
4948	ENSRNOG00000010727	Ube2r2	1	1	0	0
4948	ENSRNOG00000005038	Ube2t	1	0	0	1
4948	ENSRNOG00000026833	Ube4a	1	0	0	1
4948	ENSRNOG00000009575	Ubiad1	1	0	1	0
4948	ENSRNOG00000000921	Ubl3	1	0	0	1
4948	ENSRNOG00000003019	Ubn1	1	0	0	1
4948	ENSRNOG00000006816	Ubr5	1	0	0	1
4948	ENSRNOG00000008108	Ubr7	1	0	0	1
4948	ENSRNOG00000002343	Uchl1	1	0	0	1
4948	ENSRNOG00000011467	Uck1	1	0	0	1
4948	ENSRNOG00000006090	Ucn	1	0	1	0
4948	ENSRNOG00000017854	Ucp2	1	0	1	0
4948	ENSRNOG00000013624	Uevld	1	1	0	0
4948	ENSRNOG00000038176	Ufm1	1	0	0	1
4948	ENSRNOG00000065226	Ufm1	1	0	0	1
4948	ENSRNOG00000002643	Ugdh	1	0	0	1
4948	ENSRNOG00000014901	Uggt1	1	0	0	1
4948	ENSRNOG00000008079	Ugp2	1	0	1	0
4948	ENSRNOG00000018740	Ugt1a5	1	1	0	0
4948	ENSRNOG00000037505	Ulk1	1	0	0	1
4948	ENSRNOG00000059840	Unc5a	1	0	0	1
4948	ENSRNOG00000029071	Unc5c	1	0	0	1
4948	ENSRNOG00000008728	Unc79	1	0	1	0
4948	ENSRNOG00000000692	Ung	1	0	1	0
4948	ENSRNOG00000006600	Unk	1	0	0	1
4948	ENSRNOG00000005341	Upp2	1	0	0	1
4948	ENSRNOG00000018281	Uqcrfs1	1	0	0	1
4948	ENSRNOG00000016619	Use1	1	0	1	0
4948	ENSRNOG00000004255	Usf1	1	0	1	0
4948	ENSRNOG00000053725	Usf2	1	0	0	1
4948	ENSRNOG00000028456	Ush1g	1	1	0	0
4948	ENSRNOG00000002301	Uso1	1	0	0	1
4948	ENSRNOG00000016509	Usp10	1	0	1	0
4948	ENSRNOG00000006663	Usp2	1	0	0	1
4948	ENSRNOG00000005802	Usp24	1	0	0	1
4948	ENSRNOG00000002844	Usp27x	1	0	1	0
4948	ENSRNOG00000007325	Usp28	1	0	0	1
4948	ENSRNOG00000028556	Usp30	1	0	0	1
4948	ENSRNOG00000026880	Usp38	1	0	0	1
4948	ENSRNOG00000005637	Usp44	1	0	1	0
4948	ENSRNOG00000002106	Usp46	1	0	0	1
4948	ENSRNOG00000013602	Usp48	1	0	0	1
4948	ENSRNOG00000011401	Usp50	1	0	0	1
4948	ENSRNOG00000005823	Utp20	1	0	0	1
4948	ENSRNOG00000018393	Uts2	1	0	0	1
4948	ENSRNOG00000009893	Uxt	1	0	0	1
4948	ENSRNOG00000000867	Vars	1	0	0	1
4948	ENSRNOG00000016367	Vasp	1	1	0	0
4948	ENSRNOG00000020684	Vat1	1	0	0	1
4948	ENSRNOG00000050430	Vav1	1	0	1	0
4948	ENSRNOG00000014333	Vcam1	1	0	0	1
4948	ENSRNOG00000049908	Vcf2	1	0	0	1
4948	ENSRNOG00000010765	Vcl	1	0	1	0
4948	ENSRNOG00000001416	Vgf	1	0	1	0
4948	ENSRNOG00000011446	Vill	1	0	0	1
4948	ENSRNOG00000018087	Vim	1	0	0	1
4948	ENSRNOG00000027491	Vldlr	1	0	0	1
4948	ENSRNOG00000030213	Vps13c	1	0	1	0
4948	ENSRNOG00000030683	Vps26a	1	0	1	0
4948	ENSRNOG00000017612	Vps35	1	1	0	0
4948	ENSRNOG00000028904	Vps9d1	1	0	0	1
4948	ENSRNOG00000022698	Vsig10	1	0	0	1
4948	ENSRNOG00000033490	Vsig2	1	0	0	1
4948	ENSRNOG00000005180	Vstm2a	1	0	1	0
4948	ENSRNOG00000017456	Vstm2b	1	0	0	1
4948	ENSRNOG00000042220	Vsx1	1	0	1	0
4948	ENSRNOG00000025110	Vwa3a	1	0	1	0
4948	ENSRNOG00000049076	Vwc2	1	0	0	1
4948	ENSRNOG00000008331	Washc4	1	0	0	1
4948	ENSRNOG00000006975	Wasl	1	0	0	1
4948	ENSRNOG00000007971	Wbp2	1	1	0	0
4948	ENSRNOG00000049989	Wdcp	1	0	1	0
4948	ENSRNOG00000029662	Wdfy4	1	0	0	1
4948	ENSRNOG00000011167	Wdhd1	1	0	0	1
4948	ENSRNOG00000002932	Wdr19	1	0	1	0
4948	ENSRNOG00000015609	Wdr27	1	0	0	1
4948	ENSRNOG00000027355	Wdr36	1	0	0	1
4948	ENSRNOG00000016834	Wdr37	1	0	0	1
4948	ENSRNOG00000001181	Wdr4	1	0	0	1
4948	ENSRNOG00000016942	Wdr48	1	0	0	1
4948	ENSRNOG00000001754	Wdr53	1	0	0	1
4948	ENSRNOG00000038083	Wdr64	1	0	0	1
4948	ENSRNOG00000003243	Wdr81	1	0	0	1
4948	ENSRNOG00000048441	Wdr82	1	0	0	1
4948	ENSRNOG00000025735	Wdr86	1	0	0	1
4948	ENSRNOG00000037393	Wdr88	1	0	0	1
4948	ENSRNOG00000021628	Wdr89	1	0	0	1
4948	ENSRNOG00000013760	Wfdc5	1	0	1	0
4948	ENSRNOG00000001114	Wipi2	1	0	0	1
4948	ENSRNOG00000003845	Wnt3	1	0	1	0
4948	ENSRNOG00000015618	Wnt5a	1	0	0	1
4948	ENSRNOG00000010520	Wrap53	1	1	0	0
4948	ENSRNOG00000012929	Wsb1	1	1	0	0
4948	ENSRNOG00000019091	Wtap	1	0	0	1
4948	ENSRNOG00000016617	Wwtr1	1	0	0	1
4948	ENSRNOG00000009180	Xkr7	1	0	0	1
4948	ENSRNOG00000024312	Xkr8	1	0	0	1
4948	ENSRNOG00000004009	Xpnpep2	1	0	0	1
4948	ENSRNOG00000010137	Xpo4	1	0	0	1
4948	ENSRNOG00000007088	Xpot	1	0	0	1
4948	ENSRNOG00000000042	Xpr1	1	0	0	1
4948	ENSRNOG00000029966	Xrcc4	1	0	0	1
4948	ENSRNOG00000006392	Xrcc6	1	0	0	1
4948	ENSRNOG00000061074	Y_RNA	1	0	0	1
4948	ENSRNOG00000063220	Y_RNA	1	0	0	1
4948	ENSRNOG00000067889	Y_RNA	1	0	1	0
4948	ENSRNOG00000013438	Yae1	1	0	0	1
4948	ENSRNOG00000017117	Ybx2	1	0	0	1
4948	ENSRNOG00000020201	Yif1a	1	0	1	0
4948	ENSRNOG00000055286	Yif1b	1	0	1	0
4948	ENSRNOG00000010512	Yipf1	1	0	1	0
4948	ENSRNOG00000022043	Yipf2	1	0	1	0
4948	ENSRNOG00000065148	Yipf4l1	1	0	0	1
4948	ENSRNOG00000025704	Yod1	1	0	0	1
4948	ENSRNOG00000016995	Zap70	1	0	0	1
4948	ENSRNOG00000028941	Zbed3	1	0	0	1
4948	ENSRNOG00000000918	Zbed5	1	0	0	1
4948	ENSRNOG00000006314	Zbp1	1	0	0	1
4948	ENSRNOG00000010436	Zbtb17	1	0	0	1
4948	ENSRNOG00000019544	Zbtb2	1	0	1	0
4948	ENSRNOG00000026907	Zbtb37	1	0	0	1
4948	ENSRNOG00000011137	Zbtb41	1	0	1	0
4948	ENSRNOG00000064177	Zbtb41	1	0	1	0
4948	ENSRNOG00000005578	Zbtb44	1	0	0	1
4948	ENSRNOG00000027459	Zbtb45	1	0	1	0
4948	ENSRNOG00000007684	Zc3h3	1	0	0	1
4948	ENSRNOG00000013944	Zc3hav1l	1	0	0	1
4948	ENSRNOG00000010154	Zc3hc1	1	0	0	1
4948	ENSRNOG00000013162	Zcchc12	1	0	0	1
4948	ENSRNOG00000002923	Zcchc13	1	0	0	1
4948	ENSRNOG00000018226	Zcchc14	1	0	1	0
4948	ENSRNOG00000004996	Zcrb1	1	0	0	1
4948	ENSRNOG00000039743	Zdhhc11	1	1	0	0
4948	ENSRNOG00000025055	Zdhhc19	1	0	0	1
4948	ENSRNOG00000011285	Zdhhc22	1	0	1	0
4948	ENSRNOG00000004344	Zdhhc3	1	0	0	1
4948	ENSRNOG00000017342	Zdhhc7	1	0	0	1
4948	ENSRNOG00000021891	Zdhhc8	1	0	0	1
4948	ENSRNOG00000004677	Zeb2	1	0	0	1
4948	ENSRNOG00000011791	Zfand4	1	0	1	0
4948	ENSRNOG00000013506	Zfand6	1	0	1	0
4948	ENSRNOG00000019059	Zfp1	1	0	0	1
4948	ENSRNOG00000063927	Zfp113	1	0	0	1
4948	ENSRNOG00000015925	Zfp131	1	0	1	0
4948	ENSRNOG00000027955	Zfp133	1	0	1	0
4948	ENSRNOG00000016303	Zfp236	1	0	0	1
4948	ENSRNOG00000016562	Zfp24	1	0	0	1
4948	ENSRNOG00000016631	Zfp276	1	0	0	1
4948	ENSRNOG00000005009	Zfp3	1	0	1	0
4948	ENSRNOG00000003461	Zfp330	1	0	1	0
4948	ENSRNOG00000019099	Zfp334	1	0	1	0
4948	ENSRNOG00000017290	Zfp335	1	1	0	0
4948	ENSRNOG00000071023	Zfp347	1	0	0	1
4948	ENSRNOG00000051078	Zfp37	1	0	1	0
4948	ENSRNOG00000069865	Zfp37	1	0	1	0
4948	ENSRNOG00000011675	Zfp40	1	0	0	1
4948	ENSRNOG00000015517	Zfp444	1	0	1	0
4948	ENSRNOG00000060429	Zfp446	1	0	1	0
4948	ENSRNOG00000014975	Zfp483	1	0	1	0
4948	ENSRNOG00000013565	Zfp507	1	0	0	1
4948	ENSRNOG00000017116	Zfp532	1	0	1	0
4948	ENSRNOG00000022730	Zfp57	1	0	0	1
4948	ENSRNOG00000016608	Zfp579	1	0	1	0
4948	ENSRNOG00000053366	Zfp59	1	0	0	1
4948	ENSRNOG00000016392	Zfp593	1	0	1	0
4948	ENSRNOG00000006719	Zfp618	1	0	0	1
4948	ENSRNOG00000062890	Zfp618	1	0	0	1
4948	ENSRNOG00000014065	Zfp653	1	0	1	0
4948	ENSRNOG00000002682	Zfp692	1	0	0	1
4948	ENSRNOG00000050695	Zfp7	1	0	0	1
4948	ENSRNOG00000046480	Zfp764l1	1	0	1	0
4948	ENSRNOG00000008362	Zfp775	1	0	1	0
4948	ENSRNOG00000029805	Zfp780b	1	0	1	0
4948	ENSRNOG00000007662	Zfp800	1	0	0	1
4948	ENSRNOG00000029043	Zfp84	1	0	0	1
4948	ENSRNOG00000022431	Zfp867	1	0	0	1
4948	ENSRNOG00000051836	Zfp92	1	0	0	1
4948	ENSRNOG00000063577	Zfp948	1	0	0	1
4948	ENSRNOG00000043077	Zfpm1	1	1	0	0
4948	ENSRNOG00000005624	Zfx	1	0	1	0
4948	ENSRNOG00000014903	Zfyve27	1	0	0	1
4948	ENSRNOG00000014874	Zfyve28	1	0	1	0
4948	ENSRNOG00000027183	Zfyve9	1	0	0	1
4948	ENSRNOG00000014644	Zic1	1	0	0	1
4948	ENSRNOG00000000861	Zic3	1	0	1	0
4948	ENSRNOG00000014871	Zic4	1	0	0	1
4948	ENSRNOG00000015071	Zim1	1	0	0	1
4948	ENSRNOG00000013855	Zmym1	1	0	0	1
4948	ENSRNOG00000008734	Zmym2	1	0	0	1
4948	ENSRNOG00000003707	Zmym3	1	0	1	0
4948	ENSRNOG00000013865	Zmym6	1	0	0	1
4948	ENSRNOG00000021602	Zmynd10	1	0	0	1
4948	ENSRNOG00000019154	Zmynd8	1	0	1	0
4948	ENSRNOG00000066471	Znf81	1	0	0	1
4948	ENSRNOG00000028628	Znf865	1	0	0	1
4948	ENSRNOG00000021794	Znhit2	1	0	0	1
4948	ENSRNOG00000027801	Zpbp	1	0	0	1
4948	ENSRNOG00000015735	Zswim1	1	0	1	0
4948	ENSRNOG00000007582	Zswim4	1	0	1	0
4948	ENSRNOG00000000398	Zufsp	1	0	0	1
4948	ENSRNOG00000050321	Zzz3	1	0	0	1
4948	ENSRNOG00000066815	dsr-2	1	0	0	1
4948	ENSRNOG00000020869	mrpl9	1	0	0	1
